snils;full_name;sex;birth;profession;salary;kids
78794841914;Peggy Moreno;Male;2009-02-05;Armed forces logistics/support/administrative officer;272703;5
74667944732;Tammy Clark;Male;2008-06-23;Seismic interpreter;385572;0
57846416306;Ashley Jones;Female;2006-09-03;Automotive engineer;943664;1
05874860912;Mary Diaz;Male;2018-04-03;Product/process development scientist;989163;2
81132720388;Carol Campbell;Female;2020-11-12;Clinical embryologist;129037;4
60855738473;Robert Hall;Female;2002-03-12;Animal nutritionist;559887;0
03701949822;Sean Johnson;Female;2014-08-16;Trading standards officer;358886;2
38663706669;Lauren Alexander;Female;2011-10-05;Retail buyer;276640;4
06314890312;Craig Davidson;Male;2007-06-09;Further education lecturer;665159;3
36152579995;Alex Bryant;Female;2001-10-20;Electronics engineer;423286;0
64827080599;Robert Stevens;Male;2017-11-17;Designer, blown glass/stained glass;381719;0
46635055163;Sonya Manning;Male;2004-08-07;Broadcast presenter;513758;2
94814906671;Dylan Harrell;Male;2015-01-14;Conservation officer, historic buildings;443612;5
35627701621;Hannah Rogers;Female;2011-06-07;Film/video editor;455443;1
54981543916;Justin Hill DDS;Female;2003-08-14;Magazine features editor;639210;1
26930558191;Jacqueline Higgins;Female;2007-12-24;Sound technician, broadcasting/film/video;679644;3
41127056122;Mark Allen;Female;2002-09-20;Scientist, product/process development;306402;4
87144740234;Tracy Edwards;Female;2012-07-09;Scientist, product/process development;511352;5
19212790528;Joshua Tran;Female;2006-02-07;Scientist, biomedical;638352;4
30213797646;Dr. Mary Davis DDS;Female;2017-12-26;Horticulturist, amenity;957766;4
99187413167;Thomas Ferguson;Male;2009-07-09;Designer, furniture;65028;4
13347740045;Douglas Mann;Female;2003-11-27;Telecommunications researcher;26852;5
64579617938;Ian Salazar;Male;2009-11-24;Facilities manager;733735;0
59674388167;Mallory Scott;Female;2009-10-22;Financial adviser;901306;2
97420140700;Sarah Jacobs;Male;2000-10-19;Production assistant, radio;86531;3
02420215316;Jacob Hernandez;Female;2012-06-22;Customer service manager;101564;2
46522127205;Kristen Johnson;Male;2022-02-14;Scientist, research (medical);431526;3
48869965065;Holly Woods;Male;2019-03-15;Psychologist, occupational;391519;1
90747184916;Joseph Morris;Male;2012-03-02;Forensic psychologist;52717;5
98058491232;James Mills;Female;2005-01-26;Ship broker;844673;1
09710705192;Anna Franklin;Female;2004-07-14;Structural engineer;642135;5
26647136289;Michelle Wilkinson;Male;2013-06-13;Community education officer;176958;3
88015691801;Kenneth Erickson;Female;2015-01-23;Press photographer;230421;3
99586444165;Thomas Ford;Female;2014-03-17;Passenger transport manager;154194;4
45119147845;Heidi Brown;Male;2017-01-16;Futures trader;845517;4
25191790864;Kristi Maldonado;Male;2011-05-05;Learning disability nurse;994535;5
01643381615;Tina Wallace;Female;2011-09-23;Designer, exhibition/display;757158;1
47000318758;James Benson;Female;2004-01-15;Leisure centre manager;392582;4
75551126426;Melissa Elliott;Male;2021-11-17;Civil engineer, contracting;85053;1
19803886308;Cody Fox;Male;2003-10-09;Geologist, engineering;290545;5
81168315831;David Daniel;Male;2013-03-01;Energy manager;474835;2
26187690234;Natalie Burns;Male;2014-07-18;Public relations officer;215822;5
33702661153;Carolyn Johnson;Female;2021-07-04;Product designer;15559;5
93949255939;Margaret Lynch;Female;2017-04-01;Interior and spatial designer;341595;3
17359077411;Melanie Frey;Female;2006-12-11;Educational psychologist;148488;4
30690546167;Kristen Mckinney;Male;2020-04-05;Structural engineer;740727;5
47688042909;Lisa Anderson DDS;Male;2021-09-15;Therapeutic radiographer;50510;1
45282739130;Alex Johnson;Male;2013-04-26;Librarian, academic;453465;5
57022143383;Jason Cook;Male;2023-10-03;Amenity horticulturist;576738;2
28942257473;Lauren Williams DDS;Male;2020-10-23;Social worker;84246;2
11022525325;Jessica Hill;Female;2020-11-03;Illustrator;111036;1
67434614083;Beth Mitchell;Male;2011-05-17;Chartered loss adjuster;823901;1
22148898655;Mark Macdonald;Male;2017-02-08;Gaffer;442367;4
57708845738;Scott Smith;Female;2003-10-28;Chief Technology Officer;902600;0
24430390633;Crystal Murray;Female;2020-08-09;Personnel officer;361312;1
13792773868;David Stephens;Male;2001-05-05;Patent attorney;888660;3
48783515093;Michael Moody;Female;2013-01-22;Paediatric nurse;190538;1
77861154906;Crystal Graham;Female;2023-04-26;Field seismologist;466747;3
50781890157;Nathaniel Gomez;Female;2021-11-10;Analytical chemist;668282;0
44051406533;Ricky Roy;Male;2011-03-11;Psychotherapist, child;868118;5
08789559867;Michael Peterson;Female;2015-05-25;Civil engineer, contracting;826308;4
58649808972;Brittney Haney;Female;2015-10-01;Production designer, theatre/television/film;234330;0
64218575648;Joshua Walker;Male;2022-10-12;Health promotion specialist;472090;0
57388185171;Mr. Justin Clark;Male;2010-07-24;Media buyer;54507;5
64497281916;Jacob Brown;Female;2021-01-22;Scientific laboratory technician;497530;0
26803650083;Helen Campbell;Male;2001-12-01;Physicist, medical;905394;4
06016324051;Michael Smith;Male;2003-12-11;Accountant, chartered public finance;491963;5
50358069633;Kaylee Fitzgerald;Male;2021-09-25;Personal assistant;280655;3
98342474876;Edward Turner;Male;2007-06-06;Aid worker;691140;1
93987696957;Bradley Choi;Male;2003-06-05;Multimedia programmer;422780;2
09388595419;Brent Sweeney;Male;2008-03-06;Production assistant, television;323787;3
55955775787;Phillip Hunter;Female;2022-07-28;Water engineer;706289;4
33853768901;Michael Graham;Female;2023-12-01;Psychologist, sport and exercise;356027;3
59497847209;Natalie Mcdowell;Female;2002-08-18;Patent examiner;635163;0
71545799622;Jill Perez;Male;2018-02-26;Sports development officer;696974;0
81580457310;Rachel Taylor;Female;2022-12-08;Building control surveyor;353064;1
32184627732;Christopher Stewart;Male;2015-05-16;Ship broker;645629;2
96424958745;Julie Williams;Male;2002-04-08;Scientist, forensic;684581;2
55148061744;Regina Torres;Male;2012-02-23;Chiropodist;878558;0
03970296108;Monica Ryan;Male;2012-10-21;Public house manager;115875;3
36858154694;Regina Bradley;Male;2018-08-01;Theatre stage manager;731966;0
85750482149;Christopher Gates;Male;2006-12-28;Nature conservation officer;841248;2
53220634901;Steven Vasquez;Male;2006-02-03;Special effects artist;667230;5
05523751265;Ricky Cook;Female;2014-06-27;Corporate treasurer;396918;3
59769426380;Jessica Buchanan;Male;2017-04-03;Barrister's clerk;114330;5
53361563006;Tiffany Williams;Female;2015-02-18;Chief Financial Officer;155810;3
61657660027;Dana Mcdonald;Male;2021-10-20;Quantity surveyor;303806;0
51164502026;Jerry Jones;Female;2012-06-24;Scientist, forensic;829252;1
68683523370;Kathy Cherry;Female;2001-01-16;Government social research officer;297258;0
99139475930;Deanna Sharp;Female;2004-04-11;Financial planner;322779;0
91348810791;Teresa Brown;Male;2010-09-24;Sports coach;823392;0
00319463643;Brenda Douglas;Female;2000-01-10;Nurse, children's;88152;0
31993475777;Zachary Walker;Female;2006-06-12;Contracting civil engineer;696103;1
21213869491;Carrie Richard;Male;2017-02-07;Patent attorney;5254;3
06760157973;Nathaniel Hamilton;Female;2004-06-07;Sales professional, IT;895740;5
29492541028;Michael Lowe;Male;2005-07-22;English as a foreign language teacher;209382;0
05255771074;Victoria Brown;Male;2008-04-06;Landscape architect;706284;0
14944614603;Derek Butler;Female;2010-10-05;Health promotion specialist;39803;0
52692241251;Zachary Rice;Female;2023-07-11;Quality manager;736019;2
09565234129;Noah Jones;Female;2017-05-20;Therapist, speech and language;603743;1
38894244147;Melinda Roberts;Male;2001-07-14;Hydrogeologist;44554;1
98554454957;Joseph Graham;Male;2011-06-14;Clinical embryologist;612003;1
18443769958;Michael Medina;Female;2016-01-06;Fitness centre manager;453676;2
47319781550;Dr. Vicki Haynes;Female;2000-11-15;Pensions consultant;66655;4
77175713675;Anna Black;Female;2001-02-16;Plant breeder/geneticist;401082;1
67230756842;Holly Benson;Female;2004-09-19;Education officer, community;162333;3
11366756764;Michelle Johnson;Male;2015-06-17;Veterinary surgeon;272167;3
22339051638;Scott Terrell;Female;2016-05-28;Customer service manager;658500;0
02001389248;Rebecca Gallegos;Male;2020-02-28;Retail merchandiser;879331;3
09178617965;Brett Rodriguez;Female;2016-01-12;Nurse, adult;844006;1
60836490309;William Brooks;Male;2015-03-21;Librarian, public;99199;5
99709681756;Joseph Dean;Male;2016-11-10;Health physicist;158811;1
86678120617;Amanda Combs;Female;2021-11-20;Best boy;548808;5
22264312511;Jesus Lucas;Male;2007-03-15;Water quality scientist;926972;4
27181921573;Carrie Barber;Female;2003-10-18;Product designer;415590;5
64564800735;Andrea Moore;Male;2011-03-07;Designer, television/film set;132177;4
99405780238;Dustin Fernandez;Female;2013-12-06;Geoscientist;67815;0
75476711385;Paul Hall;Male;2001-03-27;Fine artist;414963;2
02230079825;Rhonda Martinez;Male;2016-01-23;Information systems manager;350853;4
89168675016;Dr. Samantha Warren;Female;2023-04-13;Psychologist, forensic;588325;0
09200625047;Joseph Hernandez;Male;2006-09-26;Fine artist;629152;0
59728724982;Kenneth Nguyen;Male;2023-06-07;Contractor;620876;3
50535450145;Sean Young;Male;2016-01-25;Retail buyer;657601;5
64360838742;Diane Lambert;Male;2012-05-12;Engineer, technical sales;706436;2
29909000953;Matthew Jones;Female;2007-06-07;Naval architect;817858;0
75855702884;Pam Walker;Male;2019-07-25;Warehouse manager;519729;1
68154040801;Michelle Collier;Female;2000-12-14;Surveyor, building;310447;5
49736666949;Kevin Smith;Female;2002-11-13;Operational researcher;543629;1
62332916738;Kathleen Nelson;Male;2014-02-20;Engineer, control and instrumentation;59429;3
55654150588;Jennifer Olsen;Female;2015-12-25;Psychiatrist;732048;4
75279431979;Clinton Franklin;Female;2003-03-23;Nurse, adult;287747;5
18004252680;Margaret Wilson;Female;2007-02-24;Retail manager;576580;3
99531506995;Pamela Ward;Female;2019-09-24;Barrister's clerk;852484;4
35760243643;Christopher Ford;Female;2013-03-27;Medical secretary;235628;5
28690688274;Jennifer Johnson;Male;2014-06-15;Ceramics designer;554010;0
22592683766;Brian Barnett;Female;2022-04-25;Fast food restaurant manager;863346;4
18142050244;Robert Gardner DDS;Female;2014-05-07;Designer, textile;834929;3
54347557772;Kimberly White;Female;2006-12-02;Armed forces training and education officer;220289;4
89413652061;Jeffery Strickland;Male;2012-01-02;Designer, industrial/product;146415;0
01493014241;Melissa Martinez;Male;2006-08-13;Clinical research associate;627926;0
30982324479;Mr. John Harmon;Female;2005-03-21;Psychologist, occupational;223034;0
37655790150;Mia Garcia;Male;2012-09-06;Engineer, electrical;933228;0
22785403807;Gwendolyn Waters;Female;2011-11-25;Television floor manager;631032;2
27560493072;Larry Murphy;Male;2023-02-21;Production engineer;428186;5
99225010906;Mary Alvarado;Male;2018-05-23;Wellsite geologist;297259;3
91837969365;Noah Lee;Male;2022-05-16;Public librarian;702342;2
60133312733;Caroline Harris;Male;2006-08-02;Scientific laboratory technician;187359;2
21033501030;Michael Peters;Male;2001-06-12;Conservator, furniture;46084;0
16709475501;Ruben Wright;Male;2005-08-12;Secretary, company;774967;5
43337011660;Kimberly Diaz;Male;2006-10-05;Advice worker;614807;3
19851441783;Ashley Baker;Male;2007-01-19;Teacher, adult education;373525;2
37256196659;Jennifer Murphy;Male;2014-08-04;Radiographer, diagnostic;921880;5
51720806278;Angela Vazquez;Male;2009-07-23;Conference centre manager;863381;4
93180259603;Emily Landry;Female;2002-02-01;Biomedical engineer;602199;2
01458809954;Victoria West;Male;2007-08-05;Prison officer;187402;1
76009830036;Donna Trevino;Male;2007-12-12;Warehouse manager;213710;3
32860790314;Kimberly Cook;Male;2002-03-19;Dentist;622731;4
82329149473;Terry Montgomery;Female;2011-04-28;Armed forces training and education officer;969460;2
74746139726;Jorge Davidson;Male;2017-01-13;Optometrist;388062;3
63720946217;Laura Washington;Male;2022-08-28;Heritage manager;614812;2
70049621356;Patricia Adams;Female;2005-07-07;Museum/gallery curator;801817;0
21414228967;Tammy Shelton;Female;2005-10-23;Information systems manager;299740;4
92432734595;Christopher Watson;Female;2004-06-02;Agricultural engineer;760154;4
86918693497;Molly Allen;Female;2017-11-08;Careers information officer;656368;1
48000804340;Lindsay Jones;Female;2005-09-06;Fitness centre manager;798038;3
65860663960;David Willis;Female;2013-09-21;Pilot, airline;863309;3
82382774654;Rachel Murphy;Male;2000-12-14;Neurosurgeon;772373;3
54033408634;Michael Lewis MD;Female;2015-07-23;Environmental manager;216945;1
02986285892;William Gutierrez;Male;2016-10-02;Travel agency manager;417404;1
06808865573;Taylor Bird;Male;2020-03-04;Cartographer;48188;5
58163270574;Jessica Farmer;Female;2023-08-13;Social research officer, government;318286;5
57274667842;Valerie Stevens;Female;2006-05-10;Scientist, clinical (histocompatibility and immunogenetics);889227;5
10017048818;Derek Russell;Male;2000-08-17;Engineer, site;983919;1
90059617047;Craig Herrera;Female;2015-10-22;Data scientist;651805;4
54825525950;Kimberly Rocha;Male;2014-08-24;IT technical support officer;498236;5
32294082888;Pamela Griffin;Male;2011-09-12;Conservation officer, historic buildings;906388;4
53555414501;Jeffrey Miles;Female;2005-05-15;Chief Strategy Officer;960448;3
68845292464;Wanda Johnson;Female;2021-05-16;Lawyer;192866;2
15727968907;Hannah Horton;Male;2010-11-01;Artist;413758;4
24230198299;Matthew Mendoza;Female;2014-02-18;English as a second language teacher;878408;4
34398741557;Julie Dixon;Male;2021-06-28;Production designer, theatre/television/film;350467;5
79799754159;Dominic Green;Female;2010-05-21;Paediatric nurse;538465;5
11105755568;Shaun Hernandez;Male;2015-11-28;Therapeutic radiographer;589230;1
07954839273;Cynthia Mcclain;Female;2010-09-11;Geophysicist/field seismologist;516716;5
17184364841;Christian Willis;Female;2003-09-14;Prison officer;701223;2
55357588066;Sharon Molina;Male;2017-09-05;Oncologist;926089;3
06132463575;Edward Phillips;Female;2013-11-21;Production designer, theatre/television/film;156563;2
07425443837;Brett Dixon;Female;2011-12-20;Proofreader;623380;5
73998253046;Gary Hartman;Male;2021-11-09;Legal executive;639591;3
57632445655;Joe Ortega;Female;2023-05-05;Ceramics designer;778638;2
52941445093;Raymond Pena;Female;2016-05-20;Nutritional therapist;256857;2
65391657620;Jason Stevens;Male;2018-01-15;Forensic scientist;356192;3
42861427949;Kevin Wilson;Female;2000-03-03;Archaeologist;319253;5
60785998239;Sarah Powers;Female;2021-01-05;Research scientist (life sciences);845896;3
13238885259;Amy Walker;Female;2006-05-18;Photographer;789565;4
84164249188;Tyler Casey;Male;2005-06-17;Translator;589269;2
36531261037;Dustin Beard;Female;2009-10-08;Radio producer;330484;3
15516606302;Andrea Blevins;Male;2004-07-01;Video editor;125046;2
53739068231;Ryan Parks;Male;2006-10-25;Ceramics designer;192646;2
83747187861;Dan Richardson;Male;2017-11-09;Trade union research officer;401198;0
90140717166;Rachel Jensen;Female;2003-09-13;Psychotherapist;806651;5
76405676789;Amanda Pena;Male;2018-11-02;Copywriter, advertising;780034;1
42806746663;Maria Nichols;Male;2011-10-04;Designer, television/film set;878068;5
59016336091;Marcus Morgan;Female;2013-02-11;Administrator;672021;2
69732853236;Lisa Garza;Female;2016-07-25;Site engineer;464848;5
12892373664;Nicole Patel;Male;2021-11-20;Graphic designer;98754;1
05869962787;Karl Parker;Male;2014-01-03;Designer, furniture;483787;2
70232187018;Cynthia Martinez;Male;2014-01-12;Chief Marketing Officer;702017;1
97847416106;Crystal Cordova;Female;2012-01-06;Education officer, museum;945070;3
28643856785;Jonathan Griffith;Male;2003-03-13;Lighting technician, broadcasting/film/video;387715;0
37586937934;Jack Wilson;Female;2004-05-24;Catering manager;937769;5
55448523109;Michael Garza;Male;2006-10-12;Clinical molecular geneticist;472700;4
54080457613;Amy Arnold;Female;2015-06-21;Data processing manager;562173;3
37455580259;Brad Frazier;Male;2015-09-03;Immigration officer;65270;3
44434596854;Bryan Wood;Female;2013-04-03;Tourism officer;716296;0
17622225194;Brittany Stanley;Male;2007-12-24;Patent examiner;23821;5
40814769032;Lee Paul;Male;2012-02-16;Web designer;372454;0
32897474994;Cynthia Valencia;Male;2006-10-28;Psychologist, prison and probation services;859143;1
49876253350;Susan Clarke;Female;2007-03-18;Scientist, product/process development;16109;0
75122335700;Benjamin Brown;Male;2001-09-28;Optician, dispensing;735042;1
62677709379;Matthew Quinn;Male;2013-05-10;Call centre manager;752080;0
83041203918;Jared Fields;Male;2005-08-23;Education officer, environmental;673562;5
49199562140;Jessica Hernandez;Male;2001-11-21;Manufacturing engineer;332681;3
69313080493;Ms. Margaret Kelly;Female;2004-02-19;Administrator, local government;402472;5
86796113592;Stephanie Anderson;Female;2008-07-04;Hydrologist;216300;3
37142259478;Robert Nunez;Male;2013-05-03;Corporate treasurer;281625;5
54290543994;Earl Moreno;Male;2010-09-05;Therapist, music;642353;3
53163848377;Kerri Chang;Male;2005-01-27;Facilities manager;732894;0
05421787286;Wesley Walters;Male;2003-07-27;Music therapist;4181;2
14091651004;Samantha Jordan;Female;2014-10-19;Web designer;19447;3
14015992481;Kathleen Olsen;Male;2009-01-21;IT trainer;824341;0
07946426797;Juan Maynard;Male;2003-07-09;Doctor, general practice;690087;1
43300320655;Anthony Norton;Male;2015-04-18;Health promotion specialist;768170;4
39787594629;Michael Ramsey;Male;2015-05-22;Surveyor, insurance;534080;1
79969884715;Sherri Nelson DVM;Female;2005-12-05;Journalist, newspaper;928640;5
34139174972;Linda Shah;Female;2015-10-09;Warehouse manager;744076;1
65224143571;James Williams;Female;2007-03-03;Geologist, engineering;509411;4
52198204297;Adam Smith;Male;2014-03-13;Therapist, sports;873537;3
60091810767;Sara Greer;Female;2003-05-14;Art gallery manager;88380;3
58291033404;James Hale;Male;2000-10-07;Air broker;383576;4
08293594379;Thomas Walker;Male;2022-06-09;Psychologist, educational;567226;1
85066195558;April Anderson;Female;2017-10-17;Pharmacist, hospital;276149;0
73003799719;Rachel Carter;Male;2010-05-21;Therapist, occupational;496757;3
27961876904;Laura Newton;Male;2004-12-25;Medical sales representative;50010;0
59330448711;Kathy Jackson;Female;2006-03-21;Air traffic controller;955484;0
24891497603;Kelsey Cook;Male;2020-09-21;Clinical psychologist;218150;2
83237489614;Patricia Collins;Female;2010-02-02;Sales professional, IT;997276;5
23600851361;Rita Ross;Female;2017-06-25;Actuary;790982;0
58034487486;Julian Haley;Female;2021-04-27;Dramatherapist;26794;5
47549401247;Andrew Chase;Female;2008-11-20;Quarry manager;280921;2
97698019067;Christopher Rangel;Female;2023-05-19;Holiday representative;539402;0
50232698720;Jamie Ramirez;Male;2017-04-01;Armed forces operational officer;885882;3
48456430516;Mrs. Carolyn Bishop;Male;2022-01-20;Air broker;869360;4
23550126443;Jerry Hurst;Female;2020-01-05;Engineer, structural;251547;5
36102495860;David Stokes;Male;2015-06-15;Copywriter, advertising;662587;2
79614574461;Susan Smith;Female;2014-02-27;Arboriculturist;560154;5
78917237513;Christopher Chapman;Female;2018-02-17;Paramedic;317579;1
38169877858;James Hill;Male;2017-05-20;Horticulturist, commercial;600074;1
52684852497;James Davis MD;Female;2011-09-16;Health visitor;122278;3
06884976388;Linda Casey;Female;2003-10-19;Clinical research associate;617693;2
24841866536;Kenneth Dennis;Female;2019-06-13;Ship broker;562141;2
40120865618;Jimmy Mcdonald;Male;2006-04-17;Emergency planning/management officer;813327;2
14191079649;Ronnie Ross;Male;2013-05-04;Therapeutic radiographer;262581;5
95758132003;Elizabeth Perez;Female;2003-10-26;Energy manager;895948;5
04262817572;John Frederick;Male;2010-07-07;Fast food restaurant manager;161276;5
53899728616;Miss Olivia Jacobs;Male;2000-06-20;Copywriter, advertising;901347;5
76341571341;Deborah Harris;Male;2021-02-23;Psychologist, prison and probation services;566453;3
94817089371;Samantha Barker;Male;2003-10-15;Surveyor, minerals;602412;1
08763133966;Margaret Guerrero;Male;2005-08-16;Trade union research officer;40520;3
22567408586;Matthew Jackson;Female;2018-07-11;Midwife;917850;3
16727531075;Samuel Guzman;Male;2003-12-14;Aeronautical engineer;314350;5
08240218788;James Hoover;Male;2003-07-22;Retail banker;370311;4
65391695811;Stanley Young;Male;2007-11-24;Engineer, electronics;751759;5
29152412235;Paula Liu;Female;2013-08-09;Garment/textile technologist;193649;4
29461084046;Tyler Juarez;Male;2007-05-25;Education administrator;230263;3
84372777903;Courtney Phillips;Male;2005-04-01;General practice doctor;337981;4
97322415682;Leslie Larson;Female;2007-01-23;Pension scheme manager;266873;2
47878320495;Jillian Payne;Male;2011-02-27;Therapist, nutritional;821173;5
26889984369;Penny Thomas;Female;2015-08-05;Astronomer;805599;0
88070795878;John Anderson;Male;2016-01-26;Engineer, civil (contracting);182992;4
16982972156;Paul Hays;Female;2000-12-05;Exercise physiologist;113144;4
59797802747;Christina Combs;Male;2022-02-25;Make;551971;5
90619706635;Raymond Bailey;Female;2017-03-21;Medical secretary;926919;0
38191932843;Chad Williams;Female;2007-01-08;Retail buyer;473084;4
62317017497;Rachel Martinez;Male;2021-11-01;Toxicologist;722177;1
73842687322;Daniel Briggs;Male;2006-03-02;Health service manager;439096;2
59116256717;Michael Garcia;Male;2015-11-01;Child psychotherapist;347381;4
88633110797;Rachel Knight;Female;2004-01-02;Warehouse manager;632147;0
04484736179;Tina Velazquez;Male;2019-10-18;Psychologist, forensic;406092;1
72395239000;Michael Alvarado;Male;2018-01-01;Research scientist (life sciences);59445;5
40557020715;Lori Tanner;Female;2001-09-05;Designer, interior/spatial;283320;4
42030562697;Jacqueline Dennis;Male;2011-04-08;Education officer, museum;717094;2
13973348484;Kyle Mcdonald;Male;2002-01-10;Professor Emeritus;360169;5
12645169628;Sarah Rodriguez;Male;2010-01-03;Administrator, charities/voluntary organisations;863849;5
91609208790;Clayton Jefferson;Female;2003-04-07;Production designer, theatre/television/film;843737;0
99251124274;Frank Bush;Female;2008-08-10;Broadcast presenter;932160;0
07368540900;Rachel Young;Male;2015-08-02;Psychologist, educational;985934;3
23428806653;Michael Gutierrez;Female;2002-09-05;Surveyor, planning and development;977462;0
72002849968;Lisa Green;Female;2013-09-17;Medical technical officer;16239;3
00227606834;Melanie Foley;Male;2019-04-13;Accountant, chartered public finance;539152;2
80740870896;Julia Stewart;Male;2019-07-01;Civil Service administrator;218242;1
53801396390;Amy Garner;Female;2003-04-08;Translator;913614;5
01132185443;Catherine Lewis;Female;2020-02-22;Psychiatric nurse;394882;4
40142927553;Susan Brown;Male;2017-11-12;General practice doctor;993509;1
37781899718;Jillian Sullivan;Male;2011-12-10;Conservator, museum/gallery;91480;3
40476876656;Heather Baxter;Female;2015-12-14;Immunologist;588026;2
99653395455;Denise Watson;Female;2019-09-08;Armed forces training and education officer;735152;1
35638923589;Helen Nichols;Male;2015-09-22;Careers information officer;489948;1
16958939559;Rebecca Harrison;Male;2012-07-20;Merchandiser, retail;841694;1
86170523950;Mary Rhodes;Male;2003-11-23;Accommodation manager;289264;5
20777627984;Brandy Cruz MD;Female;2014-02-01;Advertising art director;82328;5
25613173765;Rhonda Gonzalez;Male;2020-06-04;Publishing rights manager;162597;1
84083560508;Allison Martinez;Female;2016-07-11;Research officer, government;757356;1
04983080268;Jessica Richards;Female;2000-07-05;Network engineer;773646;2
28549929876;Karina Sanchez;Female;2010-05-16;Automotive engineer;737302;1
45327002106;Daniel Pennington;Female;2011-09-06;Recycling officer;148329;2
83888072642;David Ortiz;Male;2010-10-26;Armed forces operational officer;74858;4
21183782894;Adam Harris;Female;2007-02-18;Forest/woodland manager;959726;1
06955656819;Michael Conley;Female;2003-01-04;Scientist, water quality;572166;5
99251852566;Kevin Hoffman;Female;2004-11-15;Computer games developer;964819;1
03970025664;Christopher Martinez;Male;2022-02-15;Occupational hygienist;987710;2
58580157977;Jose Mcbride;Male;2001-09-11;Presenter, broadcasting;665097;1
60353735751;Joseph Murphy;Female;2023-11-22;IT technical support officer;373168;2
45494023855;Lori Payne;Female;2007-06-28;Printmaker;875067;1
43212983979;Jeffrey Ford;Male;2009-02-17;Retail merchandiser;708136;2
26898885804;Jessica Warren;Male;2005-08-02;Chief of Staff;256612;3
31612762908;Jay Berger MD;Female;2003-02-20;Surveyor, hydrographic;149171;5
22485613688;Angel Powell;Female;2006-06-13;Radio producer;380698;4
52828558196;Zachary Reyes;Male;2019-08-02;Industrial/product designer;658638;2
72909399661;Danielle Butler;Female;2008-01-06;Senior tax professional/tax inspector;975189;0
05651027202;Tammy Wells;Female;2002-12-23;Customer service manager;964828;0
57347170690;Colleen Alvarez;Male;2004-01-18;Actuary;158534;4
03310554662;Megan Ramsey;Female;2015-06-14;Applications developer;677147;3
95488836771;Christina Adams;Male;2013-08-23;Database administrator;354811;3
87482355438;Gabriel Murphy;Male;2019-03-27;Press photographer;414067;1
81965847333;Dr. Jennifer Cuevas;Female;2007-06-03;Make;444916;2
33452677598;David Henderson;Female;2011-06-20;Designer, textile;88288;4
04821864242;Amanda Davila;Male;2018-04-23;Geographical information systems officer;993489;4
70940118512;Jimmy Wallace;Male;2014-08-12;Politician's assistant;758232;0
12368882478;Richard Cobb;Male;2011-01-19;Mental health nurse;9914;1
37644460218;Kurt Mitchell;Male;2012-04-22;Trade mark attorney;989087;1
12746474781;Diana Nelson;Male;2008-10-19;Freight forwarder;534681;1
30637255884;Sara Brown;Male;2011-02-10;Higher education careers adviser;754029;1
75978919144;Jenna Lee;Female;2019-03-14;Horticultural consultant;816388;5
14015465428;Brian Ruiz;Male;2021-02-22;Insurance underwriter;215852;1
84335885638;Samantha Cowan;Female;2012-08-16;Surveyor, commercial/residential;795518;0
66380799836;Jennifer Walker;Female;2020-11-19;Editorial assistant;758697;3
48871656992;Susan Griffin;Female;2020-06-25;Music therapist;145080;5
21172145880;Frederick Jennings;Female;2023-11-28;Patent examiner;964643;0
44887412861;Jenna Wright;Male;2011-08-25;Passenger transport manager;258122;4
14501612172;Joseph Newman;Male;2012-09-10;Mudlogger;736412;3
72332985147;Holly Greer;Female;2020-12-04;Systems analyst;216934;5
03010423812;Jennifer Lewis;Female;2021-05-01;Designer, interior/spatial;361644;3
47378546540;James Hart;Female;2022-06-16;Psychiatrist;625169;1
81045867596;James Gould;Female;2020-09-15;Administrator, local government;646360;0
14573928309;Rhonda Adkins;Female;2013-05-16;Horticulturist, commercial;736393;0
62897821148;Kevin Walton;Male;2017-11-03;Chemical engineer;407090;0
32970349023;Stacey Gilbert;Female;2003-05-04;Producer, television/film/video;433555;5
21836311644;Brandi Hamilton;Male;2014-10-27;Geophysicist/field seismologist;64396;2
49545346017;Brittany Hudson;Male;2001-08-17;Teacher, secondary school;605731;0
92252606803;Mary Foster;Female;2010-12-03;Production engineer;345434;5
07808653226;Jordan Lewis;Male;2006-11-02;Community arts worker;731090;3
83881448208;David Hampton;Female;2004-11-19;Production designer, theatre/television/film;249444;5
83855784791;Melissa Martin;Male;2019-03-09;Civil engineer, consulting;296773;2
18383941916;Ashley King;Male;2019-10-12;Engineer, electronics;66396;5
32733762457;Deborah Morgan;Male;2001-07-21;Mechanical engineer;347703;5
68921994454;Kevin Martinez;Male;2013-03-21;Solicitor;753581;0
20959484067;James Bentley;Female;2012-01-28;Development worker, international aid;955313;4
75139189452;Jennifer Jones;Female;2015-01-03;Community education officer;935786;4
99329366421;Sarah Dominguez;Female;2020-06-07;Medical laboratory scientific officer;3161;1
14880261573;Joseph Harris;Female;2013-09-23;Firefighter;264603;2
90081603098;Jenna Christensen;Female;2007-11-16;Therapist, nutritional;708245;3
00094240999;Sarah Pearson;Male;2000-08-17;Architect;968435;4
41155853811;Cindy Moore;Female;2001-08-09;Maintenance engineer;807090;1
85999600831;Eric Rivera;Female;2013-05-09;Advertising account planner;781421;4
29261639292;Yolanda Logan;Female;2021-12-10;Research officer, government;554867;2
04026988801;Martin Martinez;Female;2004-12-20;Claims inspector/assessor;380113;1
32892287944;Sandra Moses;Male;2016-01-17;Financial manager;728446;3
83029509597;Nathaniel Taylor;Male;2001-09-08;Communications engineer;713399;1
32559992180;Danielle Jones;Male;2002-07-15;Psychologist, educational;696397;4
42664802771;Sheri Bridges;Male;2016-04-12;Furniture designer;416107;2
27011403373;Sarah Hill;Male;2017-08-05;Data processing manager;809378;1
16882463939;Michael Collier;Female;2021-05-17;Set designer;182907;4
78783350704;Curtis Jones Jr.;Female;2018-02-20;Probation officer;248871;4
10986496048;Kayla Werner;Male;2000-07-26;Science writer;423239;3
94541962177;Willie Freeman;Female;2021-12-22;Aeronautical engineer;218874;0
40528205594;Taylor Woodard;Male;2020-09-28;Retail manager;578112;4
44583869654;Marcus Williams;Male;2003-07-01;Chief Technology Officer;117707;3
20051776394;Brian Taylor;Male;2003-09-21;Homeopath;513348;2
15855575120;Nichole Rosales DVM;Male;2006-01-07;Barrister;277010;0
86195501513;Erica Wells;Male;2023-08-21;Designer, furniture;352706;1
30293714415;Jesus Brown;Female;2002-07-19;Scientist, audiological;145734;5
41603700514;Brittany Skinner;Female;2001-05-28;Physicist, medical;923885;0
82153803418;Jessica Moody;Female;2015-08-23;Estate agent;96978;3
16408362261;Chad Jones;Male;2020-02-20;Financial controller;913985;1
51666970500;Amy Thomas;Female;2009-11-11;Scientist, forensic;891828;3
16497266726;Juan Patel;Male;2009-07-12;Art gallery manager;254831;3
79410189351;Jacob Fisher;Female;2012-03-06;Network engineer;136795;0
60354592483;Anne Mckee;Female;2002-09-20;Manufacturing engineer;494722;0
39912290712;Jamie Johnson;Male;2000-07-16;IT trainer;57805;3
19384832257;Jennifer Ward;Female;2002-06-26;Engineer, maintenance (IT);423912;1
47067949490;Andrea Miller;Female;2007-03-24;Energy manager;813317;0
34769888860;Michelle Thompson;Female;2023-11-08;Insurance risk surveyor;311738;2
08039146817;Gail Simpson;Female;2016-04-06;Logistics and distribution manager;57921;2
00641757650;Tyler Richardson;Female;2022-08-01;Sales promotion account executive;589409;1
71409802594;Joseph Ball;Female;2015-04-20;Manufacturing systems engineer;528086;1
05543993953;Jeffrey Gutierrez;Female;2020-07-06;Actuary;425726;2
12758622350;James Richardson;Male;2017-03-11;Learning mentor;62315;5
41947115747;Katie Warren;Female;2001-09-23;Fisheries officer;813366;5
30614846044;Dennis Patterson;Male;2012-06-09;Automotive engineer;978528;5
21246347671;Mark Nguyen;Female;2003-10-05;Tax adviser;630770;5
79802890800;Patrick Beck;Male;2000-05-27;IT technical support officer;63770;3
86870036141;Tara Barnett;Male;2004-05-18;Accounting technician;295658;4
38197333541;Vanessa Walters;Female;2019-07-09;Electrical engineer;994593;0
12851547685;William Hall;Male;2003-02-28;Cytogeneticist;186741;0
96410476105;Elizabeth Rogers;Female;2020-06-06;Conservator, furniture;223366;4
92732424167;Tom Matthews;Female;2009-08-14;Ranger/warden;279320;4
31197046471;Lisa Wells;Female;2012-12-13;Air broker;435692;0
24291066401;James Mays;Male;2018-11-28;Television/film/video producer;25461;0
02153734846;Patrick Brown;Female;2001-11-02;Logistics and distribution manager;62512;5
99430294798;Eric Rivers;Male;2019-10-14;Textile designer;240287;4
09977084427;Glen Allen;Male;2007-01-24;Civil Service fast streamer;74913;1
90014113380;Cassandra Thomas;Female;2000-04-12;Archaeologist;44733;2
24984500791;Darren Wyatt;Male;2022-08-26;Systems analyst;491965;5
47383103855;Krystal Marshall;Female;2004-02-09;Air broker;353539;3
65752928447;Joseph Stewart;Female;2011-02-10;Horticulturist, amenity;719398;1
54372865135;Deborah Sanders;Male;2005-04-27;Surveyor, hydrographic;583161;5
43105126868;James Walker;Male;2007-03-14;Environmental education officer;257500;3
18019897687;Xavier Russell;Male;2000-12-09;Early years teacher;898708;0
37205131153;Kelsey Smith;Female;2011-09-15;Interpreter;726081;4
28527314326;John Rodriguez;Male;2004-01-13;Insurance underwriter;383116;5
99609524682;Anna Harper;Female;2010-11-17;Radio producer;233099;3
29698453201;Matthew Burton;Male;2011-06-19;Automotive engineer;878148;2
58963029595;Stephanie Curtis;Male;2016-01-10;Hotel manager;681620;5
84212990063;Randy Powell;Male;2012-11-28;Scientist, research (life sciences);203086;1
08781411979;Kiara Raymond;Male;2005-03-09;Bonds trader;236301;1
53717687589;Debbie Waters;Male;2006-03-20;Community arts worker;479740;4
10731038335;Kevin Perez;Female;2001-12-27;Dance movement psychotherapist;340090;2
84083561954;Hunter Powell;Male;2011-05-21;Sales promotion account executive;96757;0
02822572309;Andrew Harmon;Female;2015-07-05;Estate manager/land agent;995073;3
57232184216;Robert Edwards;Female;2015-05-15;Clothing/textile technologist;47209;2
12424425890;Donna Stevens;Male;2004-01-15;Tree surgeon;418539;5
12362509264;Sabrina Dennis;Female;2009-01-12;Armed forces training and education officer;700868;3
83144682983;Andrea Sullivan;Male;2017-07-11;Research scientist (maths);202699;0
16105449843;Alexander Frazier PhD;Male;2001-04-07;Contracting civil engineer;84167;3
54531000839;James Larson;Female;2021-04-26;Social worker;281853;4
18833994475;Christopher Dean;Female;2007-02-14;Engineer, control and instrumentation;356817;2
89863724068;Kelly Hanson;Male;2004-07-15;Trading standards officer;171417;5
78682302142;Steven Wood;Female;2017-03-09;Electrical engineer;367360;2
01865925345;Nancy Obrien;Male;2016-07-14;Dance movement psychotherapist;827630;2
38702029226;Gary Warren;Female;2012-11-23;Surveyor, hydrographic;125019;1
78717475367;Andrea Scott;Male;2008-09-10;Accountant, chartered certified;667526;4
52672470857;Amy Thompson;Female;2010-03-07;Field trials officer;335119;1
01353846535;Don Curtis;Male;2008-04-19;Educational psychologist;226821;3
29330027285;Edward Stewart;Male;2004-06-14;Engineer, agricultural;83289;0
42041542469;Robin Bryant;Female;2009-08-03;Teacher, adult education;673527;1
77617138828;Julie Edwards;Male;2012-10-18;Journalist, broadcasting;125669;2
93296202409;Edward Hunter;Female;2008-08-20;Comptroller;830794;1
32627099504;Rachael Cook;Female;2001-08-18;Camera operator;724432;0
74222374540;Jessica Trujillo;Male;2000-08-05;Production assistant, radio;339670;2
72702431858;Diana Mendoza;Female;2000-08-08;Occupational psychologist;414345;3
60572307012;Paula Hale;Male;2019-07-06;Communications engineer;826978;3
74117551500;Angelica Newman;Male;2009-05-18;Sound technician, broadcasting/film/video;435195;1
28421106710;Lisa Greene;Female;2010-06-06;Scientific laboratory technician;824635;3
99284582480;Rachel Barron;Male;2007-03-08;Psychologist, forensic;63755;3
77522902693;Hannah Miller;Female;2001-06-16;Research scientist (maths);547137;2
15415539858;Paul White;Female;2014-09-04;Network engineer;151669;4
24858827099;Brittany Miller;Female;2001-11-08;Therapist, speech and language;702407;5
41515158834;Natalie Clark;Female;2008-02-06;Geoscientist;516404;4
26712416579;Samantha Novak;Male;2005-12-27;Secretary/administrator;901462;1
55392296156;Anthony Irwin;Female;2021-07-17;Emergency planning/management officer;985646;1
73947269757;Mr. Shawn Diaz Jr.;Male;2020-02-16;Physicist, medical;5316;3
43838147678;Ms. Jessica Patterson;Male;2013-07-15;Engineer, drilling;977520;1
69693842875;Sarah Sanders;Male;2014-05-20;Engineer, materials;281990;3
51868794974;Ann Curtis;Female;2014-10-13;Film/video editor;207410;3
85171449681;Melissa Conrad;Female;2011-02-07;Estate agent;688879;3
03466568836;Lauren Brown;Male;2010-08-22;Television floor manager;622327;3
44537700423;Jeffery Bryant;Male;2000-09-06;Waste management officer;736571;5
39529476440;Mr. Joseph Henson;Male;2014-11-02;Musician;690080;4
38643284452;Jeffrey Owens;Female;2013-11-28;Heritage manager;771129;2
18270527674;Gina Lozano;Male;2006-09-14;Engineer, petroleum;672655;0
48821318142;Antonio Hernandez;Male;2005-01-14;Lighting technician, broadcasting/film/video;280112;3
56230247177;Nicholas Ortega;Male;2014-01-22;Conservation officer, nature;283773;0
12689839794;Bobby Brooks;Female;2019-01-06;Runner, broadcasting/film/video;17127;0
61933046627;Patrick Patton;Female;2022-01-08;Trade mark attorney;316498;0
85699775112;Christopher Hanson;Female;2003-08-20;Museum/gallery conservator;674443;4
59463198497;Christopher Ross;Male;2003-12-10;Armed forces logistics/support/administrative officer;392801;4
21297881603;Jose Smith;Female;2003-04-16;Education administrator;423513;5
44800222561;Jason Blanchard;Male;2015-03-14;Chief Strategy Officer;175510;1
43481399201;Alec Johnson;Female;2011-12-09;Insurance account manager;650896;1
18842124353;Brian Ibarra;Female;2014-01-25;Event organiser;699052;1
30289976954;Nicole Wood;Female;2008-09-07;Dietitian;240927;5
04081058195;Sarah Solomon;Male;2000-06-05;Designer, interior/spatial;598987;5
86623178083;Michelle Brooks;Female;2009-10-10;Food technologist;500626;5
94658269982;Michael Mclaughlin;Female;2018-09-28;Farm manager;356895;4
23494608719;Corey Porter;Male;2000-08-25;Geochemist;714398;2
12050382174;Emily Mccoy;Male;2008-04-10;Advertising account planner;699961;0
59676616365;William Owens;Male;2010-07-06;Lobbyist;621826;5
79362031077;Mackenzie Johnson;Female;2001-05-11;Counsellor;916685;0
72744706227;Tracey Wilson;Female;2014-11-15;Secondary school teacher;114643;3
40669661726;Robert Rivas MD;Male;2022-11-26;Proofreader;69851;1
83586604523;Daniel Hurley;Female;2011-01-21;Manufacturing engineer;697933;3
53096850525;Calvin Rice;Female;2011-03-01;Charity officer;746063;4
72275667710;Lauren Soto;Male;2001-06-22;Clinical research associate;61798;5
34958993483;Lisa Alvarez;Male;2020-04-10;Broadcast presenter;470307;4
03921510012;Stuart Williamson;Female;2009-06-22;Radio producer;295294;4
55293122455;Marie Cobb;Male;2004-11-08;Field seismologist;767037;4
49285421087;Bradley Perez;Female;2003-07-12;Special educational needs teacher;231175;3
29129448341;Anthony Best;Female;2016-04-22;Soil scientist;441675;4
05634364361;Carolyn Jones;Female;2017-08-22;Armed forces technical officer;2056;3
97843208105;Jill Ortiz;Female;2005-02-21;Social worker;40585;0
42863557314;Stephanie Johnson;Female;2013-08-23;Psychologist, clinical;543611;3
68604772249;Emma Fleming;Male;2012-05-21;Therapist, music;333875;3
38763807921;Jessica Johnson;Female;2015-10-01;Biomedical scientist;382917;0
91147426553;Amy Stokes;Male;2018-08-16;Cabin crew;586444;2
82288262341;Vanessa Green;Male;2007-04-04;Tree surgeon;402134;2
85415173241;Sonya Gardner;Female;2007-01-26;Broadcast presenter;122835;1
98854078341;Ryan Oneal;Male;2005-02-08;Exhibition designer;349560;4
24239732286;Tyler Blair;Female;2006-06-16;Early years teacher;625727;3
67544404758;Chelsea Bennett;Male;2021-01-14;Airline pilot;426256;5
35222967990;Samuel Duarte;Female;2018-04-27;Scientist, product/process development;854475;4
32261323267;Jorge Woodward;Female;2015-10-04;Commercial/residential surveyor;852314;5
66183522155;Paula Ballard;Female;2023-06-13;Solicitor;753719;5
93277539800;Lauren Gray;Female;2007-12-07;Toxicologist;735837;1
13986934993;Amber Adams;Female;2000-12-01;Operational investment banker;339012;5
13750524584;Tina Wood MD;Male;2003-07-02;Food technologist;2432;0
11486056373;Eric Tanner;Female;2009-03-02;Veterinary surgeon;626751;4
40316783215;Anthony Wilson;Male;2011-05-23;Retail buyer;325228;4
94659420660;Vanessa Lewis;Male;2022-02-17;Toxicologist;153372;0
74408690640;Maria Lopez;Female;2007-10-08;Advice worker;522883;3
37735571008;Andres Burton;Male;2007-07-26;Air broker;57054;3
50002474584;Michael Cooper;Female;2017-12-17;Mudlogger;994655;4
80585975590;Karen Yu;Male;2019-05-24;International aid/development worker;17819;4
78531344018;Kathleen Cruz;Male;2006-12-01;Education officer, community;877946;5
87255009823;Robert Gonzalez;Male;2009-11-09;Nurse, children's;131027;3
10331151063;Dustin Clark;Male;2021-10-06;Theatre director;134801;4
43386230037;Amanda Blankenship;Female;2022-05-11;Financial trader;853916;0
03377224704;Dr. Rachel Palmer DDS;Male;2007-10-28;Programmer, applications;897314;4
52742014143;Daniel Keller;Male;2019-04-13;Horticulturist, amenity;248705;0
96806101820;Antonio Sanders;Female;2015-02-19;Heritage manager;215463;0
13903360388;Christian Cunningham;Male;2013-12-15;Photographer;484916;1
44537806530;Shannon Carlson;Female;2018-08-02;Designer, interior/spatial;736445;0
67788602486;Hannah Boyd;Male;2010-10-21;Producer, television/film/video;773526;2
20602784252;Elizabeth Glenn;Female;2007-07-10;Diplomatic Services operational officer;357914;2
15327397772;Samantha Rivera;Male;2005-09-27;Mental health nurse;232901;1
50584600998;Michelle Maynard;Female;2018-12-27;Solicitor;630267;3
69309720009;Anthony Massey;Female;2021-03-06;Therapist, speech and language;332518;4
78210476104;Vincent Moses;Male;2003-01-26;Artist;646441;0
35090248124;James English;Female;2000-02-17;Speech and language therapist;931150;5
95813036990;Eric Rodriguez;Female;2004-04-19;Associate Professor;371401;4
78882510289;Maria Smith;Female;2017-03-11;Sports development officer;54410;3
89555360220;Douglas Hill;Female;2012-07-01;Programmer, applications;92240;3
79192002502;James Harris;Female;2013-11-25;Geographical information systems officer;66437;0
81312410593;Lindsay Whitaker;Male;2014-11-05;Minerals surveyor;307948;5
20208021846;Tyler Davidson;Male;2009-11-28;Horticultural therapist;343383;5
55358781733;Sabrina Coleman;Female;2000-11-12;Hydrologist;128050;4
67607243302;Theresa Long;Female;2000-02-04;Psychiatric nurse;778958;1
94633496911;Heather Silva;Male;2016-06-22;Garment/textile technologist;544683;1
11248038581;Rachel Reed;Female;2019-07-03;Dramatherapist;169364;3
67525373526;Justin Strickland;Female;2000-12-12;Lawyer;792149;1
32075120188;Sarah Taylor;Female;2009-09-25;Chief Strategy Officer;520773;4
29335794215;Toni Sims;Male;2014-10-12;Civil Service administrator;710004;2
47088039889;Tyler Fry;Female;2014-05-25;Engineer, mining;374744;3
31362908933;Jodi Norman;Male;2001-10-05;Charity officer;147497;1
96996520620;Christopher White;Male;2020-02-12;Pension scheme manager;611110;0
46296501832;Edgar White;Female;2011-09-07;Television/film/video producer;632914;2
53876571004;Rachel Watson;Male;2017-02-22;Environmental education officer;698662;4
45518166233;Christina Woods;Female;2006-02-13;Magazine journalist;759004;5
72792692755;William Lewis;Female;2021-07-23;Marine scientist;652887;3
92471500954;Brian Ramsey;Male;2003-01-22;Pensions consultant;507560;2
18426279408;Amy Oconnell;Male;2010-05-26;Licensed conveyancer;873523;0
08712535817;Kimberly Morrow;Male;2014-07-10;Programmer, multimedia;527950;2
36266827890;Joseph Butler;Female;2019-07-17;Metallurgist;81133;0
64287570800;Susan Martin;Female;2019-09-12;Media buyer;381507;3
96311547989;Elizabeth Smith;Male;2022-02-16;Health service manager;484421;4
68559844007;Linda Fitzgerald;Female;2002-03-28;Clinical cytogeneticist;745602;5
81043026948;Mallory Morgan;Female;2007-05-25;Veterinary surgeon;311571;4
16503642521;Deborah Harrison;Female;2000-09-19;Television floor manager;294547;2
04548455104;Erica Austin;Male;2021-03-25;Prison officer;185485;2
44443686028;Kathryn Robinson;Female;2019-04-28;Special educational needs teacher;756069;0
11633267286;Amanda Lopez;Female;2022-08-08;Engineer, civil (consulting);588881;0
07411197577;Joshua Liu;Male;2023-06-04;Civil Service fast streamer;653315;5
73098169814;Jordan Briggs;Female;2019-10-15;Interior and spatial designer;545248;5
17528393015;Peter Robbins;Male;2021-03-07;Administrator, charities/voluntary organisations;212586;1
18936984446;Cheryl Swanson;Female;2015-04-24;Television camera operator;144408;4
36477411106;Megan Hansen;Female;2010-12-27;Firefighter;15107;4
83381980989;Kristine Jacobson;Female;2008-06-27;Chartered loss adjuster;44232;0
37399244156;Steven Erickson;Male;2015-02-23;Electronics engineer;554350;4
11844124265;Gina Lewis;Female;2005-07-20;Clinical biochemist;465717;5
90106755486;Stacy Palmer;Female;2012-03-08;Education administrator;282721;0
07761624915;Catherine Brown;Female;2016-05-28;Illustrator;910116;0
79237281571;Kristy Barnes;Male;2019-12-08;Nurse, adult;5173;2
54586089424;Amanda Rasmussen;Female;2019-06-11;Environmental manager;622360;3
66619670614;Zachary House;Male;2001-12-18;Ophthalmologist;720880;0
58445490220;Kathleen Young;Male;2012-05-10;Animal nutritionist;180519;5
44936486852;William Alexander;Male;2009-05-14;Chief Financial Officer;479321;5
38576402476;Patricia Byrd;Female;2015-07-04;Medical secretary;382232;4
19582265910;Jeffrey Sosa;Male;2006-10-03;Engineer, maintenance;939043;3
82502635000;Priscilla Thomas;Female;2019-12-04;Petroleum engineer;934172;3
55904275459;Karen Smith;Female;2012-12-02;Tour manager;192148;3
94857264360;Jenna Jones;Male;2007-12-17;Herpetologist;876239;5
79714297741;John Martinez;Male;2021-10-24;Records manager;126999;3
32111584384;Sydney Mendez;Female;2007-06-13;Barrister;995901;2
36027625057;Alexis Clark;Female;2001-10-12;Copy;238293;0
41060609257;Tina Fox;Female;2014-09-25;Arboriculturist;414689;3
12216840849;Sandra Owens;Female;2001-10-04;Trade union research officer;658189;4
44712552000;Jason Watson;Female;2002-08-05;Microbiologist;897947;5
75994952652;James Hall;Male;2016-11-02;Psychologist, forensic;648063;5
89398734808;Ashley Duke;Male;2003-07-21;Personal assistant;201666;4
61255233612;Debra Stephenson;Male;2015-07-28;Administrator, arts;350970;1
77326936835;Danny Hernandez;Male;2018-05-16;Naval architect;926591;0
80502925156;David Dorsey;Female;2003-01-10;Diplomatic Services operational officer;201102;1
23223794235;Matthew Jones;Male;2016-03-26;Passenger transport manager;830415;1
45369642895;Matthew Brown;Male;2001-03-04;Engineer, petroleum;376230;0
19004837948;Christopher Singh;Female;2011-10-16;Accounting technician;603528;3
82937852160;Rhonda Shah;Male;2004-02-28;Conservator, furniture;431187;0
28240361749;Ricardo Wolfe;Female;2012-10-24;Production designer, theatre/television/film;641128;5
86708025103;Tracy Carter;Male;2006-09-07;Senior tax professional/tax inspector;784918;0
05231144225;Cynthia Miller;Male;2018-12-12;Radio producer;761767;1
32718218547;Julie Davis;Female;2008-04-05;Rural practice surveyor;506856;4
98934312974;Cassie Williams MD;Male;2012-10-14;Theme park manager;288014;5
06298788146;Sandra Harper;Female;2001-07-05;Wellsite geologist;40664;2
43201112361;Juan Wilson;Female;2013-11-26;Futures trader;305118;5
62343095434;Terry Holder;Female;2004-06-28;Surveyor, insurance;144267;5
33878317791;Sean Vega MD;Female;2018-06-25;Clinical molecular geneticist;34476;4
03270445496;Nicole Morales;Male;2014-10-05;Retail buyer;600535;3
77238534999;Karen Robinson;Male;2014-05-06;Librarian, public;639697;1
14492200850;Ronald Scott;Male;2007-04-20;Chief Technology Officer;547594;5
18012986128;Andrea Miller;Male;2004-07-25;Facilities manager;996786;3
16224455280;Michael Rodriguez;Female;2020-03-03;Meteorologist;132510;5
06845441634;Robert Bowers;Female;2002-03-24;Designer, interior/spatial;310695;5
72482651689;Teresa Kennedy;Male;2018-12-24;Set designer;781479;5
58630707692;Jordan Simmons;Female;2005-05-07;Medical physicist;825525;2
38787553824;Mr. Brendan Valencia;Female;2014-02-07;Chemist, analytical;85956;0
58480710689;Michaela Singh;Male;2015-01-17;Environmental manager;733908;3
51520625554;Sarah Aguilar;Male;2013-07-05;Metallurgist;660399;3
57048379723;Dr. Amanda Chavez;Male;2019-06-28;Sound technician, broadcasting/film/video;76566;4
58148026019;Julie Duncan;Female;2019-10-01;Electrical engineer;264644;5
89872879600;Nicole Brown;Male;2023-07-13;Conservation officer, nature;800388;5
03465706635;Katherine Page;Male;2019-09-03;Museum/gallery curator;782540;1
47635410145;Daniel Edwards;Female;2007-02-26;Information systems manager;480824;1
74438814518;David Chavez;Male;2008-06-23;Optometrist;545586;3
46191478446;Melissa Warner;Male;2012-09-19;Forest/woodland manager;268361;5
57175813535;Mrs. Julie Porter;Female;2001-05-23;Field trials officer;953159;1
68906793412;Melody Gutierrez;Male;2007-07-22;Designer, industrial/product;645492;1
88428227779;Alvin Hopkins;Male;2003-03-15;Intelligence analyst;671110;1
70449585549;Robert Berry;Male;2001-10-01;Proofreader;846381;1
91047458193;Erica Tate;Male;2016-10-07;Learning mentor;406406;2
71830041900;Timothy Castaneda;Female;2000-09-20;Advertising account executive;983064;1
62737286930;Brandon Graham;Male;2014-01-20;Archaeologist;147880;1
07690421825;Carl Stewart;Female;2009-05-06;Sales professional, IT;296491;0
13866596776;Lindsey Sweeney;Female;2022-05-20;Amenity horticulturist;932584;1
24211837016;James Jones;Male;2018-07-20;Public librarian;74314;5
79031927386;Amanda Hart;Male;2017-02-21;Call centre manager;385200;0
97716330311;Marcus Ellison;Female;2003-10-28;Doctor, general practice;405370;1
03366986217;Gene Meyers;Male;2018-03-06;Solicitor;402163;5
63213787534;Travis Wolfe;Male;2013-03-17;Training and development officer;801912;1
67882172625;Luke Wang;Male;2019-02-14;Surveyor, hydrographic;334551;1
01066316280;Janice Moss;Female;2019-12-09;Armed forces logistics/support/administrative officer;569052;2
13175059829;Tammy Diaz;Female;2017-05-04;Publishing rights manager;117315;1
23343812515;Cody Martin;Male;2013-08-07;Chartered loss adjuster;744563;0
11156143924;Linda Casey;Male;2019-04-07;Sports therapist;297312;2
50311006677;Julie Jones;Male;2023-02-19;Personal assistant;467863;3
26735390466;Christopher Clay;Female;2012-04-07;Forensic psychologist;881630;1
69227048760;Daniel Bullock;Female;2018-09-02;Publishing rights manager;70861;1
35705226552;Donna Green;Female;2014-05-06;Estate agent;293627;4
07105397718;Tina Morgan;Female;2003-05-10;Music therapist;818546;4
44953808887;Jeffery Booker;Male;2006-05-08;Waste management officer;46669;4
88672063610;Lisa Fisher;Female;2019-09-23;Senior tax professional/tax inspector;359855;2
66331449955;Martha Johnson;Female;2018-09-27;Geneticist, molecular;438944;0
38214961872;Sandra Miller;Male;2007-05-02;Public relations officer;711899;2
11310074555;Kendra Benton;Male;2013-08-19;Network engineer;556633;4
78748617771;Kimberly Zimmerman;Female;2023-04-26;Optometrist;202406;5
73980343417;James Garcia;Female;2023-10-01;Education officer, museum;329606;0
99661607327;Amy Jones;Female;2013-06-02;Holiday representative;51634;2
33184360532;Anna Nguyen;Female;2002-11-14;Sound technician, broadcasting/film/video;182281;4
59688714022;Hannah Dunlap;Male;2016-10-07;Ceramics designer;118384;4
59801260273;Matthew Jackson;Female;2012-10-07;Psychologist, educational;904041;3
44479348063;Lauren Burch;Male;2010-02-17;Private music teacher;652000;5
79667210862;Mr. David Simpson;Female;2019-02-24;Comptroller;806951;4
64013883836;Ryan Davis;Female;2012-04-06;Astronomer;323931;4
32489606277;Jennifer Richards;Male;2023-06-23;Banker;700844;5
68963349481;Catherine Munoz;Female;2011-01-04;Production assistant, television;515813;3
00709194021;Linda Clark;Female;2022-08-16;Town planner;482337;2
20180879034;Nathaniel Long;Female;2016-04-26;Pilot, airline;332859;0
87582433435;Carly Juarez;Male;2000-09-10;Accounting technician;907413;1
97782689651;Megan Adams;Male;2009-05-16;Accountant, chartered certified;709595;4
60129075569;Jonathan Martinez;Female;2011-02-18;Designer, television/film set;661980;4
33376736872;Kelsey Gonzalez;Male;2000-09-21;IT sales professional;945009;1
42564269838;Mary Grant;Male;2019-02-02;Electronics engineer;357825;5
59845404913;Deborah Hawkins;Male;2010-05-02;Site engineer;350873;0
61349791320;Lori Perez;Female;2007-08-07;Materials engineer;899192;0
90373872279;Troy Huffman;Male;2000-01-23;Orthoptist;286483;5
95727592325;Tommy Thomas;Female;2002-11-17;Public relations officer;854344;5
40503487456;Joel Porter;Male;2017-02-19;Accommodation manager;39288;2
92733677412;Seth Garcia;Female;2015-01-25;Estate agent;579717;5
15603325425;Melinda Hayden;Female;2019-04-26;Teacher, secondary school;42382;2
73112921163;Duane Rodriguez;Male;2014-08-16;Designer, industrial/product;809055;2
74458404557;Jacob Armstrong;Male;2015-07-08;Accommodation manager;214229;5
94687632996;James Gonzales;Female;2003-11-28;Arts administrator;248540;5
78209669453;Margaret Potts;Male;2004-08-18;Engineer, production;994275;0
83520901943;Stephanie Everett;Female;2014-12-14;Contracting civil engineer;525968;5
49086832590;Miranda Reyes;Female;2005-01-01;Geologist, engineering;756563;0
62388315412;Timothy Nichols;Female;2015-03-03;Tourism officer;804257;0
98438115620;Tonya Dominguez;Female;2011-05-13;Therapist, nutritional;192731;5
00823825384;Patricia Reed;Male;2007-03-09;Commercial art gallery manager;708391;1
88478837070;Elizabeth Chan;Female;2005-05-20;Meteorologist;392437;2
42563339448;Kevin Scott;Female;2015-05-26;Environmental consultant;353597;2
37739456361;Angela Sampson;Male;2020-12-10;Emergency planning/management officer;573472;1
71532708523;Ashley Castro;Male;2005-09-06;Nutritional therapist;649085;1
06553033620;Derrick Hopkins;Female;2022-03-15;Market researcher;789759;3
01958953872;Katherine Sanchez;Female;2023-04-24;Scientist, water quality;889452;1
91832416731;Heather Williams;Female;2017-02-27;Data scientist;726800;5
47098613293;Elizabeth Rasmussen;Male;2011-09-25;Scientist, clinical (histocompatibility and immunogenetics);879087;3
49841048297;Jeffrey Schultz;Female;2004-02-15;Surveyor, hydrographic;789159;0
72580049866;Lisa Goodman;Male;2021-01-20;Surveyor, commercial/residential;833109;1
65425237528;Antonio Black;Male;2004-04-03;Producer, television/film/video;178074;0
21614374489;Amanda Nelson;Male;2023-12-05;Careers adviser;501075;3
45588932502;Aaron Castro;Female;2021-05-24;Magazine features editor;761813;3
05146859658;Eric Avila;Male;2019-12-24;Government social research officer;581051;5
62885901927;Dylan Galvan;Male;2007-11-09;Ophthalmologist;872408;4
34041639871;Tyler Rodriguez;Male;2018-07-08;Scientist, product/process development;345410;3
61131656984;Joshua Mcdaniel;Male;2007-11-10;Transport planner;968487;5
78429432256;Jacob Smith;Male;2023-05-09;Production manager;608884;0
87006821997;Dr. Bradley Lamb;Female;2009-02-14;Chief Technology Officer;803297;1
75442780066;Scott Anderson;Female;2006-11-26;Development worker, community;818072;4
42532711752;Michael Ryan;Male;2018-11-25;Estate manager/land agent;828309;3
97908405868;Jennifer Griffin;Male;2016-03-05;Barista;215633;5
57742562168;Jacqueline Cox;Female;2023-09-05;Horticulturist, commercial;633957;0
81322679404;Dylan Brown;Male;2001-05-26;Geologist, wellsite;526539;4
23709568886;Terry Smith;Male;2018-07-25;Armed forces operational officer;129779;3
95295636628;Craig Graham;Female;2016-01-28;Art gallery manager;276396;2
88360137647;Kiara Sullivan;Female;2005-12-07;Holiday representative;294395;0
79344086296;Chad Davis;Female;2016-05-11;Surveyor, commercial/residential;778615;0
38970214219;Nicholas Hester;Female;2012-11-22;Investment analyst;967225;3
24633409157;Christopher Anderson;Female;2016-05-07;Private music teacher;245159;1
89214435473;Wesley Hawkins;Male;2010-03-20;Designer, blown glass/stained glass;442342;0
89049823795;Tina Fuller;Female;2004-03-25;Architectural technologist;581677;2
33979119670;Joshua Ware;Male;2007-08-06;Network engineer;210491;0
22978889329;Timothy Klein;Female;2001-02-21;Materials engineer;548732;3
53245149392;Ashley Wright;Male;2013-02-21;Primary school teacher;647410;4
66904908885;Raymond Greene;Female;2000-05-09;Company secretary;101001;0
45276639660;Lisa Burgess;Male;2006-02-04;Conservator, furniture;138594;3
06908074846;Daniel Holt;Female;2002-12-14;Engineer, site;447839;2
51228517826;Jill White;Male;2021-12-21;Volunteer coordinator;131166;0
72322380139;Tina Lane;Female;2011-12-06;Pensions consultant;228756;4
84214115413;Melissa Mayo;Male;2016-11-21;Scientist, biomedical;862611;5
96521348568;Jesus Wyatt;Female;2002-03-09;Surveyor, quantity;829490;1
39473678237;Madison Ortiz MD;Male;2018-01-01;Games developer;85938;0
74221567186;Joel Nguyen;Female;2013-11-04;Geophysical data processor;499668;1
12725632379;Mary Suarez;Male;2020-03-18;Engineer, agricultural;681028;1
44725910503;Tara Davenport;Male;2012-08-05;Chief of Staff;131615;4
55801640095;Loretta White;Male;2016-03-09;Professor Emeritus;12188;2
98248976740;Cheryl Johnson;Male;2018-12-18;Primary school teacher;452082;4
04455820765;Justin Davis;Female;2012-12-15;Fitness centre manager;387397;1
55242143378;Jose Cruz;Male;2022-03-14;Early years teacher;491707;1
78862849827;Randy Thomas;Female;2010-10-07;Chief Executive Officer;792445;0
00340274229;Karen Anderson;Male;2016-08-25;Therapist, speech and language;317227;3
05968970977;Jeanette Peterson;Female;2021-01-13;Medical laboratory scientific officer;82421;5
20373147572;Heather Brooks;Female;2006-03-20;Commissioning editor;695949;3
26376480196;Philip Martinez;Male;2014-02-18;Designer, exhibition/display;898793;0
83989687484;Jake Burns;Female;2018-01-11;Architectural technologist;454816;3
83582912538;Peter Villanueva;Male;2009-05-09;Geoscientist;6378;0
25207866849;Heather Bryan;Male;2005-04-04;Civil Service administrator;115537;2
76216266662;Denise Hansen;Male;2001-12-11;Community arts worker;746867;1
13799787275;Kenneth Manning;Male;2002-05-21;Designer, industrial/product;897236;3
06617986773;Christopher Hawkins;Female;2019-05-09;Psychologist, prison and probation services;325042;5
08792137846;Darren Lopez;Male;2006-03-07;Arts development officer;341814;2
99770268798;Jerry Lawrence;Male;2014-04-03;Energy manager;247738;1
93264586390;Lisa Martin;Female;2015-05-27;Environmental health practitioner;91325;4
61581163106;Victoria Bennett;Male;2023-01-19;Meteorologist;435428;4
93001317464;Jennifer Patterson;Male;2016-06-01;Armed forces technical officer;76197;5
95153896421;Tommy Shaw;Male;2022-10-25;Manufacturing systems engineer;133248;2
67656913433;Gabrielle Guerra;Male;2017-12-20;Trade mark attorney;715934;3
71618214144;Amy Hansen;Female;2009-04-13;Cytogeneticist;485222;4
54604321201;Maureen Vega;Male;2020-11-02;Horticultural consultant;544439;2
19928719082;Charles Martin;Male;2006-07-02;Customer service manager;556043;2
51623577469;Kristin Flynn;Female;2004-01-06;Personal assistant;752088;0
13749206091;Michelle Knapp;Female;2023-10-25;Learning disability nurse;355098;0
59207027062;Robert White;Female;2016-05-15;IT consultant;924062;1
90976496939;Dana Martin;Male;2000-03-25;Customer service manager;35032;4
04971928108;Jimmy Wilson;Female;2014-09-16;Psychologist, prison and probation services;315709;0
94039614114;Christine Flores;Male;2001-02-04;Pension scheme manager;767616;4
90575367251;Steven Gibson;Male;2002-01-07;Audiological scientist;568258;5
23466620928;Frederick Long;Male;2001-10-12;Biomedical engineer;714045;4
69827250130;Shannon Johnson;Male;2023-07-22;Comptroller;759364;1
67445224087;Teresa Arnold;Male;2005-10-04;Pension scheme manager;664448;1
78545116917;Ms. Jessica Ellis;Female;2012-08-26;Automotive engineer;295155;5
39996681083;Jasmine Miller;Female;2008-01-09;Statistician;782970;4
07429368105;Paul Wong;Male;2022-03-06;Aeronautical engineer;223093;5
72420652571;Tara Gonzalez;Male;2004-02-13;Travel agency manager;422434;2
17590598212;Chad Blanchard;Female;2004-09-11;Materials engineer;108577;2
10126566921;Marissa Baker;Female;2006-08-06;Paramedic;700416;3
67478733896;Michael Singh;Female;2023-09-28;Surveyor, land/geomatics;499962;3
51804380191;Nicole Porter;Male;2022-05-17;Agricultural engineer;595114;1
70412874213;Christina Fitzgerald;Female;2014-03-28;Meteorologist;975770;1
36146843814;Terry Taylor;Male;2017-08-04;Surveyor, mining;525440;2
42556059364;Richard Davidson;Female;2013-04-04;Location manager;429898;0
41235553483;Crystal Sandoval;Male;2015-11-05;Herbalist;937992;4
91064726489;Rachel Barnes;Male;2021-01-09;Marine scientist;660579;3
96572489880;Caitlyn Sanders;Male;2021-01-01;Sport and exercise psychologist;96668;3
42339465836;Scott Huerta;Female;2011-02-15;Biomedical engineer;855596;5
75609316434;Paul Hernandez;Female;2003-12-17;Recycling officer;379552;1
09349873761;Michael Warren;Male;2012-03-23;Immigration officer;79779;2
51328197814;Mark Smith;Male;2014-05-23;Buyer, retail;472809;4
96338917678;Jeremiah Romero;Male;2008-08-04;Solicitor;373834;4
60796262398;Veronica Mullins;Male;2016-04-06;IT sales professional;199923;4
02772444268;Rachel Thomas;Male;2014-02-01;IT sales professional;538592;4
44156614439;Brenda Johnson;Male;2004-05-18;Environmental education officer;49717;3
22331196753;Dustin Yang;Female;2019-07-14;Engineer, mining;109840;5
00092148623;Jessica Kennedy;Female;2010-03-13;Hydrographic surveyor;479147;3
56399245152;Lisa Foster;Male;2017-10-07;Horticulturist, amenity;406397;4
82751463933;Sandra Casey;Male;2016-05-28;Public relations officer;14659;2
47962413853;Tammy Hickman;Male;2023-02-05;Estate manager/land agent;598218;1
72479982664;Sherri Richards;Male;2020-12-15;Magazine features editor;684519;4
46409895094;Anthony Baker;Male;2002-01-04;Architect;122792;4
59180178184;Sharon Harper;Male;2013-09-17;Oncologist;980672;0
31893573314;Michael Owen;Male;2022-09-04;Solicitor, Scotland;396829;0
94515319063;Abigail Smith;Male;2009-05-21;Teaching laboratory technician;174857;0
13161050086;David Velasquez;Male;2020-12-05;Music therapist;200497;4
59527471061;Terri Hinton;Male;2021-08-22;Sales promotion account executive;412106;5
00346923497;Luis Bailey;Male;2012-12-07;Restaurant manager;388876;0
19294262065;Lori Mills;Female;2020-07-15;Research scientist (life sciences);701870;1
55931218645;Michael Ramirez;Female;2000-05-08;Designer, furniture;464372;0
35564524068;Brittany Campbell;Male;2023-12-21;Lecturer, further education;403296;2
14557197643;Christopher Roberts;Male;2009-09-13;Immigration officer;654630;5
92173566178;Monica Wood;Female;2018-01-22;Investment analyst;162043;4
39071433439;Jason Johnson;Female;2002-07-23;Mining engineer;939682;5
83583320043;Nicholas Robertson;Male;2004-06-10;Maintenance engineer;219611;4
68852815305;Teresa Miller;Female;2014-10-08;Sport and exercise psychologist;664539;2
48207354966;Kyle Smith;Female;2006-11-17;Museum/gallery curator;829202;3
73539193771;Daniel Burnett;Female;2007-07-02;Advertising art director;541543;4
27415793124;Nathan Petty;Female;2022-07-01;Designer, graphic;381750;0
99921749434;Hector Johnson;Female;2006-09-06;Risk analyst;331035;2
79073470748;Suzanne Smith;Female;2002-08-07;Call centre manager;253535;2
61908898220;William Ward DVM;Female;2001-02-14;Database administrator;593122;1
22156627878;Cynthia Barrera;Female;2018-10-13;Doctor, general practice;956594;0
24223295787;Andrew Clark;Female;2007-09-19;Clinical cytogeneticist;898469;1
86165650027;Kimberly Morgan;Female;2002-11-24;Merchant navy officer;747352;3
61347517686;Deanna Conley;Female;2010-03-12;Surveyor, land/geomatics;260704;2
62695844781;Kristin Gardner;Female;2013-01-02;Oceanographer;674308;1
83592134331;Mary Jenkins;Female;2014-03-16;Medical secretary;416169;0
09637750458;Natasha Young;Male;2001-09-24;Personnel officer;541783;0
41593866296;Jacob Wilson;Male;2014-11-17;Pharmacist, hospital;467076;5
35007163307;Jessica Walters;Female;2018-08-02;Volunteer coordinator;119846;4
80792084038;Mrs. Madison Cook;Female;2002-01-17;Radio broadcast assistant;103031;2
68490817741;Scott Smith;Female;2000-01-23;Lobbyist;574109;3
31286550418;Douglas White;Female;2016-05-01;Museum education officer;502725;4
77976153409;Dr. Micheal Dudley;Male;2021-09-27;Bonds trader;348376;2
07544823224;Madison Hunt;Male;2011-07-23;Psychotherapist, child;751681;2
62967810551;John Norman;Male;2023-08-01;Office manager;252364;0
35097717647;Thomas Meza;Male;2005-10-17;Biomedical scientist;96965;3
40040900611;Mr. William Jones;Female;2004-01-28;Patent examiner;649417;2
21846306921;Yvonne Gonzalez PhD;Female;2016-09-28;Patent examiner;199950;0
38695862521;Pamela Henderson;Male;2011-08-02;IT consultant;509153;4
64242450450;Summer Calderon;Male;2005-08-02;Ophthalmologist;938818;1
27024965870;Sherry Greene;Female;2015-01-10;Paramedic;541448;5
55892373652;Mark Sanders;Male;2004-05-12;Oceanographer;330153;0
06401195274;Kara Brown;Female;2009-06-09;Mudlogger;94380;2
44493100121;Brandon Porter;Male;2023-08-13;Nurse, adult;978333;0
77395533727;Sean Parks;Female;2022-06-20;Clinical biochemist;551516;1
95937463894;Courtney Sanchez;Male;2014-03-25;Animator;629833;2
85034332161;Zachary Jordan;Male;2011-04-27;Water quality scientist;544672;2
63643755775;April Murphy;Female;2012-08-11;Commissioning editor;827730;1
79156048613;Brett Moore;Male;2011-12-14;Early years teacher;931032;0
69279179861;Ashley Lewis;Male;2003-02-24;Merchant navy officer;915633;5
46258977237;Kayla Dawson;Male;2007-01-03;Electrical engineer;482987;4
49768461886;Stacy Miller;Male;2013-12-18;International aid/development worker;194492;1
96055500036;Cheryl Willis;Female;2011-09-25;Engineer, drilling;862545;1
88282252189;James Le;Male;2016-12-19;Radiographer, therapeutic;938568;0
25001383299;Roberto Hopkins;Male;2011-11-04;Clothing/textile technologist;355115;5
33430640911;Nicole Ford;Male;2017-02-10;Adult guidance worker;99224;5
28629806085;Stephanie Rodriguez;Male;2008-11-26;Tax inspector;680706;0
21219854788;Alyssa Johnson;Male;2022-02-04;Dramatherapist;83439;5
09768115984;Joshua Fletcher;Female;2004-08-05;Product/process development scientist;613538;4
93502420093;Thomas White;Female;2018-05-16;Soil scientist;600519;2
89078099750;Dustin Hess;Male;2012-12-15;Maintenance engineer;420559;3
92169815629;Jose Vasquez;Male;2014-01-28;Engineer, drilling;892262;3
95504002770;Adam Stevens;Male;2008-02-12;Administrator, Civil Service;17064;2
72199697053;Kimberly Lee;Female;2012-01-17;Engineer, maintenance (IT);232077;4
63459603865;Denise Gomez MD;Female;2000-10-03;Astronomer;401491;4
02176848524;Cynthia Martinez;Female;2019-06-27;Water engineer;434394;4
43773321945;Stephanie Daniels;Female;2016-06-14;Water quality scientist;364361;1
77858194874;Tyler Burns;Male;2012-09-15;Tour manager;695023;1
48895626094;Lynn Singleton;Male;2021-12-10;Research officer, political party;422162;5
61107402351;Michael Mitchell;Female;2018-11-09;Agricultural engineer;742988;0
44991349599;John Smith;Female;2017-06-14;Public affairs consultant;523627;0
57819285441;Christopher Moran;Male;2012-02-09;Health promotion specialist;167807;1
95935707069;Justin Fitzgerald;Male;2002-06-22;Patent attorney;504759;3
06209240907;Tina Taylor;Male;2013-07-11;Chartered legal executive (England and Wales);249244;5
82379594684;Melissa Todd;Female;2002-03-15;Conference centre manager;245122;5
91242021533;Andrew Myers;Female;2020-04-07;Accounting technician;287498;3
92212844032;Ruth Newman;Female;2017-05-15;Risk analyst;831521;4
42694011377;Adam Villanueva;Female;2021-04-21;Audiological scientist;998733;5
37917729527;Maurice Lynch;Male;2002-05-26;Medical secretary;285140;0
08208533976;Katherine Dixon;Male;2021-09-08;Editor, magazine features;149375;0
91925615916;Douglas Sloan;Female;2011-05-11;Press sub;548132;2
07586760733;Robert Anderson;Male;2013-10-10;Futures trader;461614;2
60799877159;Monica George;Male;2010-07-20;Engineer, electrical;812047;0
59414592190;Desiree Scott;Male;2013-05-21;Designer, textile;476807;0
69928560879;Roberto Rodriguez;Male;2016-05-16;Scientist, water quality;441860;5
26637356150;Casey Smith;Male;2003-12-17;Customer service manager;616170;1
81153621410;Mr. Chad Marshall MD;Female;2020-05-01;Music tutor;309636;4
88667336832;Diane Diaz;Male;2015-05-25;Translator;365462;2
90567620762;Jennifer Johnson;Male;2020-09-20;Lecturer, further education;480224;5
80888063187;Brandi Reyes;Male;2005-10-17;Administrator, arts;892078;1
16941400088;Scott Harrison;Female;2014-12-23;Data processing manager;276361;1
26068912363;Nicholas Wood;Female;2000-04-19;Translator;833682;5
48495624944;Richard Cooper;Male;2020-03-08;Public librarian;332846;1
59529862429;Aaron Sutton;Male;2000-01-02;Transport planner;988775;1
26639486358;Teresa Smith;Female;2003-06-28;Public relations account executive;372833;5
05287432068;Dr. April Wood;Female;2015-04-08;Theatre director;268992;2
18250258392;Erin Rubio;Male;2015-05-18;Energy engineer;205981;2
47911628217;Jeffrey Hampton;Female;2021-07-24;Medical sales representative;597374;4
96558051093;Lindsey Austin;Male;2018-02-02;Chief Strategy Officer;783626;5
37604298589;Sandra Mendoza;Male;2003-01-05;Fisheries officer;847049;0
61457340133;Heather Carlson;Female;2021-10-19;Scientist, research (maths);112114;2
50782385765;Kimberly Hayes;Male;2014-11-20;Research officer, political party;222752;0
31458085129;Nancy Newman;Male;2015-01-14;Contracting civil engineer;28859;0
47534798382;Kenneth Thompson;Female;2008-12-09;Training and development officer;952809;4
75062845395;Tony Johnson;Female;2006-07-04;Quality manager;396217;2
71435696223;Thomas Villa;Male;2022-05-21;Chartered loss adjuster;336434;1
74605906873;Justin Davis;Male;2011-03-25;Systems analyst;641708;1
57731255178;Jennifer Cruz;Male;2003-11-14;Health service manager;232366;4
54305661790;Mark Melendez;Male;2006-05-05;Landscape architect;229519;4
89189284241;Mark Gregory;Female;2007-02-04;Clinical cytogeneticist;671363;2
76335870459;Jasmine Norton;Female;2009-09-19;Clinical biochemist;598297;2
28677043490;Jonathan Dixon;Male;2019-12-03;Contracting civil engineer;546913;0
85264323989;Timothy Miles;Male;2021-01-28;Editor, magazine features;185761;1
79680223488;Cody Bradford;Female;2014-12-21;Public affairs consultant;693146;0
45545530094;Sarah West;Male;2015-02-23;Tax adviser;895849;1
48604690940;Pamela King;Male;2018-02-11;Health and safety adviser;383791;4
86105769214;Carrie Stewart;Female;2013-08-18;Surveyor, planning and development;941997;2
98743943916;John Simon;Female;2019-10-09;Ranger/warden;496143;2
82716997981;Heather Boyd;Male;2021-10-04;Production assistant, television;671741;3
95773475058;Henry Bass;Female;2014-04-25;Financial trader;142403;2
13652108481;Brian Stewart;Female;2006-01-25;Occupational hygienist;892417;4
65627099889;Peter Gonzalez;Female;2007-10-13;Patent attorney;233400;1
54988222082;David Daniel;Male;2021-05-01;Clinical psychologist;254090;2
55990140409;Lindsey Newman;Male;2012-04-07;Pharmacist, community;762684;2
28814269570;Brent Shea;Male;2005-06-27;Product/process development scientist;987498;1
99701649393;Abigail Hall;Male;2021-07-01;Development worker, community;313547;2
11561132672;Melanie Hunt;Female;2016-02-01;Geneticist, molecular;552444;4
95606394215;Christy Mcdonald;Male;2023-11-03;Actuary;411371;3
03120139676;Richard Miller;Male;2011-11-11;Nature conservation officer;851612;3
35304632138;Julie Jones MD;Male;2015-05-10;Equality and diversity officer;131121;3
93549827293;Stacy Price;Male;2004-05-07;Systems developer;960560;0
06037539874;Melvin Patterson;Male;2022-03-23;Pharmacist, community;342396;2
42096937093;Luke Smith;Male;2020-11-23;Transport planner;472403;2
27581550639;Patricia Wright;Male;2016-07-17;Transport planner;904746;3
15680550927;Benjamin Larson;Female;2009-04-18;Geographical information systems officer;817509;3
47322729391;Mr. Peter Garza DDS;Male;2000-05-05;Radiographer, therapeutic;211012;1
08559227526;Mary Rivera;Male;2011-01-17;Music therapist;919667;4
25551799584;Daniel Peck;Male;2004-05-09;Occupational hygienist;433326;2
90679548664;Mary Blevins;Male;2013-10-04;Environmental health practitioner;554883;3
63591085318;Hannah Hoffman;Male;2001-09-03;Production assistant, television;479093;4
13066216763;Stephanie Shaw;Female;2004-09-13;Psychologist, sport and exercise;281411;2
71891161446;Colleen Bradley;Female;2015-03-03;Advertising copywriter;41358;3
08326730888;Sherry Benson;Male;2009-12-24;Records manager;442474;1
27663659516;Stephanie Taylor;Male;2011-09-05;Engineer, building services;451519;0
14983653952;Tracy Allen;Female;2018-09-17;Chartered loss adjuster;284429;0
08232193784;Peter Rangel;Male;2006-02-20;Chartered legal executive (England and Wales);775150;5
21743438644;Alexandra Perkins;Female;2013-10-20;Hydrographic surveyor;62458;2
39747140837;Robert Riley;Female;2004-05-10;Psychologist, educational;907038;5
78362044312;Nicholas Villanueva;Female;2020-11-15;Jewellery designer;376238;2
61048870710;Ashley Reynolds;Male;2017-09-03;Engineer, production;345221;3
83702009433;William Ellison;Male;2001-05-19;Ecologist;470436;0
69642837375;James Turner;Male;2000-02-28;Biochemist, clinical;693824;3
34710905195;Kristie Long;Male;2000-05-11;Radiographer, therapeutic;864270;1
71847925984;Benjamin Pacheco;Male;2011-10-13;Chartered legal executive (England and Wales);672069;2
43196365360;Angelica Diaz;Female;2005-07-06;Engineer, production;386952;0
10287242679;John Gomez;Male;2011-03-20;Scientist, physiological;333368;1
39284320052;Robert Perkins;Male;2019-02-07;Recycling officer;466460;1
18408757169;James Rodriguez;Female;2003-05-07;Designer, textile;989486;4
36468985443;Patricia Porter;Female;2021-09-25;Environmental education officer;904400;2
56657658309;Wanda Guerrero;Male;2000-04-13;Engineer, manufacturing systems;602614;1
44712864859;Megan Dominguez;Male;2018-02-16;Programmer, applications;358840;5
48080680657;Jeffrey Malone;Male;2000-12-27;Psychologist, forensic;671848;3
12347523535;Heather Lambert;Female;2018-04-13;Illustrator;993511;2
05620480052;Sandra Potts;Female;2008-07-17;Producer, television/film/video;319871;5
60779116138;Cheryl Bell;Female;2022-02-09;Firefighter;151632;2
34200999084;Christopher Hernandez;Female;2003-01-03;Music therapist;106121;5
21428175706;Jennifer Bryant;Male;2016-05-23;Scientist, audiological;452107;4
88201000785;Maria Mercer;Male;2012-03-21;Holiday representative;798269;1
14769922764;Patrick Jones;Male;2006-08-27;Administrator, sports;778424;2
41220979027;Patrick Johnson;Male;2002-09-14;Retail banker;678772;3
23494368418;Aaron Serrano;Male;2013-02-02;Amenity horticulturist;447768;4
23106793157;Brian Miller;Female;2008-04-17;Printmaker;821141;0
01880879466;Patricia Robertson;Female;2018-07-22;Museum education officer;346151;2
67523058624;Colin Taylor;Female;2020-07-17;Trade union research officer;726443;2
38358131791;Stephanie Fischer;Male;2020-03-06;Insurance claims handler;95379;4
83658248886;Gabriella Dougherty;Female;2022-03-15;Theme park manager;514694;3
45076025308;Cheryl Shields;Male;2005-03-19;Designer, ceramics/pottery;339790;5
46822673671;Sarah Thomas;Female;2021-07-06;Adult nurse;959429;4
53109790073;Gregory Taylor;Male;2003-05-06;Conservator, furniture;65476;5
18611490395;Corey Wright;Female;2012-08-23;Nurse, children's;619222;0
76309867614;Jonathan Hudson;Female;2012-12-03;Early years teacher;813983;2
47915172176;Maria Webster;Male;2019-01-04;Ranger/warden;458770;5
75561935004;Steven Munoz;Male;2006-08-12;Commissioning editor;36531;5
45003104829;Jamie Wood;Female;2001-10-21;Clinical biochemist;610591;3
59612594708;Chelsey Thompson;Male;2014-05-20;Pharmacist, hospital;365255;5
70961688260;Nicholas Garcia;Male;2016-12-27;Data processing manager;852194;0
44985446094;Jose Zhang;Male;2008-10-05;Clinical research associate;14251;0
80545423529;Kristine Ellis;Female;2005-05-16;Scientist, audiological;858136;3
70807543474;Christy Brooks;Male;2009-03-18;Information officer;564482;1
68683239275;Justin Cruz Jr.;Male;2019-09-09;Occupational psychologist;760866;2
17126310718;Ralph Williams;Male;2000-05-16;Pharmacologist;457579;4
00826533455;Lisa Rodriguez;Male;2015-09-25;Brewing technologist;934429;2
61837602704;Amy Dominguez;Female;2015-03-10;Therapist, art;173250;4
07755508792;Erin Harris;Female;2003-02-24;Veterinary surgeon;940124;4
75562975242;Mark Turner;Male;2011-07-07;Radiation protection practitioner;458107;5
28455452286;Omar Thomas;Female;2009-01-20;Sales professional, IT;581575;5
24397895064;Brett Hamilton;Female;2023-05-24;Surveyor, minerals;590487;5
51907811748;Thomas Murray;Male;2013-03-08;Teacher, music;520110;0
56616364914;Cory Barrett;Male;2003-08-10;Horticultural consultant;367659;2
49659677665;Kathleen Perkins;Male;2000-07-14;Hydrologist;251206;0
65152931156;Lori Orozco;Female;2014-01-18;Ecologist;13990;4
44738018659;George Allen;Female;2000-08-20;Sports development officer;666447;3
80045246497;David Duke;Male;2023-02-11;Midwife;258154;5
01515369548;Cindy Kline MD;Female;2010-03-15;Banker;457731;4
74048151906;Kenneth Gomez MD;Male;2015-04-12;Mining engineer;473816;4
28872351602;Micheal Gomez;Male;2007-12-14;Surveyor, rural practice;869005;0
56392578693;Tyler Little;Female;2002-02-23;Administrator, local government;623460;0
67258762023;Edward Griffin;Male;2020-12-17;Diplomatic Services operational officer;468579;0
20577936284;Theresa Pierce MD;Male;2009-04-28;Conservation officer, nature;378506;3
51877723544;Laura Moore;Male;2020-09-15;Freight forwarder;327723;3
80679775381;Ann Moreno;Female;2018-04-28;Therapist, sports;427272;2
86311292205;Catherine Davis;Male;2003-06-02;Health and safety inspector;13873;0
30215295241;Logan Bradshaw;Male;2020-12-09;Chartered legal executive (England and Wales);1055;5
19008005403;Randall Martin DDS;Female;2007-02-20;Economist;650705;1
67329337354;Tracy Mcdonald;Female;2023-10-02;Comptroller;374493;2
13271327811;Erik Lopez;Female;2002-01-25;Gaffer;630437;2
00306961717;David Reilly;Female;2016-05-08;Designer, television/film set;230237;1
96613452775;Brittany Fitzpatrick;Female;2019-11-08;Magazine journalist;491;3
86730490306;Samantha West;Male;2003-01-05;Engineer, control and instrumentation;891673;4
96775080546;Samantha Woods;Female;2010-12-25;Careers adviser;835791;2
85218176418;Courtney Douglas;Female;2022-07-10;Engineer, manufacturing;542926;0
38020798518;Isabella Scott;Female;2011-08-08;Forensic scientist;505297;1
51359857420;Robert Garcia;Female;2015-03-13;Chiropodist;439633;4
97322525436;Jennifer Munoz;Female;2016-10-20;Investment banker, corporate;107780;5
46111675368;Ryan Santiago;Female;2016-11-12;Medical physicist;744968;4
82323521747;Sara Martinez;Female;2014-12-13;Ceramics designer;305633;2
78997290376;Lindsey Mills;Female;2000-02-21;Retail buyer;375050;3
34258365388;Juan Mason;Male;2016-11-08;Quantity surveyor;701682;2
10975137836;Robert Strong;Female;2008-06-09;Operations geologist;671161;4
98716571596;Kathleen Wells;Female;2017-01-21;Environmental education officer;389631;0
85270897505;Kevin Richardson;Female;2009-12-26;Secondary school teacher;562625;2
39237463284;Sherry Rodriguez;Male;2011-07-10;Private music teacher;109136;4
83198408704;Sandra Lewis;Female;2000-12-27;Engineer, manufacturing;82162;1
90838026184;Scott Taylor;Male;2016-12-16;Volunteer coordinator;414030;5
74408330561;Cynthia Deleon;Male;2022-04-27;Armed forces operational officer;739054;0
29428825441;John Newton;Female;2021-09-17;Scientist, clinical (histocompatibility and immunogenetics);198171;1
18755492602;Christina Grant;Male;2020-03-27;Retail merchandiser;31082;0
53945089162;Ryan Jones;Male;2001-05-17;Programmer, applications;89216;5
05436093707;Rhonda Brown;Female;2013-09-20;IT consultant;604004;4
10732199441;Jennifer Wilson MD;Female;2008-04-01;Chartered legal executive (England and Wales);423334;0
18257495652;Jesus Floyd;Female;2008-05-07;Scientist, research (life sciences);981220;2
42195310287;Kristopher Lin;Male;2001-06-22;Broadcast engineer;28628;4
09830964559;Kathleen Santiago;Female;2021-11-20;Administrator, arts;877227;5
28854042697;Nicole Barry;Female;2012-06-28;Careers information officer;64097;1
62716360414;Emily Ellis;Male;2009-09-27;Social researcher;485518;0
07747689769;Bryan Anderson;Male;2007-02-15;Petroleum engineer;557496;4
13364208389;Alicia Anderson;Male;2015-11-14;Television floor manager;564307;4
04694610245;Daniel Myers;Male;2014-05-08;Therapist, speech and language;995294;3
56818665475;Hailey Contreras;Male;2014-08-06;Surveyor, insurance;943021;1
48237574624;Kenneth Robinson;Female;2020-05-10;Higher education careers adviser;634315;2
57728090063;Johnny Wright;Male;2011-12-28;Homeopath;111944;1
69376767711;Heather Smith;Male;2008-07-27;Visual merchandiser;144852;1
95532746086;Ronald Miller;Female;2005-12-21;Psychiatric nurse;693181;5
69142639869;Amber Graham;Male;2014-06-25;Human resources officer;129710;4
64852014115;Christie Kelly;Female;2007-12-04;Personnel officer;238075;4
03289642375;Mr. Brian Hernandez;Male;2019-07-04;Teaching laboratory technician;982668;2
04122148935;Richard Alvarez;Female;2001-12-08;Advice worker;905901;2
96443515531;Shannon Rodriguez;Male;2005-04-08;Visual merchandiser;720233;5
66334721034;Amanda Walton;Female;2012-09-16;Charity officer;884550;4
21195898065;Justin Buck;Female;2002-01-07;Ergonomist;593334;0
76935517164;Mr. Dustin Cross;Male;2010-10-27;Programmer, applications;523847;1
28415489836;Mary Pierce;Male;2017-11-20;Teacher, primary school;31492;3
52593357978;Erin Downs;Female;2018-07-03;Civil Service administrator;202082;3
53996265058;Christian Miles;Male;2004-03-24;Engineer, aeronautical;659896;5
82704050518;Grace Martin;Male;2011-03-18;Merchandiser, retail;150338;5
30822623669;Cody Horn;Male;2000-10-10;Horticulturist, commercial;399414;4
90691176365;Valerie Andrade;Male;2010-03-18;Designer, multimedia;843860;3
10616254108;Bryan Gomez;Female;2013-09-22;Web designer;642787;4
15315473671;Michael Moss;Female;2005-07-04;Retail manager;151149;4
05980082201;Patrick Barber;Male;2019-12-28;Gaffer;49087;1
67186678375;Dale Carson;Female;2015-01-16;Engineer, electronics;791921;4
69628397305;Thomas Campbell;Female;2009-12-16;Comptroller;86541;2
46757816096;Mark Castro;Female;2005-05-20;Food technologist;291358;2
74386432655;Amanda Smith;Female;2011-11-11;Administrator, arts;377328;0
41517593087;Derek Pierce;Male;2006-03-14;Chief Strategy Officer;494937;4
11394312323;Paul Taylor;Male;2006-03-16;Environmental consultant;42097;5
59317003375;Joan Chaney;Male;2005-08-08;Dance movement psychotherapist;332303;5
85600325569;Michael Reynolds;Female;2010-12-28;Engineer, biomedical;758764;4
43023348943;Maria Morgan;Female;2020-01-25;Chartered certified accountant;976443;0
59648746716;Brandi Maldonado;Male;2022-05-04;Clinical research associate;328689;1
55392639191;Benjamin Smith;Male;2017-05-09;Travel agency manager;949977;3
23821645556;Timothy Smith;Male;2010-05-28;Investment analyst;277208;4
79673626401;Raymond Beck;Female;2020-03-27;Oceanographer;415498;3
96881215020;Brian Watts;Male;2005-01-05;Insurance broker;789482;5
86586931901;Michelle Carter;Female;2019-02-03;Health service manager;179025;2
85375646394;Sarah Hinton;Male;2012-07-25;Teacher, primary school;75285;4
10522655519;Kenneth Anderson;Female;2005-12-20;Designer, exhibition/display;684026;0
41292551771;Kristina Miller;Female;2010-10-06;Scientist, research (maths);59426;2
80053652430;William Cannon;Female;2015-02-22;Housing manager/officer;298946;2
50571177667;Jill Harrell;Male;2005-12-01;Geographical information systems officer;377551;5
09913036101;Ian Moore;Male;2020-07-15;Barrister's clerk;224902;5
92824395543;Charles Oliver;Female;2023-01-10;Paramedic;43476;2
15755451911;Vincent Anderson;Female;2004-03-25;Architectural technologist;705859;2
05872028327;John Hendricks;Female;2001-10-08;Information officer;749273;4
35164309668;Joseph Tanner;Male;2016-10-14;Adult nurse;244762;0
80461378727;Jesus Wolf;Female;2001-07-07;Research scientist (life sciences);599240;2
57050638628;Carla Meyer;Male;2022-10-27;Psychologist, educational;349909;1
64167150040;David Maldonado;Male;2009-01-18;Fast food restaurant manager;123305;2
40477567991;Zoe Dougherty;Male;2019-07-08;Scientist, clinical (histocompatibility and immunogenetics);297145;3
59897637696;Paul Anderson;Female;2003-07-26;Physiological scientist;456633;5
15078810646;Tara Mills;Male;2007-08-15;Financial planner;259269;3
65411510632;Heidi Watson;Female;2021-08-22;Chief Operating Officer;496967;1
06162401630;Donna Evans;Female;2020-08-05;Conference centre manager;500093;2
61709969751;Amanda Thompson;Male;2021-06-02;Teacher, music;770805;0
65655936327;Brittany Ashley;Female;2000-07-19;Clothing/textile technologist;353214;4
54666883983;Janice Bartlett;Male;2011-01-28;Risk analyst;28238;0
20612635644;Tiffany Butler;Male;2006-12-11;Programmer, systems;382909;5
80525742984;Brooke Hernandez;Female;2002-10-24;Arboriculturist;902671;2
29292793252;Jennifer Acosta;Female;2016-03-16;Higher education careers adviser;357053;5
82846199606;Julie Donovan;Male;2012-07-10;Psychologist, educational;312614;1
81007396947;Jerome Marquez;Female;2012-06-11;Information officer;782324;5
57875588344;Robert Cameron;Female;2019-11-12;Social worker;837160;0
26323952748;Anna Wright;Female;2012-09-11;Printmaker;739920;2
17422285281;Stephanie Allen;Female;2011-12-09;Media planner;943225;1
69600300898;Mr. Reginald Wong MD;Male;2015-07-26;Learning mentor;693583;3
44846794019;Shawn Wilson;Female;2020-08-13;Hydrologist;555116;0
77345213874;Toni Andersen;Female;2017-06-17;Firefighter;827804;3
19346257720;Joseph Nichols;Female;2004-01-03;Games developer;709329;3
87347989041;Kenneth Wood;Female;2020-01-03;Operations geologist;565798;4
79276750612;Jessica Gomez;Male;2009-03-06;Production assistant, television;444161;0
23938893551;Chase Fernandez;Female;2006-08-20;Claims inspector/assessor;522118;1
07505149214;Brenda Galvan;Male;2010-05-20;Transport planner;913949;0
32815918028;Lisa Dillon;Female;2018-10-17;Armed forces technical officer;704100;3
93263791024;Dr. Robert Norman;Male;2011-08-09;Art therapist;993241;2
31880067560;Robert Stokes;Male;2023-10-27;Tourism officer;842242;3
71129514454;Jaime Vasquez;Female;2002-08-14;Brewing technologist;59026;1
39870807127;Victor Robinson;Female;2018-10-18;Arts development officer;440904;3
98052776946;Tiffany Zamora;Male;2009-12-04;Therapeutic radiographer;806658;3
02946041761;Keith Stone;Female;2008-06-01;Tourist information centre manager;990693;3
75768706336;Douglas Williams;Female;2008-07-05;Presenter, broadcasting;511484;5
37175132933;Christina Wheeler;Male;2005-08-19;Merchandiser, retail;831148;4
50443253088;Madison Wiggins;Female;2021-12-14;Environmental consultant;250352;4
37398691114;Russell Cook;Female;2021-06-18;TEFL teacher;910058;5
97093123220;Donna Gentry;Male;2002-07-25;Therapist, music;838061;2
84495262017;Anthony Ruiz;Male;2002-11-17;Contracting civil engineer;884080;5
24312143769;Teresa Nichols;Female;2013-06-26;Garment/textile technologist;84912;5
71957226597;Richard Williams;Male;2001-09-27;Trade union research officer;731087;1
33109092517;Kimberly Perkins;Male;2002-12-20;Arts development officer;891663;4
42371282400;Nicholas Fischer;Male;2005-07-02;Environmental education officer;355352;0
59240827854;Laurie Moses;Male;2009-06-22;Building surveyor;161564;0
31286929915;Matthew Schroeder;Female;2023-03-06;Dance movement psychotherapist;726812;1
30731810024;Kristine Wilkinson;Male;2019-09-12;Hydrogeologist;799930;3
36926806846;Heather Gregory;Male;2005-07-23;Architect;115972;5
51663119361;Shelly Flores;Male;2007-11-27;Barrister;294067;2
16116135116;Alex Martinez;Male;2012-09-14;Maintenance engineer;610035;2
15933098456;Nancy Allen;Female;2003-07-09;Careers information officer;714081;5
84353281959;Douglas Vega;Male;2008-10-21;Pharmacist, community;7030;5
37954038022;James Hudson;Male;2012-01-14;Fisheries officer;497570;2
31173874022;Angela Pugh;Male;2004-03-16;Therapist, horticultural;750943;5
24489839686;Samantha Jackson;Male;2023-12-05;Regulatory affairs officer;161001;1
45094604920;April Phillips;Male;2017-01-17;Landscape architect;57905;3
30835929881;Jennifer Ponce;Male;2000-01-23;Air broker;166113;2
44706878740;Tammy Franklin;Male;2013-02-23;Barrister's clerk;192373;0
03162904323;Melinda Jones;Female;2010-11-13;Pensions consultant;219288;1
26947651684;Kristi Rivera;Female;2010-02-27;Trade mark attorney;846642;1
12468171275;Jennifer Alvarez;Male;2002-06-06;Chiropodist;851399;3
65603011394;David George;Male;2019-10-12;Engineer, petroleum;277271;1
91213587753;Victoria Cox;Male;2017-07-22;Therapist, art;379989;1
35691144325;David Jones;Male;2010-07-05;Farm manager;936529;2
24176151260;Michael Schroeder;Male;2020-04-03;Human resources officer;609450;5
18147426862;Christopher Smith;Female;2003-06-03;Cabin crew;577478;2
50335808573;Travis Romero;Male;2014-10-14;Orthoptist;82958;1
89968048882;Jeffrey Day;Male;2002-07-09;Building surveyor;67397;3
59480983230;Rachel Barker;Male;2018-10-02;Chartered public finance accountant;934853;1
88523261175;Sandra Kline;Male;2008-10-09;Scientist, research (life sciences);103548;0
57028014921;Tanya Moore;Female;2000-01-05;Multimedia programmer;639511;0
52885721440;Gabriel Newton;Female;2018-12-17;Ophthalmologist;15130;5
47407266446;Johnny Esparza;Female;2011-06-22;Plant breeder/geneticist;940534;2
19698358474;Matthew Woods;Male;2004-05-15;Newspaper journalist;589885;1
15921736577;Timothy Pitts;Female;2020-06-05;Teacher, early years/pre;399175;4
59375801351;Kent Pena;Male;2005-04-24;Environmental education officer;900065;0
14318074185;Christopher Jones;Male;2018-08-08;Operational investment banker;564959;0
33886009905;Cynthia Kelly;Female;2003-05-04;International aid/development worker;438134;4
95429802617;Mark Meyer;Male;2022-09-12;Industrial/product designer;613162;3
85580529616;Robert Curtis;Male;2008-08-19;Systems developer;846076;1
56337356996;Lindsay Warren;Female;2022-12-22;Print production planner;8583;4
90484086881;Kevin Hayes;Female;2013-04-01;Sports administrator;7149;0
65639833700;George Webster;Male;2017-01-24;Designer, jewellery;173853;4
91581240383;Noah Nunez;Male;2012-04-19;Dramatherapist;644149;2
27082372369;Sandy Gomez;Male;2010-09-24;Telecommunications researcher;666083;2
19225151416;Brad Stephens;Male;2019-08-12;Nurse, mental health;248744;4
30310324485;Jenna Rice;Male;2011-12-06;Data processing manager;664308;4
03202596568;Jeffrey Love;Male;2000-01-13;Sports administrator;888292;5
26512264666;Laurie Brown;Female;2015-11-09;Embryologist, clinical;510809;2
06375471688;Glen Carter;Male;2004-09-26;Pharmacist, community;189430;2
18516694663;Kristi Lopez;Male;2022-03-05;Designer, industrial/product;385225;0
30410943979;Stephen Henderson;Female;2001-03-05;Immigration officer;771681;4
88508177454;Ruth Wall MD;Male;2006-03-22;Engineer, water;893230;2
78717072951;Donna Best;Female;2013-07-19;Air broker;381781;2
12160255948;Troy Love;Male;2015-07-02;Exhibition designer;849242;1
99680175736;Sara Harvey;Female;2019-06-04;Designer, television/film set;608846;2
20979050128;Jennifer Morgan;Male;2011-09-20;General practice doctor;716961;3
31452609837;Stephen Rodriguez;Female;2022-03-12;Art therapist;959414;1
20518751706;Sarah Wells MD;Female;2007-03-18;Mining engineer;539473;4
37225716270;John Lopez;Female;2007-11-03;Accountant, chartered;583039;3
10036622632;Jeremy Baker;Female;2011-05-09;Ambulance person;468631;2
62584995013;Blake Mcneil;Female;2017-08-09;Private music teacher;569956;2
26076215206;Angela Obrien;Female;2003-07-06;Retail merchandiser;956648;1
09740249043;Daniel Peterson;Female;2023-09-24;Engineer, agricultural;499854;2
31147494887;Sandra Mcmahon;Male;2015-05-15;Local government officer;952318;1
00624985704;Zachary Walker;Male;2001-11-02;Surveyor, minerals;255777;4
98507199904;Alexander Gonzalez;Male;2022-11-17;Fisheries officer;536028;0
46586909646;Dr. Julie Conner;Female;2010-01-07;Horticultural therapist;230101;4
84410634756;Martha Hughes;Female;2005-09-12;Soil scientist;102788;3
13617736343;Pamela Ramirez;Female;2017-12-09;Designer, ceramics/pottery;196989;0
94210683191;Danielle Lee;Female;2003-03-22;Surveyor, rural practice;918558;3
23759500251;Rebecca Velazquez;Female;2007-11-03;Farm manager;17036;3
43519233869;Kevin White;Male;2006-06-16;Runner, broadcasting/film/video;61426;3
75605674715;Johnny Jackson;Female;2016-08-10;Engineer, site;159198;1
99501144854;Sarah Hubbard;Female;2000-08-11;Chief of Staff;519967;5
87130721699;Howard Baxter;Male;2001-11-02;Energy engineer;369700;3
90529259483;Christine Jensen;Female;2012-07-10;Chief Executive Officer;188269;3
81633405259;John Nelson;Female;2006-06-08;Television production assistant;536354;5
32832203974;Mitchell Pierce;Male;2009-05-18;Astronomer;814207;0
98500487480;Jordan Brown;Female;2008-12-09;Professor Emeritus;222858;3
42546019752;Jason Walker;Female;2005-01-01;Farm manager;989127;0
98647113173;Henry Perry;Male;2021-04-19;Land;521793;3
95489086616;Jennifer Odonnell;Male;2023-07-12;Industrial buyer;794933;2
89614780386;Tracy Hansen;Female;2012-08-19;Colour technologist;464159;0
47554528225;Mary Willis;Female;2011-10-27;Biomedical engineer;924392;2
93197956834;Jeffrey Hughes;Male;2021-09-28;Animator;934005;4
61043470721;Michael Delgado;Male;2020-07-19;Designer, fashion/clothing;630778;1
28763869521;Christopher Lindsey;Male;2013-01-04;Engineer, manufacturing systems;763116;0
47341724706;Gregg Perez;Female;2000-07-20;Child psychotherapist;103793;2
45999683578;Mr. Carlos Hernandez;Male;2014-08-15;Secretary, company;404250;2
91415419027;Yvette Rodriguez;Female;2014-03-05;Social research officer, government;267824;0
30659118932;Michael Fox;Male;2010-04-04;Geoscientist;698567;5
63182082998;Joshua Hernandez;Female;2013-07-01;Microbiologist;614283;5
28448575094;Joel Brock;Female;2003-04-26;Education officer, museum;534656;2
35631404621;Diana Watkins;Male;2003-07-13;Camera operator;211224;2
80899290152;Dr. Alex Holder DVM;Female;2003-08-07;Advertising account executive;416395;2
23242704426;Alexandra Cross;Female;2008-03-22;Science writer;226204;2
64140637142;Victoria Robertson;Male;2015-09-18;Clinical scientist, histocompatibility and immunogenetics;76557;2
82011595295;Daniel Scott;Male;2019-04-15;Scientist, water quality;294390;5
82150340436;Brooke Harper;Female;2013-02-09;Trade mark attorney;753325;4
03492168660;Arthur Malone;Male;2015-09-08;Emergency planning/management officer;116368;5
16698977311;Mr. Alan Bell;Male;2023-06-23;Insurance broker;232155;5
10635627843;Bailey Diaz;Male;2021-02-14;Bookseller;67006;2
09226659352;Sarah Chaney;Female;2015-11-21;Audiological scientist;455411;3
05873530642;Jeffrey Lawson;Female;2023-01-08;Producer, television/film/video;760265;3
55551079972;Janice Diaz;Female;2016-02-08;Politician's assistant;699642;3
29933268476;Susan Jones;Female;2023-10-13;Engineer, maintenance (IT);203906;4
89100225236;Scott Martin;Male;2009-01-15;Journalist, magazine;552095;2
36302715515;Gail Jones;Female;2014-03-18;Engineer, structural;134142;4
02476766461;Adam Ortega;Male;2000-09-08;Corporate treasurer;101884;3
57319566097;Jeffrey Ford;Female;2014-02-28;Surveyor, hydrographic;833400;1
40293709715;Jessica Smith;Male;2011-11-19;Camera operator;750927;5
10218231385;Christopher Ward;Female;2017-08-22;Warehouse manager;857960;4
68529085560;Shane Jackson;Female;2020-02-21;Therapist, art;164804;4
25143466452;James James;Male;2008-04-28;Therapist, drama;361867;4
81001536193;Angela Forbes;Male;2012-09-11;Nurse, mental health;395677;0
68697265426;Michele West;Female;2014-11-03;Recruitment consultant;966874;0
66914077198;Robert Walker;Male;2002-02-28;Investment analyst;92076;4
05264431594;Ronald Peterson;Male;2017-01-14;Music therapist;198669;5
05372674775;Lisa Taylor;Female;2012-05-07;Heritage manager;1468;5
58053506580;Mrs. Mary Harrison;Female;2006-09-10;Company secretary;782991;1
17544047084;Cynthia Steele;Female;2007-07-21;Economist;101411;3
79328445678;Jeffery Martinez;Female;2012-06-27;Management consultant;210962;4
87183510783;Stanley Boyd;Male;2007-12-10;Hotel manager;319872;1
98409334624;Heather Berry;Male;2013-01-14;Chemist, analytical;278598;5
24701679089;Jamie Clark;Female;2004-03-19;Press sub;877565;5
99723102125;Elizabeth Hartman;Male;2019-08-09;Tourism officer;578595;3
29545638894;Joshua Kelly;Female;2008-08-14;Personnel officer;690753;0
10270787913;Anne Lewis;Male;2019-11-22;Retail merchandiser;472083;1
05469774755;Amanda Williams;Male;2016-06-15;Geophysical data processor;151576;2
15128288412;Roger Neal;Male;2009-11-24;Phytotherapist;742169;5
01399917499;Kevin Lee;Male;2007-06-22;Production assistant, television;964161;5
82327626046;Monica Fletcher;Male;2002-12-20;Designer, ceramics/pottery;651348;3
95447420477;Terry Davis;Male;2006-07-22;Public affairs consultant;439393;2
57472969284;Lorraine Lopez;Female;2012-08-13;Trade mark attorney;565006;2
40798878647;John Smith;Male;2014-03-08;Chiropractor;307515;0
48668954102;Joseph Ruiz;Female;2020-11-02;Immunologist;736183;3
65826207658;Natalie Hawkins;Female;2017-04-16;Broadcast engineer;250003;5
95690555724;Lisa Cole;Female;2001-07-11;Building control surveyor;959685;0
44667303663;Erin Wong;Female;2005-04-23;Location manager;145845;5
84553377909;Paige Pineda;Male;2002-04-08;Cabin crew;545721;4
97188815233;Susan Richardson;Female;2003-11-17;Psychologist, counselling;547157;5
65904409861;Brenda Contreras;Male;2004-02-02;Editor, commissioning;445459;2
07124910239;Michael Barker;Female;2003-11-27;Minerals surveyor;348372;1
02963490760;Christine Jones;Female;2003-10-02;Paediatric nurse;65333;4
11135458652;Kimberly Carey;Female;2002-07-07;Nurse, mental health;635075;4
88428913258;Cameron Campbell;Female;2005-08-16;Horticultural therapist;566197;0
70887888644;Robert Mccoy;Male;2005-03-10;Database administrator;414760;3
17163017809;Todd Owens;Male;2001-01-27;Seismic interpreter;811158;1
90189080429;Sarah White;Female;2019-08-14;Psychologist, occupational;713774;5
91893233122;Bryan Howell;Female;2021-12-09;Surveyor, mining;377241;1
22101340127;Valerie Brennan;Female;2021-05-17;Programmer, systems;632315;4
50697618133;Dean Davis;Male;2001-06-07;Designer, furniture;416616;1
79927757301;Christopher Burke;Male;2016-09-18;Audiological scientist;346512;4
02816729149;Derek Dunlap;Male;2007-01-24;Diplomatic Services operational officer;472554;3
88669296799;Savannah Diaz;Male;2005-01-06;Investment banker, corporate;35241;4
12912451922;Robert Peters;Female;2014-05-02;Media planner;213942;5
06796170975;Faith White;Female;2007-11-23;Osteopath;101951;0
36182322088;Christopher Jenkins;Male;2014-12-18;Programmer, systems;128310;4
47347510100;Angela Patterson;Male;2015-06-17;Furniture conservator/restorer;987317;1
82002994589;Derek Wilson;Female;2014-06-04;Therapist, horticultural;607440;3
94565848539;Jennifer Green;Male;2014-05-08;Economist;761814;5
75067203234;Anne Gonzales;Male;2010-06-13;Tax adviser;474567;1
65712273094;Sylvia Davis;Male;2015-12-11;Engineer, agricultural;771040;4
64472655940;Scott Martin;Female;2003-04-17;Multimedia programmer;824570;0
04178920599;Megan Alvarado MD;Female;2007-07-17;Manufacturing engineer;133453;1
24326166042;James Clark;Male;2021-12-28;Equities trader;497390;3
48695128576;Jose Fitzgerald DDS;Female;2011-06-06;Estate manager/land agent;700299;1
02369096218;Anthony Webb;Male;2007-10-03;Runner, broadcasting/film/video;319158;2
87729849186;Nicole Davis;Male;2009-02-26;Engineer, manufacturing systems;286236;1
90295604314;Christian Reed;Female;2000-11-06;Podiatrist;220683;0
26396624596;Andrew Roberts;Female;2018-09-11;Sports therapist;988374;1
13376341017;Timothy Beard;Female;2011-09-26;Industrial buyer;21540;3
23635143041;Melinda Ellis;Female;2008-06-02;Training and development officer;433894;3
23458856154;Hector Rodriguez;Male;2008-08-21;Tax inspector;73600;4
82734915427;Samuel Gomez;Female;2004-08-28;Advertising art director;504549;3
07643572041;Raymond Avery;Male;2008-06-20;International aid/development worker;155892;4
18784510221;Andrew Willis;Female;2008-03-13;Structural engineer;83947;4
68708782708;Margaret Todd;Female;2008-12-10;Ambulance person;683760;1
43656094744;Monica Bell;Male;2006-09-01;Engineer, materials;163969;2
74937882233;Angela Reynolds;Male;2016-09-03;Trading standards officer;900060;1
46337126897;Sara Smith;Male;2005-03-12;Recycling officer;843168;2
47657660017;David Morales;Male;2001-08-25;Geologist, wellsite;881663;2
57920759198;Eddie Ayala;Female;2012-10-25;Astronomer;688504;2
07923830256;Christopher Gomez;Male;2000-06-08;Audiological scientist;174886;3
78956296996;Stephen Holmes;Male;2003-04-21;Management consultant;988496;4
55826678008;James Brown;Male;2013-06-23;Designer, jewellery;816816;0
65327195043;Anthony Campbell;Male;2002-01-09;Occupational therapist;700829;5
83529407031;Melanie Ross MD;Female;2008-01-21;Acupuncturist;682207;2
48590559994;Robert Gardner;Male;2007-11-27;Operational investment banker;441134;2
52467659522;Tamara Campbell;Female;2016-01-09;Designer, textile;23823;0
25479101540;Scott Henry;Female;2000-10-15;Recycling officer;402105;2
92063164268;Ashley Dawson;Female;2022-03-21;Education officer, community;133408;0
64726542491;Stephanie Stevens;Male;2009-04-15;Jewellery designer;962753;3
38243851183;Miss April Underwood;Female;2000-09-14;Therapist, music;633196;0
81266700498;Kimberly Miller;Male;2015-08-04;Control and instrumentation engineer;956374;2
19908463411;Amy Edwards;Female;2001-11-24;Print production planner;152065;3
40320814301;Chad Simpson;Male;2020-09-03;Careers information officer;415392;0
15193300915;Kim Neal;Female;2022-05-12;Transport planner;118176;0
79770764157;Laura Lucas;Female;2006-09-01;Textile designer;546814;0
83677847740;Matthew Cruz;Female;2016-12-09;Journalist, magazine;572779;1
08627567366;Kaitlyn Mullins;Male;2007-12-02;Aeronautical engineer;647362;4
02039879520;Charles Brown;Male;2018-03-07;Logistics and distribution manager;699926;3
95314959061;Mario Flores;Female;2008-11-03;Podiatrist;123050;2
02920192347;Harry Montes;Female;2012-09-15;Museum education officer;140263;5
56247702472;Becky Sampson;Male;2006-09-25;Social research officer, government;205705;5
06470496131;James Lee;Male;2021-11-18;Banker;34624;0
93074088574;Elizabeth Huff;Female;2010-02-04;Investment analyst;333173;3
86581299266;Nancy Richardson;Male;2019-04-18;Field trials officer;963339;0
94129197827;Ryan Walker;Male;2023-02-04;Television floor manager;796343;1
44178237056;Larry Walker;Male;2014-11-11;Marketing executive;287296;0
71870666437;Cynthia Bishop;Male;2005-10-09;Scientist, research (medical);521079;0
93099953931;Donna Baker;Male;2001-04-05;Professor Emeritus;522227;1
01492546142;Bobby Graham;Male;2012-07-12;Contracting civil engineer;659148;3
13561210945;Paul Stone;Female;2008-09-15;Medical technical officer;977003;4
03427992511;Ian Graham;Male;2010-01-18;Psychotherapist, child;117424;1
23081980651;Justin Wong;Female;2000-10-14;Architect;474534;0
19992276364;Philip Norman;Female;2014-07-27;Learning mentor;931391;3
50841172040;Danny Calderon;Female;2019-05-23;Medical secretary;225072;2
54623319262;Stephen Gibson;Female;2010-02-07;Web designer;12067;4
61594677207;Brian Martinez;Female;2005-05-24;Animal nutritionist;104002;0
89393629339;Jesus Mcdaniel DVM;Female;2008-05-12;Web designer;803482;2
01176380375;Elizabeth Christian;Male;2015-08-18;Water quality scientist;411230;3
80900935273;Amanda Buchanan;Female;2007-06-04;Health visitor;737500;4
70544080164;Catherine Carter;Male;2014-01-06;Administrator, sports;707631;3
61245045219;Amy Scott;Male;2003-06-23;Theatre manager;409537;1
39771769260;Raymond Ramsey;Male;2020-01-15;Catering manager;462965;5
66125022521;George Lee;Female;2002-07-11;Broadcast journalist;230274;0
47523593758;Noah Pham;Male;2008-01-13;Travel agency manager;756160;1
94590492800;Sean Andrews;Female;2012-04-16;Investment banker, corporate;637651;3
44386125558;Rodney Mccoy;Female;2014-07-24;Database administrator;406816;2
15769502952;Sheila Randall;Female;2018-03-24;Surveyor, land/geomatics;87727;0
06233499535;Brandon Ford;Male;2007-04-02;Dance movement psychotherapist;833687;2
01466570019;Debra Webb;Female;2022-06-17;Civil Service administrator;694139;3
40006959089;George Craig;Female;2006-07-25;Teacher, adult education;455804;3
70341254029;Caleb Norman;Male;2022-07-26;Investment banker, operational;882902;4
16291224249;Dana Holmes;Male;2014-02-13;Scientist, research (maths);26344;5
14880210285;Cameron Ferguson;Male;2007-05-18;Engineer, site;414304;1
91837955831;Stanley Goodwin;Male;2011-11-24;Psychologist, forensic;890456;4
79968019254;Samantha Maldonado;Female;2020-05-24;Scientist, water quality;861957;0
78196455802;Douglas Bradley;Male;2010-10-23;Cabin crew;372608;5
49638364192;Eric Hines;Female;2009-10-02;Community education officer;717010;4
97604825253;Timothy Ferrell;Male;2019-07-21;Outdoor activities/education manager;482329;5
23398647762;Jessica Fowler;Female;2016-06-16;Technical sales engineer;575034;3
26981068857;David Mercer;Female;2003-02-06;Engineer, electrical;85493;1
06665789217;Michael Wright;Male;2002-12-14;Art gallery manager;568713;3
12899984723;Tracey Adams;Male;2022-08-22;Research scientist (medical);197282;2
05735819608;Brian Reese;Male;2000-05-10;Newspaper journalist;173695;3
75927172208;Kimberly Stewart;Male;2016-02-17;Air traffic controller;408795;2
26647430532;Lisa Harris;Male;2017-10-28;Accounting technician;65728;0
57432246772;Shawn Guerrero;Male;2005-03-26;Journalist, newspaper;675078;3
46159208299;Timothy Waller MD;Male;2012-09-02;Scientist, product/process development;153476;0
78786680853;Mrs. Mary Callahan;Female;2012-07-18;Music therapist;831162;1
45499209600;Steven Hernandez;Male;2007-05-25;Financial adviser;289197;5
75151618195;Erik Sims;Male;2020-05-02;Hydrologist;478244;3
13498922652;Tracy Small;Male;2018-10-22;Purchasing manager;270069;4
58801504518;Sherry Blackwell;Female;2012-10-16;Programmer, systems;336482;4
71547000087;Sara Frey;Female;2023-01-23;Catering manager;85141;3
35327310766;Eddie Sanders;Female;2017-10-13;Operational researcher;631204;5
81656780871;Melanie Bryant;Female;2014-03-19;Armed forces logistics/support/administrative officer;66914;5
54589422630;Jermaine Obrien;Female;2012-02-20;Catering manager;731408;4
44071397109;Ashley Fowler;Male;2005-11-15;Publishing rights manager;575972;4
22389927111;Ashley George;Male;2014-07-18;Meteorologist;659751;2
29616553850;Marie Decker;Male;2018-01-08;Cytogeneticist;656229;2
58010649022;Jennifer Meyers;Female;2003-03-20;Surveyor, building;573286;1
61762090735;Amy Rangel;Female;2007-01-11;Adult guidance worker;412176;3
31969248319;Christine Sanchez;Female;2002-02-11;Health visitor;429134;1
72639697919;Shannon Cain;Female;2012-11-20;Tax inspector;605234;0
17497283223;Chad Roth;Female;2000-01-17;Leisure centre manager;360210;1
09323669473;Michelle Reed;Male;2017-09-05;Exhibitions officer, museum/gallery;755416;3
04463105996;Stephen Lee;Female;2002-07-10;Probation officer;33570;2
75600676135;Nicole Stephenson;Male;2000-02-02;IT consultant;855080;4
74372104917;Jessica Hammond;Male;2019-11-09;Agricultural engineer;92441;2
63678222108;Barry Jones;Female;2021-03-27;Broadcast presenter;170150;4
17509926543;Jillian Glover;Female;2019-07-01;Programmer, multimedia;325824;2
13959899324;Jason Henderson;Female;2006-06-18;Administrator;686201;1
41566729304;Gary Robinson;Male;2007-03-26;Aeronautical engineer;699131;2
55337923471;Dr. Nicholas Williams;Male;2011-04-06;Medical laboratory scientific officer;249132;3
17223623230;Patricia Jones;Female;2016-06-18;Fast food restaurant manager;335841;2
80916864010;Tara Neal;Male;2018-04-07;Scientific laboratory technician;441127;3
92618767655;Courtney Fuller;Male;2013-02-28;Hospital doctor;868803;4
07632127447;Sally Armstrong;Female;2010-02-08;Nutritional therapist;586622;0
71894631374;Douglas Fields;Female;2003-07-18;Civil Service fast streamer;31888;2
25750118579;Jordan Kramer;Male;2006-03-07;Maintenance engineer;346656;5
36533929934;Kevin Jones;Female;2004-11-01;Broadcast engineer;146318;0
68633203251;Kaylee Green MD;Male;2001-08-28;Clinical biochemist;387557;0
75459362658;Charlene Harris;Female;2020-11-24;Pension scheme manager;683474;2
87028247929;Kayla Brown;Male;2023-03-25;Ranger/warden;339228;5
43045670126;Diane Armstrong;Male;2013-05-09;Merchandiser, retail;773020;2
84198468409;Richard Stout MD;Female;2007-10-24;Petroleum engineer;578328;3
37435291666;Danny Suarez;Male;2009-05-14;Pharmacist, hospital;957679;4
41301739275;Matthew Brown;Female;2003-12-23;Teacher, secondary school;164363;5
06180769514;Victoria Quinn;Male;2019-09-20;Web designer;962224;1
00589534586;Patricia Berger;Female;2002-10-05;Banker;205279;3
62629473858;Valerie Calderon;Male;2022-06-26;Energy engineer;425854;2
52487860127;Michael Smith;Female;2009-09-17;Housing manager/officer;185426;3
78104431609;Laura Rios;Female;2006-11-08;Chemical engineer;912512;1
77216911271;John Bryant;Female;2004-01-05;Industrial buyer;833072;4
86089354970;Brian Conley;Male;2021-04-17;Information officer;936071;4
52316095115;Eileen Brown;Female;2019-05-19;Designer, interior/spatial;538080;5
69197325272;Alyssa Gentry;Male;2009-02-23;Therapist, occupational;3124;4
81148351119;Sara Long;Female;2006-01-10;Ship broker;268804;5
20099507129;Kevin Robinson;Male;2022-05-18;Fast food restaurant manager;132158;3
87891743536;Edward Vasquez;Female;2010-08-05;Adult guidance worker;171892;5
15576257539;Marie Wilkins;Female;2002-04-26;Physiological scientist;27845;5
34802247588;Tina Cummings;Male;2004-10-21;Public house manager;443241;2
02987804463;David Ramos;Male;2015-10-05;Physicist, medical;287845;5
35476024469;Maria Vasquez;Female;2022-02-25;Mechanical engineer;891147;5
07457267791;Heather Lynch;Male;2008-03-22;Product designer;425604;5
08487233912;Mark Thompson;Female;2007-03-15;Town planner;892415;5
96163604722;Melissa Walker;Male;2012-08-06;Training and development officer;696795;5
45911624005;William Riley;Female;2004-04-06;Exhibitions officer, museum/gallery;970739;2
02297954863;Ryan Whitehead;Male;2009-12-26;Race relations officer;742900;1
61540019404;Kathy Sanchez;Female;2011-05-18;Education officer, community;94630;1
14324211112;Justin Abbott;Female;2020-03-20;Proofreader;639266;2
23505843324;Timothy Gordon;Male;2009-02-23;Telecommunications researcher;574047;4
21517432264;Tina Valdez;Female;2017-06-27;Designer, textile;182462;4
20054743968;Scott Trujillo;Male;2004-07-06;Therapist, speech and language;124838;2
00642639872;Melissa Rodriguez;Male;2016-03-05;Commissioning editor;969968;0
15639157670;Ryan Lang;Male;2003-03-08;Environmental consultant;351968;2
64531009847;Amber Hall;Male;2015-03-04;Forest/woodland manager;787253;1
02103769907;Anthony Page;Female;2000-06-07;Games developer;526781;4
25878397799;Alejandro Garcia;Female;2022-12-17;Podiatrist;4771;3
18721782695;Alexis Schroeder;Male;2003-12-07;Dentist;27274;3
36168197582;Heidi Bennett;Female;2023-12-19;Merchant navy officer;653231;2
07397096820;Richard Knox;Male;2012-04-02;Best boy;701679;2
97334657021;Amber Bryant;Female;2012-03-12;Manufacturing systems engineer;965429;4
31113722718;David Owens;Female;2014-07-17;Barrister;630953;4
67422586113;James Gonzalez;Female;2015-02-21;Civil Service fast streamer;390680;3
17823501391;Timothy White;Female;2014-01-28;Veterinary surgeon;444026;3
18042716674;Crystal Martin;Female;2000-04-11;Intelligence analyst;219389;1
23772833539;Nathan Williams;Female;2002-08-22;Food technologist;490985;4
31578727304;Katie Moore;Female;2017-02-21;Human resources officer;29044;1
03251143970;Samuel Jackson;Male;2005-07-16;Environmental education officer;158118;4
11751994912;Destiny Willis;Male;2016-01-02;Tourist information centre manager;945502;0
86063089999;Billy Stewart;Female;2022-04-09;Comptroller;986865;2
83548863189;Jack Wright;Male;2013-08-17;Editor, commissioning;545774;2
76281057770;Mark Carpenter;Female;2005-05-16;Phytotherapist;518498;0
85318907036;Michael Hammond;Male;2008-04-16;Engineer, energy;207689;3
56584171861;Tammy Williams;Male;2018-04-03;Fisheries officer;75910;3
67540398402;Elizabeth Khan;Male;2023-02-21;Glass blower/designer;536219;0
18485428466;Nicole Braun;Female;2023-08-22;Lighting technician, broadcasting/film/video;857914;1
26868544759;Brian Frank;Male;2007-07-14;Pharmacist, hospital;71763;2
61017092205;Haley Thompson;Male;2018-09-22;Engineer, mining;354156;3
20993298160;Chris Davis;Female;2020-10-27;Industrial buyer;866124;3
66627078091;Carrie Underwood;Female;2014-04-18;Editor, magazine features;481826;5
64586784045;Christina Taylor;Male;2022-06-06;Scientist, water quality;472674;0
27368190295;Kimberly Sparks;Male;2015-11-05;Airline pilot;424284;3
21837843037;Terry Miller;Male;2009-03-11;Location manager;835598;3
44681688291;Angela Moore DVM;Female;2013-01-14;Chiropodist;647661;4
63876187575;Felicia Hunt;Male;2013-08-04;Radio producer;206798;2
39892396875;Carrie York;Female;2012-10-23;Lawyer;221754;2
18423341154;Diana Henderson;Male;2006-02-21;Nurse, learning disability;50338;4
84295106113;Kenneth Wright;Female;2009-05-15;Chief Financial Officer;815190;1
53931629536;Steven Spence;Female;2010-09-05;Advertising account planner;373881;0
63827609194;Laura Mcbride;Female;2021-05-27;Scientist, research (medical);975312;4
14784751359;Douglas Cruz;Female;2000-03-23;Archaeologist;749514;2
96906431207;David Woods;Female;2012-09-16;Multimedia specialist;822595;5
29508604957;Kristen Valentine;Male;2016-06-10;Landscape architect;188511;0
62515781496;Eric Martin;Male;2017-08-19;Nurse, mental health;231830;2
02579310045;Curtis Boyle;Female;2009-10-27;Regulatory affairs officer;60401;4
10015146821;Tiffany Parsons;Male;2018-06-04;Risk manager;235586;0
42539387919;Vanessa Higgins;Male;2004-08-05;Secretary, company;635808;1
35319687724;Ruth Castillo;Female;2023-03-08;Designer, graphic;620646;5
50236832618;Jacqueline Potts;Female;2019-04-09;Volunteer coordinator;420088;2
47499272341;Amy Best;Male;2003-03-10;Equality and diversity officer;187289;4
62014203716;John Wilson;Male;2006-12-03;Advertising account planner;524986;0
12179466248;Jennifer Scott;Male;2019-05-03;Public house manager;445420;0
44342474020;Michael Martin;Male;2000-01-25;Engineer, materials;265656;3
23252011637;James Hill;Female;2000-06-14;Personal assistant;495056;5
25537835341;James Sanchez;Male;2022-10-09;Local government officer;38834;0
29678955522;Nicholas Colon;Male;2023-09-13;Psychotherapist, child;782182;3
13471892696;Oscar Greene;Male;2015-02-12;Administrator, education;170999;5
57086294134;Brandon Thompson;Female;2017-11-10;Health and safety adviser;277849;0
54057696962;David Mcbride;Male;2010-04-20;Engineer, maintenance;74530;3
80250375393;Diana Jackson;Male;2009-05-07;Doctor, general practice;189292;2
11191458289;Jessica Mcfarland;Male;2001-07-07;Accountant, chartered;838925;0
02690637689;Nicole Diaz;Female;2015-10-25;Scientist, clinical (histocompatibility and immunogenetics);520642;1
17419101115;Brian Flores;Male;2006-01-21;Chief Technology Officer;536744;1
31654670029;Bonnie Mclean;Female;2001-11-02;Retail manager;444320;2
75207244352;Pamela Davis;Female;2005-12-14;Hydrologist;31383;1
77254264294;Kelly Young;Male;2013-06-11;Field trials officer;714820;4
57946729557;Steven Klein;Female;2001-09-05;Media planner;595485;0
08273466635;Shannon Baxter;Male;2016-06-02;Camera operator;212757;3
97792943520;Kenneth Mccoy;Male;2009-03-16;Teacher, adult education;439339;1
00133277769;David Miranda DDS;Male;2004-09-05;Occupational hygienist;389422;5
80602052343;David Morrow;Female;2009-07-01;Chartered public finance accountant;702889;2
56415665977;Justin Pena;Male;2016-06-21;Designer, ceramics/pottery;342294;4
44271001632;Briana Knight;Female;2019-12-04;Administrator, local government;643416;1
69796077528;James Hester;Male;2014-04-16;Herbalist;506583;2
18078022879;Summer Mcmillan;Male;2022-12-14;Telecommunications researcher;871410;3
69555372869;Nicholas Taylor Jr.;Male;2006-03-27;Oncologist;206981;5
42435265587;Beverly Clark;Male;2021-01-26;Production manager;86501;5
23157011663;Michael Henry;Female;2023-06-01;Freight forwarder;520692;1
27163596652;Madison Rose;Female;2022-04-17;Health service manager;828755;5
60443928751;Teresa Collier;Female;2011-04-15;Industrial/product designer;45522;3
05516624308;Eric Vargas;Male;2004-12-03;Games developer;400108;1
63289288955;Timothy Lopez;Female;2008-01-19;Designer, ceramics/pottery;924155;5
41497683486;Ralph King;Male;2018-05-04;Nutritional therapist;959363;0
96460035214;Eric Mendoza;Female;2008-08-22;Clothing/textile technologist;764559;3
63754347782;Kelly Carter;Female;2013-11-01;Ranger/warden;323225;1
54587421683;Michael Martin;Male;2023-11-25;Engineer, water;485550;2
64893544959;Mary Good;Female;2022-05-07;Pension scheme manager;297821;4
77000759037;Christopher Acosta;Female;2016-03-15;Editor, commissioning;333878;2
68222736485;Meghan Pollard;Male;2004-11-09;Systems developer;616257;4
40303273401;Carol Smith;Male;2009-11-02;Metallurgist;385316;3
18703640321;Ricardo Stephens;Female;2011-09-04;Sports coach;653042;3
10617127338;Scott Hernandez;Male;2014-12-18;Translator;63196;3
53820238610;Anthony Adkins;Male;2009-09-24;Event organiser;762238;3
47038549474;Alexander Medina;Female;2009-10-27;Radiographer, therapeutic;807172;3
30409711871;John Hicks;Female;2020-06-08;Chemical engineer;740539;5
40675673696;Jessica Gilbert;Male;2007-07-16;Estate agent;25173;0
35454448959;Nicholas Sanchez;Male;2013-12-24;Visual merchandiser;70941;3
67571680821;Derek Wiggins;Female;2001-11-09;Writer;826129;0
31308986913;Scott Patterson;Female;2021-05-02;Special educational needs teacher;189129;4
98386570094;Susan Thomas;Female;2010-06-14;Optician, dispensing;344443;0
99185781945;Samuel Jackson;Male;2007-01-11;Camera operator;824569;5
13290824035;Danielle Hernandez;Male;2010-04-18;Pharmacist, hospital;436769;1
07364613951;Richard Carroll;Female;2001-03-16;Health and safety adviser;380660;0
38920132243;Margaret Mendez;Male;2010-09-04;Building control surveyor;584409;5
42798083782;Anne Williams;Male;2019-11-17;Sales promotion account executive;632876;0
40833877375;Mark Smith;Male;2016-03-06;Runner, broadcasting/film/video;370579;4
34231042851;Donna Gordon;Male;2013-08-12;Jewellery designer;832848;4
32949812054;Kelly Wilcox;Male;2019-08-18;Speech and language therapist;981408;5
09330803763;Cynthia White;Female;2015-02-13;Prison officer;886802;1
25433318867;Victoria Flores;Male;2017-09-19;Oncologist;995137;2
81841826313;Brianna Berry;Female;2012-07-16;Race relations officer;140413;1
27489384092;Jonathan Lutz;Female;2012-02-09;Arts development officer;678347;5
61509002172;John Jenkins;Male;2000-11-12;Engineer, biomedical;876194;5
42037834935;Matthew Wood;Male;2022-12-17;Therapist, art;363556;3
34385845651;Victoria Monroe;Male;2012-05-08;Therapist, horticultural;636836;4
12259452361;Steven Suarez;Male;2021-03-20;Commercial art gallery manager;601997;2
58849176902;Valerie Moses;Male;2021-03-01;Patent attorney;735190;5
71990192368;Craig Boyd;Female;2015-04-12;Journalist, newspaper;134869;2
65078960962;Janice Calderon MD;Male;2000-02-03;Telecommunications researcher;637186;4
86447112713;Wesley Hall;Male;2019-09-14;Accommodation manager;85045;0
19163370787;Levi Santana;Female;2013-11-23;Travel agency manager;853258;4
77364446191;James Harrington;Female;2023-11-22;Sport and exercise psychologist;219695;4
05884170320;Travis Hansen;Male;2013-05-13;Designer, textile;2518;0
79949499949;Lindsey Cain;Female;2010-05-19;Rural practice surveyor;455965;4
71001646755;Beverly Nash;Male;2013-10-12;Sound technician, broadcasting/film/video;683774;2
13518704925;Nancy Bell;Female;2021-10-02;Lawyer;627502;5
85212819619;Daniel Bush;Male;2004-06-23;Engineer, structural;107382;3
34179313870;Denise Berry;Female;2016-04-03;Environmental health practitioner;613492;0
71998887201;Sherry Moreno;Female;2007-05-12;Clinical molecular geneticist;592865;4
39822881209;Catherine Lopez;Female;2000-11-28;Research officer, government;955079;4
06513362854;Vincent Larson;Female;2012-05-18;Heritage manager;105296;0
76364048559;Tiffany Mendez;Female;2020-01-23;Visual merchandiser;502337;1
42246971436;Robert Johnson;Female;2014-06-21;Communications engineer;327151;2
32733236309;Richard Rodriguez;Female;2008-06-05;Scientist, research (physical sciences);689758;1
05177960471;Christina Long;Female;2018-02-25;Building services engineer;634499;3
01024068578;David Ray;Male;2013-10-07;Exercise physiologist;686245;3
17252149228;Alicia Hardy;Male;2023-04-25;Commercial horticulturist;113410;5
73599719655;Jeremiah Cooper DDS;Female;2017-05-04;Speech and language therapist;829453;5
38412333499;Edwin Stone;Male;2021-05-27;Maintenance engineer;161567;4
75346144602;Geoffrey Good;Female;2012-05-23;Passenger transport manager;486116;1
59803819259;Sydney Mcneil;Male;2015-12-23;Museum/gallery exhibitions officer;954027;5
75544703557;Billy Hess;Female;2003-09-26;Drilling engineer;699772;2
45679259739;Tara Jordan;Male;2007-10-18;Surgeon;558648;0
81596082892;Stephen Rojas;Male;2006-12-22;Biomedical scientist;633682;5
76440558101;Peter Heath;Male;2005-01-23;Systems developer;643893;2
06012296522;Samantha Lopez;Female;2000-03-21;Designer, interior/spatial;116798;2
72214216894;Meagan Obrien;Male;2020-10-26;Designer, ceramics/pottery;657228;4
41184865048;Nancy Jacobs;Male;2013-04-10;Historic buildings inspector/conservation officer;809221;0
14679433450;Austin Pitts;Male;2020-05-28;Community development worker;705655;3
17226708679;Ryan Sloan;Male;2003-04-12;Engineer, control and instrumentation;751442;4
75596410788;Monica Cruz;Male;2022-01-22;Trade union research officer;815479;1
01723775101;Amy Glass;Male;2003-05-02;Musician;873615;4
29372437593;Amanda Miller;Male;2018-05-22;Intelligence analyst;996219;5
65959952471;Elizabeth Hogan;Male;2001-07-18;Scientist, forensic;153302;0
17529093415;Jennifer Torres;Male;2011-09-06;Secretary/administrator;243551;0
34794353446;Grace Washington;Female;2013-02-22;Bookseller;566745;2
42169817534;Kimberly Joseph;Female;2021-06-05;Dance movement psychotherapist;472844;5
06184436488;Adam Bryant;Female;2013-10-04;Customer service manager;243094;4
83422329869;Nathaniel Miller;Male;2009-10-22;Theme park manager;294300;5
12001061216;Bryan Smith;Male;2017-08-15;Advertising copywriter;934675;0
04039685058;Beverly Day;Male;2012-04-19;Pharmacist, community;256401;4
49827324247;David Scott;Male;2010-08-18;Health and safety adviser;32379;5
15259379306;Francisco Dennis;Male;2021-09-28;Cytogeneticist;143239;5
94830537478;Olivia Williams;Female;2023-06-25;Medical laboratory scientific officer;596583;0
98046468074;Daniel Mcclain;Female;2009-02-08;Prison officer;796086;0
58712168258;Erin Burgess;Female;2013-05-03;Community education officer;33602;2
56239635088;Kim Foster;Female;2004-04-17;Restaurant manager, fast food;940936;4
94220167851;Jennifer Adams;Female;2006-09-11;Operational investment banker;606715;3
40389834196;Rodney Gonzalez;Female;2009-04-12;Production manager;93783;3
21599018992;Ian Duncan;Male;2010-07-15;Ergonomist;676995;1
74289416074;Maria Williams;Female;2014-10-17;Editor, magazine features;939260;2
58382085384;Joseph Brown;Male;2003-07-12;Research scientist (maths);614120;5
86607732610;Kevin Matthews;Female;2007-06-21;Legal executive;267297;1
66872324714;Jessica Martinez;Male;2000-12-11;Government social research officer;128427;1
58561363086;Dr. William Jensen;Female;2000-01-26;Consulting civil engineer;118170;5
90619725312;Michaela Owen;Female;2023-04-07;Community development worker;352397;5
43169264482;Anthony Small;Female;2023-09-01;Hydrogeologist;241617;1
36074053752;Christina Holmes;Female;2015-10-26;Equality and diversity officer;27818;0
01862604179;Christopher Gonzalez;Female;2020-12-28;Building services engineer;15623;1
25780206133;Todd Carlson;Female;2003-12-07;Gaffer;546768;4
16178092604;Jean Cooley;Male;2013-05-27;Editor, film/video;904489;2
37879255812;Sabrina Stevenson;Male;2021-05-26;Accounting technician;819106;0
84174143464;Eric Simmons;Female;2016-01-24;Scientist, research (physical sciences);178796;4
04818401948;Anthony Edwards;Female;2002-03-04;Engineer, communications;114967;0
70182831719;Robert Williams;Female;2021-05-24;Community arts worker;381536;3
20025330582;Ryan Thomas;Male;2005-04-20;Teacher, primary school;36981;2
60408375250;Rodney Jones;Male;2011-05-10;Biomedical scientist;475790;1
33219262899;Ashley Gross;Male;2004-05-06;Education officer, community;613325;4
45840332441;Kayla Olson;Male;2005-01-03;Engineer, site;513538;1
26197018649;Christopher Carpenter;Female;2018-07-10;English as a foreign language teacher;514672;4
45975058226;Stephen Byrd;Female;2002-01-22;Surveyor, quantity;370128;0
94567336127;Richard Tanner;Male;2007-12-06;Warehouse manager;843346;3
04744152600;Rachael Harmon;Male;2014-03-28;Quantity surveyor;403591;5
41751563820;Angela Harrison;Female;2016-02-24;Animal technologist;409583;4
08358118499;Lee Woodard;Female;2003-10-06;Operational researcher;406964;2
65707111140;Richard Miller;Male;2016-12-19;Best boy;117401;2
65572036058;Stephen Sanchez;Female;2020-07-09;Emergency planning/management officer;112839;3
07602425401;Sara Kelly;Female;2022-03-09;Mechanical engineer;871579;4
33535968735;Bryan George;Female;2009-04-13;Veterinary surgeon;488146;0
79965065574;Andrew Friedman;Male;2020-11-07;Automotive engineer;371433;4
09864396078;Chad Williams;Female;2018-09-04;Visual merchandiser;122354;2
88368271220;James Collins;Male;2015-02-10;Further education lecturer;766696;5
67508425980;Bill Rogers;Male;2016-07-06;Public affairs consultant;916468;0
13327499873;Michael Rodriguez;Male;2014-10-23;Occupational psychologist;629565;2
52293349545;Vanessa Johnson;Male;2005-09-01;Financial trader;778302;3
62925614665;Jacob Jones;Female;2010-11-23;Chartered certified accountant;78157;5
86641685688;Ruth Zavala;Female;2002-11-03;Cabin crew;712276;1
91180747648;Tyler Williams;Male;2023-06-07;Horticultural therapist;28542;1
62746907782;Heather Chapman;Female;2000-06-11;Designer, industrial/product;736407;1
00342757063;Morgan Watson;Female;2009-01-05;Radiographer, therapeutic;232197;5
89119864403;Alexis Hall;Male;2015-06-22;Doctor, hospital;794830;1
77173373948;Matthew Jenkins;Female;2017-12-20;Radiation protection practitioner;407631;4
97314657972;Shelia Kerr;Female;2007-07-04;Special educational needs teacher;589233;1
35559454764;Brittany Sanchez;Female;2017-02-10;Maintenance engineer;769422;3
37057716281;George Ramos;Male;2023-01-25;Commercial art gallery manager;393019;1
14020116624;Brad Oconnor;Female;2003-12-16;Tourist information centre manager;801826;4
06664293210;Tracy Patterson;Female;2023-05-02;Energy engineer;860851;4
33397781837;Jason Weiss;Male;2009-06-09;Nurse, adult;750470;5
78793913508;Nicole Ford;Female;2011-11-09;Engineer, communications;278650;4
72393800712;Brenda Cantu;Male;2013-03-18;Designer, blown glass/stained glass;186925;3
90418788591;Michael Lawrence;Female;2011-07-26;Trading standards officer;662252;5
90473971298;William Ward;Male;2012-05-16;Regulatory affairs officer;954132;5
40079165030;Karen Mcmahon;Female;2000-03-11;Merchandiser, retail;830265;2
36663268344;Donna Mosley;Male;2003-02-25;Radio producer;208027;0
94264259937;Erin Brown;Female;2006-02-01;Cabin crew;235432;5
45757375945;Lindsey Miller;Male;2006-06-06;Nurse, mental health;89939;3
12501373096;Jason Mckay;Male;2012-02-18;Clinical psychologist;554548;5
90046766712;Emily Davis;Female;2015-05-03;Brewing technologist;827734;4
77511492529;Donald Chambers;Male;2010-08-07;Regulatory affairs officer;123585;1
47501018328;Gregory Robertson;Male;2005-03-06;Rural practice surveyor;63621;4
21319994042;Jesse Gonzalez;Female;2017-05-24;Landscape architect;484576;0
94138321955;Christian Brown;Female;2003-06-22;Data processing manager;880237;4
66792433937;Kyle Gomez;Male;2015-06-14;Environmental education officer;881196;1
98081748304;Daniel Fitzpatrick;Female;2013-08-17;Operations geologist;985907;2
45583034943;Daniel Wheeler;Female;2019-04-27;Data processing manager;24528;4
01798043633;Mario Robles;Female;2017-12-17;Development worker, international aid;794200;2
42653116921;Terri Graham;Female;2000-09-02;Airline pilot;617107;0
31339297235;Damon Hart;Female;2021-04-08;Civil engineer, consulting;185629;4
64159857287;Nicole Warren;Female;2013-12-19;Dramatherapist;346758;4
69201368360;Aaron Suarez;Female;2002-02-02;Hydrologist;274117;1
84961674380;Shannon Villegas;Male;2016-12-15;Engineer, petroleum;18676;5
12530270019;James Williams Jr.;Female;2009-03-16;Psychotherapist;520136;1
15993439505;Jennifer Cole;Male;2017-05-27;Broadcast journalist;84876;0
20158400645;Ricardo West;Female;2006-01-17;Accountant, chartered management;786473;5
74608026492;Mackenzie Rosales;Male;2003-02-23;Engineer, biomedical;859390;3
23247232880;Joseph Miller;Female;2020-05-23;Pilot, airline;606732;3
42046855895;Linda Knox;Female;2014-01-09;Town planner;336229;3
93546277639;Jonathan Bernard;Male;2012-10-08;Education administrator;304346;3
17223699258;Diane Salinas;Male;2020-08-16;Quantity surveyor;267385;2
92422869678;Nicholas Robertson;Female;2012-06-19;Outdoor activities/education manager;660705;5
62028822961;Jacqueline Hardy;Female;2020-03-28;Radiographer, therapeutic;783269;3
55971586801;Edward Smith;Female;2006-08-08;Research officer, government;181269;5
22201219588;Kyle Lowe;Male;2015-02-07;Social research officer, government;780814;3
53255210845;Christine Martinez;Male;2004-07-07;Dentist;431408;1
97425752309;Elizabeth Holland;Female;2008-06-03;Textile designer;562378;0
18415258340;Courtney Smith;Male;2012-04-19;Engineering geologist;781249;2
28110482152;Cynthia Maddox;Male;2012-04-06;Presenter, broadcasting;843838;0
36584541906;Henry Garcia;Female;2005-11-18;Surveyor, mining;132573;5
32317584130;Jennifer Garcia;Male;2015-10-14;General practice doctor;303856;3
90077174418;Dr. Carrie Castillo;Female;2004-10-03;Forest/woodland manager;421653;2
44087110253;Jennifer Thomas;Male;2004-11-15;Social researcher;69807;5
96230019348;Patrick Russell;Female;2011-01-02;Administrator;910561;1
49430426277;Angel Johnson;Male;2002-01-20;Jewellery designer;383574;0
12222742848;Donna Wyatt;Female;2007-03-24;Doctor, general practice;300679;5
18434724717;Sonia Garrett;Female;2005-07-18;Administrator;792486;5
95128896735;Stephen Lane;Female;2003-03-08;Sales professional, IT;794567;0
95937282774;Daniel Branch;Male;2013-03-17;Sales promotion account executive;603714;4
63221088529;Timothy Walker;Male;2007-11-04;Occupational hygienist;453710;2
22412136224;Peter Berry;Female;2015-07-22;Air traffic controller;545958;1
57629864125;Joshua Valentine;Male;2004-03-20;Engineer, land;251515;4
77540432600;Bruce Solis;Female;2000-10-25;Psychologist, clinical;689187;2
69216519391;Rhonda Dudley;Female;2009-07-03;Retail buyer;850103;3
42131553369;Anthony Wood;Male;2007-06-02;Radiographer, diagnostic;818792;0
83395996173;George Shaw;Female;2020-07-26;Public house manager;405268;0
27678623782;Whitney Hernandez;Male;2000-07-11;Physicist, medical;914628;0
04894491828;Molly Washington;Female;2022-04-17;Environmental consultant;95920;3
87983649657;Yvonne Wu;Male;2003-10-16;Programmer, systems;270609;0
79912785066;Samuel Johnson;Female;2019-03-24;Trade union research officer;141448;4
23209846849;Caitlin Sparks;Female;2014-10-01;Buyer, retail;796131;5
52304911229;Todd Diaz;Female;2021-01-23;Professor Emeritus;856234;5
54415995238;Nicholas Williams;Male;2008-12-06;Broadcast journalist;28614;2
11200714587;Michelle Henson;Female;2018-04-18;Patent attorney;382306;0
22403121794;Jeffrey Cole;Male;2007-08-05;Arts administrator;212186;5
65511548127;Cody Walker;Male;2006-03-12;Engineer, energy;3278;5
91232343127;Christopher Johnson;Male;2003-06-17;Health service manager;499899;2
02378899739;Michael Baker;Female;2007-10-24;Best boy;537073;4
41733720453;Cynthia Gomez;Female;2007-05-13;Recruitment consultant;359392;3
04787434247;Wanda Allen;Female;2019-09-23;Physiological scientist;26387;4
32351715638;Sara Mosley;Male;2005-10-19;Pharmacist, community;763897;5
64013652352;Lisa May;Male;2021-11-07;Chartered legal executive (England and Wales);306149;5
76966730885;Kevin Nguyen;Male;2011-08-09;Nature conservation officer;206040;4
78716669876;Michael Ruiz;Male;2005-12-09;Psychiatric nurse;892532;3
74962025589;Terry Griffin;Female;2014-10-06;Psychotherapist, child;246458;4
87977806003;Gabriel Gates;Male;2019-03-06;Product/process development scientist;198179;3
95679942949;Benjamin Reid;Male;2014-05-20;Field trials officer;93877;0
43490733526;Christopher Gonzalez;Female;2009-11-08;Economist;314426;3
13083151920;Deborah Roberts;Male;2000-09-16;Water engineer;809220;0
52385348756;Jennifer Dunn;Female;2008-11-26;Museum/gallery exhibitions officer;283410;1
82685250760;Dillon May;Male;2018-05-13;Runner, broadcasting/film/video;463380;2
76650312220;Justin Thompson;Female;2001-06-24;Hydrographic surveyor;94385;2
79134018185;Justin Daniels;Male;2005-07-20;Designer, industrial/product;806283;5
31165529850;Kelly Shaw;Male;2012-11-14;Textile designer;185976;4
39821254416;Cynthia Pierce;Female;2017-12-16;Designer, textile;983334;4
33906184906;Rebecca Jones;Male;2020-01-02;Horticulturist, amenity;852736;5
85264143716;Cody Jimenez;Female;2012-07-09;Visual merchandiser;226091;4
99393204753;Lori Johnson;Female;2006-03-03;Scientific laboratory technician;969870;5
46177480306;Jose Harris;Female;2009-04-26;Mining engineer;368818;3
13723930133;Judith Donovan;Female;2006-10-06;Chartered certified accountant;271115;2
94267058278;Shelby Collins;Female;2006-11-09;Trade mark attorney;854124;5
81876111236;Deborah Lewis;Female;2023-09-22;Horticulturist, commercial;287372;5
45040343510;Jared Mooney;Male;2002-07-07;Clinical molecular geneticist;793977;4
99403959823;Carrie Douglas;Male;2010-03-19;Clothing/textile technologist;115862;3
71862347997;Kimberly Nelson;Male;2013-12-14;Editorial assistant;462076;0
16686384535;Brady Myers Jr.;Male;2021-11-03;Pharmacologist;576342;3
97089562940;Kristen Sanders;Female;2014-03-17;Teacher, secondary school;153007;5
39507494462;Anthony Andrews;Female;2001-05-07;Nurse, adult;62433;4
22911608705;Lisa Smith;Female;2013-02-15;Geographical information systems officer;288625;3
07588352148;Michael Dyer;Female;2008-01-07;Press sub;211573;3
30848171866;Philip Ford;Male;2018-01-22;Water engineer;25692;5
46685021259;Eric Davis;Female;2017-09-21;Retail manager;424784;4
33708938510;Ruben Harris;Female;2000-03-14;Conference centre manager;75145;3
77994423001;David Hernandez;Female;2002-08-08;Dramatherapist;601476;3
36867361130;Brian James;Female;2005-09-27;Geologist, wellsite;240905;3
53345147861;Brad Newman;Female;2020-12-23;Haematologist;675250;3
78207396067;Christina Arias;Male;2002-05-02;Homeopath;725464;4
36975875196;Samuel Stokes;Male;2001-09-04;Doctor, hospital;666895;1
44746858019;Rebecca Lopez;Female;2014-08-21;Environmental manager;965469;3
41490268596;Kim Washington;Male;2014-02-12;Forensic scientist;443808;3
26564723760;Tammy Hall;Female;2012-08-20;Nature conservation officer;46152;5
23674035097;Lisa Wagner;Male;2001-10-28;Lobbyist;74037;5
61841886241;Leon Blanchard;Female;2004-03-16;Control and instrumentation engineer;378197;4
67545660887;Sylvia Reed;Female;2012-08-28;Equities trader;533204;1
64752732278;Ivan Stewart;Female;2005-08-03;Radio broadcast assistant;286755;0
96726771040;Robin Bell;Male;2013-02-16;Financial adviser;936934;3
04797872757;Christopher Ruiz;Female;2006-03-26;Company secretary;274005;1
76342772745;Jose Ho;Male;2002-11-01;Lecturer, higher education;641977;2
19788483630;Mary Schaefer;Female;2008-08-28;Armed forces logistics/support/administrative officer;530434;1
45145994629;Miss Jennifer Aguilar DDS;Male;2014-06-06;Charity fundraiser;973771;4
28427287243;Anthony Gonzalez;Female;2015-04-15;Education administrator;487110;0
14765827889;Deborah Gordon;Male;2021-03-26;Nurse, adult;243393;3
72028047438;Ellen Clark;Female;2012-11-10;Learning mentor;253065;2
35555577228;Tara West;Male;2019-10-23;Product designer;62467;0
55942291020;Rachel Singleton;Male;2016-05-22;Counsellor;758288;4
40191441484;Stacey Byrd;Female;2022-05-01;Legal secretary;555883;2
91996532404;James Mcbride;Female;2015-05-28;Lecturer, further education;34291;4
99822431598;Michael Tate;Female;2015-07-15;Radiation protection practitioner;83310;5
76352194645;John Flores;Male;2022-03-24;Counsellor;745771;4
51315165585;Cynthia Gibson;Male;2010-04-07;Office manager;917411;1
19942847549;Nicholas Oliver;Female;2013-06-09;Prison officer;974487;1
77500630990;Christina Smith;Female;2010-01-22;Investment banker, operational;890933;1
92548137202;Kristen Smith;Male;2014-01-17;Presenter, broadcasting;220398;1
09658185452;Luis Aguirre;Female;2019-04-25;Therapist, occupational;860503;0
96908907140;Amy Ward;Male;2002-05-17;Automotive engineer;148239;2
57699381867;Edward Holt;Female;2017-09-06;Jewellery designer;966982;1
60610523756;Barbara Barajas;Male;2023-10-01;Hospital pharmacist;904012;5
12134852624;Jesse Cook;Male;2020-04-15;Holiday representative;194744;0
63764831656;Brenda Martinez;Male;2002-01-24;Arts administrator;239400;0
11531530542;Sherri Figueroa;Female;2005-02-08;Special educational needs teacher;70379;4
49300531882;Courtney Pennington;Female;2015-09-04;Engineer, automotive;964422;1
96335475322;Patrick Garner;Male;2017-09-28;Senior tax professional/tax inspector;278038;3
36119144600;Michael Martin;Male;2004-08-04;Nurse, children's;830399;2
73790256804;Crystal Molina;Male;2000-12-01;Herpetologist;437589;0
53001924227;Christopher Rivera;Female;2011-03-07;Designer, fashion/clothing;307521;4
47247134780;Amy Wheeler;Male;2007-07-13;Social research officer, government;347666;1
77542894339;Kevin Nolan;Male;2003-07-15;Media buyer;831144;4
68445790695;Samantha Torres;Male;2001-12-21;Runner, broadcasting/film/video;982021;4
50279861610;Danny Oneill;Female;2007-06-16;Optician, dispensing;810187;3
87989105334;Molly Goodwin;Female;2003-02-06;Advertising art director;185056;4
50352857828;Jacqueline Howard;Male;2001-08-10;Mudlogger;87676;5
88681777383;Albert Rich;Female;2015-12-16;Chief Operating Officer;21719;4
88756165222;Michael Brown;Female;2017-04-12;Therapeutic radiographer;487970;1
12639191210;Tammy Collins;Male;2002-10-20;Advertising art director;608172;2
03312409408;Craig Stevens;Male;2003-10-18;Product manager;850906;0
68512952438;Brandy Larson;Female;2019-09-26;Psychotherapist, dance movement;408034;3
46303467701;Sarah Martin;Female;2020-07-11;Senior tax professional/tax inspector;277832;4
78701136586;Jesse Cunningham;Male;2023-12-15;Sports therapist;198375;2
40399599484;Kenneth Hays;Male;2019-11-10;Town planner;721158;4
70188910581;Amy Whitney;Male;2017-02-21;Estate manager/land agent;701711;1
34729211560;Tracy Doyle;Female;2009-05-12;Multimedia specialist;482592;4
45657839530;Lori Dyer;Male;2011-08-25;Immigration officer;879252;4
19487313013;John Ortiz;Female;2018-03-01;Radiographer, diagnostic;216636;4
85584413988;Mercedes Richards;Male;2010-03-09;Licensed conveyancer;448565;5
84769882731;Justin Sims;Male;2010-03-15;Probation officer;618515;0
07079845814;Margaret Ortiz;Male;2001-03-02;Ophthalmologist;333384;3
87483038565;Karen Klein;Female;2021-06-23;Geophysicist/field seismologist;201487;2
42305355389;Samantha Garner;Female;2001-06-07;Lexicographer;25434;5
92079465174;Miss Theresa Walsh;Female;2008-03-10;Museum/gallery exhibitions officer;430803;5
15716425960;Paul Scott;Male;2003-11-13;Administrator, local government;614601;1
32579897741;Jerry Thomas;Male;2005-06-05;Banker;557220;5
17573073772;April Weber;Female;2022-05-09;Psychotherapist;894337;0
04328503956;Teresa Ramos;Female;2000-01-09;Investment banker, corporate;816097;1
26557084247;Candice Hurley;Male;2000-02-13;Database administrator;188843;4
18052039093;Ricky Villanueva;Female;2000-04-01;Wellsite geologist;746690;2
29359865047;Gabriel Durham;Female;2014-05-12;Research officer, political party;204228;5
50656147837;Michael Davis;Female;2005-05-26;Video editor;296412;4
88476213675;Jacob Richardson;Male;2020-04-08;Tax adviser;678278;0
09829930309;Julie Pruitt;Female;2022-10-18;Nurse, adult;597966;2
97383251797;Jordan Reeves;Male;2004-10-13;Scientist, product/process development;669600;3
23291156949;Scott Cuevas;Male;2000-06-09;Editorial assistant;1947;0
42411080003;Yolanda Wright;Male;2019-02-26;Biomedical engineer;432319;2
24609832872;Charles Hess;Female;2021-08-03;Sports therapist;95183;1
05223010535;Gregory Greer;Male;2015-12-05;Surveyor, building;684896;0
03012286604;Heidi Harrington;Female;2001-05-18;Jewellery designer;738684;3
29330206981;David Kent;Male;2021-07-27;Designer, jewellery;847420;2
03775400753;Angela Quinn;Female;2012-06-06;Horticulturist, commercial;395309;3
04391268750;William Jones;Female;2000-04-17;Retail manager;716657;1
26888356896;Travis Hines;Male;2021-10-13;Optician, dispensing;118591;4
39574411376;Dylan Tucker;Female;2019-05-28;Hydrologist;421934;0
64433212079;Jessica Martinez;Male;2022-03-06;Data processing manager;63697;1
37655788212;Emily Hughes;Male;2013-04-07;Nurse, mental health;853100;5
04726282977;Devin Smith;Female;2013-11-28;Therapist, horticultural;228291;3
34786374637;Elijah Stewart;Female;2016-07-07;Retail manager;137117;4
65145933777;Harold Torres;Male;2022-03-19;Leisure centre manager;424300;4
53720224916;Crystal Chandler;Female;2017-04-21;Psychiatrist;618035;1
98864591381;Matthew Garcia;Male;2004-09-18;Proofreader;427697;4
09935358381;Anthony Pena;Female;2008-09-21;Surveyor, land/geomatics;589411;3
31882938227;Vincent Wood;Male;2006-02-19;Veterinary surgeon;78936;4
52055330307;Jose Taylor;Male;2016-02-05;Building control surveyor;182464;0
54142834590;Dominic Jimenez;Female;2020-10-12;Video editor;996278;2
33215927988;Melissa Adams;Female;2019-06-03;Probation officer;278579;2
28360639883;Mr. Duane Wade;Male;2018-11-14;Engineer, civil (consulting);929767;5
19375191840;Katherine Lopez;Male;2017-05-16;Information systems manager;8697;4
49404477765;Rachael Ellis;Male;2016-01-18;Runner, broadcasting/film/video;289356;0
50662153158;Samantha Harrison;Male;2013-02-13;Engineer, chemical;447313;5
26003745742;Kelly Gonzalez;Male;2002-07-07;Insurance account manager;104067;1
42035707001;Steven Woods;Male;2014-05-27;Child psychotherapist;261211;5
24448543802;Brian Brown;Female;2001-05-17;Broadcast presenter;7944;0
25742477199;Rebecca Nguyen;Female;2021-02-22;Osteopath;68838;5
55944040992;Russell Wiley;Female;2020-05-06;Health promotion specialist;715346;4
22730298527;Elizabeth Vega;Female;2021-05-19;Contracting civil engineer;754875;4
01914459680;Teresa Clark;Female;2021-04-14;Magazine features editor;103580;5
23106403675;Norman Johnson;Female;2019-10-01;Pension scheme manager;739428;1
85317858063;Michael Gray Jr.;Female;2015-12-23;Energy engineer;89880;1
56775983286;Timothy Gibbs;Male;2021-06-15;Customer service manager;920350;2
12187242999;Shelby Miller;Female;2015-04-02;Cartographer;129878;1
92229694045;Monica Shepherd;Female;2004-08-20;Therapist, occupational;602399;5
69192478588;Jorge Johnson;Female;2020-05-16;Designer, ceramics/pottery;180919;5
77594423541;Amy Rodriguez;Female;2004-05-13;Designer, multimedia;691786;5
66961054817;Rachael Allen;Female;2003-08-26;Interpreter;455932;1
46341105759;Alexander Sullivan;Female;2008-09-27;Insurance underwriter;36569;3
05068046361;Heather Stephenson;Female;2001-05-25;Telecommunications researcher;366466;1
43077815898;Susan Reid;Male;2002-12-01;Software engineer;293235;2
71790161065;Alexandra Small;Female;2013-12-20;Chartered legal executive (England and Wales);346855;4
86768506086;Sarah Mcknight;Male;2021-11-10;Paediatric nurse;492297;2
51005739872;Todd West;Male;2004-10-05;Scientist, biomedical;968512;1
37734292344;Christopher Fowler;Male;2009-10-19;Engineer, broadcasting (operations);65322;0
95194130808;Brenda Schwartz;Female;2022-03-17;Physicist, medical;838022;0
59802557690;Jay Price;Female;2004-02-17;Quality manager;565280;4
38745099468;Karen Marsh;Male;2018-09-09;Engineer, production;585032;2
29651446640;Jeffery James;Male;2007-10-14;Bonds trader;751285;1
26008391837;Anthony Wagner;Male;2008-03-02;Lexicographer;597007;5
29704589111;Jon Rodgers;Male;2007-08-06;Clinical scientist, histocompatibility and immunogenetics;517742;0
64738743900;Valerie Obrien;Female;2013-01-09;Museum/gallery curator;306466;0
19457379954;Mary Green;Female;2011-06-04;Air cabin crew;145400;2
38794349148;Mark Austin;Male;2021-03-19;Radiation protection practitioner;387827;0
60595193703;Thomas Smith;Male;2011-08-27;Archivist;62369;2
46870254313;David Ellison;Male;2006-01-11;Communications engineer;508039;0
69770348427;Richard Salazar;Female;2006-02-21;Administrator, local government;483300;0
33141317272;Cassandra White;Male;2021-03-03;Accounting technician;674819;4
31097608849;Nathaniel Collins;Male;2019-04-16;Counsellor;949310;2
83357371504;Erin Smith;Male;2008-11-23;Science writer;618639;4
15586706877;Tanner Choi;Male;2016-06-04;Chief Technology Officer;321909;4
78413863625;Brian Glenn;Male;2023-04-22;Publishing rights manager;192706;1
62593558613;Ashley Long;Female;2004-08-07;Energy manager;769587;0
42201083213;Steven Fowler;Male;2014-11-16;Tax adviser;176308;5
06205586346;Pamela Lopez;Male;2009-09-02;Aid worker;178222;0
12604012492;Monica Singleton;Male;2006-08-26;Chiropractor;608770;4
34906992788;Diana Lopez;Male;2008-05-24;Metallurgist;821177;1
27280105268;Renee Mays;Female;2006-09-24;Colour technologist;911494;4
13084211603;Jim Petersen;Male;2001-03-08;Librarian, academic;67740;5
29313895298;Glen Arias;Female;2001-11-20;Theatre stage manager;291357;5
54988694654;Jennifer Smith;Male;2013-08-14;Museum/gallery exhibitions officer;185809;4
56636143026;Melissa Long;Female;2008-03-16;Systems analyst;226522;0
48358084856;Danielle Cuevas;Male;2006-12-15;Administrator, arts;499972;3
68312041753;Jacob Harris;Female;2003-01-01;Hotel manager;359305;2
72214048321;Edwin Butler;Female;2015-10-18;Arts administrator;210172;2
06035104734;Martha Martin;Female;2019-10-08;Film/video editor;262149;1
33584195739;Jamie Flores;Male;2007-06-22;Arboriculturist;19085;3
45795115262;Jeremy Ramos;Male;2015-07-09;Programmer, applications;956135;3
03613383432;Andrew Rodriguez;Male;2004-03-19;Higher education careers adviser;924928;5
27331082145;Julie Tanner;Female;2020-06-11;Quality manager;602091;1
06737642525;Samuel Martin;Female;2019-07-15;Medical sales representative;52146;2
66790360546;James Hoffman;Female;2021-07-13;Equality and diversity officer;760995;3
86927057987;Olivia Jackson;Male;2016-12-25;Designer, ceramics/pottery;220708;3
85580603380;Lawrence Snyder;Female;2015-10-18;Actor;303544;0
63331452967;Nicholas Cummings;Female;2005-04-13;Solicitor;30095;1
50083458997;Hannah Kelly;Male;2018-01-18;Radio producer;629805;0
61792803269;Wyatt Baker;Female;2011-12-10;Engineer, production;497347;1
34694785716;Tyler Simpson;Male;2010-12-03;Learning mentor;59965;2
71778031789;John Gray Jr.;Male;2005-08-06;Learning disability nurse;832692;1
10823007345;Jessica Velazquez DVM;Female;2007-04-18;Musician;868495;5
40736926770;Kevin Washington;Female;2001-09-25;Regulatory affairs officer;136326;0
57423051020;Cynthia Lee;Male;2001-12-13;Secondary school teacher;333530;1
49010161156;Steven Boyd;Male;2018-01-28;Therapist, art;142777;1
61098511886;Tonya Johnston;Male;2007-10-28;Engineer, agricultural;659016;0
65049767722;Joseph Gray Jr.;Female;2016-05-05;Careers adviser;493572;4
45176532085;Mr. Ernest Dickerson;Female;2005-06-04;Rural practice surveyor;589037;0
53365904632;Justin Gonzales;Male;2018-02-17;Print production planner;886819;1
93786903567;Jeremy Mitchell;Male;2012-10-05;Scientist, clinical (histocompatibility and immunogenetics);247437;4
74101536216;Melissa Waters;Male;2010-04-05;Merchandiser, retail;705388;3
47429579965;Shawn Lindsey;Male;2018-07-23;Teacher, secondary school;805200;4
58405983341;Bonnie Bennett;Male;2022-08-10;Town planner;427714;1
15156000539;Kristen Ortega;Male;2014-02-14;Special effects artist;172065;2
07314314647;Jennifer Adkins;Female;2023-10-21;Conservation officer, nature;792830;4
57758783466;Adam Garcia;Male;2019-11-09;Health physicist;324272;4
89935588648;Steven Lopez;Female;2016-10-13;Journalist, newspaper;848574;3
81895123379;Larry Guzman;Male;2005-03-13;Development worker, community;783581;0
85499876832;David Turner;Female;2017-06-12;Education officer, environmental;237592;2
39344728073;Stephanie Christensen DVM;Female;2010-09-23;Magazine features editor;173497;1
48859546277;Kristina Scott;Male;2011-08-16;Doctor, general practice;998440;3
46222551938;Edward Fox;Female;2008-12-04;Pharmacist, community;128682;5
94616891275;Janet Spencer;Male;2001-10-02;Educational psychologist;542497;4
90495198636;Raymond Spencer;Male;2023-04-28;Information systems manager;138199;1
22453866559;Cynthia Drake;Female;2015-07-12;Historic buildings inspector/conservation officer;177883;4
71841005894;Marvin Robinson;Male;2003-01-13;Osteopath;840057;5
32311227889;Karen Wilson;Male;2021-09-17;Scientist, biomedical;823636;2
61658668502;Cynthia Johnston;Male;2004-12-27;Biomedical engineer;864722;5
86134478483;Donald Murray;Male;2000-08-07;Astronomer;557445;3
14417582025;Dr. Sara Cervantes;Male;2016-09-15;Occupational hygienist;288171;0
75020307151;Natalie Patel;Male;2018-02-27;Higher education careers adviser;868847;2
23536642944;Christopher Figueroa;Male;2013-04-07;Dentist;657175;0
92881385886;Pamela Summers;Female;2002-10-25;Production designer, theatre/television/film;514853;4
89915784659;Lisa Jones;Male;2008-04-16;Engineer, electrical;408028;4
62909384769;Michael Simpson;Female;2005-11-25;Research officer, trade union;240180;3
43146823157;Douglas Johnson;Female;2004-08-12;Early years teacher;347929;2
69022125793;Joshua Roberts;Male;2004-08-04;Doctor, hospital;427797;2
05425746909;Matthew Harris;Female;2015-06-25;Sound technician, broadcasting/film/video;827500;0
49256140086;Jacob Sandoval;Male;2002-08-14;Designer, multimedia;860209;4
03020117258;Joann Terry;Female;2012-12-24;Designer, textile;873076;5
00995735342;Adam Thomas;Male;2011-08-27;Solicitor;142679;0
84520783250;Rodney Lloyd;Male;2016-09-10;Engineer, maintenance (IT);936641;4
08149589557;Peter Reynolds;Male;2021-12-13;Administrator, local government;649962;0
70028330220;Noah Pugh DDS;Male;2010-06-07;Investment banker, corporate;396621;3
16397060050;Amy Baker;Male;2018-07-10;Location manager;255876;4
13123012315;Joshua Lewis;Male;2017-12-24;Horticulturist, amenity;419200;5
24639930684;Sharon Richardson;Female;2011-12-20;Diplomatic Services operational officer;776446;4
93107232642;Allison Lopez;Female;2002-08-21;Physiotherapist;596054;3
47371592247;Michael Morris;Male;2014-02-11;Animator;702147;0
66531175849;Molly Christensen;Female;2011-06-19;Research scientist (medical);984436;2
91355065376;Scott Salazar;Female;2001-01-24;Chief of Staff;272427;2
79082589889;Amber Elliott;Male;2000-05-16;Oceanographer;973752;0
81716611737;Jesus Jones;Male;2018-05-27;Programmer, multimedia;359740;2
95391312166;Jesus Thompson;Female;2003-07-03;Primary school teacher;949633;0
92803809373;Catherine Bennett;Male;2018-01-13;Scientist, forensic;130958;0
09650573714;Deborah Blair;Female;2009-08-21;Research scientist (life sciences);706995;2
29156584910;Ian Oneal;Male;2001-12-13;Arboriculturist;670025;5
00070561326;Gabriel Branch;Male;2020-08-04;Metallurgist;699858;1
47831275169;Jared Flores;Male;2013-11-14;Medical secretary;368588;3
38877846704;Steven Crawford;Male;2010-03-26;Occupational hygienist;393552;2
83340437111;Sierra Joyce;Female;2022-05-22;Actuary;223235;3
24614926287;Lisa Ortiz;Male;2019-06-10;Ship broker;854824;4
66180295755;Nicole Sanchez;Male;2014-04-07;Sales promotion account executive;84891;0
62093317957;Ross Crawford;Male;2000-10-20;Social research officer, government;897236;1
49366136210;Stanley Rodriguez;Female;2000-06-11;Town planner;400275;1
43330723195;Austin Davis;Female;2006-06-25;Waste management officer;630679;5
27728192144;Michele Livingston;Male;2022-11-28;Graphic designer;104335;3
00389350053;Claudia Glenn;Male;2009-07-19;Chartered loss adjuster;277599;4
54078983387;Lisa Santiago;Female;2020-12-13;Stage manager;606412;0
15846194937;Mrs. Renee Gross DDS;Female;2011-09-03;Teacher, primary school;975118;5
13118835541;Craig Johnson;Female;2012-10-21;Medical physicist;108040;0
89127346840;Jamie Williams;Female;2012-06-25;Chief Marketing Officer;582150;4
72056314946;David Foster;Male;2015-12-07;Analytical chemist;459703;2
87375609717;John Wilson;Female;2019-07-05;Call centre manager;529588;2
81806992268;Rebecca Mcmillan;Female;2005-02-07;Ranger/warden;82161;4
94284207923;Patrick Lindsey;Female;2009-10-21;Advertising art director;913206;0
10855022617;Justin Knapp;Female;2006-01-14;Data processing manager;938553;3
56582479447;Richard Wood;Male;2009-02-25;Public house manager;203463;5
03500124307;Kaitlyn Schroeder;Female;2023-12-27;Control and instrumentation engineer;914848;1
98521736262;Nathan Sweeney;Female;2013-07-22;Industrial/product designer;530245;0
33700462628;Katherine Williams;Female;2019-12-07;Surveyor, mining;28243;2
09345556362;Kathryn Neal;Male;2018-07-05;Community pharmacist;506952;0
62355736474;Kayla Robertson;Male;2008-08-05;Teacher, early years/pre;73115;4
62513471862;Debbie Smith;Male;2008-06-04;Health service manager;926353;0
60539553960;Elizabeth Khan;Female;2015-05-26;Surveyor, quantity;218089;2
76452392164;Anna Mullins;Male;2011-05-28;Psychologist, clinical;854385;1
38584423167;Omar Johnson;Male;2013-10-02;TEFL teacher;879756;2
79194538865;Brenda Barnes;Female;2003-09-22;Surveyor, quantity;297783;4
15427324379;Tracy Huerta;Female;2003-12-04;Engineer, communications;452173;5
39213375819;David Ferguson;Female;2023-02-05;Records manager;821476;3
58938086173;Amanda Cooper;Female;2000-02-11;Technical brewer;132803;5
22006883550;David Ramirez;Female;2014-03-27;Television floor manager;948870;4
67804783259;Lisa Jones;Male;2019-03-04;Database administrator;222754;1
94277072188;Erin Lopez;Female;2017-12-02;Wellsite geologist;776378;0
93110117116;Melissa Lopez;Male;2012-12-04;Chartered legal executive (England and Wales);825624;1
87639288985;Sherry Powers;Female;2013-10-12;Engineer, drilling;384665;5
86094788890;Arthur Jordan;Male;2004-10-15;Occupational psychologist;14716;3
04804032732;Bobby Campbell;Male;2013-06-04;Telecommunications researcher;641578;4
84745327501;Kevin Taylor;Male;2000-07-17;International aid/development worker;843304;5
62334413022;Maria Vaughn;Male;2003-05-13;Architect;697667;1
61475739021;Julie Alvarez;Female;2006-10-09;English as a second language teacher;807008;0
64940776789;Robert Mullins;Female;2016-10-24;Community education officer;211644;4
38634376169;Edward Harrell;Male;2019-03-07;Designer, fashion/clothing;790434;3
03224788385;Patricia Johnson;Female;2005-03-21;Information systems manager;366423;0
54725555160;Jimmy Martin;Female;2022-06-14;Animator;630900;4
61335095383;Beth Sanders;Male;2009-10-10;Administrator;841140;4
36895820040;Denise Martin;Male;2022-10-08;Prison officer;375861;2
04061811617;Courtney Johnston;Female;2012-09-28;Operations geologist;458692;3
94482803914;Linda Carlson;Male;2009-11-15;Financial trader;68571;0
42029649576;Carolyn Parker;Male;2022-03-05;Risk analyst;621654;3
05006065662;Edward Cabrera;Female;2009-09-08;Therapeutic radiographer;975499;1
84877394097;Sara Beck;Female;2020-10-21;Administrator, education;529764;5
82396597851;Ian Leonard;Male;2013-09-25;Recycling officer;938159;3
38661293297;Tammy Rivera;Male;2023-06-24;Trading standards officer;903002;5
31538952348;Robert Davis;Female;2013-05-05;Prison officer;609647;0
55369449058;Isaiah Guzman;Female;2019-03-24;Surveyor, mining;224237;1
23914027969;William Lloyd;Female;2008-06-11;Scientist, water quality;133189;3
19446729529;Deborah Daniels;Male;2009-04-28;Futures trader;15835;3
33369080266;Jacob Lin;Male;2016-01-25;Water engineer;280834;5
17051696240;Deborah Chaney;Male;2003-12-19;Chartered certified accountant;640200;4
73888659867;Rhonda Davis;Female;2002-11-23;Naval architect;565137;1
74516742765;Tracy Crawford;Female;2009-12-15;Scientist, research (physical sciences);833453;0
70798286063;Christopher Hughes;Female;2014-08-07;Colour technologist;901078;3
00379755993;Nicole Lewis;Female;2001-01-01;Environmental health practitioner;838855;2
08850732627;Alex Dudley;Female;2005-11-07;Clinical cytogeneticist;813189;3
61065039535;Michael Williams;Male;2016-07-28;Engineer, materials;648071;5
60944437665;William Wilkerson;Male;2020-12-03;Surveyor, land/geomatics;148866;5
14248939868;Stacy Mccormick;Female;2007-11-26;Travel agency manager;817101;1
11376757375;Tiffany Mendez;Female;2022-12-13;Advertising account planner;485412;0
15086560639;James Walsh;Female;2019-12-14;Special educational needs teacher;752844;5
86728283655;Anthony Richardson;Female;2010-10-09;Fitness centre manager;501530;5
13870956985;Maria Mata;Male;2010-02-02;Radio broadcast assistant;720583;3
47684398038;Carrie Walsh;Female;2009-09-05;Nurse, mental health;576835;0
95303527714;Jennifer Thompson;Female;2005-10-21;Chartered public finance accountant;153620;5
09547655980;Kimberly Barber;Female;2008-08-13;Automotive engineer;996258;0
93486184981;Steve Wheeler;Male;2001-02-19;Education officer, museum;645157;1
00722914125;David Gordon;Male;2012-07-18;Actor;616140;2
15027826906;Kathryn Jensen;Male;2010-09-28;Psychotherapist, dance movement;371793;4
39431464239;Charles Martinez;Male;2005-11-18;Scientist, forensic;8497;3
14399168891;Lisa Christensen;Female;2021-09-22;Commissioning editor;562259;1
59995454727;Kevin Martinez;Male;2006-03-13;Naval architect;917259;4
82810935906;Donna King;Male;2001-01-10;Risk manager;652993;0
59134070115;Kristi Jordan;Male;2004-11-19;Set designer;333023;2
36121765463;Allison Kelly;Male;2020-04-13;Intelligence analyst;828065;2
48167191108;William Blake;Male;2009-10-23;Data scientist;969518;3
84732634453;Samantha Small;Male;2022-12-08;Media buyer;482454;3
36820133976;Jacob Woods;Female;2005-03-19;Radio producer;844419;2
92644294640;Kayla Aguilar;Male;2016-03-05;Surveyor, land/geomatics;585554;5
25949992185;Andre Hall;Female;2000-01-21;Chief Technology Officer;561196;3
45026328416;David Howard;Female;2023-04-08;Corporate treasurer;536058;0
00488722596;Edward Powell;Female;2018-03-25;English as a second language teacher;293979;0
07688221531;Brian Schmidt;Male;2018-02-23;Designer, ceramics/pottery;885929;4
97110280400;Christopher Stone;Female;2004-03-19;Product designer;50459;3
14871747182;Darlene Figueroa;Female;2007-02-05;Teaching laboratory technician;841958;1
56352218609;Meghan Kelly;Female;2017-02-07;Artist;769846;2
61077353745;Cameron Rodriguez;Male;2010-02-13;Scientist, research (physical sciences);273274;0
82888857959;Alexis Adams;Male;2019-11-13;Psychiatrist;694295;5
24075843239;Ronnie Shaw;Female;2016-09-16;Engineer, electrical;11439;5
52035396387;Kristy Cuevas;Female;2003-12-10;Financial trader;141947;0
68853029798;Lori King;Female;2016-12-28;Surveyor, quantity;469587;4
11712653415;Haley Hall;Female;2006-09-15;Radiation protection practitioner;770994;2
97180423804;Chad Morse;Male;2004-04-15;Analytical chemist;918036;2
30739433199;Richard Franklin;Female;2019-02-19;Toxicologist;529559;1
53976074043;Hector Glass;Male;2004-11-01;Photographer;149902;3
85765844164;Jason White;Male;2011-08-05;Sport and exercise psychologist;802714;5
26914809989;David Cruz;Female;2019-06-12;Fitness centre manager;541568;2
53069486761;Judy Smith;Male;2005-02-23;Nurse, learning disability;505379;3
73832558464;Lindsey Ross;Male;2003-06-14;Corporate investment banker;718528;4
38082143030;Philip Orr;Male;2009-05-23;Emergency planning/management officer;965550;0
44726317429;Gabriel Vaughn;Male;2004-07-25;Occupational psychologist;319658;0
64915904810;Morgan Tucker;Male;2020-10-10;Fitness centre manager;520970;5
78007578422;Dalton Wilson;Male;2019-06-19;Building services engineer;239996;4
98488454319;Jessica Payne;Male;2014-10-20;Airline pilot;175778;1
04171170509;Michael Collins;Female;2002-12-02;IT technical support officer;835812;0
78001052105;Steven Stark;Male;2004-06-18;Geneticist, molecular;148241;4
96692515640;Charlotte Fernandez;Male;2003-04-13;Product designer;655949;2
86199149102;Rhonda Preston;Female;2007-02-14;Research scientist (medical);389379;4
52244985546;Danielle Avery;Male;2016-03-01;Pension scheme manager;951293;3
92302153196;Morgan Scott;Female;2008-11-01;Retail manager;269076;5
44343214123;Kathryn Turner;Female;2020-07-18;Haematologist;350053;5
29303242291;Scott Ellis;Male;2005-11-01;Hotel manager;299322;0
28675408940;Brandon Wilcox;Female;2010-03-27;Product/process development scientist;498694;1
10521282049;Rhonda Nielsen;Female;2020-04-21;Fish farm manager;350532;0
55536997953;April Ewing;Female;2008-02-24;Psychotherapist, dance movement;224505;3
37179667698;Melissa Douglas;Male;2009-04-21;Systems developer;290985;0
22232786494;Kevin Barrera;Female;2001-10-12;Contracting civil engineer;679573;1
92574768647;Elizabeth Valentine;Female;2016-06-03;Market researcher;238731;4
69668150878;Daniel Alvarez;Male;2004-04-28;Engineer, agricultural;915645;3
00383531559;Christopher Cox;Male;2013-01-20;Science writer;112316;3
65864906511;Miss Erin House;Female;2007-04-09;Doctor, general practice;841130;1
77179588834;Matthew Stephenson;Female;2023-08-06;Engineer, manufacturing systems;877438;0
39284952322;Diana Clark;Male;2008-07-13;Chief Technology Officer;979523;4
20364396706;Robert Kane;Female;2012-11-06;Musician;648862;4
45028571688;Ms. Jenny Carter;Male;2001-11-18;Counsellor;11771;0
91439752173;Donald Jones;Female;2005-12-28;Broadcast engineer;563426;1
74620616498;Andrew Pruitt;Female;2010-09-12;Barrister;251092;2
69740913045;Dr. Jose Tucker;Male;2008-08-25;Charity officer;785883;5
27938492770;Michael Garcia;Male;2023-09-05;Systems developer;537864;5
75719009416;Victoria Kline;Male;2016-02-07;Investment banker, corporate;199601;1
86053577411;Elizabeth Schmidt;Male;2002-05-05;Designer, fashion/clothing;427780;0
40955709657;Jason Mitchell;Male;2018-01-13;Facilities manager;294345;4
83384949466;Aaron Matthews;Male;2019-03-28;Engineer, energy;892858;1
11864555722;Benjamin Moore;Female;2016-11-06;Engineer, civil (contracting);710373;2
25186276472;Steve Vargas;Male;2019-05-20;Chemist, analytical;100081;3
98075266317;Kristen Dunn;Female;2012-11-22;Doctor, general practice;279686;3
87284173429;April Turner;Male;2000-06-17;English as a second language teacher;129920;4
98324258795;Robert Copeland;Male;2005-11-28;Radiation protection practitioner;162200;0
09310260133;Kylie Martin;Female;2008-02-21;Applications developer;308471;0
15741018191;Ronald Russell;Female;2005-12-06;Pension scheme manager;779315;0
12020482519;Laura Diaz;Female;2001-03-18;Learning disability nurse;96726;5
23007266803;Michael Foster;Female;2023-05-06;Furniture designer;78016;5
27514819573;Richard Robinson DDS;Female;2013-01-06;Radiographer, diagnostic;605064;2
68190080938;Shirley Wilson;Female;2011-04-05;Tax inspector;830723;3
67976621548;Brian Hernandez;Male;2009-09-13;Hydrographic surveyor;692035;1
38749015474;Susan Martinez;Female;2012-07-14;Psychologist, educational;987603;1
42833166186;Susan Daniels;Female;2014-10-05;Arts development officer;799330;4
44837275524;Christopher Adams;Female;2011-09-05;Engineer, electrical;748080;1
85224464459;Nicole Williams DDS;Male;2022-12-01;Retail banker;297067;0
38450279194;Alison Woods;Male;2005-12-13;Technical sales engineer;270005;3
04672514432;James Bowen;Female;2004-04-28;Microbiologist;96848;1
31689665328;Adam Dalton;Male;2004-02-06;Paediatric nurse;878050;1
63196737646;Leon Conway;Male;2004-09-27;Surveyor, quantity;29681;3
38367980200;Robin Nelson;Female;2004-01-14;Midwife;587727;2
96500053891;Andrea Taylor;Female;2012-01-20;Civil engineer, consulting;583713;5
79796227670;Luis Tran;Male;2003-03-07;Catering manager;408440;2
12311099061;Amanda Brown;Female;2000-12-27;Fine artist;537033;1
21358761196;Bradley Chambers;Female;2019-09-05;Building services engineer;164334;2
15506398752;Jacob Ramsey;Male;2019-11-26;Psychotherapist, dance movement;425704;0
71863565903;Gabriela Martin;Female;2013-02-20;Food technologist;66736;5
64587468331;Gary Anderson;Male;2013-04-18;Professor Emeritus;806725;2
91726364275;Robert Flynn;Female;2018-03-11;Designer, industrial/product;441538;5
75814735288;Victor Williams;Female;2007-06-01;Engineer, electronics;167881;1
65969041129;Omar Alexander;Female;2022-07-19;Engineer, agricultural;423802;0
44716147066;Michelle Shelton;Male;2013-03-06;Electronics engineer;205600;2
08844724935;Brian Fox;Female;2000-06-21;Museum/gallery conservator;748130;1
64143562821;Mr. Donald Rodriguez;Male;2018-04-28;Hotel manager;178130;3
50137246143;Kelly West;Male;2018-08-08;Heritage manager;47038;1
03671896889;Jacob Lopez;Female;2021-04-06;Drilling engineer;117486;4
82236282568;Jaime Morgan;Male;2010-05-05;Clinical cytogeneticist;575171;5
46939376532;Valerie Watkins;Male;2005-09-07;Doctor, general practice;882000;3
63649378714;Wanda Carlson;Female;2012-01-13;Risk analyst;365033;5
36098305317;Keith Morgan;Male;2018-04-12;Archaeologist;639314;2
14406558021;Michael Dunn;Female;2010-07-13;Chartered accountant;61340;3
61998323291;Joshua Ritter;Female;2003-06-27;Education officer, environmental;107941;4
50707167889;Brenda White;Female;2015-06-23;Production engineer;487528;4
31811571134;Danny Allen;Male;2009-10-11;Chiropractor;829445;4
06848391984;Mr. Peter Williams DVM;Female;2004-10-14;Radiation protection practitioner;245765;1
74574786759;Christopher Johnson;Male;2003-10-05;Risk manager;894103;4
57515768752;Danny King;Male;2016-11-07;Dancer;423765;5
65765181949;Andrew Harris;Female;2020-03-08;Accommodation manager;963326;3
02244053081;Joshua Howell;Male;2012-12-13;English as a foreign language teacher;15997;4
49579749281;Donald Edwards;Female;2004-04-01;Tree surgeon;179252;5
81359038395;Caroline Hansen;Male;2022-09-27;Air traffic controller;202045;5
08175467791;Jennifer Martin;Male;2006-02-09;Chief Executive Officer;788875;5
94335425851;Tammy Gutierrez;Male;2010-09-12;Publishing copy;325959;5
56682167489;Kathleen Mckay;Male;2002-03-24;Heritage manager;793933;0
03951527869;Eugene Ferrell Jr.;Female;2014-05-25;Teacher, primary school;974367;4
09785374769;Evan Gallagher;Male;2017-04-25;Sports development officer;223953;5
30021525117;John Perkins;Female;2006-04-11;Contractor;57944;5
95559977536;Rachael Harding;Male;2023-09-05;Archivist;94271;2
15824945736;David Ferguson;Female;2012-03-16;Proofreader;20580;4
30560282704;Jacqueline Lambert;Male;2015-12-11;Chemical engineer;940218;4
41594511531;Christopher Parker;Female;2016-05-08;Museum/gallery exhibitions officer;291858;2
40891550079;Clayton Brown;Male;2003-06-11;Legal secretary;876315;0
33231643363;Tiffany Jones;Male;2009-08-12;Quantity surveyor;416427;4
75166604311;Jon Rodriguez;Female;2012-12-21;Designer, interior/spatial;891575;0
72879569978;Elizabeth Sanchez;Male;2022-12-17;Logistics and distribution manager;738357;1
94492558997;Justin Wood;Male;2010-12-27;Programme researcher, broadcasting/film/video;643147;2
56640695240;Samuel Parker;Male;2012-10-19;Pension scheme manager;918079;4
04547370799;Aaron Ray;Male;2016-01-26;Accountant, chartered;913386;2
47579277649;Sabrina Gilbert;Male;2018-06-02;Financial risk analyst;487464;3
91067202914;David Chan;Male;2016-05-20;Press sub;549589;2
40657746958;Sierra Anderson;Female;2005-10-14;Diplomatic Services operational officer;726102;3
73151032609;Rachel Woodard;Male;2011-01-03;Tourist information centre manager;553812;3
44079172016;Tiffany Lopez;Female;2017-03-25;Engineer, mining;387630;2
06001237372;Alexis Hicks;Female;2006-05-14;Surveyor, building;400255;0
06954666110;Russell Bryant;Male;2005-06-21;Chief Executive Officer;204065;0
55706918569;Eric Johnson;Female;2020-10-09;Chartered accountant;652351;4
65892229090;Dr. Sarah Mejia;Male;2014-06-14;Broadcast presenter;219149;3
41650281715;Ronald Cowan;Female;2009-09-18;Multimedia specialist;652496;0
25958125334;Mary Diaz;Male;2018-01-01;Engineer, agricultural;812783;3
46758144930;Felicia Walker;Male;2018-03-10;Armed forces operational officer;963005;0
62106387284;Paul Pierce;Male;2022-09-16;Art gallery manager;870909;4
05433445219;Jennifer Roach;Male;2021-08-11;Medical illustrator;211247;4
35342855385;Teresa Edwards;Female;2001-08-04;Accountant, chartered certified;671674;2
13142822640;George Wong;Female;2007-04-04;Designer, furniture;847721;2
56159051381;Jennifer Chase;Male;2010-01-22;Financial trader;262432;0
42457599078;Daniel Campbell;Female;2007-03-27;Ambulance person;113576;4
31568611922;Robert Mendoza;Male;2022-09-16;Archivist;775529;2
47737486095;Lisa Wise;Female;2006-01-16;Translator;890163;2
91285532033;Dr. Lindsey Morris;Female;2014-10-07;Nurse, learning disability;586372;2
68879769373;Anthony Harris;Male;2011-08-23;Adult guidance worker;606526;2
01324204001;Jesus Frazier;Female;2013-09-20;Armed forces operational officer;605047;2
89034776813;Debra Townsend;Female;2017-02-26;Petroleum engineer;192854;0
77174331948;Tracy Carlson;Male;2020-12-24;Engineer, automotive;565261;1
36378032976;Briana Mitchell;Female;2006-08-07;Conservation officer, historic buildings;894256;4
13198821784;Tanya Hansen;Male;2005-01-03;Trade union research officer;557767;5
57828948666;Kimberly Ballard;Male;2022-10-08;Soil scientist;682209;0
49703530520;Theresa Alexander;Female;2020-11-13;Geographical information systems officer;214117;5
40413999325;Jennifer Patterson;Male;2010-02-03;Cabin crew;219465;2
75272208794;Kathy Allen;Female;2023-02-02;Loss adjuster, chartered;556451;5
87406016751;Latasha Coleman;Male;2000-12-17;Merchandiser, retail;305276;0
86634349584;Jill James;Female;2013-05-11;Teaching laboratory technician;905656;1
90399828194;William Weaver;Female;2000-09-22;Tourism officer;7818;2
45219303107;Daniel Peterson;Female;2010-10-26;Sports administrator;354503;2
60571318712;Mrs. Emily Huerta;Male;2017-04-11;Agricultural consultant;380411;0
62689092011;Diana Cook;Female;2002-11-20;Translator;655203;3
77837294593;Michael Sanders;Female;2011-10-19;Chemist, analytical;724863;2
72405804374;Kimberly Johnson;Female;2005-12-03;Phytotherapist;227400;0
23021381374;Michael Huff;Male;2003-07-02;Musician;564434;0
82339998617;Mark Huffman;Male;2000-10-24;Tourism officer;968461;0
72560043559;William Buchanan;Male;2005-03-17;Fish farm manager;275774;4
07640933233;Reginald Crawford;Female;2000-05-24;Microbiologist;14266;2
44885547784;Michael Martinez;Male;2007-10-20;Paramedic;603422;0
46299205999;Heather Johnson;Female;2020-06-18;Furniture designer;437102;3
31967770828;David Bird;Female;2009-11-21;Pilot, airline;940997;1
70230328267;Carlos Shaffer;Male;2008-10-12;Clinical biochemist;936757;2
34703652590;Dr. Alex Fischer;Male;2008-02-24;Editor, film/video;215730;0
53702231242;Jill Sullivan;Female;2017-12-23;Retail banker;170937;1
65572269583;William Ingram;Female;2010-01-08;Multimedia programmer;754056;2
11114580687;Tina Mitchell;Female;2017-03-20;Surveyor, mining;376969;5
84751622195;Joseph Hall;Female;2021-06-07;Naval architect;710951;4
36013388140;Richard James;Female;2015-03-17;Science writer;431484;2
41687047542;David Gomez;Male;2004-11-15;Music therapist;168419;3
10273507958;Jill Smith;Male;2013-12-14;Administrator, sports;336951;2
29836231714;Paul Hahn;Male;2003-02-18;Risk manager;918185;2
23149024465;Edward Valencia;Female;2002-11-19;Hydrologist;856841;5
45203638209;Steven Love;Female;2009-12-23;Broadcast journalist;8832;5
33308788710;Kevin Sosa;Male;2021-02-22;Lecturer, further education;765949;4
92132476367;Jade Vazquez;Male;2000-07-09;Research scientist (physical sciences);320174;0
32552359670;Colleen Kennedy;Female;2013-05-24;Scientist, marine;979116;5
26269005881;Rebecca Taylor;Female;2007-03-22;Human resources officer;570047;3
27405742560;Jacqueline Ritter;Male;2016-11-09;Commercial/residential surveyor;305246;4
04988646145;Paul Green;Male;2023-05-25;Chiropodist;387523;1
89112071792;Vincent Garrison;Female;2009-01-01;Administrator, local government;749491;0
81297051707;John Riley;Female;2020-03-13;Geochemist;645278;0
89700825758;Angel Guzman;Male;2021-01-12;Health visitor;614261;0
97952580607;Melissa Reed;Female;2013-11-28;Engineer, civil (contracting);626460;3
61769676271;Cynthia Johnson;Male;2000-07-07;Television floor manager;112677;3
54428042140;Lauren Price;Female;2012-11-28;Lexicographer;482472;3
02181852603;Heather Hernandez;Male;2008-12-16;Proofreader;670611;5
51991528806;Ethan Jackson;Female;2018-03-14;Careers adviser;183651;4
42383016527;Brittney Prince;Male;2000-12-15;Equities trader;494268;3
64496631283;Whitney Arnold;Male;2018-04-18;Facilities manager;756486;5
96328842920;Sara Roberts;Male;2001-07-01;Ranger/warden;641903;4
51766142856;Wendy Shepard;Male;2001-01-24;Geochemist;688667;0
97638466209;Jeffrey Perry;Male;2001-08-16;Merchant navy officer;400287;1
56851033041;Scott Simon;Female;2007-01-03;Designer, industrial/product;326446;1
79437597979;Micheal Johnson;Male;2004-12-02;Paramedic;38613;0
55235298629;Phillip Snyder;Female;2012-07-04;Engineer, communications;846234;3
98129389865;Katelyn Baldwin;Male;2001-10-15;Applications developer;4985;3
11306346566;Courtney Warren;Male;2002-05-12;Chief Executive Officer;660646;4
22406847931;Dr. Christopher Bray;Male;2003-04-25;Youth worker;163330;5
31642424948;Jonathan Ray MD;Male;2017-06-25;Intelligence analyst;271684;2
02260968991;Richard Hunt;Male;2002-11-11;Conservator, furniture;29469;4
05871005110;Courtney Myers;Female;2011-01-02;Retail manager;301618;0
44152335816;Alison Woods;Female;2023-10-15;Midwife;155553;3
67461489697;Pamela Bautista;Female;2019-08-17;Paediatric nurse;230962;5
78066460342;Natalie Mason;Female;2019-06-20;Homeopath;825322;3
20951004148;James Chen;Male;2019-03-25;Administrator, education;995242;0
72622136394;Sabrina Butler;Male;2006-01-17;Merchant navy officer;1387;0
04791229421;Sandra Smith;Male;2006-03-22;Ergonomist;325643;1
06729743137;Amanda Lang;Male;2015-10-04;Engineer, aeronautical;150478;2
87473584022;Joshua Williams;Female;2007-06-17;Actuary;368596;5
97418063310;Kristina Little;Female;2003-04-03;Publishing copy;428223;0
80766347943;Robert Livingston;Female;2001-06-25;Therapist, art;83493;1
21625383797;Sarah Baker;Male;2006-10-14;Bookseller;987832;1
95630778985;Richard Jones;Female;2014-08-14;Scientist, forensic;757281;5
89365455228;Christopher Wilkerson;Male;2016-08-22;Geneticist, molecular;537045;1
53394174897;Natasha Smith;Female;2000-12-25;Senior tax professional/tax inspector;46106;1
86718665619;Corey Scott;Male;2005-11-16;Dentist;10852;0
53240657056;Jody Long;Male;2008-06-13;Engineer, automotive;931371;5
90962908778;Marie Roberts;Female;2016-06-13;Ship broker;541083;0
69468363590;Jennifer Brown;Female;2008-05-14;Scientist, water quality;553137;0
06226415950;Bianca Rubio;Female;2000-11-27;Waste management officer;752448;2
27722479167;Cody Guerrero;Male;2009-03-07;Scientist, marine;884321;2
72220512754;Crystal Jones;Female;2007-11-03;Education administrator;816308;1
05457411549;Eric Frey;Male;2003-03-13;Hotel manager;189020;5
34457304416;Dustin Morales;Male;2008-09-13;Farm manager;547235;5
05322926383;Steven Martin;Male;2004-04-24;Scientist, audiological;463273;0
51401793469;Zachary Gomez;Male;2023-03-08;Garment/textile technologist;101550;3
19732414101;Tamara Forbes;Male;2014-10-16;Development worker, international aid;442614;3
44701389628;Bradley Wells;Female;2017-05-13;Lawyer;27451;5
32099326995;Jesse Howell;Female;2006-02-22;Retail buyer;752531;5
29395121259;Paula Thomas;Female;2015-05-23;Sales executive;300042;5
22469897213;Leah Garcia;Female;2011-02-14;Designer, ceramics/pottery;90606;2
65652773844;Sarah Foster;Male;2006-12-01;Designer, interior/spatial;189813;3
59996687561;Monique Clark;Male;2021-02-22;Adult nurse;749684;1
47286268912;Thomas Lara;Male;2021-08-19;Financial adviser;204431;2
81537364248;Ann French;Male;2018-05-28;Scientific laboratory technician;759202;5
65078140525;Mr. Jonathan Cook DDS;Female;2019-07-18;Barrister's clerk;591360;2
76707665528;Andrea Strickland;Female;2000-12-02;Early years teacher;808340;2
67746239547;Kristy Luna;Male;2010-09-06;Leisure centre manager;828135;0
63415404813;Donald Sims;Female;2011-10-04;Journalist, magazine;748338;0
55235010050;Michael Perry;Female;2012-10-15;Hydrographic surveyor;25686;2
27811221659;Jerry Garcia;Male;2004-01-10;Social research officer, government;462753;3
55686758469;Todd Dunlap;Female;2001-10-11;Planning and development surveyor;853150;1
80251210720;Renee Williams;Female;2022-06-07;Land/geomatics surveyor;149633;1
76272664261;Rebecca Huynh;Male;2001-02-24;Armed forces logistics/support/administrative officer;382200;4
47076503418;Christopher Bailey;Male;2019-12-28;Engineer, electrical;808086;4
33856389468;Michael Harris;Male;2004-09-08;Radiation protection practitioner;140232;2
89663595717;Melissa Allen;Male;2014-10-19;Product manager;434070;4
92447244361;Anthony Gardner;Male;2001-08-15;Research scientist (medical);476949;5
78376346321;Vincent Austin;Female;2011-06-14;Physiological scientist;708014;1
51720709507;Max Cross;Male;2020-10-06;Careers adviser;958015;4
72908525069;Michael Mata;Female;2012-12-03;Surveyor, building;380927;4
34621237748;Amanda Johnson;Female;2003-10-27;Advertising copywriter;966108;1
54692922759;Ann Cooper;Male;2012-06-08;Associate Professor;815080;2
56555410634;Brandy Roman;Female;2009-04-19;Tourist information centre manager;665393;1
37495294356;Paige Cooper;Male;2022-08-13;Engineer, biomedical;245531;5
41088496288;Shawn Griffith;Male;2023-09-04;Archivist;923690;2
35541715671;Angela Smith;Male;2011-01-12;Police officer;507690;3
42351829857;Stacey Lindsey;Female;2000-01-26;Curator;183050;5
00021871772;Kimberly James;Male;2021-03-13;Quantity surveyor;599656;5
83809198205;Andrew Wilson;Male;2021-05-21;Forest/woodland manager;202060;4
99272192934;Sarah Andrews;Male;2014-05-11;Diagnostic radiographer;301281;4
70482289973;Amy Watson;Female;2003-03-27;Barrister;835020;1
33801477083;Steven Fowler;Male;2008-04-24;Midwife;323730;5
86295280105;Robert Pena;Male;2004-09-12;Minerals surveyor;391267;5
78739914033;Joe Jimenez;Female;2020-08-17;Contractor;646731;1
41150344938;Pamela Murray;Male;2021-01-03;Animal technologist;660849;0
70930296660;Kayla Scott;Male;2021-02-14;Youth worker;229220;3
24059011623;Lisa Wall;Male;2002-05-12;Recycling officer;976923;0
56461389401;Joseph Roberson;Male;2022-07-03;Television/film/video producer;126781;1
36433761726;Taylor Potter;Male;2020-01-15;Fish farm manager;456706;1
01540112928;Michael Robinson;Male;2003-12-15;Operations geologist;112547;3
78013353849;Adam Ramirez;Male;2005-12-16;Aid worker;189191;0
11192336250;Paige Hill;Male;2020-02-18;Early years teacher;227249;3
12509819180;Stephanie Garza;Female;2023-12-06;Designer, jewellery;239981;3
34930130749;Amanda Marquez;Female;2010-05-13;Exhibitions officer, museum/gallery;668453;3
37695122324;Stacy Morris;Male;2004-05-19;Charity officer;828119;2
99856652916;Kimberly Aguilar;Female;2020-06-27;Exercise physiologist;515585;1
75764895689;Kimberly Singh;Female;2009-04-12;Presenter, broadcasting;771472;4
75966708619;Donald Lewis;Female;2010-10-05;Air broker;670440;0
91696529145;Eric Hendrix;Male;2004-06-06;Administrator, education;364655;5
19890210873;Michael Smith;Male;2012-02-17;Analytical chemist;635267;1
02516845524;Darren Sims;Female;2019-12-15;Cabin crew;593386;5
16818405705;Eric Newman;Female;2023-09-01;Production manager;700692;0
52819070382;Keith Cole;Male;2019-08-12;Health physicist;359097;4
69020927234;Ms. Wendy Ball;Male;2001-05-04;Sub;214677;5
44675519406;Joshua White;Male;2014-03-10;Tree surgeon;48885;2
32789872718;Jo Sutton;Male;2020-12-25;Information officer;453994;0
77612581790;Peter Owens;Male;2006-05-28;Therapist, occupational;519116;2
11174228906;Kayla Collins;Male;2002-07-05;Engineer, petroleum;408727;0
34912214533;Elizabeth Thomas;Male;2004-03-12;Sports development officer;438138;0
05239589947;Scott Wood;Female;2011-04-28;Psychologist, counselling;844596;4
00929283473;James Anderson;Female;2020-10-10;Advertising copywriter;638867;3
46468333346;Russell Gonzalez;Female;2010-04-28;Health visitor;163409;5
94009622769;Sheila Ellison;Male;2011-07-09;Presenter, broadcasting;184023;5
93415726286;Lawrence Flores;Female;2008-06-27;Airline pilot;728216;1
32265966955;Robert Nguyen;Male;2015-02-02;Local government officer;262168;1
40444655206;Brooke Lawson;Male;2021-12-27;Clinical embryologist;551076;2
85630843176;Kyle Smith;Male;2017-01-16;Engineer, electronics;135871;1
40933529781;Mary Roberson;Female;2002-10-25;Freight forwarder;798501;2
62485605444;Charles Cole;Female;2002-04-27;Accommodation manager;25754;4
67741024888;Stephen Ramirez;Male;2004-12-24;Seismic interpreter;220142;2
45985544161;Adam Pace;Male;2005-06-15;Visual merchandiser;44588;5
68592024797;Kathy Mcconnell PhD;Male;2016-10-26;Copywriter, advertising;217232;1
63260799397;Christopher Levine;Male;2016-04-23;Advertising account planner;363567;0
89668866936;Gregory Zimmerman;Female;2013-01-15;Photographer;983152;3
99463999583;Steven Diaz;Male;2001-11-15;Garment/textile technologist;142117;4
34491296290;Daniel Nguyen;Female;2014-02-18;Acupuncturist;114170;2
80474729041;Brandy Mcpherson;Female;2005-07-01;Fitness centre manager;419458;2
05625189956;Amy Grant;Female;2022-04-06;Petroleum engineer;947217;2
30881317610;Lisa Bell;Male;2022-11-11;Designer, television/film set;607889;1
06333852657;Mary Meza;Male;2015-11-20;IT technical support officer;577827;0
79227116716;Molly Rodriguez;Male;2012-03-27;English as a foreign language teacher;512819;1
67055254473;Andrew Dean;Male;2011-10-01;Associate Professor;307971;2
43552981313;Elijah Mclaughlin;Female;2010-06-26;Programmer, applications;536329;2
78895118926;Tammy Oneill;Female;2019-08-23;Technical brewer;499209;1
20534177496;Kyle Mayo;Male;2016-12-17;Music therapist;595652;4
22703350065;Jessica Henry;Male;2007-06-24;Engineer, energy;84658;4
61516586465;Julie Underwood;Female;2008-08-25;IT trainer;982252;0
81730022940;Joseph Lee;Female;2008-03-22;Scientist, physiological;181504;3
26933086307;Elizabeth Moore;Female;2006-08-06;Financial controller;521949;3
10362501983;Michelle Blake;Male;2009-09-12;Engineer, maintenance;677143;1
38382275458;Deborah Burton;Female;2018-11-01;Call centre manager;95643;1
72162788353;Stacy Villanueva;Female;2012-06-09;Banker;637047;1
35126771987;April Weaver;Male;2000-08-09;Presenter, broadcasting;215349;4
92043520129;Carlos Lewis;Female;2017-06-18;Plant breeder/geneticist;553692;2
85723268921;Linda Cooper;Male;2013-01-21;Tax inspector;801535;4
65050985454;David Stevens;Female;2004-09-21;Radio producer;322376;1
88476898476;Madeline Lopez;Female;2006-11-07;Field seismologist;188124;0
75211965955;Molly Wyatt;Male;2014-03-05;Social research officer, government;335153;2
74723082021;Olivia Ortiz;Female;2019-07-09;Drilling engineer;877310;0
91829755529;Sydney Simmons;Male;2018-04-16;Broadcast journalist;329289;1
55288448424;Richard White;Female;2002-04-22;Social researcher;794957;4
16907620713;Jessica Clark;Female;2017-01-28;Teacher, English as a foreign language;784356;4
77243467522;Margaret King;Female;2015-10-25;Psychotherapist, child;311171;0
71893504351;Brittany Dominguez;Male;2014-07-08;Homeopath;721025;3
46208931705;Lisa Randall;Male;2015-08-28;Print production planner;843442;3
27523963065;Jason Munoz;Female;2014-04-28;Freight forwarder;751962;0
49826370933;Geoffrey Williams;Female;2011-12-10;Runner, broadcasting/film/video;623984;0
94228684263;Kevin Jones;Female;2017-03-05;Education officer, museum;871238;2
74286219523;Stacy Payne;Male;2005-08-18;Producer, radio;771609;2
80335192979;Robin Golden;Male;2016-07-26;Podiatrist;127434;5
21781249203;Natasha Hayden;Male;2016-04-27;Company secretary;17635;5
39401771377;Joseph Gardner;Male;2021-06-16;Operational investment banker;679721;0
77659194622;John Durham;Female;2011-02-02;Pilot, airline;564396;0
11588863991;Daniel Williams;Female;2021-10-11;Company secretary;4822;2
92455101902;Teresa King;Male;2002-12-16;Midwife;317564;2
19504099424;Joel Lane;Male;2006-05-16;Government social research officer;586713;1
75225020365;Haley Williams;Male;2014-02-07;Designer, furniture;757597;1
07317475769;David White;Female;2002-01-21;Journalist, magazine;454861;1
28282066355;Aaron Wilson;Female;2011-01-09;Community development worker;355453;5
14005316450;Nathaniel Smith;Male;2020-09-13;Town planner;842327;4
74580153059;George Bryan;Female;2022-03-04;Conservation officer, nature;149072;0
06766400423;Carlos Morris;Male;2016-12-10;Administrator, local government;238822;4
43911281971;Alicia Payne;Female;2007-05-20;Teacher, adult education;244155;3
83754816340;Christina Oliver;Female;2020-06-02;Water quality scientist;409654;3
00564891499;Krystal Johnson;Female;2003-09-09;Publishing rights manager;962080;5
27847398644;Kristin Martin;Female;2006-03-22;Television camera operator;620195;0
39991797284;Rachel Ward;Female;2013-02-24;Financial planner;344368;5
63155871288;Aaron Gilbert;Female;2002-12-14;Personnel officer;819127;3
56491334590;Amber Acevedo;Male;2010-09-06;Translator;243932;3
19803293619;Ronald Lopez;Female;2002-06-20;Fitness centre manager;439536;2
30250104428;Rebecca Goodwin;Female;2005-05-15;Furniture designer;529849;4
03954390902;Steven Smith;Female;2019-06-22;Designer, textile;696303;5
47618693000;Jacob Gomez;Female;2008-10-17;Trading standards officer;733395;5
40544438980;Jason Carter;Male;2005-12-14;Operations geologist;899999;3
13739392669;Nicholas Stark;Male;2019-08-28;Financial trader;542240;4
54911792517;Stephen Porter;Male;2011-06-05;Chartered public finance accountant;684703;1
97241030148;Mark Vasquez;Male;2006-03-06;Administrator, arts;590582;1
67856340436;Pamela Gonzalez;Male;2014-08-26;Medical technical officer;316284;0
67622925696;David Mitchell;Female;2015-12-24;Prison officer;436981;1
17229962787;Elizabeth Cortez;Male;2019-09-10;Administrator, Civil Service;555773;2
92960172163;Kevin Anderson;Female;2013-08-27;Commercial horticulturist;882521;1
43772197304;Spencer Taylor;Female;2011-07-03;Education officer, environmental;901560;0
67229790896;Jonathan Roy;Male;2019-10-05;Planning and development surveyor;32706;2
60669527383;Jason Johnson;Male;2023-05-22;Administrator, Civil Service;305366;5
96463056619;Christopher Perez;Male;2006-03-13;Colour technologist;321372;5
31881631896;Ethan Taylor;Female;2018-05-09;Pharmacist, community;719076;3
83227722925;Melissa Roberts;Female;2021-04-22;Video editor;934728;0
53865017405;Mallory Jones;Male;2005-05-03;Television production assistant;667186;5
71816664660;Mark Carlson;Male;2002-02-01;Water quality scientist;592038;5
60388479047;Nicole Logan;Female;2010-11-03;Translator;267493;3
72227045159;Angelica Hoffman;Female;2009-12-09;Estate agent;192143;2
20539276767;Timothy Daniels;Male;2011-10-28;Petroleum engineer;643808;2
23485562232;David Berry;Male;2021-12-28;Engineer, building services;46139;3
22661394550;Alex Hodges;Female;2017-11-20;Environmental consultant;981211;3
59947759571;David Campbell;Male;2017-07-15;Child psychotherapist;343823;1
62484677042;Corey Coffey;Male;2009-05-22;Child psychotherapist;19206;1
44301968050;Francisco Wallace;Male;2005-10-13;Journalist, newspaper;725239;3
97408781740;Jason Jennings;Male;2011-03-11;Bookseller;617584;2
32677299179;Donald Gardner;Male;2007-07-17;Pharmacologist;575739;0
60945151856;Joe Woods;Female;2017-06-15;Journalist, newspaper;66434;2
73326623598;Ryan Clark;Male;2011-01-14;Local government officer;65127;2
46810305824;Joseph Hall;Male;2012-06-13;Sport and exercise psychologist;72641;3
51329261141;Victoria Brown;Female;2015-02-27;Waste management officer;517593;1
95944536846;Thomas Baird;Male;2015-07-13;Financial controller;286137;1
89622984228;Tony Golden;Female;2017-05-20;Human resources officer;407112;5
04952044725;Dawn Pearson;Male;2018-12-26;Emergency planning/management officer;897577;4
61697652528;Jerry Harrell;Female;2018-06-12;Risk manager;377904;5
78269301354;Gary Miller;Female;2018-07-27;Exhibition designer;290973;0
03138661796;Kevin Woods;Male;2023-05-10;Geophysicist/field seismologist;909668;3
25619375499;Jillian Cook;Female;2010-08-20;Operational researcher;898687;1
12218678981;Chad Jimenez;Male;2009-04-13;Barrister's clerk;361198;2
80279385623;Michael Mendoza;Male;2015-03-02;Air traffic controller;829701;1
12045989747;Elizabeth Herrera;Male;2017-04-16;Trade mark attorney;395574;4
45669484282;Scott Mckinney;Female;2023-12-22;Petroleum engineer;699601;4
95646494195;Michael Kaufman;Female;2016-06-02;Conservator, museum/gallery;448753;0
84114419026;Nicole Jones;Male;2014-05-07;Journalist, newspaper;736758;1
43128447293;Valerie Weiss;Female;2011-11-13;Animal nutritionist;976576;3
99866826200;Nicholas Smith;Female;2013-09-26;Pharmacist, community;60256;5
60180751083;Colin Smith;Male;2017-03-05;Buyer, industrial;885901;2
12359231021;Julie May;Female;2003-06-08;Embryologist, clinical;415934;0
42898855863;Jason Parker;Female;2012-05-21;Programmer, multimedia;272271;3
58198816716;Kathleen Lewis;Male;2005-01-14;Education officer, community;259924;2
02948312344;Daniel Preston;Female;2004-09-16;Psychotherapist, child;716007;0
20763627800;Curtis Ingram;Male;2002-09-07;Research scientist (physical sciences);330467;0
37746942049;Jamie Smith;Female;2007-05-17;Contracting civil engineer;346429;4
34667747105;Erika Morgan;Female;2006-01-15;Pathologist;877024;5
30562501148;Matthew Richardson;Female;2009-11-20;Chartered accountant;237760;1
29846515433;Gary Chambers;Female;2020-07-23;Acupuncturist;41987;3
32906266368;Breanna Osborne;Female;2019-06-13;Press photographer;154154;5
49049152306;Keith Nelson;Male;2011-08-06;Higher education lecturer;829343;0
16112871082;Mike Hahn;Male;2011-05-05;Retail manager;630660;2
46060659208;Lorraine Martin;Male;2001-12-23;Surveyor, planning and development;707140;4
44874206360;Patrick White;Male;2005-10-02;Air traffic controller;542538;3
53012514309;Valerie Allison;Female;2002-02-14;Materials engineer;366140;0
65086762992;Brianna Mcdaniel;Male;2018-09-27;Administrator, education;472471;2
18299403050;Corey Parker III;Male;2022-05-26;Broadcast engineer;724962;4
35051645119;Madison Peters;Female;2013-06-21;Speech and language therapist;35495;3
02838744165;Timothy Anderson;Female;2012-07-09;Press photographer;8342;3
09997224182;Christina Moore;Female;2014-11-21;Architectural technologist;340231;4
42609099578;Bryan Rush;Male;2016-03-06;Landscape architect;246250;0
23366687004;Christian Deleon;Male;2011-02-14;Chartered management accountant;979596;0
31114818402;Kristie Carter;Male;2023-02-04;Senior tax professional/tax inspector;652745;5
46356729499;David Hamilton;Male;2010-02-18;Fisheries officer;715858;5
69507319073;Lee Lopez;Female;2010-06-12;Financial controller;592649;1
01964376534;Luis Reid;Female;2012-06-15;Lecturer, further education;140838;1
65317106312;Shawn Anderson;Female;2002-05-27;Neurosurgeon;845493;5
59033702974;Justin Vazquez;Male;2002-02-17;Child psychotherapist;322343;5
64393971594;Calvin Lawson;Female;2008-11-28;Waste management officer;254446;5
18677662568;Amanda Tanner;Male;2010-08-21;Travel agency manager;145338;5
34102811146;Justin Medina;Male;2020-03-04;Copywriter, advertising;932082;3
24163183596;Curtis Mccall;Female;2006-06-13;Radiographer, diagnostic;700435;3
14797820467;Raven Hayes;Female;2015-09-14;Dancer;276287;1
71689652707;Regina Davis;Male;2010-03-09;Radiation protection practitioner;42599;2
15529995266;Andrew Morrison;Female;2006-09-23;Education administrator;459333;0
26085283628;Nicole Wagner;Female;2013-06-11;Podiatrist;910300;5
14639574831;Bradley Cruz;Male;2012-12-07;Hydrologist;705044;3
13647803116;Charles Frederick;Female;2011-12-24;Arts development officer;466572;1
84892876745;Joshua Johnson;Female;2014-11-23;Health and safety inspector;446972;4
93018526204;Dominique Kelley;Female;2019-12-08;Company secretary;274768;5
31298144832;Lisa Thomas;Male;2004-10-25;Lawyer;430565;5
35536294809;Benjamin Wright;Female;2004-04-07;Control and instrumentation engineer;952733;3
28005598182;Mark Harris;Male;2017-03-21;Adult guidance worker;309377;3
45330948937;Rachael Mendoza;Female;2010-04-21;Forensic scientist;631553;0
05060860422;Lisa Clarke;Male;2003-07-15;Chief Marketing Officer;958726;1
99823698506;Toni Strong;Male;2014-06-25;Curator;513543;5
25918513112;Thomas Kaiser;Female;2022-11-20;Clinical psychologist;794945;4
01206322401;Brandi Garcia;Male;2008-08-06;Waste management officer;562122;2
04586725441;Mary Davis;Male;2010-12-03;Neurosurgeon;833210;3
72035292261;Brenda Gibbs;Male;2016-04-25;Equities trader;275031;4
30440554166;Daniel Butler;Male;2023-02-05;Diplomatic Services operational officer;597790;4
05710755344;Molly Bartlett;Male;2022-05-06;Fish farm manager;289240;4
90143887198;Xavier Johnston;Male;2001-05-25;Animal nutritionist;792114;5
44229971385;Melvin Hamilton;Male;2006-12-22;Immigration officer;332002;2
01090664666;Adam Riley;Male;2011-07-09;Administrator, arts;773042;4
86077157891;Jeremy Chapman;Male;2018-03-28;Therapist, occupational;528160;2
88547137043;Vanessa Cunningham;Female;2016-07-03;Research officer, government;329406;5
94671109851;Kathryn Knapp;Male;2020-03-13;Media planner;322814;4
82327717326;Mrs. Tracy Miller DVM;Female;2005-08-01;Engineer, civil (consulting);277736;3
44977386518;Morgan Sanford;Female;2017-04-27;Sports administrator;355558;1
95807370822;Joseph Lawrence;Male;2006-06-07;Holiday representative;292124;3
03170039943;Jennifer Farley;Female;2003-09-14;Market researcher;410661;5
40655089512;Wendy Conner;Male;2004-04-14;Advice worker;151480;1
20925331409;Timothy Griffin;Male;2022-08-10;Psychotherapist, child;500394;5
74909164785;Sandra Sanchez;Female;2002-09-11;Tourism officer;847863;4
25803669967;Duane Gibson;Male;2015-05-09;Politician's assistant;948860;1
06197635048;Lisa Snyder PhD;Female;2017-08-23;Comptroller;550527;5
74712458342;Joseph Villegas;Male;2010-05-21;Health service manager;598802;0
16889784914;Andres Wells;Female;2009-12-04;Merchandiser, retail;162199;1
11589020268;Jonathan Thompson;Male;2001-01-28;Psychiatric nurse;589645;1
90822719922;Tonya Ramsey;Male;2012-12-15;Nurse, adult;898692;0
15473288850;John Gray;Male;2012-11-23;Museum education officer;227305;1
10599706478;Jeffrey Woods;Male;2018-12-14;Maintenance engineer;460328;4
19868875835;Natalie Newton;Male;2023-05-27;Environmental consultant;562727;2
79538413110;Crystal Frazier;Male;2018-09-25;Passenger transport manager;935211;3
63825983123;Johnny Oconnor;Female;2017-09-03;Mechanical engineer;113770;1
06850659730;Joshua Rhodes;Female;2010-05-28;Lexicographer;146121;4
34723600828;Nathan Johnson;Female;2004-06-28;Hospital doctor;6691;0
76710037854;Timothy Sims;Male;2002-07-16;Museum/gallery conservator;787819;0
97752592212;Patrick Ford;Female;2001-07-28;Librarian, academic;915293;1
24858714260;Benjamin Fry;Male;2004-07-17;Journalist, broadcasting;361435;0
51953083006;Dominique Harrington;Female;2015-05-13;Oncologist;481506;4
19771345841;Chad Morales;Female;2013-03-02;Chartered public finance accountant;37494;2
34688416588;Michelle Hanson;Female;2012-06-23;Therapist, speech and language;337332;5
50681183384;Andrew Howard;Male;2009-12-09;Chartered public finance accountant;76259;3
22400968008;Terry Scott;Male;2003-11-19;Teacher, English as a foreign language;177434;5
18726398522;Rachel Walls;Male;2006-03-08;Engineer, mining;918972;0
17004910456;Alfred Walter;Female;2010-02-02;Scientist, water quality;763746;2
70150746391;Anthony Faulkner;Female;2023-10-20;Investment banker, corporate;37238;1
72333619590;Scott Fisher;Male;2020-08-17;Writer;928138;5
51538830052;Jennifer Ferguson;Female;2016-11-26;Metallurgist;113516;4
31962797041;Patricia Summers;Male;2018-05-09;Product designer;576820;5
59731049297;Robert Wright;Male;2006-12-01;Scientist, biomedical;716100;3
81417762677;Kathryn Smith;Male;2006-03-13;Health physicist;79210;2
82335451472;Mario Mitchell;Female;2000-09-10;Animator;843688;3
97795683599;Robert Galvan;Female;2003-11-01;Immunologist;582091;4
21803225475;Tiffany Davis;Female;2008-10-15;Broadcast journalist;652512;5
43192589322;Marc Lang;Male;2004-02-25;IT sales professional;181418;5
99921263590;Jackie Young;Male;2005-06-28;Scientist, research (physical sciences);911637;2
79040903655;Rachel King;Male;2005-01-17;Designer, furniture;34986;5
59392669343;Michelle Santiago;Female;2004-10-23;Physiotherapist;117168;4
43934794448;Cheryl Cross;Male;2000-04-17;Transport planner;130254;1
24996151322;Alexander Roberts;Male;2012-04-22;Surveyor, minerals;218501;3
50050061433;Elizabeth Solomon;Male;2010-06-04;Engineer, manufacturing systems;618833;2
07904629856;David Baker;Female;2003-01-18;Fast food restaurant manager;618690;0
34865753464;Melissa Wilson;Male;2008-06-03;Metallurgist;981590;4
36221716332;Bradley Landry;Female;2008-12-18;Patent attorney;763780;4
59270028837;David Mcbride;Male;2020-05-05;Energy engineer;343331;1
88870162864;Mathew Blackwell;Male;2018-01-23;Actor;875507;0
36069022315;Craig Fernandez;Male;2003-01-01;Engineer, manufacturing systems;96846;2
18298242301;Kristen Kelley;Female;2004-09-08;Arts administrator;756772;3
01574345217;Michael Soto;Female;2010-10-22;Teacher, adult education;270351;4
75848950481;Nathan Smith;Female;2021-06-06;Designer, jewellery;932817;1
04588991813;Gabriel Ryan;Female;2021-10-26;Museum education officer;526050;2
77261625863;Courtney Wang;Male;2002-06-09;Dispensing optician;397191;0
33367051918;Eugene Nelson;Female;2019-06-16;Chartered certified accountant;176752;0
29153731439;Michael Olson;Male;2002-10-11;Lobbyist;414991;3
07489853772;Lisa Thompson;Female;2013-07-14;Broadcast journalist;860484;5
27397513080;Brian King;Female;2023-09-28;Trade union research officer;147259;3
35923060597;David Bowen;Female;2013-06-25;Producer, radio;992945;1
10484111136;Crystal Ellison;Male;2023-05-27;Event organiser;831626;1
06158486865;Wendy Russell;Male;2016-04-19;Futures trader;695721;4
40620427761;Anne Greer;Female;2007-03-07;Museum/gallery exhibitions officer;844969;3
75427155886;Wendy Chapman;Female;2020-02-10;Trade union research officer;23409;0
88649295349;Brittany Williams;Female;2000-12-02;Journalist, newspaper;557068;0
90805250806;Joseph Lawson;Female;2011-06-21;Production engineer;9603;2
41711798400;Brian Johnson;Male;2010-12-11;Lighting technician, broadcasting/film/video;290538;0
64866483815;Kara Adams;Female;2017-11-11;Therapist, horticultural;215534;0
50842306320;Peter Daniels;Female;2003-09-21;Scientist, product/process development;714486;4
35827183603;Evan Poole;Female;2009-11-16;Lighting technician, broadcasting/film/video;733034;2
26283063800;Larry Blackwell;Female;2022-04-28;Patent examiner;143277;1
47875046647;Angela Lin;Female;2016-08-05;Science writer;228507;0
47472007749;Shawn Hendrix;Male;2010-02-06;Conservator, museum/gallery;930786;5
31932644055;Brian Young;Male;2007-05-25;Herbalist;164394;3
18305349603;Billy Hansen;Female;2003-03-11;Radio broadcast assistant;186343;3
18024776894;Deborah Case;Male;2019-08-23;Archaeologist;849049;4
59036877460;Rachel Huffman;Male;2002-11-16;Occupational psychologist;815621;1
91177457534;Alison Perkins;Male;2015-10-04;Environmental health practitioner;266676;5
12843601492;Jennifer Frost;Female;2012-03-20;Editor, magazine features;790428;5
96891670271;Emily Young;Male;2005-03-05;Research officer, political party;964325;5
76747291191;Lauren Roberts;Male;2004-07-20;Theatre director;922816;5
85570670159;Frederick Boyd;Male;2016-05-05;Theatre stage manager;655193;2
33328926636;Patrick Rodriguez;Male;2006-12-04;Forensic psychologist;963302;1
13171723279;Emma Hall;Female;2020-01-09;Television/film/video producer;594791;1
19799068455;Ryan Cisneros;Female;2015-10-13;Actor;128553;5
63646238356;Robert Harmon;Male;2003-07-24;Scientist, audiological;254078;3
12581280554;Elizabeth Green;Female;2013-03-10;Radiographer, diagnostic;690734;0
96124589800;Eric Yu;Female;2011-06-13;Therapist, drama;4627;1
13242275312;Michael Weaver;Female;2007-08-18;Microbiologist;523337;5
26872106598;Stephanie Brown;Male;2003-03-03;IT technical support officer;985161;1
52597593785;Dennis Mcdonald;Male;2005-02-03;Mudlogger;631722;2
80088544743;Kelly Sutton;Male;2012-01-26;Public librarian;458531;0
89765245735;Kristina Park;Male;2022-06-01;Teacher, English as a foreign language;760136;5
32661163215;Stephanie Rush;Male;2020-08-19;Trading standards officer;407068;2
55790741305;Barbara Hall;Male;2019-04-28;Tax inspector;8245;3
05477251433;Steven Gonzalez DDS;Female;2008-06-19;Magazine journalist;257810;1
44225010697;Diane Thompson;Female;2020-03-14;Buyer, retail;868074;2
10890246869;Alexandra Bridges;Male;2001-10-02;Press sub;832718;3
75800686267;Shirley Richardson;Female;2020-06-12;Insurance claims handler;540778;4
22665295122;Kevin Moses;Male;2005-07-23;Water engineer;282396;4
02756130539;Catherine Morrison;Male;2015-06-21;Geographical information systems officer;449297;1
59544292877;Lindsey Boyd;Male;2014-09-25;Government social research officer;938763;2
31656016113;Roberto Hale;Female;2023-06-01;Presenter, broadcasting;393325;0
62971404654;Michael Mason;Male;2016-01-01;Commercial art gallery manager;914833;2
98313362025;Alison Maddox;Male;2002-05-15;Teacher, English as a foreign language;841109;4
48952477377;David Perry;Male;2012-11-27;Solicitor, Scotland;910918;2
93382778513;Jeffrey Page;Male;2005-08-18;Air cabin crew;928013;5
83577147733;Valerie Hart;Female;2016-11-05;Retail manager;759011;0
74638052849;Kevin Thomas;Female;2014-06-22;Camera operator;334717;2
46883669584;Jonathan Taylor;Female;2000-04-27;Engineer, structural;175165;3
51044656844;Justin Joseph;Female;2004-11-06;Administrator, local government;401381;5
17465368797;Gina Johnson;Male;2007-11-15;Toxicologist;436421;1
57343493182;Andrea Young;Male;2002-08-16;Merchant navy officer;34745;2
16422805480;Andrea Mendoza;Female;2016-09-11;Pensions consultant;62841;5
01721336325;Jeffrey Ward;Female;2013-12-08;Amenity horticulturist;656350;1
77333119495;Christina Moss;Male;2022-06-06;Accounting technician;406644;0
89737665804;Robin Davis;Female;2003-07-12;Science writer;960678;3
34723470502;Thomas Herrera;Male;2015-09-06;Magazine journalist;598473;1
82329581577;Stephen Park;Male;2017-10-10;Art therapist;163313;3
12030448943;Nicholas Klein;Female;2007-10-17;Surveyor, land/geomatics;515740;1
78222414965;Peter Payne;Female;2015-10-05;Nurse, adult;901336;1
22843408025;Justin Davis;Male;2004-10-06;Agricultural consultant;871801;0
91037271665;James Moore;Male;2009-01-13;Transport planner;304085;0
95138004494;Jeremiah Francis;Male;2007-03-14;Engineer, structural;821169;3
19783023053;Morgan Suarez;Female;2002-01-17;Clothing/textile technologist;544879;2
43985276762;Stephanie Marks;Male;2021-05-17;International aid/development worker;644823;4
36387641209;Jacob Hernandez;Male;2017-04-17;Engineer, production;468747;3
20324040501;Megan Thompson;Male;2020-09-07;Chartered public finance accountant;909934;2
23867746073;Cathy Hampton;Female;2018-10-26;Mechanical engineer;875481;0
95249847224;Sheila Clark;Male;2023-11-28;Archaeologist;70676;0
82909042216;Samantha Hicks;Female;2018-12-28;Charity officer;808550;1
32507357534;Jackie Palmer;Female;2009-02-28;Surveyor, rural practice;627421;3
63466101285;Amanda Meza;Female;2016-03-18;Armed forces technical officer;232849;0
48010422968;Christopher Hayes;Male;2021-09-04;Quality manager;812444;2
12741954832;Cynthia Lam;Female;2017-08-13;Office manager;651570;0
50471346135;Paula Lowe;Female;2023-08-07;Psychologist, occupational;864774;0
44437907445;James Norris;Male;2019-09-04;Horticulturist, commercial;390923;5
14787185491;Scott Perez;Male;2006-03-17;Chemical engineer;144003;0
70424047442;Susan Reyes;Female;2017-06-08;Surveyor, building;555996;4
74314026796;Mark Brown;Male;2014-10-10;Armed forces operational officer;831384;4
20086455072;Lisa Hamilton;Female;2013-12-26;Barrister's clerk;875406;3
77059646231;Kayla Lee;Female;2015-02-22;Magazine features editor;171314;5
59864490302;Kimberly Ramirez;Female;2007-05-16;Investment analyst;199822;5
25734098770;Darren Malone;Female;2011-05-21;Scientist, research (life sciences);87259;2
08202516479;Tina Gonzales;Female;2022-08-04;Trade union research officer;5507;5
96755713920;Valerie Rodriguez;Male;2005-01-04;Solicitor, Scotland;958159;5
06041490798;Christopher Scott;Male;2009-02-17;Food technologist;371756;2
16092021973;Mrs. Christy Kerr;Male;2020-12-16;IT technical support officer;876564;3
13257655008;Felicia Wyatt;Female;2019-03-22;Community development worker;793751;3
48519678706;Michael Harris;Male;2018-04-28;Art therapist;576538;2
70834012814;Karen Cox;Male;2020-06-05;Bookseller;832777;3
80944015371;Maria Spears;Male;2010-07-09;Special educational needs teacher;458103;4
72501499185;Sandra Perez;Male;2022-12-16;Communications engineer;627097;4
54661604439;Holly Jacobs;Female;2022-06-05;Radio broadcast assistant;299335;3
85348018116;Shelly Reid;Female;2017-11-20;Therapist, occupational;764486;5
31992149043;William Allen;Female;2006-01-28;Health service manager;963051;4
94029425494;Carla Owens;Female;2022-01-09;Building services engineer;385798;5
52892226955;Nathan Garcia;Male;2021-09-19;Sports development officer;704503;2
30748434961;Holly Ramirez MD;Male;2011-03-27;Scientist, clinical (histocompatibility and immunogenetics);965694;2
75281839973;Benjamin Hansen;Female;2008-07-08;Journalist, broadcasting;386099;0
51657926889;Kristen Smith;Male;2011-05-11;Personnel officer;592420;1
57727031694;Wendy Thompson;Female;2012-02-27;Management consultant;73689;1
16425977270;Noah Gutierrez;Female;2015-04-07;Gaffer;334972;3
08564309766;David Miller;Female;2012-12-14;Writer;50490;1
14004415527;Melissa Campbell;Female;2000-03-21;Warehouse manager;771879;5
49620309384;Veronica Young;Female;2018-02-24;Site engineer;19608;5
70744959217;Rebecca Myers;Male;2022-04-02;Landscape architect;759194;1
53309606043;Michael Dean;Male;2009-10-10;Hydrographic surveyor;273290;2
67532388596;Eric Pineda;Female;2014-06-26;Psychologist, educational;261450;0
21070303553;Denise Fernandez;Male;2000-03-10;Arts administrator;761282;2
26335167533;Brian Anderson;Male;2003-12-09;Accounting technician;539938;4
03955386640;Sandra Elliott;Male;2000-02-23;Herpetologist;98215;4
93167372583;Margaret Dennis;Female;2007-06-05;Copywriter, advertising;457767;2
40605652833;Jessica Craig;Female;2012-07-24;Ecologist;755935;2
94047245698;Terry Smith;Female;2018-01-06;Diplomatic Services operational officer;594478;1
33092018238;Jessica Wood;Male;2008-11-12;Teacher, special educational needs;776168;5
62929892742;Debra Hart;Male;2000-10-06;Sports therapist;435494;4
89029470382;Taylor Roberts;Male;2021-03-25;Designer, exhibition/display;675971;2
08062175239;Stephen Kim;Male;2019-01-08;Horticulturist, amenity;58952;0
58429113247;Eric Kerr;Male;2013-09-06;Human resources officer;720131;0
76658135400;Belinda Miller;Male;2008-08-02;Geochemist;261407;5
47333430674;Jordan Welch;Female;2003-03-15;Geographical information systems officer;45874;4
08744932356;Stephen Reed;Female;2012-09-13;Exercise physiologist;309371;0
42848393305;Derrick Casey;Female;2016-12-14;Police officer;134609;0
31495027785;Daniel Graham;Female;2018-09-17;Community development worker;352111;1
80895125829;Sara Romero;Male;2016-06-23;Advertising copywriter;618752;4
79851958815;Amanda Collier;Female;2013-04-07;Tree surgeon;393619;2
41657140231;Renee Sweeney;Female;2018-09-16;Information systems manager;989703;4
23797577723;Cheryl Cobb;Male;2006-04-26;Educational psychologist;54456;5
83130436446;Edwin Miller;Male;2023-07-28;Accountant, chartered management;466596;0
42536061613;Donald Knight;Male;2011-02-27;Engineer, site;133442;0
95914954407;Amy Coleman;Female;2013-06-17;Medical laboratory scientific officer;401542;1
53868907598;Miguel Harrell;Male;2011-06-23;Occupational hygienist;555530;1
79404893742;Mark Mathis;Female;2022-04-22;Electronics engineer;307146;4
92624221115;Lori Graham;Male;2019-07-23;Marine scientist;293265;5
17732889101;Brandon Lee;Female;2007-09-15;Dance movement psychotherapist;64723;0
39474500814;Bruce Wright;Male;2006-03-15;Stage manager;377732;2
02320130271;Megan Berg;Female;2010-05-28;Psychologist, educational;794096;1
71083767009;David Torres;Male;2018-03-11;Editor, magazine features;342960;3
85675397072;Jackie Brandt;Male;2007-07-07;Journalist, newspaper;838074;3
67832762177;Rebecca Calhoun;Male;2015-11-03;Manufacturing systems engineer;610803;2
67042276202;Samuel Williams;Female;2011-09-13;Psychotherapist;630124;5
22429568779;Robert Bass;Female;2006-06-15;Scientist, water quality;79499;3
92761265384;Kimberly Anderson;Male;2000-09-08;Forensic psychologist;90214;5
03007198640;Brad Anderson;Female;2012-12-06;Industrial buyer;493918;3
40121553353;Scott Johnson;Female;2007-03-13;Training and development officer;892215;5
20032590362;Jonathan Caldwell;Female;2009-03-11;Analytical chemist;236878;1
58799563093;Amy Short;Male;2007-01-27;Adult nurse;522908;2
35303534402;Samantha Petty;Female;2021-10-14;Therapist, drama;370707;0
30278479095;John Hobbs;Male;2010-01-21;Tax adviser;808691;0
61065827252;Robert Hood;Female;2007-03-04;Chief of Staff;88981;5
06208760665;Alexandra Key;Female;2019-04-21;Records manager;360044;3
09784017134;Lisa Patton;Male;2014-08-14;Sales professional, IT;198382;1
45973074486;Darrell Roberts;Male;2004-08-02;Horticulturist, amenity;702630;4
09310947456;Leslie White;Female;2007-09-03;Engineer, electronics;47385;3
91464723218;Deborah Walsh;Male;2008-01-25;Comptroller;612612;3
07481812877;Jimmy Pena;Female;2013-11-11;Marine scientist;832636;4
38133356347;Jose Lawrence;Female;2011-11-27;Designer, multimedia;753575;3
36626950083;Lauren Brown;Male;2014-03-17;Nature conservation officer;414328;5
16955189294;Anthony Tucker;Male;2017-05-07;Actor;560099;3
49305488441;Miguel Diaz;Male;2017-12-03;Futures trader;437745;5
11461300651;Jonathan Roach;Female;2000-02-23;Nurse, children's;685418;4
05098374952;Chase Moore;Male;2012-07-11;Engineering geologist;372116;3
43704773459;James Graham;Female;2005-02-15;Trading standards officer;698855;1
86874769047;Erin Carlson;Male;2000-01-05;Dancer;996913;0
00281754853;Mary Smith;Female;2017-03-05;Therapist, music;411021;2
99495448299;Matthew Martin;Male;2021-10-24;Site engineer;859429;0
83974701124;Kirsten Stewart;Female;2004-08-26;Facilities manager;666004;4
87285044926;Emily Reyes;Female;2018-06-02;Contracting civil engineer;962116;3
74776127788;Brandon Brown;Female;2021-08-01;Oncologist;671653;1
13341422715;Morgan Roach;Male;2022-02-14;Microbiologist;163931;3
40082971417;Michael Nelson;Female;2002-09-14;Database administrator;460577;1
62573166357;Richard Adams;Male;2003-09-15;Financial risk analyst;79936;3
81142047082;Andrew Cruz;Female;2008-06-06;Psychologist, prison and probation services;940493;3
18699712417;Chris Myers;Male;2001-11-15;Journalist, magazine;437598;5
15723800742;Mary Day;Male;2010-10-26;General practice doctor;70336;4
76702197100;Chris Williams;Male;2009-02-24;Records manager;266176;1
32596120744;Jessica Jacobs;Male;2018-12-16;Journalist, broadcasting;235302;1
76917849175;Calvin Parker;Male;2008-01-20;Surveyor, minerals;473854;2
38743388799;Timothy Vasquez;Male;2003-12-24;Herbalist;691682;5
91090629746;Robert Fernandez;Female;2006-08-07;Medical illustrator;789032;1
44012242204;Douglas Gomez;Female;2022-10-02;Clinical embryologist;296746;3
85920372126;James Morrow;Female;2013-10-23;Sales professional, IT;958068;2
40434017313;Denise Neal;Male;2017-11-12;Dramatherapist;99972;3
09377289174;Mary Wilson;Female;2012-01-10;Historic buildings inspector/conservation officer;374038;3
55258104220;Amber Hansen;Female;2023-02-05;Metallurgist;334283;0
13036666685;Terry Soto;Male;2000-10-07;Medical illustrator;367531;0
23398778753;Derek Johns;Female;2014-01-03;Broadcast journalist;644762;4
54855168467;Valerie Allen;Female;2013-07-13;Publishing rights manager;652680;2
09807453206;Laura Daniel;Male;2013-03-15;Regulatory affairs officer;8758;3
35150729249;Samuel Olson;Female;2012-08-28;Barrister;761530;3
83926301392;James Mays;Female;2018-08-28;Rural practice surveyor;897298;0
09589576994;Leslie Cortez;Female;2004-11-12;TEFL teacher;873216;4
62047264627;Miguel Solis;Male;2022-12-03;Music tutor;360961;2
46237206969;Elizabeth Brown;Female;2008-09-14;Diplomatic Services operational officer;181253;5
86956607991;Bryan Moore;Male;2004-03-11;Environmental health practitioner;319385;5
83078642691;Mr. Timothy Smith;Male;2006-10-13;IT consultant;374146;3
25465386663;Jennifer Barrera;Male;2004-01-28;Journalist, broadcasting;2857;5
19956198775;Danielle Johnson;Female;2018-12-14;Marine scientist;814299;4
41705653254;Sandra Diaz;Female;2002-06-28;Health visitor;474030;2
00243985253;Annette Carroll;Female;2001-08-06;Engineer, petroleum;185190;0
25167505588;Amber Garcia;Female;2022-07-27;Web designer;309077;4
01939142337;Brittany Murphy;Female;2001-08-16;Radiographer, diagnostic;194800;4
43284150211;William Harris;Female;2002-01-15;Therapeutic radiographer;326118;0
21778540123;Angela Taylor;Female;2003-04-28;Musician;201371;5
05929568897;Tanya Douglas;Female;2018-07-17;IT sales professional;164135;4
84115124166;Robert Brock;Female;2018-02-18;Haematologist;216574;4
74593509615;Matthew Patterson;Female;2023-08-14;Forensic psychologist;572178;3
77360320575;Susan Nelson;Male;2005-08-27;Quarry manager;264733;1
10318735787;Kayla Cox;Female;2002-09-14;Pharmacologist;918287;1
26960557863;John Garcia;Male;2012-07-22;Chief Technology Officer;475721;1
21901978366;Karen Tyler;Female;2011-12-26;Town planner;582280;0
76080946249;John Kaiser;Female;2011-03-18;Race relations officer;990918;1
07741792454;Tracy Gray;Male;2006-09-01;Restaurant manager;926205;3
98397757083;Margaret Kane;Female;2011-11-01;Occupational psychologist;648819;3
19590802798;Christopher Sheppard;Male;2023-07-05;Pharmacist, community;543129;0
92489615651;Jade Acosta;Female;2001-07-11;Industrial/product designer;567020;1
05653924137;Melanie Newman;Female;2021-08-20;Scientific laboratory technician;878852;2
51301107936;Joseph Edwards;Female;2003-09-11;Science writer;405290;2
21236514801;Karen Perez;Male;2017-02-16;Teacher, special educational needs;140996;1
16590199253;Patrick Green;Female;2010-06-23;Journalist, broadcasting;871216;1
55946791726;Casey Mitchell;Male;2006-08-17;Trading standards officer;322767;4
85188116097;Megan Baker;Female;2003-07-28;Homeopath;111014;5
63411745447;Chelsea Bryan;Female;2016-04-16;Technical author;757036;5
64847206571;Zachary Rodriguez;Female;2004-08-04;Town planner;309461;3
40352627281;Kathryn Morris;Female;2013-02-21;Press photographer;895767;1
21476724696;Kevin Schmidt;Female;2019-03-09;Therapist, sports;593010;0
71189798741;Christine Mcmillan;Female;2013-04-22;Marine scientist;841300;3
14549712320;Shane Ferguson;Female;2012-11-16;Manufacturing systems engineer;368037;4
45640558761;Alice Bradley;Male;2017-02-20;Audiological scientist;979039;2
37055684312;Kimberly Adams;Female;2015-02-08;Chief Strategy Officer;955944;4
69219911471;Joshua Roth;Male;2020-10-25;Speech and language therapist;930700;5
33917331844;Billy Vaughn;Male;2010-07-14;Publishing copy;659027;4
98956409175;Kelly Stewart;Female;2019-03-20;Programmer, multimedia;991688;5
80105025964;Patrick Drake;Female;2013-02-14;Scientist, clinical (histocompatibility and immunogenetics);830909;3
28277100835;Cassandra Cabrera;Female;2019-04-09;Chartered management accountant;966355;4
71409233400;Andrew Miller;Male;2009-08-11;Set designer;569913;3
44441064144;Mrs. Leah Davis;Female;2005-05-19;Trade mark attorney;87534;5
60721766763;Jeffery Cook;Female;2011-06-26;Therapist, occupational;962249;2
32337189529;Dana Roberts;Female;2013-05-01;Broadcast engineer;924646;3
61554188601;Dr. Peggy Davis DVM;Male;2005-07-17;Chartered certified accountant;21497;3
08563399394;Andrea Walters;Female;2012-04-14;Advice worker;911898;2
70019737074;Brandon Pena;Female;2008-02-20;Financial trader;245287;1
17775171720;Vincent Coleman;Female;2002-06-25;Meteorologist;77077;5
48175315946;Megan Richards;Male;2005-01-10;Mental health nurse;991374;1
71245680736;Cynthia Clark;Male;2004-11-24;Educational psychologist;282920;5
79679417971;Michelle Todd;Male;2021-10-19;Programmer, multimedia;767819;1
50871808959;Paul Lowe;Female;2012-01-06;Armed forces logistics/support/administrative officer;108326;0
77317386662;Richard Brown;Male;2023-05-01;Sports administrator;340587;5
47801457754;Kevin Brown;Female;2008-04-03;Chief Technology Officer;523926;2
93644976766;Joshua Ritter;Female;2023-01-19;Research officer, trade union;843954;0
91874221848;Amber Davidson;Female;2005-09-27;Advertising account executive;893624;4
96644734128;David Chavez;Male;2015-06-08;Scientist, marine;16667;1
59034674728;Darlene Dalton;Male;2008-11-22;Publishing copy;313115;5
59811306255;Janice Sanchez;Female;2012-07-24;Health physicist;694475;3
21254190055;Joshua Gaines;Male;2004-05-18;Pensions consultant;315507;5
19454506403;Sara Harris;Female;2023-02-21;Insurance claims handler;552218;1
25300209274;Kyle Cox;Female;2006-12-25;Retail buyer;369749;2
35258550880;Michael Gomez;Female;2011-12-21;Medical illustrator;411200;5
38488695722;Kelly Collier;Female;2005-05-21;Chemist, analytical;243162;0
11188712466;Michael Mercado;Female;2000-10-02;Risk manager;243858;5
06920466789;Cheryl Doyle;Male;2020-02-22;Retail merchandiser;18204;3
74154988224;James Duran;Male;2021-04-08;Buyer, industrial;242584;4
88915625737;Stephanie Acosta;Male;2020-12-11;Naval architect;632472;2
64672776121;Sherri White;Male;2012-05-12;Armed forces logistics/support/administrative officer;209813;2
56192585968;Andrew Ramos;Female;2022-12-23;Architectural technologist;104569;5
44349234597;Nicole Dickerson;Male;2017-05-26;Wellsite geologist;721917;3
71371215461;Nathan Martinez;Male;2018-04-23;Surveyor, hydrographic;555533;0
56947657368;Sarah Carson;Male;2012-06-27;Art gallery manager;667378;2
66626381885;Edward Nelson;Female;2001-03-17;Engineer, communications;949856;4
47504848540;Brooke Allen;Female;2011-11-13;Journalist, broadcasting;714432;3
68676958042;Joseph Hendricks;Female;2019-06-18;Sports therapist;715225;0
56340011904;Michael Gallegos;Male;2016-09-13;Merchant navy officer;141944;2
72587838428;Leslie Wilson;Male;2011-02-27;Museum/gallery exhibitions officer;272208;3
32865902051;Tara Russell;Male;2020-04-20;Speech and language therapist;198142;0
95945094238;Adam Nelson;Male;2010-11-14;Music therapist;987210;5
99562619514;Jennifer Jackson;Female;2010-06-27;Transport planner;398289;4
26153070717;Nicole Foster;Male;2020-05-06;Neurosurgeon;864470;0
89020922215;Crystal Stone;Male;2000-06-04;Pharmacist, community;444750;0
24212888353;Diana Palmer;Female;2003-07-18;Commissioning editor;585630;3
73965754039;Diane Ryan;Female;2012-06-18;Librarian, academic;709852;2
71669885638;Reginald York;Female;2017-04-09;Archaeologist;832090;2
45163753904;William Johnson;Male;2007-05-07;Furniture conservator/restorer;964851;2
38037235549;Toni Grant;Male;2021-05-18;Administrator, sports;389592;4
18366406132;Daniel Ellis;Female;2021-01-07;Leisure centre manager;423895;0
25186368136;Mrs. Heidi Kirk MD;Male;2007-01-11;Waste management officer;365242;2
14307434455;Alicia Peck;Female;2010-06-04;Chartered loss adjuster;777131;2
84855894189;Kendra Davenport;Male;2005-03-09;Editor, film/video;24558;5
31023320440;Bruce Brown;Female;2020-04-10;Technical sales engineer;480522;2
03294998577;Jason Parsons;Male;2022-10-11;Furniture designer;637452;4
11054197197;Amanda Moody;Female;2020-06-04;Scientist, research (medical);711022;0
39737144893;Kim Watts;Male;2016-02-04;Environmental consultant;252627;2
13187522000;Christopher Rogers;Female;2022-04-20;Comptroller;512662;5
41422497545;Krista Oneill;Female;2004-03-19;Scientific laboratory technician;878353;1
86195755634;Dan Cox;Male;2023-04-25;Trade mark attorney;719767;4
45564528482;Peggy Welch;Female;2023-08-26;Horticulturist, commercial;647687;1
87636812180;Johnny Baird;Male;2003-04-14;Water quality scientist;17848;2
58681378509;John Mays;Female;2021-10-16;Medical sales representative;786573;4
57521309160;Jennifer Wong;Female;2017-08-22;Print production planner;241788;2
22602207248;Daniel Gordon;Female;2001-11-27;IT technical support officer;566425;2
94487628427;Michael Smith;Female;2023-12-15;Musician;766290;3
59999874451;Erica Lawrence;Female;2000-02-22;Biomedical scientist;100417;3
97872440956;Andrew Ellison DDS;Female;2000-08-23;Physiotherapist;847710;1
14060966495;Christine Allen;Female;2012-11-10;Arts administrator;905007;5
86982465036;Jessica Payne;Female;2020-03-21;Astronomer;295240;3
18247319649;Daniel Schneider;Female;2002-10-26;Press sub;411299;5
33656833935;Amanda Bowen;Male;2006-05-17;Adult guidance worker;784726;5
36983035830;Robert Le;Female;2004-03-25;Automotive engineer;833764;4
73525830431;Meredith Porter;Female;2017-06-27;Intelligence analyst;78329;4
15370920350;Cassandra Frye;Female;2005-02-20;Tree surgeon;243137;2
90325667570;Eric Jones;Female;2003-11-22;Health physicist;456906;0
41379070817;Todd Callahan;Female;2007-07-06;Nurse, mental health;27750;2
24888218916;Angie Smith;Female;2000-06-26;Land/geomatics surveyor;115188;3
81773091065;Darin Perez;Female;2002-05-28;Clinical embryologist;773487;4
27942768172;Kathleen Sanchez;Female;2005-06-18;Manufacturing systems engineer;555618;2
98225644912;David Hernandez;Female;2013-01-23;Camera operator;210807;3
98782682076;Leonard Young;Female;2019-04-01;Holiday representative;935756;5
72212322454;Vanessa Maldonado;Female;2000-06-17;Environmental manager;124062;4
70624269399;Steve Rice;Female;2004-06-21;Engineer, broadcasting (operations);826445;3
69984341399;Heather Golden;Female;2014-01-03;Nurse, mental health;371070;3
75315731690;Barbara Cox;Male;2011-03-09;Sub;89446;3
82317601246;Thomas Harper;Male;2003-07-07;Software engineer;903747;0
91087310264;Dylan Carr;Male;2005-06-09;Psychologist, clinical;314993;0
29939948312;Dennis Melendez;Male;2017-12-28;Conservation officer, nature;495260;1
47722763882;Jessica Thompson;Female;2008-07-19;Textile designer;96900;3
51434014102;Tina Thompson;Male;2016-10-23;Chief Marketing Officer;907315;1
32042423473;Jennifer Harris;Female;2011-09-11;Barrister;745958;1
26286948456;Timothy Sanchez;Male;2001-06-23;Civil engineer, contracting;531412;3
13008599114;Russell Charles;Female;2019-09-12;Veterinary surgeon;963197;3
86893039726;Edwin Holden;Male;2016-12-12;Automotive engineer;937397;2
93314169273;Isaac Cross;Male;2019-01-24;Colour technologist;426196;4
95292359057;Dr. Leah Smith;Female;2008-03-17;Training and development officer;432193;3
31557169767;Wayne Anderson DVM;Male;2017-06-24;Barrister;239423;2
67000734406;Christina Manning;Female;2005-08-24;Music tutor;509275;2
18442963784;Christopher Simmons;Male;2003-05-21;Designer, interior/spatial;624331;5
71702534268;Ryan Hernandez;Female;2000-11-06;Estate agent;946991;4
87589736372;Melissa Howell;Female;2021-06-05;Facilities manager;349112;0
46772600008;Mr. William Dixon;Female;2018-08-19;Counsellor;93824;0
83304828484;Michael Bradshaw;Female;2011-08-10;Oncologist;688864;4
58300220868;Hannah Wilson;Female;2000-04-22;Acupuncturist;146255;3
00211644697;Dean Aguilar;Female;2008-02-11;Commercial horticulturist;395718;2
77898606019;Kimberly Higgins;Male;2000-06-18;Electrical engineer;475168;4
19342205885;Melissa Thompson;Male;2009-04-21;Retail banker;656328;0
77378827054;Renee Ruiz;Female;2008-11-10;Optician, dispensing;337021;0
49123973897;Makayla Williams;Male;2022-05-11;Dealer;159942;5
49877270329;Lorraine Long;Male;2020-09-16;Designer, graphic;728913;5
72953704882;Alyssa Smith;Male;2002-05-12;Geophysicist/field seismologist;202654;5
26315773115;Andrea Stone;Female;2001-03-19;Call centre manager;981136;2
88762603989;Henry Roach;Female;2004-09-14;Surveyor, planning and development;555633;1
60709264998;Curtis Padilla;Female;2019-12-23;Communications engineer;782409;0
33685404319;William Castro;Female;2000-10-18;Advertising copywriter;624979;5
50173384185;Kevin Velasquez;Male;2022-07-27;Television production assistant;18566;1
77928127500;Nicholas Jones;Female;2005-09-14;Cytogeneticist;114651;2
33718838933;Mrs. Regina Everett;Female;2004-12-01;Producer, radio;13463;1
67341031354;Brian Sanchez;Male;2003-03-24;Paramedic;843456;1
47066546940;Anna Flynn;Female;2016-10-14;Scientist, physiological;926210;4
98325605958;Adam West;Female;2005-10-26;Water quality scientist;168380;5
98937344375;Charles Vance;Female;2019-02-19;Herpetologist;880720;5
78389824450;Paul Gonzalez;Female;2003-09-21;Fisheries officer;146754;5
46982677970;John Moreno;Male;2023-12-10;Planning and development surveyor;264539;0
27597950094;Shawn Valencia;Female;2009-04-04;Architect;852729;0
33929898680;Greg Dixon;Female;2002-02-05;Leisure centre manager;250509;5
03832246182;Miguel Lee;Female;2000-11-15;Multimedia programmer;222916;4
08193787012;Grace Murray;Female;2021-01-16;Best boy;934193;3
52795652358;David Carter;Male;2007-06-20;Teacher, English as a foreign language;627015;4
94265091700;Carla Williams;Male;2003-02-19;IT technical support officer;856664;5
87098743856;Erin Reyes;Female;2022-01-18;Environmental education officer;359404;2
81926448120;Roy Gonzalez;Female;2002-09-24;Illustrator;488360;3
95243470808;Kimberly Wright;Male;2013-12-24;Lecturer, further education;104059;0
38843806408;Jessica Peterson DDS;Female;2019-10-06;Town planner;765314;4
77578534056;Alejandra Patrick;Female;2008-04-24;Therapist, art;422687;4
24409295511;Michael Jackson;Male;2006-08-22;Wellsite geologist;263707;2
87868150353;Brent Parker;Male;2004-03-08;Tax adviser;522110;0
99992114220;Gerald Rangel;Female;2013-10-07;Applications developer;872042;4
58145479729;Amy Williams;Male;2010-04-28;Therapist, sports;475274;5
67973260307;Tammy Zimmerman;Male;2023-11-18;Designer, ceramics/pottery;250914;1
47120510022;Rebecca Lewis;Male;2013-09-13;Herpetologist;438228;3
72534312407;Hannah Frey;Male;2004-08-14;Scientist, audiological;292725;4
90638141043;William Parker;Female;2016-03-18;Soil scientist;831045;2
55670796126;Brenda Aguilar;Female;2023-11-15;Quality manager;479585;5
57718115464;Andrea Hebert;Male;2002-05-10;Insurance account manager;491987;3
69165545011;Michael Strong;Female;2018-07-28;Production designer, theatre/television/film;755400;4
87676723852;Cynthia Alvarado;Male;2018-05-22;Amenity horticulturist;171169;4
57467140951;Phillip Aguilar;Female;2016-10-10;Production engineer;578111;4
24027483422;Matthew Rodriguez;Female;2009-11-03;Geoscientist;863571;4
44711315842;Jeffrey Marsh;Male;2017-01-05;Psychologist, educational;577747;3
18054138014;Raymond Smith;Male;2019-11-13;Chief Marketing Officer;275687;1
24000276159;Tammy Parsons;Female;2004-09-16;Insurance broker;652811;5
48294593304;Antonio Long;Male;2015-01-21;Tax inspector;26516;0
85550985772;Brandon Patel;Female;2021-02-06;Tourism officer;297222;4
28873212979;Emily Lewis;Female;2010-11-14;Doctor, general practice;845117;4
75332366238;Antonio Rhodes;Male;2009-01-03;Solicitor, Scotland;375875;5
47973376045;Jeremy Wang;Male;2008-11-19;Conservation officer, historic buildings;509012;3
99383907009;Mario Leonard;Female;2006-07-14;Immigration officer;465294;5
86992081430;Kyle Rodriguez;Female;2020-10-06;Theatre manager;666508;5
54549660932;Brandon Haynes;Male;2018-04-14;Ergonomist;499684;4
88835051523;Veronica Mcdaniel;Female;2016-01-05;Industrial buyer;29188;2
78055330901;Lee Long;Male;2002-11-06;Public librarian;203469;2
71568545452;Angela Wilson;Male;2023-10-04;Psychologist, occupational;462349;1
92214328570;Charles Mclaughlin;Female;2014-07-26;Video editor;437599;4
12148445375;Daniel Smith;Female;2000-04-25;Geographical information systems officer;671200;0
66394029514;Danielle Sullivan;Female;2020-10-11;Exhibition designer;265690;2
65182952762;Alexander Kim;Female;2007-05-28;Designer, textile;154982;2
98518912607;Derrick Holmes;Male;2021-05-21;Computer games developer;818886;3
59928263412;Cynthia Knapp;Female;2011-07-08;Scientist, marine;648764;0
80822496927;Mitchell Mason;Male;2004-09-12;Engineer, aeronautical;480795;0
67544167011;Dr. Joshua Valencia;Male;2021-03-13;IT consultant;591334;3
57252485187;Katherine Johnson;Male;2001-06-13;Oceanographer;297074;1
82128304549;Carrie Cameron;Female;2020-02-05;Adult guidance worker;467816;0
05156890537;Robert Harrison;Male;2018-11-27;Radiographer, therapeutic;746003;5
44556856372;Glenn Bailey;Female;2019-08-17;Interior and spatial designer;991928;0
95315407354;Mr. Tyler Thomas;Male;2006-07-16;Plant breeder/geneticist;886140;0
44983639810;Nicholas Villegas;Male;2005-06-15;Sales promotion account executive;236041;2
16442704791;Virginia Houston;Female;2014-12-14;Administrator, charities/voluntary organisations;459512;1
88905678815;Eric Larson;Female;2009-01-06;Radiation protection practitioner;294247;2
93293198040;Francisco Elliott;Male;2007-02-17;Video editor;998401;5
98617756978;Laura Ramirez;Female;2021-07-09;Food technologist;256865;0
86449639951;Christine Martin;Female;2016-04-22;Textile designer;72172;3
16554418354;Sandra Good;Male;2009-11-25;Camera operator;940494;0
99288118485;Jason Banks;Female;2014-07-22;Advertising account planner;189672;3
68933708585;Terry Hester;Male;2021-04-15;Herpetologist;364010;3
06505424702;Curtis Ross;Male;2013-03-11;Professor Emeritus;434813;2
80402379590;Glenn Murphy;Male;2008-01-04;Press sub;316560;3
66489051337;Tricia Camacho;Female;2013-12-03;Secretary, company;517608;3
79718116971;Samantha Wilson;Male;2012-09-07;Producer, television/film/video;329387;2
14954057867;Marco Rowe;Female;2013-05-06;Recycling officer;57849;5
89706933421;Marissa Humphrey;Female;2006-09-27;Newspaper journalist;946970;5
83660404480;Rodney Lee;Female;2017-05-25;Podiatrist;401983;5
26921078535;Kayla Simpson;Male;2009-07-04;Chartered public finance accountant;381871;2
18015414654;Deanna Gonzalez;Male;2006-04-01;Private music teacher;73825;5
53765306808;William Davis;Female;2009-11-05;Customer service manager;775865;4
29775561473;Casey Alvarez;Female;2018-12-14;Adult guidance worker;548368;4
77908115048;William Woods;Female;2023-02-08;Lecturer, higher education;863596;3
30061084077;Ellen Estrada;Female;2009-03-10;Librarian, academic;747440;2
63989290306;Angela Young;Female;2021-05-22;Physiological scientist;233554;3
74897169888;Timothy White;Female;2013-07-15;Education officer, community;994631;3
92521870936;Robert Johnson;Female;2004-03-05;Futures trader;862838;0
66792180282;Charles Huff;Female;2002-12-10;Pension scheme manager;252639;2
24127425353;Sandra Ray;Female;2013-06-22;Conservation officer, historic buildings;818847;3
58239201846;Darren Banks;Male;2023-03-14;Scientist, biomedical;67205;1
76710675200;Rose Costa;Female;2005-01-11;Information systems manager;789374;2
95132000778;Patrick Fletcher;Female;2005-07-07;Solicitor, Scotland;976562;2
10134563644;Michelle Price;Male;2013-03-12;Higher education lecturer;753902;2
44422786061;Alexis Rogers;Male;2022-12-05;Colour technologist;712632;3
49126594486;Crystal Terrell;Female;2008-11-11;Manufacturing engineer;77724;0
48392066169;Seth Bradley;Female;2005-03-01;Professor Emeritus;371265;1
82235277677;Denise Keller;Female;2011-11-06;Financial risk analyst;373116;1
71853741238;April Martin;Female;2010-07-15;Sub;250453;3
27493585830;John Munoz;Female;2004-07-21;Event organiser;787420;1
26658208641;Jacqueline Smith;Female;2001-09-21;Government social research officer;47880;4
06966603454;John Douglas;Female;2004-02-09;Clinical biochemist;891964;5
57311116264;Frank Stewart;Male;2007-05-19;Clinical psychologist;398955;1
10877812738;Trevor Ortiz;Female;2000-08-03;Sports therapist;284531;5
27822500618;Jasmine Brown;Male;2001-09-15;Location manager;70555;0
53775842253;Gary Sutton;Male;2013-05-06;Merchant navy officer;129980;0
18149263388;Brittany Fleming;Male;2013-04-02;Equities trader;524200;1
45573239463;Anna Smith;Female;2018-03-24;Teaching laboratory technician;371060;1
81525168032;Shelley Hinton;Male;2018-12-22;Probation officer;59789;1
94273924217;Christina Freeman;Female;2019-07-23;Clinical cytogeneticist;306986;0
47428023936;Lee Warren;Male;2003-09-27;Network engineer;1671;5
46038036263;Jose Baker;Male;2020-11-06;Administrator, arts;656246;5
48561906045;John Stevens;Male;2012-10-04;Product/process development scientist;686962;4
53436339110;Carolyn Walker;Female;2008-08-25;Paramedic;340363;0
01326389434;Mark West;Male;2006-01-02;Applications developer;904122;2
49670255980;Jennifer Ray;Female;2021-07-28;Aid worker;391024;5
03840687392;Martin Morrison;Female;2005-07-07;Magazine features editor;993142;3
58686827496;Richard Brown;Male;2008-12-07;Therapist, drama;127529;1
89810151329;Jeremiah Carr;Female;2008-11-05;Teaching laboratory technician;610790;5
21631560638;Karl Davis;Male;2008-03-15;Patent attorney;768057;5
21529874578;Robin Quinn;Male;2009-06-12;Senior tax professional/tax inspector;892190;0
84812939336;Kenneth Small;Female;2020-02-24;Multimedia specialist;768014;0
15211521137;Emily Hill;Male;2002-06-04;Corporate investment banker;524808;2
48859756945;Anthony Perez;Female;2008-07-16;Operations geologist;755145;0
63964693816;Steven Coleman;Male;2005-02-19;Engineering geologist;223453;1
78584232441;Wendy Vasquez;Male;2016-03-13;Plant breeder/geneticist;111008;1
05104657421;Patrick Schmidt;Female;2020-03-17;Secretary, company;373481;4
90658665691;Renee Welch;Female;2017-09-15;Loss adjuster, chartered;471237;3
78758729672;Justin Flores;Male;2009-03-13;Psychiatric nurse;649673;3
42321688332;James Ramirez;Female;2004-12-04;Warehouse manager;265468;4
46295409023;Matthew Hernandez;Female;2006-02-19;Psychotherapist;466023;5
48360594051;Bradley Briggs;Female;2014-09-27;Social research officer, government;711714;0
65232583024;Destiny Hoffman;Male;2010-06-27;Translator;456972;1
33905255402;Kevin Krueger;Male;2009-01-20;Illustrator;200055;0
33713662536;Anthony Gordon;Male;2020-04-18;Arboriculturist;947340;4
65697264114;James Fritz;Male;2010-03-16;Occupational therapist;190286;0
78335522803;Amy Jones;Female;2022-04-25;Cytogeneticist;575999;2
47682553226;Jill Smith;Male;2018-05-27;Therapeutic radiographer;433299;0
62818318265;Cindy Larsen;Male;2008-04-13;Curator;394802;2
08429953518;Dominic Bryan;Male;2006-07-09;IT technical support officer;984651;4
40164889094;Paul Sanchez;Male;2017-04-05;Scientist, clinical (histocompatibility and immunogenetics);624193;0
68706601851;Samantha Hodge;Female;2002-10-11;Best boy;782351;3
69137638793;Gary Moore;Male;2014-12-26;Product designer;582997;4
69671782934;Steven Case III;Female;2017-06-28;Cartographer;989440;4
46998922045;Whitney Clements;Female;2013-10-10;Intelligence analyst;397073;5
68351164914;Jesse Reid DDS;Female;2020-01-26;Engineer, petroleum;84831;5
10516750657;John Meza;Female;2014-01-10;Building services engineer;130651;4
91289801492;Ethan Nguyen;Female;2004-10-22;Primary school teacher;369802;1
24829858354;Vincent Johnson;Female;2008-01-18;Medical technical officer;762510;2
34047479826;Brian Terry;Female;2014-02-24;Clinical research associate;654498;1
36935560323;Crystal Taylor;Female;2000-07-11;Scientific laboratory technician;708050;3
96839299124;Donald Mata;Male;2008-08-24;Rural practice surveyor;72801;2
40996807620;Jennifer Jackson;Male;2015-07-18;Biomedical engineer;186525;1
20952872662;Pamela Blackwell;Male;2021-10-07;Ophthalmologist;807827;0
21107203310;Michael Gonzalez;Male;2017-09-14;Claims inspector/assessor;205923;3
28937323979;Eric Wang;Female;2013-05-10;Mental health nurse;55905;4
60120112759;Crystal Shah;Female;2016-07-01;Research scientist (maths);90125;4
56248201658;Jeffrey Thornton;Female;2014-11-21;Operational investment banker;483251;4
80051635585;Troy Johnson;Male;2021-02-08;Television production assistant;272011;3
65890536654;Anthony Hodges;Female;2021-05-19;Fine artist;653752;1
90232040034;Tony Boyd;Female;2005-08-07;Equality and diversity officer;810354;2
35625602492;Jeremy Holloway;Female;2011-03-14;Microbiologist;269120;0
20781313551;Eileen Weber;Male;2012-03-10;Engineer, production;105904;5
53419027820;Gloria Melton;Male;2020-04-14;Fish farm manager;580670;1
69104701986;Robert Murphy;Male;2008-10-07;Sub;784157;0
44761851102;Kimberly Lewis;Male;2021-12-05;Visual merchandiser;171899;3
89047720706;Gregory Lopez;Female;2023-01-14;Bonds trader;964210;2
68843308967;Jennifer Garcia;Female;2008-06-12;Nurse, learning disability;686688;0
39070339915;Joe Davis;Female;2023-09-17;Waste management officer;113007;1
34138462527;Dr. Terry Smith;Female;2013-01-28;Education officer, community;897956;2
58001278824;Mr. Michael Phillips;Female;2018-11-09;Financial manager;431750;4
42925757026;Jonathan Reese;Male;2009-02-19;Engineer, production;517584;3
85444238752;Amy Moore;Female;2014-09-11;Engineer, drilling;208408;1
20327509262;James Green;Female;2020-12-02;Logistics and distribution manager;264584;3
55216428681;Nina Nunez;Male;2021-03-25;Administrator, education;374085;4
64864507891;Norman Walker DVM;Male;2021-09-17;Publishing copy;87898;0
49816662683;Willie Park;Female;2008-03-06;Product/process development scientist;970247;5
69091255914;Martin George;Female;2013-07-13;Oncologist;632879;5
98715937895;Tammy Conway;Male;2020-08-13;Engineer, petroleum;38893;4
67464442346;Katie Brown;Male;2015-01-02;Metallurgist;612029;0
16115736972;John Leon;Female;2013-09-06;Company secretary;519753;3
63318785967;Martin Turner;Female;2004-12-20;Pharmacist, hospital;63552;1
56540322333;Christian Alvarado;Female;2006-02-23;Designer, furniture;463673;1
27897169593;Mary Thompson;Female;2020-02-26;Therapist, speech and language;798868;5
53891153907;Terry Thomas;Male;2000-10-16;Consulting civil engineer;792793;1
87041589398;Stephen Blackburn;Male;2011-07-27;Programmer, applications;99106;0
88054144435;Eric Price;Male;2023-11-18;Engineer, water;381287;5
53599648722;Frederick Krueger;Female;2007-02-07;Psychiatrist;919931;2
56331903948;Rachel Allen;Female;2000-09-09;Forensic psychologist;24208;5
86875612203;Rose Flores;Female;2015-11-21;Printmaker;420757;5
05469953397;Carolyn Riley;Male;2014-06-04;Haematologist;38793;4
20354288360;Angel Barnett;Female;2021-01-17;Legal executive;271309;1
22666816993;Elijah Bradley;Male;2017-12-12;Civil engineer, consulting;265379;2
52371918054;Michael Cannon;Male;2006-08-22;Teacher, primary school;871251;1
73593173328;Leslie Parsons;Male;2010-06-14;Retail manager;806977;2
73605323634;Raymond Perez;Female;2011-09-02;Higher education lecturer;748795;1
85791037771;Mary Jefferson;Female;2020-03-21;Associate Professor;347813;3
67632142223;Rebecca Gibson;Male;2016-06-08;Jewellery designer;852471;4
13890691660;Linda Sims;Female;2001-12-28;Camera operator;160064;1
98987961715;Katie Arellano;Male;2001-04-10;Location manager;425356;3
42259391751;Tammy Rodriguez;Female;2020-04-19;Geologist, engineering;20179;1
34956564223;John Gordon;Male;2018-07-08;Adult nurse;392824;5
01722369060;Patricia Mayer;Female;2004-04-11;Trade mark attorney;455109;2
02096341740;Carolyn Reynolds;Female;2001-03-06;Network engineer;720368;0
13502387004;Jessica Hayden;Female;2003-05-01;Multimedia specialist;278145;2
56108802636;John Carroll Jr.;Male;2013-02-24;Community education officer;437557;3
57716268954;George Miranda;Male;2016-09-19;Journalist, broadcasting;959721;2
75348836473;Anthony Anderson;Female;2005-02-06;Chief Executive Officer;671233;5
58684954647;Vincent Mann;Male;2014-11-23;Journalist, newspaper;983478;5
23336286640;Chelsea Smith;Female;2001-09-27;Clinical cytogeneticist;590848;2
79316135537;Jesse Brown;Female;2017-07-18;Proofreader;615756;0
60443440202;Casey Armstrong;Male;2016-07-19;Designer, multimedia;306424;4
92007161379;Paul Davis MD;Female;2022-09-27;Restaurant manager;683460;3
80099065831;Jordan Garner;Male;2012-12-10;Facilities manager;307833;3
90370024956;Brittany Nelson;Female;2001-01-25;Charity fundraiser;600135;2
68054393083;Elizabeth King;Male;2001-04-22;Investment analyst;499599;3
23182089140;Brendan Huber;Female;2012-08-27;Lobbyist;324183;0
60207973595;Christine Ellis;Female;2021-05-06;Forest/woodland manager;14080;3
72789444955;Angelica Martinez;Female;2005-07-11;Diplomatic Services operational officer;663135;2
98257321596;Gina Stout;Female;2020-03-14;Chemist, analytical;760103;1
43117557413;Lisa Johnson;Male;2007-08-01;Office manager;104783;0
78752816541;Megan Mueller;Female;2013-06-15;Doctor, general practice;444755;2
88469071536;Jill Escobar;Female;2014-12-20;Engineer, maintenance (IT);583566;3
03704683456;Fernando Mejia;Female;2014-06-10;Plant breeder/geneticist;277958;3
14021167391;Gary Bishop;Female;2014-03-28;Counselling psychologist;978124;5
96221135780;Brenda Chavez;Male;2020-02-19;Doctor, hospital;65556;2
44147494542;Logan Lane;Male;2012-04-23;Scientific laboratory technician;709729;5
28397596120;Toni Wilson;Male;2009-10-17;Chief Executive Officer;377847;5
95546876171;Pamela Harrell;Male;2005-12-07;Editorial assistant;176755;2
58327439810;Daniel Lopez;Female;2018-02-27;Data processing manager;765291;4
34459801735;Jonathan Dudley;Female;2014-09-14;Wellsite geologist;840887;2
19975415105;Laura Evans;Male;2000-02-27;Insurance account manager;456928;2
93913204991;Gary Wiggins;Male;2001-03-24;Product/process development scientist;790832;1
84627906741;Justin Gonzalez;Male;2017-05-08;Optician, dispensing;352186;1
34421611690;Emily Williams;Female;2019-05-15;Mental health nurse;894025;0
55399562619;Michael Neal;Female;2019-03-23;Editor, commissioning;731108;2
33899996572;Michael Bryant;Male;2006-01-20;Further education lecturer;544899;3
50901070284;Whitney Robinson;Male;2015-04-09;Designer, jewellery;872370;1
25798630713;Mary Downs;Female;2012-11-19;Insurance underwriter;502556;5
65255020968;Erica Burns;Male;2007-07-22;Rural practice surveyor;866268;5
39319155578;Michael Hansen;Male;2009-08-17;Copywriter, advertising;271740;4
86654002182;Ryan Combs;Female;2008-07-03;Engineer, civil (contracting);859758;5
45853882517;Daniel Le;Female;2015-01-17;Education administrator;31035;1
39771077637;Frank Miranda;Female;2015-06-24;Tourist information centre manager;7730;4
61456698513;William Rodriguez;Female;2003-08-26;Medical technical officer;536669;1
99330314224;Christina Buchanan;Male;2000-08-09;Academic librarian;947586;0
48029384493;Shane Arellano;Male;2015-03-11;Surveyor, rural practice;903088;5
48916151086;Dean Wells;Female;2011-10-21;Water quality scientist;934810;1
77927172032;Brenda Smith;Male;2016-05-25;Conservator, museum/gallery;959910;2
79495767198;Evan Mendez;Female;2009-06-10;Minerals surveyor;727437;5
68207473408;Scott Moore;Female;2010-12-27;Patent examiner;80669;1
21099385643;Chelsea Tucker;Female;2008-02-14;Professor Emeritus;917466;0
95478050364;Timothy Mills;Female;2007-04-27;Press sub;951848;4
73536474311;David Robinson;Male;2009-01-05;Buyer, industrial;919786;2
49524418550;Gwendolyn Mann;Female;2021-08-07;Chief of Staff;23653;1
92907735774;Christopher Taylor;Male;2000-07-12;Ecologist;700772;3
28650573587;Daniel Chen;Male;2007-11-25;Information officer;248917;4
69551875424;Jennifer Moore;Male;2006-07-09;Industrial buyer;600945;0
82288449864;Scott Levy;Female;2005-05-03;Intelligence analyst;437294;4
82051159436;Jennifer Chang;Female;2006-02-05;Geneticist, molecular;114300;3
07355320441;Darren Murphy;Female;2022-04-08;Mechanical engineer;204456;3
92126591621;Devin Foster;Female;2016-10-14;Psychotherapist, dance movement;607818;2
34921037428;Roberto Macias;Female;2021-09-07;Acupuncturist;289403;4
08579428178;Mr. Richard Williams;Male;2003-05-06;Teacher, English as a foreign language;200716;5
63564282247;Tina Cantrell;Male;2008-12-18;Engineer, production;303647;2
90341919667;Meghan Carpenter;Male;2010-09-22;Fisheries officer;122329;4
71568381073;Kristin Mitchell;Female;2010-12-05;Emergency planning/management officer;985165;4
83161518404;Heather Walker;Male;2011-08-25;Engineer, water;842704;0
28792978328;Hailey Mejia;Male;2000-07-13;Astronomer;382597;0
52281056985;David Allen;Male;2007-02-18;TEFL teacher;267258;4
39391733710;Sandra Roberts;Male;2006-01-28;Surgeon;151381;5
33936026971;Catherine Williams;Male;2006-02-27;Occupational therapist;498097;1
00689942914;Jamie Smith;Male;2013-12-28;Secretary/administrator;519415;1
04602707119;Gary Mcpherson;Female;2010-10-12;Early years teacher;895374;5
16472926248;Judith Cook;Male;2007-03-03;Education officer, environmental;830110;0
27558237575;David Kim;Female;2022-06-04;Games developer;291726;0
73097655942;Deanna Rodriguez;Female;2010-12-19;Surveyor, land/geomatics;423578;3
61863662437;Dylan Downs;Female;2006-06-14;Radiation protection practitioner;666190;1
94955331584;Tara Hood;Female;2013-12-02;Hotel manager;270188;5
33508606529;Christina Jefferson;Male;2004-09-18;Air traffic controller;593693;3
03198646002;Micheal Brown PhD;Female;2009-09-14;Adult guidance worker;469640;0
89799007556;Richard Ortiz;Female;2018-11-05;Toxicologist;464559;5
64397449325;Frederick Cox;Female;2023-03-23;Legal secretary;998193;1
45314389721;Yvonne Estrada;Male;2009-01-06;Surveyor, minerals;157527;4
20781526729;Chris Keller;Female;2019-11-27;Publishing copy;955599;3
61500696630;Anita Nichols;Male;2002-01-12;Arboriculturist;770621;2
22928978061;Rachel Bradley;Male;2014-02-20;Buyer, retail;900325;5
60807497350;Carlos Mckay;Male;2002-11-07;Geographical information systems officer;534496;3
21721775430;Christine Davis;Male;2023-01-06;Surveyor, mining;749474;5
74692004688;Jennifer Davis;Female;2022-09-20;Personal assistant;740672;4
18171327415;Gregory Moody;Female;2011-09-18;Automotive engineer;938000;1
84841633701;Tracy Ford;Female;2000-03-06;Public relations officer;228384;3
36634679837;Derek Williams;Male;2013-08-16;Ophthalmologist;740936;4
65628090577;Jennifer Lyons;Male;2005-06-11;Programmer, applications;623171;5
88284742587;Darryl Vasquez;Male;2003-03-27;Animal technologist;643535;5
46894292731;Cody Stephenson;Male;2020-07-16;Learning mentor;184318;0
86964563438;Brittany Boone;Female;2013-04-08;Oncologist;209143;1
18708098598;Renee Jones;Female;2011-01-03;Purchasing manager;357624;0
97358186575;Ashlee Butler;Male;2002-03-17;Embryologist, clinical;226835;4
36829145675;Ashley Bowman;Male;2012-02-04;Public librarian;841635;0
52065427866;Sandra Peters;Female;2021-12-22;Audiological scientist;663725;0
58917405076;Jeremy Moss;Male;2010-12-15;Facilities manager;196022;4
39814518159;Kimberly Lewis;Male;2003-04-08;Architectural technologist;818325;2
10769643057;Ashley Leonard;Male;2023-07-14;Brewing technologist;977649;3
04579487287;Scott Woods;Male;2011-04-02;Secretary/administrator;572938;0
36162153897;David Jimenez;Female;2001-07-26;Child psychotherapist;567801;4
56576142510;Andrew Walters MD;Female;2001-06-06;Geologist, wellsite;93732;3
46677545488;Heather Campbell;Female;2000-03-20;Industrial buyer;941262;0
83130005559;Amy Reeves;Male;2021-05-16;Recycling officer;726675;2
79277656885;Kristen Reed;Male;2015-04-07;Producer, television/film/video;37322;3
48369511900;Christina Duncan;Male;2013-04-04;Optician, dispensing;931749;2
63340043737;Leonard Graham;Female;2014-02-06;Administrator;930169;3
14964527699;Nathaniel Palmer;Male;2019-07-19;Air cabin crew;267694;1
37119957522;Robin Jensen;Male;2002-03-16;Paediatric nurse;616157;1
25483113306;Kirk Richards;Male;2021-05-16;Charity fundraiser;583137;1
56766032032;Jerry Pennington;Female;2008-08-10;Claims inspector/assessor;473689;2
01904223984;Frank Rivera;Male;2023-11-22;Exhibition designer;218715;2
34988893501;Mark Hunt;Male;2020-12-06;Designer, textile;635169;3
00672361863;Monica Austin;Female;2003-05-03;Agricultural engineer;707568;1
65879081393;Donna Rosales;Female;2020-10-15;Outdoor activities/education manager;31219;2
96006268451;Hannah Russell;Male;2019-08-27;Merchandiser, retail;484399;2
43494209040;Dennis Good;Male;2003-05-24;Electronics engineer;970234;4
55049568775;Melissa Hughes;Male;2013-08-25;Geologist, wellsite;898045;2
06036016201;Benjamin Oliver;Male;2015-04-17;Intelligence analyst;841901;2
12661668000;Samantha Savage;Female;2023-11-20;Commercial horticulturist;499585;5
35565682930;Evan Baker;Male;2023-04-04;Designer, multimedia;497717;5
73544189710;Joanna Graham;Male;2021-09-10;Personal assistant;470361;3
40951524079;Brian Reyes;Female;2016-08-14;Sound technician, broadcasting/film/video;59426;1
66984976749;Monica Avila;Male;2005-04-27;Market researcher;319763;4
46677036648;Meagan Diaz;Male;2003-07-02;Chief Executive Officer;546675;3
49677641204;Mary Jennings;Female;2000-01-26;Journalist, broadcasting;608647;2
27526211268;Tracey Baker;Female;2020-09-08;Patent attorney;55901;2
51249763819;Mark Castillo;Female;2008-11-21;Immigration officer;372996;2
07355759264;Charles Bennett;Male;2009-01-02;Warden/ranger;520159;5
56115974689;Karen Wallace;Male;2003-09-09;Technical brewer;376944;2
18252163436;James Zavala;Female;2000-03-25;Industrial buyer;165507;4
30672668754;Janet George;Male;2005-03-22;Make;900836;5
08166236327;James Cook;Female;2019-11-03;Biomedical scientist;107274;1
15800158160;Patricia Adams;Female;2019-02-10;Quarry manager;863973;1
54252475096;James Brown;Female;2015-03-25;Therapist, drama;136275;5
69166126667;Teresa Rivera;Male;2010-12-11;Nurse, adult;809014;0
29987144354;Kelly Hunt;Male;2016-01-19;Microbiologist;767951;5
87952234623;Rebecca Thomas;Female;2018-06-27;Camera operator;435603;5
50648771642;Daniel Wyatt;Female;2007-03-25;Chartered legal executive (England and Wales);556653;5
07323618321;Glen Johnson;Female;2015-03-22;Community arts worker;705737;1
21989078077;Alexander Bell;Female;2005-03-18;Market researcher;636581;1
21904599030;Eric Cortez;Male;2013-02-09;Merchant navy officer;215195;0
03684003744;Jerry Cabrera;Male;2001-04-07;Trading standards officer;602951;5
91919992047;Brian Odonnell;Female;2021-08-04;Personal assistant;453666;1
02835903715;Mrs. Valerie Beck DVM;Male;2008-03-27;Chartered management accountant;75144;1
51989328286;Juan Castillo MD;Female;2002-06-24;Product manager;923003;0
18256780213;Maurice Martinez;Male;2002-09-14;Designer, graphic;867972;2
42004106147;Todd Gutierrez;Female;2021-05-01;Education officer, environmental;412488;0
34774163545;Kirsten Schroeder;Male;2007-05-02;Mudlogger;641612;3
08581593971;Christine Young;Female;2019-08-18;Cartographer;477996;0
99820921856;Marissa Conner;Male;2007-03-06;Further education lecturer;166482;5
40432080104;Robert Richards;Male;2016-02-26;Research officer, government;239712;3
03455844820;Joshua Stout;Male;2005-05-18;Special effects artist;871566;2
32243606237;Mrs. Rebecca Potter;Male;2005-06-26;Engineer, aeronautical;186436;5
67613003915;Jerry Cain;Female;2006-08-05;Industrial/product designer;294305;2
94966545431;Timothy Norton;Female;2021-03-21;Industrial buyer;186573;2
45503551060;Brenda Harrison;Male;2019-12-07;Quantity surveyor;823068;0
20896080840;Pam Fuller;Female;2007-05-12;Lecturer, higher education;587045;5
32202062520;Mario Campbell;Male;2019-04-13;Heritage manager;338569;5
65534492661;Robert Hubbard;Male;2011-08-02;Chartered management accountant;553961;0
29601148417;Patricia Jones;Male;2005-03-01;Administrator, Civil Service;841166;0
03038296582;Martin Bailey;Male;2016-12-06;Biomedical scientist;666492;1
98014286092;Christine Carter;Male;2015-06-05;Production assistant, television;978705;4
82069496507;Jay Thompson;Male;2016-05-13;Wellsite geologist;211667;4
79667565347;Andrew Rodriguez;Male;2001-11-02;Editor, magazine features;95038;4
81747684398;Gerald Anderson;Male;2012-04-20;Engineer, materials;432069;2
44847329411;Richard Mcclain;Female;2019-06-26;Advice worker;559452;4
49611666394;Kevin Rodriguez;Male;2020-07-04;Media planner;481186;4
53771166609;Eric Rodriguez;Female;2006-12-20;Scientist, research (medical);56750;2
09463341379;Danielle Williams;Female;2001-03-17;Office manager;695766;4
02734809934;Miss Jessica Tucker;Female;2008-05-22;Retail buyer;162130;1
39141119697;Connor Jacobs;Female;2020-04-10;Youth worker;804345;1
52026416164;Jerry Werner;Male;2023-10-27;Patent attorney;876850;0
90796175722;Colleen Anderson;Male;2016-06-02;Producer, radio;660058;4
73105995727;Daniel Dixon;Male;2004-08-15;Sound technician, broadcasting/film/video;119054;3
79904403162;Sharon Phillips;Female;2008-12-12;Location manager;591108;5
73800007778;Brett Francis;Female;2019-09-23;Research scientist (life sciences);750229;2
65990946308;Alfred Doyle;Male;2003-02-06;Engineer, technical sales;23797;4
95304813343;Ashley Schaefer;Male;2018-12-04;International aid/development worker;849025;2
04738606136;Julie Fox;Male;2017-07-04;Special educational needs teacher;92275;4
21245686650;Brady Edwards;Male;2019-01-10;Broadcast presenter;112567;4
79164711517;Maureen Li;Female;2005-01-25;Dance movement psychotherapist;195070;1
25693761720;Daniel Cohen;Female;2022-04-10;Operational investment banker;973892;1
52877987600;Mr. Ronald Fisher;Female;2019-11-26;Chartered loss adjuster;474161;5
78841175836;Lauren Anderson;Male;2021-04-11;Forest/woodland manager;294455;2
95626245930;Brittany Dean;Female;2009-09-12;Runner, broadcasting/film/video;833847;3
94036913871;Xavier Mcpherson;Female;2010-03-15;Learning disability nurse;603142;1
73300774615;Dana Simon;Female;2004-02-01;Scientist, audiological;44453;2
04186115648;Keith Lee;Male;2008-01-16;Embryologist, clinical;910010;0
16757439731;Sara Lewis;Male;2015-06-23;Corporate treasurer;297732;1
43336548191;Darrell Gomez;Male;2007-01-19;Biochemist, clinical;982515;4
56589022618;Amy Chaney;Male;2010-02-06;Research scientist (medical);322369;0
01502530859;Frank Palmer;Female;2007-04-05;Clinical scientist, histocompatibility and immunogenetics;697351;5
90820567057;Kimberly Martinez;Male;2019-07-24;Materials engineer;762177;2
36843819149;Deborah Bray;Male;2015-02-16;Contractor;463971;4
19289073032;Matthew Garcia;Male;2013-02-12;Public affairs consultant;705352;5
28060300635;Monica Hansen;Male;2002-08-21;Brewing technologist;17773;1
04679942854;James Brock;Male;2011-10-07;Financial manager;15940;3
11908159760;Mr. Michael Alexander;Male;2005-01-23;Clothing/textile technologist;588136;1
97984426620;Perry Lewis MD;Female;2004-03-01;Press sub;255967;4
51993743510;Candice Walker;Female;2022-05-19;Scientist, product/process development;931187;4
67013113788;Arthur Henderson;Female;2009-03-25;Lobbyist;43770;0
12696594409;Debra Davis;Male;2022-04-11;Drilling engineer;526972;2
03113097514;Melvin Perez;Female;2006-04-26;Health and safety adviser;303449;1
13096687420;Micheal Padilla;Male;2010-01-23;Advice worker;201164;3
25978175440;Marissa Garcia;Male;2017-05-26;Copywriter, advertising;297166;4
73554990156;David Jones;Female;2020-12-15;IT technical support officer;761397;0
73069910737;Patrick Thornton;Male;2016-12-15;Microbiologist;66371;0
43893430480;Anthony Grant;Female;2022-11-27;Air cabin crew;463383;2
05978313692;Julie Vaughan;Female;2008-01-05;Furniture designer;684272;2
26386972353;Julie Clarke;Female;2015-04-11;Set designer;940173;3
44080801987;Steve Stewart;Male;2019-02-12;Electrical engineer;887217;0
04941547712;Taylor Martin;Male;2014-04-16;Teacher, secondary school;188543;3
60752387606;Tami Lopez;Male;2012-11-23;Programmer, systems;659229;2
47289874529;Gary Dalton;Female;2017-06-19;General practice doctor;487988;1
76897607198;Theresa Collins;Male;2009-06-20;Dealer;267419;0
49069364419;Michelle Woodward;Female;2001-01-27;Financial controller;991457;0
49360309340;Deborah Hopkins;Male;2000-03-08;Teaching laboratory technician;443251;2
95555359307;Jeremiah Hill;Male;2021-12-13;Engineer, control and instrumentation;488397;4
68254963365;Olivia Randolph;Male;2020-04-20;Engineering geologist;548579;0
41007370846;Theodore Baker;Female;2017-03-02;Administrator, local government;56907;0
14311268118;Joseph Hoffman;Female;2010-07-25;Water quality scientist;900918;5
93548490259;Holly Suarez;Male;2022-06-21;Aeronautical engineer;127101;5
41008077129;Rachel Gonzalez;Female;2021-03-05;Database administrator;333613;5
22364210081;Charles Kelly;Male;2003-03-13;Biomedical scientist;113700;5
54226284270;Ethan Dixon;Female;2012-02-07;Transport planner;61462;1
18663715429;Daniel Russell;Male;2004-02-04;Commercial art gallery manager;922829;3
85657727565;Karen Kirk;Female;2005-04-25;Education officer, museum;96585;5
77652776248;Paul Duffy;Male;2016-05-08;Doctor, hospital;113843;1
45357488174;Kristi Davis;Female;2011-01-11;Designer, fashion/clothing;195960;4
85884312795;Kimberly Copeland;Male;2022-01-27;Editor, film/video;534359;5
76420491418;Ashley Webb;Female;2003-06-08;Accountant, chartered;178236;3
00406980255;Sabrina Briggs;Female;2009-03-08;Dentist;536452;2
18016692320;Lindsey Morrison;Male;2020-08-04;Maintenance engineer;204609;4
86623908377;Lisa Kelley;Male;2002-12-25;Cabin crew;953667;1
29063276805;Dennis Cervantes;Male;2018-02-20;Computer games developer;560981;0
22700508471;Deanna Perez;Female;2023-03-14;Aid worker;430607;1
65072251058;Christina Wilson;Male;2016-12-24;Primary school teacher;912605;3
28379634125;Janice Mitchell;Female;2009-10-06;Mental health nurse;941061;0
16455820583;Justin Price;Female;2007-05-02;Agricultural consultant;246944;3
95830826184;Aaron Wilson;Male;2018-08-23;Immunologist;94868;5
30422767442;Allison Howard;Male;2006-12-06;Engineer, petroleum;133463;4
05600448593;Brandon Benton;Male;2008-01-19;Nature conservation officer;892603;3
83237793015;Danielle Johnson;Female;2003-10-01;Patent attorney;692222;1
06733871692;Morgan Flores;Male;2005-06-23;Scientist, physiological;395345;2
43884398455;David Thompson;Female;2017-08-25;Exhibition designer;275743;3
74546126758;James Moody;Female;2023-05-21;Television production assistant;215756;1
31506349813;Zachary Thompson;Male;2000-04-17;Geophysical data processor;714779;5
24279077170;Jessica Bailey;Female;2008-08-16;Lexicographer;163092;2
47419075009;Kimberly Young;Male;2004-09-17;IT trainer;441211;1
16527348247;Sabrina Gonzalez;Male;2003-02-02;Medical illustrator;257470;4
42169608827;Mary Palmer;Male;2017-02-20;Environmental consultant;758147;0
14715610319;Johnny Bennett;Female;2001-06-07;Surveyor, land/geomatics;438199;1
38785220933;Ernest Peck;Female;2012-11-22;Magazine journalist;796349;4
65645173950;Caleb Bell;Female;2005-09-15;Jewellery designer;883055;2
30929011326;Alex Manning;Male;2003-03-18;Chiropractor;79799;5
66808681061;Joseph Simmons;Male;2018-12-17;Prison officer;495833;2
80683563695;Elizabeth Stone;Male;2020-01-14;Illustrator;901186;3
44431606847;Mr. Dustin Torres;Male;2005-01-05;Teacher, English as a foreign language;260049;3
98750106241;Kimberly Salinas;Male;2016-04-05;Civil engineer, consulting;579804;4
27540345330;Devin Glover;Female;2009-04-14;Administrator, education;972526;2
52105484878;Carrie Ray;Male;2002-08-18;Art gallery manager;785958;3
53718998276;Gregory Ellis;Male;2023-07-24;Optometrist;330862;0
87225522178;William Harris;Male;2009-10-15;Community education officer;453816;4
88136044290;Melissa Moore;Female;2011-01-10;Production assistant, radio;190117;3
35408519076;Guy Gilbert;Male;2016-09-28;Civil Service fast streamer;866813;2
81392285199;Jody Bailey;Male;2016-02-14;Scientific laboratory technician;459467;3
99465698437;Jason Cook;Female;2018-05-10;Ambulance person;894904;2
99988439190;Meghan Thomas;Female;2015-07-07;Doctor, general practice;187345;0
45434127187;Miranda Lowe;Male;2016-03-18;Administrator, local government;482626;5
18692796634;Julie Smith;Male;2002-06-26;Restaurant manager, fast food;707758;3
46632905095;Melvin Wilkinson Jr.;Male;2001-09-10;Office manager;562934;3
93427891256;Charles Taylor;Female;2006-10-15;Designer, ceramics/pottery;286235;3
54253247881;Katie Swanson;Female;2019-01-23;Engineer, petroleum;525665;5
31523108618;Bobby Pineda;Female;2005-09-17;Pension scheme manager;813168;3
27939141928;Austin Luna;Female;2020-05-03;Designer, fashion/clothing;84922;2
40986600393;Monica Mcguire;Male;2013-10-07;Systems developer;225021;4
87982192161;Crystal Ramirez;Male;2016-06-09;Psychologist, counselling;804267;2
11813145371;Beth Gordon;Male;2019-11-18;Associate Professor;357003;2
22904242117;Karen Jordan;Female;2013-09-08;Soil scientist;196549;4
20933202346;Angela Brooks;Female;2000-12-09;Surveyor, quantity;221594;5
50073914951;Max Coleman;Female;2020-07-08;Herpetologist;928412;2
97289736679;Steven Thornton;Male;2003-03-26;Psychiatric nurse;532120;2
49010049379;Matthew Lowe;Female;2005-05-10;Manufacturing engineer;552392;3
55782042113;Bobby Hudson;Male;2014-08-15;Commercial/residential surveyor;649910;0
35093528552;Kevin Nguyen;Male;2010-03-06;Product manager;590771;4
53652398426;Jorge Stewart;Male;2016-07-25;Research scientist (maths);574678;5
07970481304;Darren Davis;Male;2006-07-08;Soil scientist;689640;2
69224051210;Joe Hurst;Male;2006-01-07;Medical illustrator;984235;2
58805812581;Angela Collins;Male;2018-09-26;Catering manager;637503;5
92446285947;Patricia Reid;Female;2015-08-24;Retail merchandiser;169055;4
19480218789;Paige Thompson;Male;2006-08-22;Call centre manager;756858;3
94824413875;Monica Pope;Male;2023-01-04;Camera operator;155268;2
21243020548;Dawn Miles;Male;2010-04-10;Financial manager;836196;0
80053023520;Ashlee Burnett;Male;2010-03-21;Chief Operating Officer;958151;4
03351408560;Mark Mcdowell;Male;2021-07-26;Quarry manager;481774;2
28604052684;Samantha Davis;Male;2008-03-12;Waste management officer;956469;1
81974015104;Mark Smith;Female;2014-01-18;Animal nutritionist;543383;2
81569418174;Michelle Bell;Female;2022-09-18;Pharmacist, hospital;956580;2
81344144822;Brandy Spencer;Male;2021-11-08;Purchasing manager;294350;0
24543355523;Suzanne Morgan;Male;2003-02-10;Housing manager/officer;728759;2
79046680606;Jonathan Wu;Female;2004-10-04;Actuary;357447;1
81521950468;Kathleen Stark;Male;2017-12-18;Associate Professor;740326;3
73816182095;Teresa Sims;Male;2015-08-24;Health visitor;614419;2
44708079222;Abigail Roth;Male;2014-03-04;Electrical engineer;572355;1
13936076623;Karen Watts;Male;2017-06-02;Health service manager;958462;5
88996028729;Sonya Fleming;Male;2020-06-06;Petroleum engineer;968980;4
50068462773;Robin Hoffman;Male;2019-10-14;Ambulance person;619302;1
33678448715;Melody Sanchez;Female;2000-06-13;Accountant, chartered management;442557;2
18156853020;Warren Keller;Female;2013-11-11;Immigration officer;199209;0
34688418493;Mr. Brent Rivera;Male;2017-11-11;Chief Operating Officer;107252;2
76677395126;Joshua Burton;Male;2010-02-13;Chartered legal executive (England and Wales);671159;0
30617734480;Jeffrey Parks;Female;2006-08-11;Equities trader;746511;5
67673367968;Mary Tyler;Female;2000-03-05;Music tutor;663380;4
30042167255;Mitchell Rogers;Female;2008-11-25;Bookseller;211569;0
19362709477;Monica White;Female;2020-04-25;Solicitor, Scotland;755997;3
07840571160;Jason White;Male;2007-09-04;Information officer;183976;4
20551131767;Megan Meadows;Male;2015-09-11;Stage manager;200557;5
57423821063;Eric Dixon;Male;2003-01-13;Financial risk analyst;848069;4
04500412797;Kevin Ramirez;Female;2020-07-19;Chief Financial Officer;837448;0
71745361238;Debbie Wright;Male;2007-09-16;Further education lecturer;21853;3
80037032692;Paul Johnson;Female;2017-05-18;Engineer, electronics;563026;5
85984754907;Robert Allen;Female;2002-06-09;Geologist, wellsite;848341;0
52297449891;Christopher Ruiz;Female;2012-06-15;Engineer, electronics;235370;0
34351876051;Sarah Knapp;Male;2004-08-10;Solicitor, Scotland;547610;0
88660420094;Anna Ryan;Female;2016-12-16;Psychologist, educational;469216;5
29233716619;Ian Duran;Male;2004-08-28;Financial trader;219875;0
56988721961;Willie Rodriguez;Female;2012-11-19;Higher education careers adviser;284600;5
47121869644;Sara Brown;Male;2020-08-06;Estate agent;587065;4
67837160156;Monica Richard;Male;2018-01-01;Exercise physiologist;449843;5
71808968754;Alice White;Female;2022-05-26;Horticultural therapist;789827;2
39533534620;Trevor Vasquez;Male;2006-01-17;Teacher, adult education;608840;3
95443442423;Lauren Smith;Male;2001-10-11;Doctor, general practice;784022;5
55978212322;Mr. Bobby Gillespie;Male;2012-07-12;Scientist, physiological;599178;3
27054981919;Rhonda Mitchell;Male;2012-01-03;Marketing executive;444437;0
77599623724;Clayton Farrell;Male;2008-07-02;Environmental health practitioner;290548;5
58256650702;Margaret Anderson;Male;2018-12-01;Probation officer;535403;2
53953353893;Austin Santiago;Female;2012-10-07;Cartographer;436179;3
07817491141;Ashley Durham;Female;2017-06-19;Therapeutic radiographer;650420;5
22666447712;Erika Morrison;Male;2023-05-10;Chemist, analytical;366712;2
29331968666;Brandy Smith;Female;2011-07-10;Heritage manager;191292;3
16148509429;Vickie Little;Female;2008-08-09;Patent examiner;787468;5
15026107404;Bethany Cline;Female;2015-03-19;Special educational needs teacher;601837;3
71202880690;Stephanie Peterson;Female;2023-11-20;Environmental consultant;783348;1
63797478645;Heidi Bennett;Female;2010-02-26;Field trials officer;991304;3
51237876062;Kristina Bennett;Male;2018-08-05;Engineer, civil (contracting);766281;0
73372165769;John Tran;Male;2015-05-28;Nurse, adult;630105;2
89395299887;Madison Curtis;Female;2012-10-02;Operational researcher;823848;2
93684382691;Dr. Brett Fischer;Male;2008-01-15;Logistics and distribution manager;351009;3
52136512940;Donald Reed;Male;2012-03-09;Armed forces training and education officer;5354;3
01095950861;Alexis Nguyen;Male;2014-06-01;Engineer, manufacturing;419650;4
80570869200;Nathaniel Parker;Female;2013-05-20;Psychologist, sport and exercise;339860;2
34611248200;Max Simon;Male;2022-01-21;Pensions consultant;546816;5
79967821843;Jennifer Frank;Female;2008-10-12;Arts administrator;473777;4
27409422858;Jacob Levine;Male;2015-10-05;Forensic scientist;41060;5
73161231201;David Snyder;Male;2021-10-20;Scientist, forensic;713923;1
22647642930;Jennifer Jones MD;Female;2012-01-06;Investment banker, operational;940659;4
00423211319;Shawn Williams;Female;2003-09-06;Chiropractor;243637;5
20485016533;Lindsey Wiggins;Male;2023-04-13;Scientist, research (life sciences);867531;0
03073186015;Robert Hutchinson;Female;2018-09-15;Scientist, product/process development;50156;0
80920964574;Matthew Wilkinson;Male;2004-09-19;Mudlogger;621593;5
35922277883;Catherine Thomas;Female;2006-03-09;Production engineer;864251;1
51779037795;Samantha Morales;Male;2014-04-28;Scientist, water quality;133160;5
55663397449;Katherine Strong;Male;2001-01-13;IT consultant;761478;0
22467079431;Marcus Black;Male;2016-12-03;Barista;176250;1
85838631179;Claudia Graves;Female;2013-10-06;Chartered certified accountant;882659;0
49479999412;Paul Pugh;Female;2019-12-19;Accounting technician;156762;2
67156288504;Lorraine Ross;Female;2020-04-12;Production designer, theatre/television/film;737633;0
74902315667;Emma Phillips;Female;2017-07-09;Patent attorney;485369;0
99263309204;Brandon Cardenas;Male;2023-11-09;Scientist, physiological;147308;5
32935011379;William Howard;Female;2001-07-26;Environmental education officer;187974;5
06264395933;Bethany Ibarra;Male;2016-01-11;Actuary;242393;0
97304194512;Sarah Garrison;Female;2015-12-23;Scientist, forensic;828406;0
80345867952;Patricia Thompson;Female;2021-11-08;Writer;59861;0
35256426297;Kristen Diaz;Male;2008-07-10;Designer, interior/spatial;764597;2
66340314200;Daniel Lee;Male;2022-02-28;Medical technical officer;8663;5
53930711083;Jennifer Hernandez;Male;2018-09-11;Ambulance person;114707;0
03795676573;Elizabeth Montgomery;Female;2007-05-21;Administrator, charities/voluntary organisations;515240;3
05145879739;Alicia Barrett;Female;2019-10-18;Microbiologist;540522;2
58249234634;Rachael Fisher;Female;2012-11-13;Furniture designer;512512;5
89048772578;Samuel Jenkins;Male;2003-09-05;Sports therapist;745638;1
84389573703;Brent Lopez;Male;2015-07-06;Scientist, clinical (histocompatibility and immunogenetics);225081;2
28547124930;Michael Turner;Female;2012-11-14;Retail banker;504584;0
25860278052;Laura Reynolds;Male;2009-05-18;Higher education lecturer;447294;1
21105360230;Kyle Daniel;Female;2010-10-08;Clinical scientist, histocompatibility and immunogenetics;981136;2
12945121775;Heidi Robinson;Female;2014-03-16;Automotive engineer;677004;0
47906032331;Katherine Wallace;Female;2008-03-12;Teacher, English as a foreign language;375102;3
12476146778;Samuel Miles;Female;2013-08-23;Chartered public finance accountant;425851;4
75693161309;Robert Hayes;Female;2005-06-01;Accounting technician;675970;0
99446081573;Tara Meyer;Male;2022-08-05;Interpreter;555919;2
48386294984;Luke Lara;Female;2005-12-11;Scientist, water quality;281058;5
21073885150;Troy Sanchez;Female;2011-06-10;Lighting technician, broadcasting/film/video;899162;1
50169298738;Mrs. Amy Day DVM;Female;2012-04-01;Graphic designer;956604;2
07594040727;Michaela Robertson;Female;2020-01-13;Computer games developer;835400;0
05278912953;Shannon Lynch DDS;Male;2008-11-05;Facilities manager;200602;0
38293764950;Kayla Campbell;Male;2000-04-17;Therapist, speech and language;521424;5
97677577493;Whitney Weber;Male;2008-05-23;Clinical molecular geneticist;468017;3
13077384625;Karla Caldwell;Male;2006-03-17;Energy engineer;601096;0
71896620387;Stacy Wolfe;Male;2001-04-02;Heritage manager;853183;3
63230930081;George Esparza;Male;2022-03-09;Outdoor activities/education manager;908678;0
09407766626;Cynthia Oconnell;Male;2003-11-16;Ambulance person;533350;4
28360307227;Allison Williamson;Male;2002-08-26;Conservator, furniture;313188;5
68585590183;Mary Long;Male;2014-03-27;Quality manager;524683;2
58069266545;Amy Brown;Female;2016-12-26;Surveyor, insurance;355140;3
17597506360;Justin Larson;Male;2009-03-20;Financial planner;257810;4
64371868420;Robert Ford;Female;2004-01-25;Research scientist (maths);547513;0
42203512573;Steven Johnson;Male;2010-04-02;Software engineer;598766;2
88340595982;Laura Kelley MD;Male;2010-01-19;Police officer;21850;0
62984887927;Bethany Kennedy;Female;2010-11-15;Marine scientist;963534;2
04121533374;Barbara Mendoza;Female;2021-01-08;Civil Service fast streamer;876808;3
03540927011;Daniel Walker;Female;2023-05-28;Press photographer;785247;0
08832609163;Jason Morris;Female;2021-01-07;Biomedical engineer;670497;1
93993201238;Nancy Bishop;Female;2006-04-12;Barrister;823062;1
73675843543;Kristin Ellison;Female;2010-11-14;Sound technician, broadcasting/film/video;312651;3
98667650660;Jennifer Morris;Male;2013-01-23;Jewellery designer;556773;2
32883246193;Melissa Watson;Male;2018-06-28;Financial planner;12084;0
64417816647;Jason Evans;Male;2004-01-19;Education officer, community;16104;4
82003136324;Phyllis Friedman;Female;2017-06-13;Research scientist (maths);106229;5
59471534265;Chelsey Hester;Male;2023-06-08;Chartered loss adjuster;919041;0
42337932948;Shannon Rogers;Female;2012-07-07;Chartered legal executive (England and Wales);529338;4
20824871920;Kathryn Smith;Male;2022-12-06;Statistician;485039;2
41568951437;Matthew Cardenas;Male;2007-07-11;Cartographer;186521;4
92842284482;Steven Daniel;Male;2005-04-08;Corporate investment banker;148610;1
87336143022;Mrs. Nicole Richards;Female;2006-04-12;Chemist, analytical;793064;4
92372958052;Jeanne Webster;Male;2001-07-05;Nurse, learning disability;274418;3
54564568254;Renee Hensley;Female;2008-08-20;Environmental manager;570162;1
55821332278;Christine Collins;Male;2004-06-02;Clothing/textile technologist;208858;3
75750862481;Stephanie Conway;Female;2021-03-08;Licensed conveyancer;610244;1
14734392633;Mrs. Ashley Daniel;Male;2017-03-26;Air cabin crew;725389;5
83537829995;William Dalton;Female;2008-06-14;Ecologist;755122;2
10097672368;James Sanford;Female;2016-07-27;Field seismologist;261394;3
93858930125;Phillip Martinez;Female;2007-11-09;Development worker, community;14218;5
53066965793;Ashley Gay;Male;2013-11-05;Television floor manager;976052;2
50824255520;Julie Phillips;Female;2014-10-25;Contracting civil engineer;700477;1
98420835687;Lance Burton;Female;2020-11-24;Journalist, broadcasting;965036;0
23824722908;Kelsey Brown;Male;2022-04-17;Civil Service administrator;27786;1
87170827058;John Tran;Male;2014-02-11;Conference centre manager;694054;0
81274903678;Ann Fowler;Male;2002-11-09;Agricultural engineer;267944;5
54251464948;Jordan Lee;Female;2022-05-18;Retail banker;593305;4
76926312562;Julia Conley;Female;2007-08-27;Furniture designer;678604;1
41799481995;Steve Wright;Male;2012-08-18;Optician, dispensing;202755;3
76282837773;Kimberly Hill;Male;2008-03-26;Transport planner;704463;3
21465382654;Kenneth Williams;Male;2008-08-21;Network engineer;542723;0
05937904575;Matthew Harris;Male;2013-11-09;Insurance account manager;567166;1
51081687548;Megan Garcia;Male;2016-05-24;Recycling officer;382227;1
53301511870;Lisa Espinoza;Male;2017-10-08;Psychologist, sport and exercise;644254;1
88942326579;Justin Walker;Male;2010-06-08;Armed forces technical officer;30511;0
60382443553;Evan Walker;Female;2002-07-22;Garment/textile technologist;55362;2
47585801468;Morgan Walsh;Male;2023-09-13;Ranger/warden;671459;0
22462256946;Debra Carter;Female;2020-04-25;Holiday representative;374095;0
70107470292;Keith Garcia;Male;2010-08-28;Audiological scientist;658322;3
05107562200;John Wilkerson;Female;2020-03-18;Sub;229399;0
98673601803;Denise Ferguson;Male;2022-08-06;Engineering geologist;799208;3
48276609453;Leonard Dillon;Male;2015-07-27;Television floor manager;510423;3
28004817808;Christina Rivera;Male;2013-08-24;Personnel officer;673234;5
93817081139;Jennifer Graham;Female;2012-03-13;Technical author;727728;1
22076671540;Robert Stevens;Male;2007-05-06;Cytogeneticist;811699;0
96219003011;Jody Ellis;Female;2014-05-01;Armed forces logistics/support/administrative officer;308473;4
60671976455;Brittany Gray;Male;2008-06-06;Interior and spatial designer;398664;1
09717454576;Eric Chavez;Female;2018-06-09;Chemical engineer;854740;2
92077074953;Jenna Horn;Male;2005-07-20;Garment/textile technologist;354979;3
24774941648;Andre Crawford;Female;2000-06-25;Medical physicist;553745;4
07374863510;Alicia Hansen;Male;2018-05-12;Television/film/video producer;829165;5
07994162585;Ellen Matthews;Male;2016-10-02;Sport and exercise psychologist;906113;1
85697918719;Amy Gonzales;Female;2003-12-11;Freight forwarder;794109;0
64806555129;Steven Meyer;Female;2005-12-14;Professor Emeritus;547986;5
68742330499;Stacie Ford;Male;2000-12-03;Oceanographer;699223;0
95633273266;Samuel Thornton;Female;2006-12-09;Therapist, sports;730757;2
29321557223;Stacey Griffith;Female;2000-02-10;Teacher, English as a foreign language;924863;0
78471797141;Kathleen Duran;Male;2014-05-12;Development worker, community;515168;4
45445022828;Jo Barnes;Male;2014-11-21;Financial trader;194369;4
35973604764;Elizabeth West;Male;2008-11-15;Aeronautical engineer;332222;5
08435895350;Jacob Roy;Female;2011-04-28;Engineer, communications;142304;3
68645772564;Kathy Jensen;Male;2023-12-09;Administrator, sports;471823;5
80299220158;Lori Miller;Male;2019-09-18;Glass blower/designer;140628;0
83919624213;Christine Baldwin;Female;2008-06-22;Human resources officer;19989;4
36049975023;Karen Delgado;Female;2012-11-01;Engineer, communications;356995;1
23402663441;Paula Maldonado;Female;2004-09-11;Building services engineer;306932;0
32504710661;Michael Frey;Male;2020-02-17;Ranger/warden;771733;0
43881562808;Jessica Villegas;Female;2020-01-23;Therapist, art;256164;2
77110123516;James Gates;Female;2013-03-16;Scientist, research (physical sciences);689589;0
53452836351;Michael Haas;Female;2003-01-09;Dietitian;294718;4
89302254234;Nathan Anderson;Male;2005-05-08;Games developer;550379;1
11040383078;Jasmin Booker;Male;2021-03-12;Therapist, speech and language;80747;0
61038602235;Cameron Davis;Male;2015-04-22;Furniture conservator/restorer;544703;4
42490514350;James Brown;Male;2005-07-13;Scientist, water quality;418876;1
53529861494;Nicole Harris;Male;2014-03-05;Dietitian;617402;3
29741575234;Cory Thomas;Female;2001-02-17;Senior tax professional/tax inspector;553169;4
92716583173;Benjamin Atkins;Male;2013-02-13;Solicitor;493029;4
33700722862;Michael Mccullough;Male;2008-07-02;Local government officer;565419;0
10145461337;Sara Curry;Female;2012-12-23;Surveyor, rural practice;821246;0
79439178101;Robert Scott;Male;2005-04-02;Recycling officer;83478;5
27807781043;Micheal Thompson;Male;2001-05-12;Lighting technician, broadcasting/film/video;883359;5
06612845197;Jesse Walls;Female;2000-01-17;Diplomatic Services operational officer;852299;1
85597979938;Karen Wagner;Female;2005-08-02;Toxicologist;526902;1
63655381686;William Knox;Female;2001-11-06;Engineer, agricultural;642080;5
60545010141;Kayla Young;Male;2002-05-16;Technical sales engineer;546011;4
44956517914;Megan Gross;Female;2001-02-25;Dramatherapist;448749;5
33582737959;Carlos Hamilton;Male;2016-08-24;Careers adviser;439454;2
78438717875;Gloria Medina;Male;2019-01-17;Designer, ceramics/pottery;911288;4
69198437558;Lisa Eaton;Female;2001-04-27;Theatre manager;764528;3
95345133032;Dr. Brandon Smith;Female;2001-09-16;Chiropractor;174008;1
14832219615;Ryan Alvarez;Female;2003-10-14;Actuary;434837;0
23771375659;Jonathan Padilla;Male;2017-11-21;Designer, ceramics/pottery;113291;1
69871639860;Eric Rivera;Male;2019-03-24;Immigration officer;431265;2
13740037168;Joanna Winters;Male;2010-07-27;International aid/development worker;756200;3
47686092585;Lauren Thomas;Male;2011-09-23;Engineer, drilling;979169;1
70455277527;Brandy Roth;Female;2003-10-25;Museum/gallery conservator;590031;4
39404196190;Raymond Munoz;Male;2000-07-04;Editor, magazine features;169669;4
24963247173;Matthew Brown;Female;2023-11-14;Sales professional, IT;322083;1
61018625882;Brett Hanson;Female;2016-07-25;Water engineer;772442;4
23358026512;Mr. Joseph Mcgee IV;Male;2010-07-26;Insurance account manager;283971;2
54263577436;Carmen White;Male;2003-06-21;Data scientist;390937;3
83724086593;Christian Williams;Female;2004-07-19;Geophysicist/field seismologist;648981;4
92548907589;Noah Wilson;Male;2017-08-15;Producer, television/film/video;201137;5
14914624832;Keith Cabrera;Female;2014-09-27;Field seismologist;521342;4
66609727389;Marcus Davis;Male;2019-12-01;Engineer, water;262770;4
03912835890;John Edwards;Female;2001-01-11;Charity fundraiser;170403;2
89984084185;Jerome Hood;Male;2017-08-15;IT consultant;411204;3
81173621853;Benjamin Singleton;Male;2001-04-14;Public librarian;43901;3
70176218142;Kara Fuller;Male;2001-05-22;Senior tax professional/tax inspector;575514;1
72596617604;Jacqueline Williams;Female;2006-09-01;Research officer, political party;82884;5
82608065277;Theodore Walker;Female;2008-01-22;Chartered legal executive (England and Wales);881722;1
24158495354;Joshua Holland;Female;2012-07-20;Management consultant;375711;3
60452531641;Blake Pittman;Female;2001-01-28;Commercial art gallery manager;396717;4
41485858378;Robert Welch;Female;2021-05-20;Curator;180214;0
51115467964;Cassandra Hayes;Male;2019-04-24;Horticulturist, commercial;525860;5
30908537230;Danielle Hays;Female;2017-04-07;Therapist, speech and language;129788;4
27726212607;Jessica Chavez;Female;2012-02-12;Clinical biochemist;951870;0
63790955764;Jasmine Dixon;Male;2020-04-05;Lawyer;715469;0
24404165864;Amber Powell;Female;2008-12-19;Ceramics designer;943987;1
48695332100;Stephanie Jackson;Male;2013-07-23;IT sales professional;606586;3
68950007522;Anthony Murphy;Female;2002-03-14;Textile designer;169219;2
32130596845;Sara Gibson;Female;2018-06-18;Engineer, agricultural;461393;3
96395487259;Jennifer Rodriguez;Male;2011-09-01;Engineer, civil (contracting);378485;4
83056431270;Natalie Brown;Female;2008-06-23;Education officer, environmental;635981;0
31142512151;Cheryl Wilson;Female;2014-09-10;Best boy;488873;3
68384555706;Jamie Watkins;Female;2003-05-08;Land/geomatics surveyor;605445;5
83883534255;Maria Davis;Male;2020-09-18;Teacher, music;998646;1
80363503931;Kevin Gonzalez;Female;2005-08-09;Engineer, maintenance;668328;5
51995858845;Lisa Baxter;Female;2020-06-24;Retail manager;78090;0
59665591311;Jason Willis;Female;2007-04-24;Archivist;538689;5
86564380368;Frank Andrews;Male;2000-03-10;Tax inspector;816116;2
82334584379;Melissa Thomas;Male;2004-01-24;Surveyor, minerals;196906;2
13895203922;Michael Thompson;Female;2006-12-28;Video editor;60802;4
68820643946;Victor Cook;Female;2010-11-12;Chief Marketing Officer;424411;4
86315588049;Olivia Banks;Female;2014-05-07;Teacher, English as a foreign language;283357;2
37671957534;Michael Chapman;Male;2021-12-01;Nurse, mental health;734637;2
58105885124;Betty Mccann;Male;2015-10-14;Metallurgist;239010;2
84393350275;Audrey Figueroa;Male;2018-09-19;Nurse, adult;494293;1
95630772060;Joshua Carlson;Female;2015-04-07;Occupational hygienist;790906;0
15123963092;Kyle Bailey;Female;2012-08-16;Tax adviser;670717;4
54578231196;Tracy Lane;Female;2015-02-22;Geoscientist;115353;5
76648343539;Jesse Castaneda;Male;2011-04-17;Psychotherapist;38663;0
89173287577;James Walsh;Female;2008-09-13;Sports development officer;56226;4
61853537128;William Knox;Female;2012-12-22;Travel agency manager;540823;0
13195962439;Linda Smith;Male;2000-09-13;Sound technician, broadcasting/film/video;923593;0
01529577738;Clayton Woods;Male;2017-09-19;Commercial art gallery manager;141990;4
19703747855;Jessica Richardson;Male;2004-11-20;Clinical scientist, histocompatibility and immunogenetics;803577;2
64736278546;Brian Holmes;Female;2020-08-04;Diplomatic Services operational officer;378761;4
27025610005;Lisa Espinoza;Male;2002-11-16;Psychologist, clinical;384688;5
12510786024;Megan Williams;Female;2005-05-26;Copy;244061;4
99991652170;William Davis;Male;2000-01-10;Community education officer;388764;0
72701660304;Kim Brown;Female;2014-11-28;Film/video editor;355313;2
28012490183;Brian Willis;Female;2010-05-13;Dancer;599109;3
31382958962;Timothy Boyd;Male;2016-08-09;Geoscientist;330592;0
56123979655;Tiffany Johnson;Male;2016-10-06;Learning disability nurse;912347;0
51192950991;Richard Ponce;Male;2017-11-27;Brewing technologist;174311;5
79848324286;Michael Mccarthy;Male;2010-03-10;Clinical psychologist;440135;2
97519753324;Jennifer Roberts;Male;2003-06-10;Air broker;537925;1
68909020380;Todd Cruz;Female;2009-03-14;Health promotion specialist;267668;1
89191357092;Eric Mckay;Male;2020-03-11;Production engineer;511455;5
44298975688;Cristian Sanchez;Female;2010-01-16;Civil Service administrator;621990;3
15768181809;Stephanie Osborn;Male;2014-05-20;Scientist, research (physical sciences);700896;3
13868552238;Andrew Williams;Male;2001-05-12;Therapist, drama;411429;3
89887083337;Sheri Whitaker;Female;2002-03-12;Counselling psychologist;563924;5
19067673923;Kevin Hernandez DDS;Male;2010-06-20;Surveyor, mining;560154;1
33331358251;Robert Hughes;Female;2013-07-04;Emergency planning/management officer;472726;1
35646668847;Justin Kennedy;Male;2002-05-07;Air cabin crew;825891;0
57117472406;Mary Jackson;Female;2004-09-01;Software engineer;216215;5
78441929997;Melissa George;Female;2016-07-20;Product designer;666199;5
47605944589;Joyce Stevens;Male;2017-12-06;Engineer, petroleum;831797;0
63980580523;Dustin Hicks;Female;2004-12-08;Lighting technician, broadcasting/film/video;295600;5
03048455688;Blake Henderson;Female;2008-11-27;Education officer, community;210398;1
58177011256;Renee Mcdonald;Male;2011-08-14;Product/process development scientist;762799;5
54447078036;John James;Female;2021-03-16;Clinical embryologist;5505;5
85558568674;Lisa Duncan;Female;2014-05-10;Freight forwarder;363880;4
62300532536;Frank Neal;Female;2020-03-20;Psychologist, clinical;863087;5
12533149687;Jennifer Miller;Male;2014-04-09;English as a second language teacher;823966;0
80966414543;Denise Poole;Female;2017-02-08;Armed forces training and education officer;428155;3
19874785510;Troy Evans;Male;2023-09-27;Cartographer;963467;1
90283654390;Jorge Johnson;Male;2015-03-14;Building control surveyor;417946;1
37900698636;Megan Wong;Female;2019-10-10;Therapist, sports;26621;2
64796629203;Elijah Miller;Male;2013-04-25;Public librarian;743160;2
69156645732;Jessica James;Female;2003-05-20;Medical laboratory scientific officer;176556;4
02052093604;Ann Grant;Female;2015-02-17;Surveyor, minerals;877458;1
81819046485;Rhonda Galloway;Female;2014-10-12;Armed forces training and education officer;425698;3
65160642742;Thomas Bowers;Male;2019-03-15;Sales executive;98684;4
21109011538;Amy Brown;Male;2016-06-03;Public affairs consultant;503390;4
74548427996;Susan Gonzales;Male;2013-11-10;Producer, television/film/video;588180;1
94925546697;Antonio Ramirez;Female;2005-03-04;English as a foreign language teacher;272447;0
00967267357;James Mora;Male;2012-11-03;Editor, film/video;472029;1
50513847725;Jessica Welch;Female;2003-11-21;Mudlogger;356861;4
19097465444;Christina Hernandez;Male;2001-06-22;Planning and development surveyor;711821;3
25710809526;Scott Richard;Male;2001-02-09;Marine scientist;990192;4
21176404582;Patrick Bishop;Female;2000-12-11;Therapist, horticultural;971455;3
06781361158;Caleb Hansen;Female;2008-12-18;Buyer, industrial;354258;4
65662683067;Shawn Freeman;Male;2003-02-07;Facilities manager;512434;1
82912225596;Alyssa Wallace;Female;2023-07-05;Personal assistant;910123;1
73285020392;Tyler Hill;Male;2020-06-28;Records manager;150065;5
88264153094;William Garcia;Male;2014-06-21;Sales executive;514411;2
25640156844;David Anderson;Female;2007-12-25;Surveyor, commercial/residential;105241;5
99030590191;Ronald Bell;Female;2021-10-06;Advertising art director;629241;3
88210966904;James Smith;Female;2021-02-13;Legal secretary;636219;5
24681364500;Christine Burch;Male;2000-09-08;Audiological scientist;628419;3
43874283051;Jean Mccoy;Male;2011-03-18;Occupational psychologist;604981;4
90408768024;Ashley Chavez;Male;2001-04-24;Scientist, audiological;28157;3
89789621794;John Elliott;Female;2000-03-18;Chartered certified accountant;520610;2
81729375030;Helen Clark;Female;2009-07-07;Production assistant, radio;564797;1
81293549784;Mark Higgins;Male;2014-09-27;Social worker;595402;1
20310497324;Brian Martinez;Female;2010-05-21;Editor, magazine features;291749;2
53923783879;Tina Miller;Female;2015-04-27;Clinical psychologist;672707;3
90891811081;Lori Stewart;Female;2016-07-09;Copywriter, advertising;743597;4
58615126366;Randall Leach;Male;2010-01-17;Call centre manager;520609;4
36032769237;Alyssa Gomez;Male;2003-10-01;Contractor;860872;5
39735887097;Kendra Conrad DDS;Female;2008-04-19;Museum/gallery curator;81007;5
58932730754;Jacob Strickland;Male;2003-03-04;Administrator, education;778972;0
24375355541;Charles Myers;Male;2002-12-13;Lobbyist;47753;1
26490925172;Lisa Ho;Male;2020-08-22;Scientist, biomedical;918436;1
72944663379;Amy Hernandez;Male;2010-07-16;Investment banker, operational;172342;0
55472075190;Emily Snyder;Female;2017-12-21;Housing manager/officer;435805;0
86358814824;Arthur Harrell;Female;2013-07-13;Secretary, company;826974;0
65020986504;Jennifer Cooper;Male;2004-03-28;Lighting technician, broadcasting/film/video;624441;4
38054560009;Shane Moody;Female;2012-09-23;Health promotion specialist;81655;3
79839958414;Jonathan Williams;Male;2007-07-02;Artist;812381;4
96938771627;Steven Perez;Female;2003-04-08;Designer, fashion/clothing;127068;5
39919613808;Andre Zimmerman;Male;2013-09-09;Commercial horticulturist;518711;4
44170333427;Joseph Lewis;Male;2017-02-11;Engineering geologist;145412;4
68348792208;Ryan Rodriguez;Male;2020-06-25;Administrator, Civil Service;42502;4
17412176495;Randy Farmer;Male;2007-12-24;Runner, broadcasting/film/video;248765;5
63228683508;Christopher Rosales;Male;2003-10-25;Translator;119869;5
79882932762;Joseph Stanley;Male;2011-01-06;Prison officer;202093;5
80931006473;Richard Monroe;Male;2017-02-24;Equities trader;728753;5
57115674031;Mark Gray;Male;2006-11-02;Arts administrator;583551;0
22607407326;Susan Martin;Male;2011-02-05;Lecturer, further education;746486;5
25094616537;Todd Moreno;Male;2023-01-13;Lecturer, further education;233478;3
91292474045;Christina Brown;Female;2000-05-14;Broadcast engineer;54777;3
44408617437;Dr. Ralph Clark;Male;2020-02-09;Diagnostic radiographer;8654;0
67208295956;Cathy Fuller;Male;2006-06-14;Legal executive;291170;1
52858940568;David Hoffman;Female;2001-06-24;Radiation protection practitioner;442199;4
84015170554;Natalie Frost;Male;2010-09-24;Advertising account planner;897873;3
20589039855;Paul Rojas;Male;2015-09-11;Historic buildings inspector/conservation officer;289229;4
61582629986;Stacy Jones;Male;2023-05-19;Stage manager;453505;5
19001270149;Brent Young;Male;2014-08-28;Records manager;586018;2
02693869206;Tamara Hall;Male;2001-11-26;Dance movement psychotherapist;61034;1
61939678756;Leslie Graves;Male;2002-09-04;Chief Operating Officer;105236;1
21017697106;Jacob Clark;Female;2021-11-01;Tourist information centre manager;103185;1
60551216966;Brandon Scott;Female;2014-12-09;Records manager;906548;0
73364690829;Austin Harrington;Male;2005-11-19;Exhibitions officer, museum/gallery;139796;5
17117466888;Jose Chapman;Female;2015-03-21;Cabin crew;735398;4
28272477134;Amy Lopez;Male;2013-10-08;Midwife;6218;3
99105313711;Austin Gutierrez;Male;2016-06-01;Sports coach;80024;0
77317286659;Kristen Anderson;Male;2002-09-03;Surveyor, quantity;779706;2
87043742913;David Roberson;Male;2017-07-25;Technical sales engineer;211608;0
18084108697;Aaron Haney;Female;2006-08-26;Health visitor;993983;2
10699573209;Anna Wood;Male;2000-05-07;Jewellery designer;363832;1
57566654313;Jennifer Rivera;Female;2019-02-13;Materials engineer;251845;5
81394344744;Larry Solomon;Female;2008-03-13;Medical physicist;196696;4
72435980563;Tanya Roberts;Female;2006-05-16;Accountant, chartered;328221;0
00009825491;John Garza;Male;2012-04-08;Clinical research associate;582116;3
79731654125;Matthew Garrett;Female;2010-05-22;Public librarian;855879;4
41590806147;Mark Oliver;Female;2020-05-10;Physiological scientist;739945;1
61377266280;Aaron Smith;Male;2011-07-10;Health physicist;967377;3
84396578887;Kimberly Mckenzie;Male;2014-01-17;Media buyer;804989;5
56510094379;Danielle Tyler;Male;2008-12-08;Warden/ranger;604644;1
70221044975;Jacqueline Mills;Female;2021-09-25;Passenger transport manager;965635;3
85338061130;Michael Zimmerman;Male;2001-02-13;Operational investment banker;376784;4
17509204165;Joe Vargas;Female;2004-12-11;Purchasing manager;799747;0
60916993005;Brett Beasley;Female;2010-09-05;Engineer, agricultural;455753;1
92500367899;Jodi Norton;Female;2014-05-24;Research officer, government;312698;4
91632383283;Sharon Thomas;Male;2002-10-20;Engineer, manufacturing systems;472964;3
63822864595;Randy Moss;Male;2009-04-01;Editor, film/video;958227;4
46636451210;Karen Lane;Female;2009-11-09;Race relations officer;354757;4
75575218083;Joseph Evans;Male;2002-01-23;Lobbyist;113616;5
05123300467;Donna Gross;Male;2015-10-21;Engineer, water;559711;0
44092226944;Lynn Flores;Male;2018-04-14;Corporate investment banker;340152;3
49296238591;Dr. Kristopher Blair;Female;2000-10-04;Health physicist;883709;5
91274715782;Paul Baxter;Male;2016-11-07;Psychologist, sport and exercise;991556;2
53743300668;John Johnson;Female;2018-08-24;Engineer, land;2662;1
35506784337;Thomas Stevens;Male;2006-10-10;Pensions consultant;988977;4
25334600579;Katherine Henderson;Female;2013-04-13;English as a foreign language teacher;725018;1
74935127542;Pedro Johnson;Male;2020-01-27;Prison officer;687365;5
53987172045;Kristin Boone;Male;2002-09-19;Biomedical scientist;406762;4
58495646762;Wayne Young;Male;2004-07-06;Furniture designer;573323;1
05603917419;Jason Hunter;Female;2013-07-27;Microbiologist;287064;1
30345076674;Aaron Haynes;Female;2021-12-16;Arts development officer;653032;3
43632732404;Matthew Flores;Male;2007-02-16;Lexicographer;668317;1
20569361783;Marilyn Sanchez;Female;2012-11-17;Chemical engineer;736099;5
20468579325;Dan Martinez;Female;2012-10-09;Furniture conservator/restorer;653903;0
92648247981;Lisa Wilson;Female;2002-03-06;Sales professional, IT;873617;0
53060159014;Harry Hawkins;Male;2018-06-02;Estate agent;944728;4
18283381775;Dr. Amanda Phillips;Female;2010-12-23;Psychotherapist, child;285008;2
31695744522;Jeanne Li;Female;2005-07-16;Geophysical data processor;192520;0
63883088666;Katherine Parks;Female;2020-05-04;Bookseller;52700;3
78610332691;William Pace;Male;2014-10-15;Operations geologist;625599;3
94717670107;Richard Martin;Female;2002-04-09;Warehouse manager;925363;2
76425225870;Stephanie Mccoy;Male;2018-03-24;Presenter, broadcasting;851162;2
83451569678;Kerri Dawson;Female;2018-06-21;Race relations officer;626098;0
58557681160;Penny Glass;Female;2021-05-28;Records manager;459071;2
75273916766;James Martin;Male;2018-12-15;Development worker, international aid;630894;0
82217726575;Pamela Christensen;Female;2012-08-22;Waste management officer;392951;4
79670509686;Justin Gomez;Male;2007-01-25;Retail banker;484356;4
92100778560;Tony Choi;Male;2018-05-06;Computer games developer;89456;4
60993551809;Erika Santos;Female;2016-06-17;Surveyor, building control;909802;1
48371487688;Shane Vaughan;Female;2014-03-22;Archivist;482515;4
70169280072;Scott Molina;Female;2004-10-28;Engineer, technical sales;801233;2
48902347226;Jackie Saunders;Male;2020-01-07;Radio producer;243680;1
30066021020;Stacy Martin;Male;2005-08-16;Clinical cytogeneticist;187297;3
17509854434;Judy Flores;Female;2002-04-14;Engineer, manufacturing;420880;0
87838181022;Steven White;Female;2022-09-08;Community arts worker;169810;4
88271701303;Michael Leach;Male;2013-08-08;Retail buyer;93814;5
98611435421;Robert Moore;Female;2001-11-05;Geochemist;173350;0
60107717432;Robert Porter;Female;2022-04-13;Surveyor, building;100094;4
00401956958;Justin Stanton;Male;2003-06-11;Armed forces training and education officer;479513;0
21442097819;Maria Mann;Male;2022-10-08;Site engineer;616665;0
16378674268;Omar Walsh;Male;2003-12-20;Software engineer;952388;3
41739205865;Molly Harper;Male;2001-03-09;Producer, television/film/video;901515;5
17060268713;Amanda Dudley;Male;2006-11-21;Pharmacologist;981646;1
66216262585;Thomas Silva;Female;2010-09-11;Charity fundraiser;535999;2
12259059761;Tammy Parker;Female;2020-01-27;Research officer, government;728354;5
85954940558;Jonathan Richardson;Female;2006-06-01;Horticultural consultant;26703;0
25915536677;Sharon Parker;Female;2017-11-06;Chief of Staff;512773;4
08749046812;John Scott;Male;2020-01-22;Chief Strategy Officer;932322;2
39819841199;Taylor Smith;Female;2015-05-03;Senior tax professional/tax inspector;880735;2
08461609689;Dr. Nicholas Villa Jr.;Male;2006-12-11;Learning mentor;676489;4
30717205601;Rachel Cochran;Female;2019-12-26;Community pharmacist;262951;3
24415714012;Rebekah Pierce;Male;2019-07-06;Oceanographer;19199;1
14431969886;Mary Donaldson;Female;2006-05-09;Clinical biochemist;217421;5
14068569315;Samantha Montoya;Male;2015-08-19;Careers information officer;632728;1
23183108220;Desiree Bonilla;Male;2015-05-05;Cytogeneticist;358649;4
80959923125;Karen Watkins;Male;2011-10-16;Conservator, furniture;546658;3
19751273989;Craig Sosa;Male;2007-01-04;Personnel officer;942931;3
87170660053;Michael Smith MD;Male;2017-02-27;Commercial/residential surveyor;105642;1
76711777311;Julie Rios;Male;2019-09-19;Development worker, international aid;351061;4
85323138496;Daniel Brown;Female;2023-03-18;Adult guidance worker;874916;2
91344362099;Joshua Moon;Male;2009-11-22;Nurse, learning disability;615918;0
46197303518;Jeffrey Carter;Female;2015-11-11;Magazine journalist;274660;3
00671718202;Amanda Rose;Female;2004-07-10;Advertising copywriter;913552;0
07203666640;Daniel Hall;Female;2022-06-14;Land/geomatics surveyor;902758;0
14413957064;Christine Allen;Female;2000-01-23;Engineer, maintenance (IT);489778;3
32946402095;Selena Rodriguez;Female;2016-05-08;Amenity horticulturist;695129;3
31584836052;Philip Smith;Female;2007-08-24;Therapist, sports;650572;4
12492126052;Rachel Martin;Female;2009-03-16;Mental health nurse;96348;1
23398778770;Curtis Strong;Female;2002-06-01;Product manager;96761;0
23093552986;Lisa Holmes;Male;2013-02-19;Agricultural consultant;793343;0
87256075560;Justin Richardson;Female;2003-02-27;Engineer, civil (contracting);266194;4
76091502791;Jonathan Wallace;Female;2007-06-12;Diagnostic radiographer;853654;1
13892910333;Angela Oconnor;Male;2006-09-19;Seismic interpreter;840491;5
14180842040;Dorothy Foley;Male;2004-05-20;Associate Professor;541314;5
00559667829;William Case;Male;2020-02-21;Insurance underwriter;935657;0
31142050434;Samantha Klein;Female;2004-04-09;Call centre manager;913258;1
73637849429;Tiffany Burns;Female;2003-01-07;Information systems manager;755714;2
06119758325;Tracy Watts;Female;2007-04-06;Cytogeneticist;579114;0
45837695104;Jennifer Scott;Female;2006-08-26;Publishing rights manager;524647;1
62723372617;Heather Miller;Female;2006-06-14;Engineer, drilling;26469;0
82540933166;Mr. Thomas Vaughn;Male;2000-04-22;Information officer;713767;5
22961087236;Donald Smith;Female;2004-11-05;Occupational therapist;974252;2
24851831083;Justin Curry;Male;2002-12-18;Programmer, systems;561461;5
62275740224;David Miller;Male;2004-06-26;Pharmacist, hospital;807666;4
40875303210;Kimberly Myers;Male;2023-02-13;Control and instrumentation engineer;870262;2
32333516895;Juan Deleon;Male;2019-05-22;Designer, exhibition/display;513558;2
19716000274;Aaron Weber;Male;2008-02-21;Surgeon;205604;0
94457657545;Alicia Perkins;Female;2012-12-17;Advertising account planner;177376;0
95535384894;Jessica Rice;Male;2018-07-01;Energy manager;780610;2
23524799473;Miranda Warren;Female;2011-12-16;Financial manager;87550;1
09254016945;Amy Valdez;Female;2000-02-24;Designer, industrial/product;556608;3
27458830240;Karen Smith;Female;2010-06-17;Land/geomatics surveyor;418690;3
09900863834;Diane Kerr;Male;2008-06-16;Magazine journalist;342169;5
02706345832;Megan Velasquez;Female;2003-03-06;Diagnostic radiographer;571529;0
37613544877;Theresa Rosario;Female;2000-11-24;Best boy;282715;2
48400768711;Brian Johnson;Female;2000-12-04;Musician;15953;0
64606198592;Arthur Mitchell;Male;2007-09-03;Quality manager;914418;1
42807706958;Rebecca Stone;Male;2009-04-09;Adult guidance worker;273786;4
84855604928;Michelle Dominguez;Female;2014-01-20;Agricultural engineer;515143;1
02258526568;Brian Rangel;Female;2017-10-23;Meteorologist;540556;2
14886649567;Tammy Hayes;Female;2015-03-23;Engineer, land;25726;1
65989393384;Pamela Perry;Female;2005-01-22;Diplomatic Services operational officer;964093;3
71896952198;Dennis Hansen;Female;2017-06-17;Careers adviser;865892;0
87675597749;Brittany Hernandez;Male;2012-03-20;Designer, blown glass/stained glass;991284;4
34134650442;Christopher Thompson;Male;2022-04-27;Garment/textile technologist;484820;1
17394858349;Alicia Bond;Female;2010-05-23;Volunteer coordinator;201062;5
49922837901;Hayley Johnson;Male;2009-04-14;Librarian, academic;238412;5
19799535094;William Wilcox;Female;2015-04-28;Programme researcher, broadcasting/film/video;35660;5
97074025842;Ryan Blackwell;Female;2004-08-27;Field seismologist;224606;5
55619652992;Emily Young;Male;2013-08-03;Futures trader;667348;3
03039777410;Christine Morse;Male;2018-09-26;Pilot, airline;921057;4
01812384382;Cameron Lopez;Male;2000-03-02;Publishing copy;577912;3
26512014981;Linda Fields;Female;2015-09-03;Jewellery designer;702765;1
62881104139;Theresa Burns;Male;2018-08-08;Surveyor, insurance;935513;5
86855613407;Elizabeth Sexton;Female;2009-07-09;English as a second language teacher;335296;2
90027045189;Hannah Miller;Male;2016-12-26;Community pharmacist;733577;1
19345550752;Vincent Smith;Female;2004-07-03;Musician;655841;3
94045335390;Brett Cortez;Female;2003-03-09;Heritage manager;814677;5
52910407596;Donna Nelson;Male;2017-01-08;Occupational therapist;256487;1
07123874095;Shawn Singh;Male;2014-06-17;Teacher, special educational needs;842952;1
91274722476;Jeffrey Erickson;Female;2008-10-19;Education officer, community;413250;3
38151659802;Michael Lopez;Female;2014-10-04;Armed forces operational officer;274938;2
65783644859;Troy Reed;Male;2014-07-23;Dancer;380075;3
80415279571;Michael Silva;Male;2022-07-14;Administrator, Civil Service;869775;4
54734166606;Kim Levine;Female;2012-11-19;Personnel officer;733302;0
22340010698;Dale Romero;Female;2018-10-05;Product designer;266809;0
74317059398;Laura Lewis;Female;2006-12-12;Medical laboratory scientific officer;90485;4
18733931334;Mrs. Linda Mora;Male;2021-05-02;Purchasing manager;845369;2
77017669670;Charles Schneider;Male;2017-04-27;Fine artist;768641;1
71616039060;Thomas Stevenson;Female;2013-11-11;Pensions consultant;636852;2
29725067469;Jamie Castillo;Male;2012-06-23;Presenter, broadcasting;232096;3
46086780896;Nicole Kemp;Male;2003-06-11;Clothing/textile technologist;507232;0
03983282903;Kimberly Ward;Male;2015-05-17;Translator;843887;3
68172482628;Ashley Ibarra;Male;2005-09-01;Tax inspector;827433;3
02325884657;Robert Pham;Female;2017-03-23;Technical brewer;952267;1
99968733713;Joseph Burns;Male;2003-08-22;Meteorologist;134858;0
67644746579;Erik Schroeder;Male;2000-11-23;Prison officer;730259;0
11209479220;Maxwell Stevens;Female;2002-05-06;Psychiatric nurse;259773;5
95533601776;Steven Lang;Male;2009-12-12;Psychologist, counselling;181457;2
70464408577;Victoria Wright;Male;2004-02-15;Secretary, company;248233;4
59517405133;Robert Lynch;Male;2023-02-08;Land;591975;2
20167180439;Monica Henderson;Female;2001-02-02;Lecturer, further education;654678;5
07880871268;Becky Ross;Male;2020-06-13;Engineer, land;964892;3
70098792532;Kara Caldwell;Male;2006-08-05;Herpetologist;166549;2
46407798048;Kevin Clark;Male;2017-05-25;Pilot, airline;619203;2
87439154684;Michael Salas;Female;2010-11-01;Immigration officer;933710;2
41166926961;Richard Reynolds;Male;2007-07-28;Professor Emeritus;959997;4
85748849245;Larry Long;Male;2001-03-11;Purchasing manager;551861;5
13065845129;Sarah Gould;Male;2017-10-24;Engineer, production;651193;4
63457096202;Mary Mcclure;Male;2003-10-25;Science writer;868570;0
20051322358;Christopher Cervantes;Female;2008-12-26;Advertising copywriter;367918;5
55611829503;Kristina Walsh;Male;2015-04-22;Commissioning editor;105362;3
45169276160;Joshua Martin;Male;2015-10-09;Buyer, retail;970464;0
56708774004;Jamie Conley;Male;2018-02-07;Paramedic;163496;0
50720034657;Kaitlyn Miller;Male;2020-10-18;Animal technologist;563316;1
40662032269;Patrick White;Female;2019-12-27;Arts development officer;881262;1
03643476346;Kenneth Davis DDS;Male;2016-03-20;Medical secretary;181488;0
52430584344;Brent Burch;Female;2014-12-06;Clinical biochemist;268220;4
31509670006;John Romero;Female;2004-11-27;Armed forces technical officer;295061;3
91979047858;John Valenzuela MD;Male;2018-03-28;Environmental education officer;28171;0
51781227829;Veronica Liu;Female;2018-02-11;Charity officer;7003;1
51366547654;Kristy Simmons;Female;2022-01-11;Physiotherapist;878979;3
48054674236;Eric Duncan;Female;2005-07-10;Higher education lecturer;524784;2
97056529422;Danielle Wallace;Female;2005-05-05;Diplomatic Services operational officer;785019;0
01150680588;James Gibson;Female;2005-10-08;Occupational therapist;289020;5
19876186457;Steven Smith;Male;2005-06-23;Architect;847189;2
70990205874;Michael Curtis;Male;2001-08-21;Medical illustrator;728872;1
44981298791;Kendra Jones;Male;2014-05-25;Conservation officer, nature;565887;1
83558078345;Katherine Lowe;Female;2016-12-17;Aeronautical engineer;923897;3
83035526954;Jennifer Taylor;Female;2016-10-05;Education officer, community;763855;5
81481769554;Stephanie Stephens DVM;Male;2001-06-01;Claims inspector/assessor;642549;5
09998444574;Steven Cameron;Male;2016-06-08;Cartographer;250108;0
35695468913;Ashley Shah;Male;2015-01-04;Museum education officer;551062;0
08891983035;Pamela Keller;Male;2016-11-14;Chief Financial Officer;628185;3
23069527211;Adam Bryan;Female;2005-06-15;Homeopath;45543;4
81475622646;Carlos Harris;Male;2010-03-10;Cartographer;915016;5
61881314995;Todd Castro;Female;2021-02-17;Research officer, trade union;936585;0
15456342858;Karen Johnson;Female;2000-12-16;Stage manager;224244;0
48052954378;Gregory Duran;Female;2009-09-06;Geologist, engineering;727676;3
45341323277;Catherine Marshall;Female;2015-02-25;Ecologist;856134;5
72507192468;Christopher White;Male;2010-07-10;Community development worker;767248;0
15572565479;Jennifer Meyer;Male;2010-11-20;Community pharmacist;419610;4
54469579315;Justin Wilson;Male;2008-05-18;Jewellery designer;484171;3
72781409274;Jennifer Ponce;Female;2009-05-08;Advertising art director;728114;5
13569827628;Jacqueline Pitts;Male;2006-07-14;Engineer, water;220354;4
95518866406;Mary Rubio;Male;2009-01-19;Sales professional, IT;393043;2
41920199627;Trevor Brown;Female;2015-02-23;Scientist, research (medical);884829;5
22837234068;Daniel Landry;Male;2019-01-17;Teacher, music;993447;5
12410762849;Christina Wilson;Male;2016-10-16;Engineer, technical sales;324041;4
20029670596;Terry Maldonado;Female;2020-10-23;Physicist, medical;49619;5
60121693789;Rebecca Ramos;Female;2005-09-05;Prison officer;22171;2
36679726485;Taylor Thompson;Male;2002-02-24;Scientist, forensic;153602;4
94060655895;Elizabeth Hudson;Male;2003-08-09;IT consultant;516114;3
45447382642;Jared Jackson;Female;2016-03-08;Ophthalmologist;89432;2
18160264073;Cassandra Ritter;Female;2004-12-15;Building surveyor;233515;4
68229342755;George Williams;Male;2006-04-18;Field seismologist;271874;4
77947625137;Frances Meyer;Female;2004-02-02;Psychotherapist, dance movement;495538;4
93496883022;Krista Wise;Male;2019-10-15;Education officer, environmental;571330;2
85023770517;Kevin Castaneda;Female;2002-08-21;IT sales professional;182122;1
56513035062;Ernest Paul;Male;2022-02-21;Sales executive;469154;4
05952943839;Angelica Smith;Female;2020-03-06;Tourism officer;554196;2
20946524596;Noah Sandoval;Female;2010-09-02;Geologist, wellsite;295037;5
56042101810;Holly Brooks;Female;2007-09-27;Chiropodist;338832;4
20646706137;Heather Ochoa;Female;2015-03-08;Investment analyst;360629;3
68953346282;April Mercer;Female;2000-04-15;Acupuncturist;738513;4
52740479008;Gary Hartman;Male;2004-05-08;Drilling engineer;67813;1
87683053388;Brooke Fernandez;Female;2012-06-01;Sales professional, IT;598056;3
41623043715;Connor Landry;Female;2011-05-10;Animal nutritionist;735169;5
04765105856;John Lee;Male;2000-06-27;Teacher, adult education;470877;2
73735703885;Sonya Figueroa;Male;2022-08-03;Call centre manager;579518;5
43330825584;Calvin Pineda;Male;2006-10-13;Control and instrumentation engineer;749445;5
86018243026;Michael Willis;Male;2003-09-02;Paramedic;745270;4
60636076532;Charles Miller;Male;2017-03-26;Risk manager;731723;5
35960702550;Reginald Webster;Male;2006-03-11;Surveyor, rural practice;233348;2
54869857900;Justin Barnes;Male;2006-03-24;Forensic scientist;137818;1
26321488803;Joy Burgess;Female;2019-02-26;Conservation officer, nature;532179;4
27142708250;Nancy Bauer;Female;2010-09-19;Psychologist, clinical;659543;2
92607644482;Charles Wilson;Male;2011-02-16;Television/film/video producer;463957;3
70083789123;Michael Price;Female;2023-11-26;Research officer, government;894192;2
42435759176;Lindsay Waller;Male;2022-05-20;Interior and spatial designer;421077;3
33522042190;Christine Cummings;Female;2003-12-02;Immunologist;627587;4
65799718387;Eric Jenkins;Male;2007-01-14;Chiropodist;482039;2
08852264636;Rachel Smith;Female;2015-05-04;Production assistant, television;644694;1
48483280997;Christopher King;Male;2012-05-28;Nurse, learning disability;186535;4
99971266522;Randall Lopez;Female;2001-04-12;Broadcast engineer;897354;5
85424147272;Juan Curtis;Male;2021-08-02;Aid worker;359193;2
93552815273;Edward Cruz;Female;2007-05-17;Accommodation manager;565926;1
44998682454;Andrew Jacobs;Male;2009-03-09;Adult guidance worker;231895;3
35714772862;Mary Gamble;Female;2000-04-04;Engineer, aeronautical;567279;3
72242450332;Heather Lawson;Female;2001-04-23;Retail manager;589097;3
73476966422;Heather Cook;Male;2002-01-05;Arboriculturist;220819;3
25343977026;Jorge Howard;Female;2015-06-04;Geophysicist/field seismologist;629193;5
43273787926;Sandra Campbell;Male;2019-11-25;Geoscientist;829906;2
36732596718;Emily Blair;Female;2003-05-17;Insurance risk surveyor;35007;1
34940330686;Leslie Miller;Female;2012-10-09;Film/video editor;244913;5
08991304076;Tammy Hall;Female;2017-07-06;Designer, textile;203521;2
27458804434;Mark Brown;Male;2017-01-01;Radiation protection practitioner;778465;4
29172061631;Judith Mcbride;Male;2013-07-09;Chief Technology Officer;169709;1
23388155954;Kevin Taylor;Male;2020-02-07;Dentist;769311;4
13024186966;Kelli Harris;Male;2023-08-13;Production assistant, television;464830;1
92255768219;Jonathon Butler;Female;2016-01-17;Radio broadcast assistant;801432;3
57221136786;Michael Lamb;Male;2002-08-25;Fast food restaurant manager;452058;3
06986234060;Ashlee Sparks;Female;2013-09-08;Therapist, occupational;351045;4
20646210554;David Hall;Female;2003-05-23;Land/geomatics surveyor;189154;2
20355962050;Stephanie Perez;Female;2021-08-07;Clinical cytogeneticist;563727;2
06700756436;Gregory Ryan;Female;2008-09-04;Teacher, primary school;744079;3
88190805866;Jorge Rogers;Male;2016-07-26;Administrator, Civil Service;457442;0
68697480906;Julie Torres;Female;2000-09-18;Designer, exhibition/display;690749;2
26969187525;Sonia Brandt;Male;2000-01-26;Journalist, magazine;434811;2
41842184244;Katherine Johnson;Female;2017-03-16;Special effects artist;80004;2
15948835452;Amanda Fitzgerald;Female;2018-10-19;Gaffer;551250;5
56448947444;Andrew Taylor;Female;2008-09-16;Sales professional, IT;332255;2
78275776160;Miss Debbie Terry;Female;2003-02-22;Airline pilot;494425;4
21636856755;Bethany Kemp;Male;2012-04-14;Data processing manager;479134;1
46749779327;Amy Riley;Female;2016-04-26;Translator;169743;3
36732067896;Angela Cook;Male;2010-07-25;Environmental education officer;817661;3
56507461747;Mrs. Gwendolyn Johnson;Female;2015-10-10;Medical technical officer;910003;2
98701589530;Joseph Rodriguez;Female;2011-06-24;Community pharmacist;938602;5
74310906144;Eric Phillips;Female;2009-05-13;Adult nurse;918673;1
21418120329;Carol Meyer;Male;2006-11-04;Technical brewer;479842;1
28035368654;David Wilson;Male;2003-02-26;Database administrator;33111;4
95909918277;Amy Daniels;Female;2000-02-10;English as a second language teacher;473664;0
16989832304;Kenneth Black;Female;2003-01-10;Estate agent;757361;3
84374452066;Joshua Brown;Male;2012-07-01;Public relations officer;346928;4
10073027365;Ryan Mitchell;Male;2008-09-25;Chief Marketing Officer;173825;3
56170245009;Andrea Price;Female;2021-01-18;Librarian, public;774938;2
11328277549;William Bartlett DDS;Male;2003-09-11;Chartered management accountant;481603;2
23939860952;Leslie Greer;Male;2019-01-10;Microbiologist;347226;0
68355636343;Chad Brown;Female;2001-09-08;Public relations officer;32646;4
29924221508;Clayton Kelly;Female;2015-03-15;Buyer, industrial;395995;1
72914412341;Sophia Watts;Male;2008-06-26;Special educational needs teacher;546994;3
39311162931;Maria Turner;Female;2002-08-06;Seismic interpreter;530234;0
70059409025;Joseph Hall;Male;2022-04-14;Administrator, education;161424;0
56058259566;Joshua Macdonald;Male;2006-09-01;Nature conservation officer;136104;4
02735166952;Diane Morris;Female;2002-08-02;Music therapist;581536;0
59676725280;Beverly Stone;Male;2021-02-25;Research officer, political party;735171;2
25296429512;Holly Myers;Female;2013-02-23;Development worker, community;153620;0
74771120102;Larry Jackson;Male;2007-01-22;Facilities manager;540233;3
77032102625;Daniel Fields;Male;2022-08-19;Mining engineer;491341;4
85747095360;Suzanne Ramos;Male;2013-03-15;Water quality scientist;190456;1
84947764096;Timothy Rodriguez;Female;2002-06-04;Gaffer;937782;5
54453780887;Amy Adams;Male;2002-12-28;Database administrator;108222;5
76593011474;Dr. George Johnston;Male;2006-02-04;Accommodation manager;298767;3
07295552314;Ashley Dougherty;Female;2016-03-16;Financial trader;182738;3
53803625380;Charles Saunders;Female;2005-06-14;Editor, film/video;436351;5
56314504857;Jessica Peters;Male;2018-12-24;Lobbyist;427370;3
84590403674;Hector Campbell;Female;2011-08-12;Public librarian;91794;2
74345443493;Julie Miranda;Female;2014-07-24;Transport planner;633748;1
34617681372;Manuel Sullivan;Female;2010-03-08;English as a second language teacher;771840;5
44729663067;Cynthia Thomas;Female;2016-11-28;Counselling psychologist;248871;0
48240639244;Ronald Chavez;Female;2021-03-08;Colour technologist;401951;5
60823935339;Christopher Rogers;Female;2009-02-04;Designer, industrial/product;952170;2
55037142805;Bryan King;Male;2023-12-26;Civil engineer, consulting;388305;1
22835102918;Brian George;Female;2013-12-27;Ophthalmologist;708170;1
56644634504;Hector Lopez;Male;2022-03-19;Sound technician, broadcasting/film/video;289170;1
78903294736;Amanda Brown;Male;2020-12-27;Naval architect;153471;3
21518778543;Christina Simmons;Male;2007-08-12;Product designer;683666;0
31466557640;Jessica Clayton;Male;2005-06-16;Speech and language therapist;153174;0
96101891638;Angel Miller;Female;2003-07-09;Forensic scientist;833454;1
97232250802;Jessica Rojas;Male;2009-07-12;Secretary, company;43311;4
03644399547;Craig Zimmerman;Female;2014-10-15;Museum/gallery conservator;751619;2
92307625859;Dawn Esparza;Male;2019-04-23;Psychotherapist, child;152615;2
05650920118;Victoria Roberts;Female;2008-01-05;Financial adviser;854222;2
01112020079;Breanna Ortega;Female;2016-01-23;Engineer, biomedical;554631;5
70449797169;Joshua Allen;Male;2022-10-06;Quality manager;612288;3
67616858339;Debra Morgan;Female;2010-09-16;Scientist, clinical (histocompatibility and immunogenetics);694392;4
42059562414;Mr. Mark West;Male;2002-01-11;Financial risk analyst;181510;5
94112929256;Ellen Taylor;Male;2021-03-10;Teacher, English as a foreign language;998917;3
98357488630;Amanda Pitts;Female;2022-05-02;Volunteer coordinator;299223;4
07999253578;Anne Stuart;Female;2000-08-02;Research scientist (life sciences);235123;4
95497408214;Michael Middleton;Male;2018-06-17;Mudlogger;247979;0
26568841639;John Rogers;Male;2005-04-04;Psychotherapist, child;242886;1
08973318178;Hunter Nicholson;Male;2017-05-25;Operational investment banker;531295;4
92454049983;Ashlee Cooper;Male;2017-04-24;Administrator, local government;88037;0
45778518495;Scott Blevins;Male;2000-11-15;Programmer, applications;356961;4
26597362680;Nicholas Williams;Female;2013-12-12;Development worker, international aid;691433;5
60493586447;Megan Davis;Female;2006-07-13;Adult nurse;542506;2
26066693930;Robert Johnson;Male;2009-07-07;Programmer, multimedia;311689;2
64083948509;Michael Palmer;Female;2017-09-02;Personnel officer;647123;4
78419771640;Trevor Walls;Male;2009-09-26;Museum/gallery curator;173709;2
93254129618;Matthew Anderson;Male;2014-12-25;International aid/development worker;248858;0
94620472115;Mikayla Zimmerman;Female;2010-08-01;Theatre director;290139;2
76100877126;Willie Hess;Female;2009-01-09;Phytotherapist;683662;2
49136637084;Melissa Rogers;Male;2023-07-13;Health and safety inspector;867187;3
75836785012;John Trujillo;Male;2002-09-01;Private music teacher;927025;4
20260898640;Jennifer Day;Male;2018-04-11;Engineer, mining;773991;0
31285586512;Maria Tucker;Female;2010-10-28;Tour manager;617984;4
69226958248;Brenda Yoder;Female;2005-01-03;Housing manager/officer;742679;3
81754544730;Daniel Perkins;Female;2015-04-09;Medical sales representative;265812;0
50265553042;Katherine Nolan;Female;2001-11-12;Corporate investment banker;714272;4
45714779346;Rhonda King;Female;2011-09-08;Field seismologist;897446;3
77388355681;Amanda Meyer;Female;2000-07-08;Research scientist (maths);260842;2
22689683174;Kelly Brown;Female;2007-04-08;Administrator, local government;727364;5
81132697720;Brian Rogers;Female;2004-08-22;Politician's assistant;881558;3
81932837951;Christopher Palmer;Female;2023-12-03;Producer, radio;68852;1
94568561927;Mark Patterson;Male;2019-04-20;Proofreader;674036;0
33603221654;Aaron Neal;Female;2019-11-19;Health promotion specialist;189916;3
60599252959;Gina Spence;Female;2019-11-04;Scientist, physiological;42233;5
00918757546;Andrea Keller;Male;2020-11-16;Speech and language therapist;75391;4
20125837778;Jessica Herman;Female;2018-03-07;Theatre director;186184;4
81924753086;Ms. Angela Miller;Female;2017-01-14;Information officer;277563;2
42122135831;Adriana Nguyen;Male;2009-01-21;Surveyor, commercial/residential;466906;0
38474268692;William Compton;Female;2013-04-15;Financial manager;649024;3
58707927811;Carolyn Oneill;Male;2017-07-22;Information systems manager;743853;1
40690571833;Maria Conner;Male;2001-04-10;Politician's assistant;440526;2
03826288842;Tamara Davis;Female;2007-06-10;Interpreter;571017;0
14237464712;Marc Murray;Female;2006-12-15;Make;854932;4
50105655992;Kristine Thompson;Male;2001-08-01;Hydrologist;479998;5
93834623483;Adam Hernandez;Female;2005-11-11;Nutritional therapist;541823;4
59027032995;Steven George;Male;2015-10-15;Brewing technologist;876137;1
47809166523;Paul Daniels;Female;2008-06-05;Printmaker;708564;0
90779815452;Kelli Strickland;Male;2012-03-17;Actuary;611618;5
89340754779;Jasmine Davenport;Female;2008-05-13;Scientist, physiological;656416;2
03887790826;Kristina Tucker;Male;2000-12-09;Industrial/product designer;629882;1
60755106643;Alyssa Harvey;Female;2011-01-14;Community education officer;392091;3
39229825746;Tony Roberson;Male;2016-09-28;Chiropractor;935047;1
79260709511;Sonya Clements;Female;2021-07-23;Sales executive;135525;5
91543044780;Daniel Mueller;Female;2000-04-02;Risk manager;767029;3
82031094654;Gregory Weber;Female;2009-07-12;Paediatric nurse;231435;4
66985423927;Carol James;Male;2021-08-13;Engineering geologist;536542;0
41351490112;Jake Kent;Male;2015-07-12;Warden/ranger;114900;2
23278765930;Brian White;Female;2021-08-07;Catering manager;863069;3
12888234288;Chad Nelson;Male;2006-08-18;Civil engineer, contracting;267726;5
77870742172;Randy Torres;Male;2023-01-09;Adult nurse;955287;5
28615499982;Tammy Rodriguez;Male;2004-10-28;Statistician;304119;3
15339804590;Laurie Williams;Female;2004-10-16;Programme researcher, broadcasting/film/video;379933;3
25877533688;Paul English;Female;2013-07-13;Chartered certified accountant;676707;1
29952822373;Dennis Reyes;Female;2001-03-15;Automotive engineer;453290;4
34657978175;Kevin Edwards;Male;2022-10-18;Prison officer;65493;0
21547791553;George Hawkins;Male;2017-02-28;Product/process development scientist;933492;1
10254038379;Megan Cain;Male;2016-03-08;Camera operator;791136;1
15399629637;Amber Hughes;Female;2021-05-05;Writer;713;5
80105659364;Heather Tucker;Male;2007-08-09;Chiropractor;279682;5
65235262455;Mary Martin;Male;2023-09-06;Geoscientist;696140;3
68739593198;Laura Ayers;Male;2003-12-05;Garment/textile technologist;669287;1
03220905861;Cheyenne Higgins;Male;2009-01-21;Warden/ranger;894188;3
71115402029;Melissa Webster;Female;2016-11-11;Charity fundraiser;295947;2
73643167684;Kenneth Gilbert;Male;2019-12-12;Trade mark attorney;209919;4
46558629301;Andrea Lee;Female;2021-10-10;Equities trader;795642;3
63620951011;Sandra Sparks;Male;2020-08-19;Librarian, public;513497;0
10587242478;Abigail Hubbard;Female;2019-05-14;Training and development officer;906590;5
53799674001;William Phillips;Female;2002-12-15;Medical sales representative;746853;4
46636522288;Heather Garcia;Male;2023-05-07;Airline pilot;490217;2
29965794261;Bill Mitchell;Male;2005-11-25;Maintenance engineer;997661;0
79699938921;Jerome Melendez;Female;2015-08-18;Conservation officer, historic buildings;477613;2
38016179445;Alicia Rose;Female;2023-01-28;Video editor;363075;4
48926580544;Janet Chavez;Male;2021-09-27;Translator;124678;2
87911052249;Melissa Nolan;Male;2001-06-03;Hotel manager;580631;1
56445950789;Kelli Camacho;Female;2015-09-08;Diplomatic Services operational officer;408565;0
79519517266;Dawn Collier;Male;2005-09-17;Claims inspector/assessor;388551;5
93618777876;Timothy Castro;Female;2007-08-21;Financial controller;293408;0
32496570697;Stephen Black;Male;2010-06-16;Comptroller;473027;0
15193652983;Kristy Peterson;Female;2022-10-28;Teacher, secondary school;944963;1
00670972970;Charles Wilson;Female;2002-01-11;Physicist, medical;130712;0
12712782637;Jonathan Carter;Female;2010-09-02;Patent examiner;536185;5
55066155758;Rhonda Poole;Female;2022-01-07;Manufacturing engineer;191017;4
16558221607;Jeffrey Cox;Female;2017-06-10;Chief Operating Officer;288580;5
79400985425;Matthew Miller;Female;2006-10-21;Investment banker, corporate;611341;1
62775296746;Steven Palmer;Male;2017-02-01;Development worker, international aid;478396;1
66097395067;Seth Allen;Female;2008-08-12;Acupuncturist;597698;5
32595946284;Lori Butler;Female;2018-11-24;Lexicographer;847698;0
91616045040;Mr. Michael Robinson;Female;2015-02-26;Dancer;569706;4
26130777105;Tyler Wiley;Female;2020-08-15;Oceanographer;443849;1
75873575505;Lauren Hooper;Female;2012-01-13;Fisheries officer;788133;1
37958174755;Kimberly Walls;Male;2022-10-25;Press sub;510653;0
75924485136;John Wilkinson;Female;2013-03-22;Radiographer, diagnostic;100180;3
64332443127;Dennis Day;Male;2000-02-17;Research scientist (maths);854658;3
71751199366;Tyler Hoffman DDS;Male;2002-09-26;Designer, fashion/clothing;217274;2
64321632244;Daniel Webb;Male;2004-12-22;Engineer, structural;45201;1
40081886112;Maria Vega;Male;2012-07-20;Trade union research officer;452203;1
12268128562;Nancy Brown;Male;2015-10-15;Engineer, manufacturing;966551;1
19663721486;Anthony Robbins;Female;2015-03-26;Psychotherapist, child;675645;1
29990412332;Paul Jones;Female;2009-06-25;Quarry manager;440558;5
01338047732;Shawn Roberts;Female;2008-07-25;Broadcast journalist;984869;4
57903609691;Yolanda Hayes;Female;2008-03-14;Community pharmacist;312154;3
87912298792;Paul Miller;Male;2000-04-26;Private music teacher;10535;1
49144068548;Terri Salazar;Female;2015-04-08;Scientific laboratory technician;401998;2
96973849873;Carrie Williams;Female;2003-08-15;Holiday representative;188093;4
67101089310;Margaret Ward;Male;2023-09-08;Health and safety inspector;863679;2
87758691185;Alexis Fuller;Female;2019-07-12;Chief Financial Officer;199596;4
56178520940;Nancy Bailey;Male;2023-07-13;Structural engineer;829841;5
61109636412;Meredith Harris;Female;2004-01-19;Systems analyst;201554;1
76604584599;Eric Newman;Male;2016-12-16;Cartographer;420631;5
55637340239;Cheryl Johnson;Female;2001-07-13;Tour manager;984228;1
32841967835;Rachael Lee;Male;2006-04-18;Scientist, clinical (histocompatibility and immunogenetics);962814;4
44208781199;Christine Alvarado;Female;2000-03-22;Teacher, music;58381;2
96752219965;Brian Rhodes;Female;2021-07-21;Network engineer;719225;3
98163910361;Casey Hart;Female;2001-07-27;Video editor;370949;2
40502916717;Jennifer Sharp;Male;2000-11-13;Research scientist (maths);400757;5
08361845551;Amber Mcdowell;Female;2007-03-05;Animator;603378;0
29682206655;Matthew Ramos;Male;2023-03-13;Administrator, education;279861;3
74303207496;Anthony Mason;Female;2000-10-24;Health and safety inspector;318099;0
70609165375;Kristen Taylor;Male;2018-01-20;Learning disability nurse;173158;5
93859263848;Mark Ferguson;Male;2001-07-26;Dealer;529378;0
81487373854;Shawn Booker;Female;2019-05-03;Therapist, nutritional;892521;2
86146603691;John Smith;Male;2020-04-03;Investment banker, corporate;127029;0
00036544241;Katelyn Daniel;Male;2017-09-28;Civil engineer, consulting;968328;3
56792985677;Alexandra Landry;Male;2002-03-01;Consulting civil engineer;670786;0
82065442936;Tyler Guerrero;Female;2016-05-11;Recruitment consultant;62663;5
23242466338;James Lee;Female;2018-05-20;Child psychotherapist;170020;4
29812414501;Jacqueline Smith;Female;2023-12-04;Psychologist, counselling;726127;3
42649434580;Melanie Irwin;Female;2020-03-13;Civil engineer, contracting;124352;0
46183670836;Shannon Schmidt;Female;2016-08-11;Conservator, furniture;852684;0
71036254776;Chad Hensley;Male;2012-06-24;Meteorologist;123338;5
32773382510;Anita Morris;Male;2018-05-03;Medical sales representative;752818;0
67725960193;Jonathon Nichols;Male;2000-12-02;Minerals surveyor;665021;5
27862578914;Matthew Bennett;Male;2014-03-14;Environmental education officer;19815;1
75900770871;Jeffery Martinez;Female;2019-09-26;Aeronautical engineer;710950;4
80418770689;Diane Bell;Female;2016-02-22;Advertising copywriter;471540;4
22178792055;Sarah Hill;Male;2020-07-28;Clothing/textile technologist;916221;0
74620281651;Ryan Hunt;Female;2016-11-12;Journalist, newspaper;765663;5
15114620795;Angelica Buckley;Female;2005-04-04;Operational researcher;206191;4
57680939245;Joanne Walker;Male;2016-11-18;Solicitor;26497;3
76748725823;Sophia Hancock;Male;2012-11-15;Engineer, manufacturing systems;368630;0
80595303802;Nathaniel Hahn;Male;2016-08-17;Mental health nurse;363638;2
92069168625;Dr. Janet Mendoza;Female;2009-10-14;Magazine journalist;784584;4
65308400346;Mary Matthews;Male;2018-07-10;Forest/woodland manager;207911;0
51498514687;Steven Bauer;Male;2004-06-09;Seismic interpreter;94326;4
33793553871;Amanda Rice;Male;2020-07-12;Herpetologist;721825;5
86109493828;Mrs. Amanda Rivera DVM;Female;2009-02-08;Nurse, adult;156490;1
79335620368;Aaron Bryant;Male;2015-12-03;Engineer, agricultural;15203;2
47350618264;Tamara Medina;Male;2018-04-19;Education officer, community;744102;3
25546022155;Audrey Davis;Female;2012-06-07;Audiological scientist;265513;5
65371591668;Kevin Spencer;Male;2011-08-17;Sub;688280;3
45179703821;Corey Clarke;Male;2014-08-28;Senior tax professional/tax inspector;89814;1
49104707103;Emily Lee;Male;2005-08-05;Exhibitions officer, museum/gallery;284254;4
30975425619;Kelly West DDS;Male;2022-08-22;Education administrator;772501;1
77312760256;Juan Garcia;Male;2014-04-26;Food technologist;490665;3
76325212914;Thomas Watkins;Female;2006-12-26;Naval architect;946566;0
68231894414;Deanna Ibarra;Male;2016-09-14;Private music teacher;880675;3
64132942030;Alexander Morales;Male;2006-09-20;Animal technologist;866618;4
65487828272;Melissa Hays;Male;2016-03-07;Human resources officer;271976;5
65353463894;Stephanie Kelly;Male;2008-09-01;Lobbyist;262264;1
03396058564;Brandon Roberts;Female;2010-04-21;Social research officer, government;878226;0
51654481674;Michael Morales;Male;2012-07-25;Arboriculturist;480175;0
81100743163;Mr. Michael Clark;Female;2015-07-18;Plant breeder/geneticist;196904;0
19118063520;Kristen Navarro;Male;2013-01-18;Retail merchandiser;627323;0
21321908522;Benjamin Harris;Female;2023-02-15;Chartered loss adjuster;940983;5
21818652295;Samuel Escobar;Male;2019-02-22;Scientist, marine;184662;5
27876752548;Jonathan Lambert;Male;2002-04-09;Teacher, adult education;356348;1
85278439564;Amber Maxwell;Female;2015-05-06;Hospital doctor;173646;4
78508118531;Jordan Salinas;Female;2013-09-03;Diplomatic Services operational officer;800802;1
01828311061;John Hines;Female;2018-03-11;Teacher, early years/pre;299570;2
97145637555;Kimberly Thomas;Female;2001-03-05;Futures trader;436741;5
31192799535;Austin Macdonald;Male;2000-09-07;Human resources officer;159289;3
80778630196;Taylor Hatfield;Male;2007-04-03;Solicitor;685773;4
05736740797;Christopher Mullins;Female;2005-09-02;Meteorologist;686473;1
81858978563;Dylan Fisher;Male;2004-06-10;Conservation officer, nature;173250;4
85055557736;Todd Chandler;Female;2002-09-12;Osteopath;2884;1
70700252288;Jeremy Lang;Female;2008-04-08;Writer;278538;3
14566705421;Megan Smith;Male;2011-09-17;Actor;277346;1
47917209022;Austin Ward;Male;2002-09-07;Scientist, clinical (histocompatibility and immunogenetics);926116;2
57789729409;Juan Perry;Male;2011-03-05;Field seismologist;845576;5
47644486322;Jennifer Pennington;Male;2019-05-24;Mining engineer;158316;1
15376980046;James Jensen;Male;2003-12-19;Armed forces logistics/support/administrative officer;365625;0
32653197379;Jamie Allison;Female;2000-07-15;Video editor;33909;4
05268109947;Rebecca Andrews;Female;2007-11-27;Farm manager;274200;2
54401409989;Kevin Brown;Male;2012-09-18;Barista;510287;1
26220386677;Andrew Sanford;Male;2008-11-15;Occupational therapist;180154;4
72178118557;Austin Moore;Male;2020-09-20;Garment/textile technologist;860000;2
59877909830;Matthew Horn;Male;2015-01-10;Designer, television/film set;415295;1
85418723288;Brittany Montgomery;Male;2002-04-15;Horticultural therapist;503294;4
38653877346;Robert Mack;Male;2018-12-09;Publishing copy;267876;1
57263109564;Brian Graham;Female;2017-03-15;Printmaker;243924;1
19523119483;Jaclyn Daniel MD;Male;2020-02-20;Race relations officer;132418;0
18542759201;Jennifer Clark;Male;2017-06-27;Glass blower/designer;877025;5
12360606026;Cynthia Moore;Female;2001-05-16;Surveyor, planning and development;741565;1
05165899405;Daniel Hester;Female;2006-05-21;Equities trader;350201;3
58544806156;Theresa Peters;Female;2003-06-14;Multimedia specialist;804051;2
40244454446;Garrett Oliver;Male;2004-01-09;Biomedical engineer;102171;5
91595156493;Madison Perry;Male;2003-10-13;Teaching laboratory technician;257703;0
04140107223;Sarah York;Female;2018-04-13;Engineer, structural;523829;5
77615136060;Cameron Wall;Male;2008-04-03;Surveyor, rural practice;422515;2
88358298231;Joshua White;Male;2010-03-07;Geophysical data processor;241385;4
53906747913;Christopher White;Female;2020-02-13;Estate agent;110340;4
33037853987;John Randolph;Female;2007-01-04;Therapist, music;12254;1
96774666453;Morgan Weber;Male;2013-06-02;Community development worker;482014;4
94373036305;James Garcia;Male;2015-04-12;Magazine features editor;982428;3
96719235782;David Harris;Female;2010-05-05;Careers information officer;235441;3
18894402773;Timothy Combs;Male;2000-11-01;Engineer, aeronautical;543968;0
17414946891;Anne Nguyen;Male;2019-05-02;Commissioning editor;569143;5
17478546897;Nancy Spencer;Male;2017-11-06;Textile designer;816367;1
09507843745;Justin Robinson;Male;2015-05-08;Therapist, art;83452;4
95078600028;Belinda Dominguez;Female;2017-05-02;Investment banker, corporate;449655;0
51183448371;Mike Mcdonald;Male;2009-06-20;Horticultural therapist;9672;2
89835202791;Amber Johnson;Female;2002-02-17;Orthoptist;539490;1
92326483504;Steven Ortiz;Male;2023-06-10;Manufacturing engineer;78358;4
51908036643;James Bond;Male;2002-09-22;Teacher, adult education;916293;1
61569631380;Dylan Smith;Female;2016-06-04;Scientist, research (medical);122280;2
32483589276;Richard Reid;Male;2004-09-21;Secondary school teacher;92990;0
85688840687;Joseph Roach;Male;2000-06-09;Occupational psychologist;831740;2
74865173762;Amy Johns;Male;2015-03-10;Dance movement psychotherapist;616727;1
40120292128;Dwayne Fuller;Male;2009-10-25;Dancer;537370;1
39689906095;Benjamin Delgado;Female;2011-06-17;Higher education lecturer;518804;0
27852585246;John Jones;Male;2023-03-08;Illustrator;355013;4
69535436911;Jason Williams;Female;2020-09-01;Interpreter;820504;0
61848245166;Laura Cummings;Male;2015-01-03;Photographer;56723;2
05645518622;John Smith;Female;2018-01-26;Civil engineer, consulting;877264;2
39331975394;Elizabeth Hicks;Female;2019-02-23;Multimedia specialist;221376;4
09561552071;Vanessa Johnson;Female;2002-10-16;Housing manager/officer;75360;1
40033728497;Ryan Johnston;Female;2018-05-07;Educational psychologist;232968;5
31519579234;Christina Patterson;Female;2015-06-18;Production engineer;5172;0
02671283865;Maria Clements;Male;2019-12-21;Financial adviser;976683;2
70521416877;Justin Buck;Female;2013-09-02;Museum/gallery curator;757938;1
43404960701;Joe White;Female;2007-09-11;Environmental education officer;803755;4
00636689609;Aaron Gardner;Female;2010-10-03;Audiological scientist;248531;4
71460143744;Jasmine Garrison;Male;2016-03-13;Herbalist;502784;3
09891224019;Courtney Barnes;Male;2008-06-04;Accounting technician;623110;1
68921472350;Barbara Carr;Male;2010-10-16;Manufacturing systems engineer;811944;1
51832181250;Regina Tucker;Male;2009-04-07;Psychologist, forensic;285941;5
88945684566;Kylie Williams;Female;2021-07-27;English as a second language teacher;570153;0
60938296990;Sylvia Osborn;Male;2001-10-19;Osteopath;153781;0
19760053742;Thomas Wells;Female;2007-02-10;Conservation officer, historic buildings;948811;5
34096733784;Mrs. Catherine Hahn PhD;Male;2022-02-27;Physiotherapist;265243;0
58538139846;Erica Snyder;Female;2015-11-02;Merchandiser, retail;147840;3
03112733166;Jose Bennett;Male;2016-06-26;Geographical information systems officer;249104;3
83745177615;Jill Baker;Male;2015-03-08;Meteorologist;262983;0
13353609317;Rachel Andrews;Male;2015-08-24;Solicitor;487875;4
28199606970;David Foster;Male;2012-08-20;Engineer, control and instrumentation;805071;2
67770972248;Curtis Chavez;Female;2003-07-15;Toxicologist;312113;0
68553375888;Nichole Freeman;Male;2019-02-23;Hydrologist;578831;3
20382123201;Krystal Barker;Male;2022-09-19;Pilot, airline;852982;2
36122373181;James Martinez;Male;2020-03-17;Scientist, product/process development;870326;4
84620692318;Kayla Hall;Female;2011-01-06;Education administrator;201821;2
16604430187;Jeffrey Vasquez;Female;2007-04-09;Insurance claims handler;468492;5
55759826386;Andrew Martinez;Male;2023-05-15;Merchandiser, retail;579636;3
84905024162;Scott Perez;Female;2004-09-13;Scientific laboratory technician;140574;5
62660482653;Jack Burnett;Female;2002-04-18;Statistician;829681;2
03236624353;Carmen Bowman;Female;2015-06-23;Television/film/video producer;218382;1
83472835766;Nicole Spencer;Female;2019-08-19;Research officer, political party;662267;0
68739306374;Melanie Cross;Female;2005-01-25;Actor;400845;1
75476493357;Thomas Austin;Male;2010-09-01;Psychotherapist, dance movement;741350;5
61058386953;Christina Munoz;Male;2015-07-16;Insurance broker;452573;3
65343202604;Anthony Barton;Male;2001-02-02;Exercise physiologist;731796;5
74715001648;Danielle Garcia;Male;2014-06-10;Engineer, communications;364924;1
41489830103;Kimberly Davis;Female;2011-12-20;Engineer, structural;274189;0
15813752621;Alicia Davies;Male;2022-07-10;Nurse, learning disability;584322;4
47127701262;Joshua Mendez;Male;2018-07-17;Nurse, children's;337522;4
35533468439;Samantha Owens;Female;2003-07-25;Graphic designer;352280;0
08347694590;Jill Jimenez;Male;2020-04-03;Neurosurgeon;685055;5
07167365786;Lori Marquez;Female;2006-05-20;Air cabin crew;501507;2
78039154683;Kelly Church;Male;2002-01-23;Hospital doctor;841691;2
04252471569;Daniel Bender;Male;2015-05-03;Surveyor, rural practice;789524;5
50938882194;Kimberly Estrada;Female;2014-07-03;Commercial art gallery manager;681880;3
06463231727;Stephen Brown;Female;2023-04-01;Energy manager;140516;5
53530206146;Amanda Salinas;Male;2004-06-09;Industrial buyer;512045;2
84781032395;Yesenia Cox;Male;2023-07-19;Research scientist (medical);332837;4
25177629084;Alexander Lowe;Female;2005-12-03;Risk analyst;264797;5
98863789121;Krystal Hartman;Male;2006-03-12;Volunteer coordinator;760112;4
41728109105;Katherine Ray;Male;2022-05-13;Energy manager;140626;5
16557126111;Christopher Miller;Female;2021-08-02;Presenter, broadcasting;919844;4
81206302395;Cassidy Hernandez;Female;2019-04-05;Computer games developer;922453;1
42753736662;Sarah Smith;Male;2009-11-06;Food technologist;134888;4
71024218371;Karl Buckley;Male;2007-06-10;Race relations officer;15378;5
65327760300;Jennifer Newman;Male;2002-06-09;Market researcher;174954;3
06099988748;Elizabeth Fox;Female;2017-01-28;Chartered loss adjuster;616741;4
48085706617;Amanda Adams;Female;2012-05-11;Materials engineer;860449;5
78885980299;Jordan Mendoza;Male;2004-08-23;Doctor, general practice;477087;0
98831207056;Alexandra Glenn;Female;2020-08-25;Structural engineer;640098;3
28635582367;Jesse Davidson;Male;2008-05-26;Oceanographer;129737;1
47698570293;Lori Mullins;Male;2017-01-15;Clinical cytogeneticist;794722;1
38082577535;Stanley Thompson;Male;2010-04-15;Animal nutritionist;236278;1
80732628170;Amanda Hancock;Male;2008-07-13;Pharmacist, hospital;507407;0
09305997909;Desiree Harrington;Female;2020-07-01;Senior tax professional/tax inspector;521350;0
13454008594;Mary Dawson;Male;2016-06-17;Chemist, analytical;646186;4
61836360815;Sharon Fernandez;Female;2012-10-24;Clinical cytogeneticist;752111;2
53594308935;Zachary Yang;Male;2012-08-01;Materials engineer;324825;2
56022796069;Luis Dalton;Male;2004-10-06;Medical physicist;203955;0
13483146388;Nicole Wilson;Female;2000-01-18;Engineer, structural;587853;1
00007454208;Nicole Evans;Male;2013-10-28;Clinical embryologist;863724;2
70010082008;Brian Perry;Female;2019-06-07;Engineer, control and instrumentation;160325;2
74451708786;Julie Hernandez;Male;2018-11-07;Surveyor, hydrographic;205514;4
37358103571;Melissa Sharp;Male;2001-04-25;Surveyor, rural practice;737793;1
69871954129;Samuel Harris;Female;2021-07-05;Furniture designer;794161;2
74444547304;William Shah;Female;2013-10-26;Engineer, site;744450;3
65449644387;Stephen Hanson;Female;2001-02-26;Commercial horticulturist;168653;1
90336766319;Michelle Williams;Female;2013-06-16;Contractor;950231;0
05726101262;Glenn Horton;Female;2018-12-08;International aid/development worker;793036;1
38431847668;James Scott;Female;2010-11-19;Designer, blown glass/stained glass;554403;4
76185864249;Ashlee Wright;Female;2002-06-19;Exercise physiologist;881975;4
91634073138;Laura Diaz;Male;2021-10-10;Psychologist, occupational;296262;5
92139652599;Sean Morris;Female;2014-04-05;Chartered legal executive (England and Wales);793745;2
45881228295;Zachary Hoover;Male;2007-01-07;Engineer, land;853881;0
54648089677;Shannon Washington;Female;2003-09-21;Prison officer;549155;0
07136050514;Rachael Molina;Male;2020-01-03;Scientist, clinical (histocompatibility and immunogenetics);861650;0
71848818601;Jeffery Mendoza;Male;2022-05-12;Retail manager;746494;4
67738658689;Amy Price;Male;2015-08-09;Research officer, trade union;686398;3
46212733489;Suzanne Jones;Male;2002-03-24;Building services engineer;961038;3
21041121165;Justin Molina;Male;2017-04-06;Museum education officer;283280;1
88163901431;Ryan Martin;Male;2010-06-02;Community education officer;351866;1
91054369227;Daniel Romero Jr.;Female;2009-12-19;Commissioning editor;912793;1
77871580621;John Murphy;Male;2014-03-28;Emergency planning/management officer;906281;2
25224472416;Kimberly Lawson;Male;2002-05-02;Land;404262;4
35607841536;Emily Miller;Male;2014-02-13;Engineer, building services;780200;3
30793339673;Eric Coleman;Female;2000-02-21;Social worker;332459;0
60545441864;Kyle Torres;Male;2014-09-17;Merchant navy officer;62457;2
21536753219;Maria Nichols;Male;2006-06-24;Therapist, speech and language;492810;0
64796867961;Heather Nguyen;Male;2001-05-06;Scientist, clinical (histocompatibility and immunogenetics);669014;3
87235143200;Heidi Miller;Female;2023-10-23;Journalist, magazine;232978;3
35286806784;Charlotte Adams;Male;2005-04-11;Designer, furniture;696512;2
49737842712;Cindy Chavez;Female;2020-05-24;Maintenance engineer;736620;5
52451430259;Eric Flores DDS;Female;2017-12-18;Public house manager;919067;3
62532521806;Brad Jones;Female;2000-08-23;Fine artist;892930;2
86977469071;Brian Young;Male;2014-11-17;Barrister;388758;1
52867458004;Maria Holmes;Female;2016-05-14;Banker;374321;3
19818654146;Benjamin Wright;Female;2005-02-19;Management consultant;618139;1
00980084617;Steven Parker;Female;2013-02-09;Investment banker, corporate;499882;3
88235586439;Mark Bradford;Male;2020-01-28;Product/process development scientist;991255;1
63570813407;Tiffany Griffin;Male;2016-02-02;Market researcher;445219;4
91375968555;Amber Cordova;Female;2010-10-25;Publishing rights manager;400856;5
80599551191;Chelsea Dyer;Female;2006-01-20;Occupational hygienist;413083;0
62461234154;Jordan Glover;Female;2014-08-04;Fast food restaurant manager;607410;2
71504915264;Kenneth Potts;Female;2015-11-16;Programmer, applications;513310;0
61162524132;John Blackburn;Male;2018-08-11;Investment analyst;144465;3
35953629283;Jessica Davis;Male;2003-08-17;Orthoptist;512800;5
57146215083;Jimmy Smith;Female;2012-02-20;Designer, industrial/product;320033;5
63741720657;Rachel Preston;Female;2007-03-04;Graphic designer;56637;2
80229151261;Pamela Holland;Female;2019-08-28;Broadcast presenter;214047;3
10563229448;Crystal Fisher;Female;2022-10-21;Conservation officer, nature;128698;5
17992143980;Alexander Watts;Male;2016-12-15;Senior tax professional/tax inspector;798767;0
51873245424;Christopher Bates;Male;2017-09-15;Ranger/warden;700202;3
49917160812;Aaron Moore;Male;2015-08-19;Textile designer;757616;1
22829203673;Stacy Montoya;Female;2009-09-20;Retail merchandiser;4134;3
04874881876;Jeremy Lindsey;Female;2008-07-07;IT sales professional;687643;4
55934411846;Erin Green;Female;2005-02-07;Scientist, research (medical);991174;4
43031909632;Jesse Butler;Female;2018-01-22;Information systems manager;921901;5
32150072289;Nathaniel Wright;Male;2023-05-18;Dentist;229404;1
06918767846;Terry Reid;Female;2010-02-17;Doctor, hospital;424339;4
73756270835;Gregory Summers;Female;2015-05-06;Accountant, chartered public finance;639619;3
37491652941;Elizabeth Harrington;Female;2022-05-08;Surveyor, quantity;590968;0
25412284356;Jodi Brown;Female;2012-09-28;Engineer, automotive;972807;1
16051970214;Jeffrey George;Female;2020-11-13;Clinical psychologist;334813;0
10410333382;Amber Nash;Male;2009-09-26;Geophysical data processor;407775;1
56143364051;Lucas Townsend;Female;2011-12-11;Psychotherapist, child;982428;4
70899817093;Mario Williams;Female;2014-06-16;Gaffer;120173;3
68396117133;Crystal Maldonado;Female;2014-01-11;Television production assistant;65701;2
93576284531;Stephanie Davis;Female;2000-07-23;Armed forces training and education officer;928943;1
46446237691;Belinda Ortiz;Male;2012-07-13;Television camera operator;577142;4
60663434920;Carl White;Male;2009-04-06;Medical laboratory scientific officer;606513;1
52295778535;Benjamin Erickson;Male;2005-06-14;English as a foreign language teacher;670816;4
38663559136;Linda Collins;Female;2013-11-07;Economist;516611;0
49549188918;April Gibbs;Female;2008-12-20;Facilities manager;513726;3
62193398915;Christina Owens;Female;2015-08-28;Magazine journalist;19971;1
07966315097;Jenna Sanders;Female;2009-09-03;Engineer, chemical;90512;2
07960648734;Dawn Chapman;Male;2001-06-07;Pharmacist, hospital;632235;2
11211577682;Rodney Harding;Female;2023-12-20;Marine scientist;99970;0
71986582297;Cindy Smith;Male;2017-05-19;Management consultant;758188;1
18606513309;Victoria James;Female;2012-06-11;Engineer, drilling;387357;1
34082018454;Tony Mcclure;Female;2013-05-24;TEFL teacher;754676;3
99302078459;Christine Crawford;Male;2014-02-19;Programmer, systems;275774;3
48209619298;James Estrada;Male;2017-12-24;Educational psychologist;815781;4
07703479134;April King;Male;2011-10-24;Tourist information centre manager;782010;2
51956581079;Kristen Miller;Female;2000-07-14;Multimedia programmer;985546;0
52943655672;Mr. Tony Sanders;Male;2011-03-28;Art gallery manager;214368;2
95954773697;Rebecca Nguyen DVM;Male;2021-12-23;Production assistant, radio;318146;0
79975964440;Jennifer Foster;Female;2020-12-12;Public relations account executive;956866;0
50792942631;Daniel Wood;Male;2023-09-21;Electronics engineer;586173;5
50920814341;Edward Koch;Male;2000-05-02;Analytical chemist;957043;4
56672538086;Tina Davis;Female;2010-01-16;Psychologist, occupational;714114;4
10734605556;Michael Smith;Male;2004-11-09;Company secretary;406735;5
85259037528;Megan Foster;Male;2021-12-21;Systems developer;73365;4
80811726961;Heather Castillo;Female;2005-01-06;Fine artist;157049;1
97136936181;Edgar Juarez;Female;2001-04-10;Radiation protection practitioner;554116;4
00189798340;Chelsea Williams;Male;2017-07-04;Hydrographic surveyor;844978;3
34479751897;Patrick Owens;Male;2005-01-16;Surveyor, minerals;785649;4
86194032232;Matthew Ramirez;Female;2005-02-26;Clinical molecular geneticist;569431;0
94689221918;Diane Thompson;Male;2001-03-24;Health service manager;51459;2
46630489444;Nancy Lee;Male;2006-08-12;Surveyor, mining;199688;0
17293961549;Amanda Porter;Male;2021-06-21;Barrister's clerk;663068;2
55339370929;Shane Torres;Male;2002-11-10;Public relations account executive;91633;0
12182805017;Annette Miller;Female;2011-01-01;Catering manager;801423;2
77061204348;Jody Montgomery;Male;2014-12-03;Mining engineer;695835;4
41389005449;Shane Schneider;Female;2015-08-17;Research officer, government;574896;0
57086902357;Steven Little;Female;2010-08-20;Outdoor activities/education manager;724314;4
13530071776;Alexis Hernandez;Male;2003-01-27;Engineer, mining;310050;1
86801204500;Sharon Lopez;Female;2001-08-01;Clothing/textile technologist;877684;2
02646276399;Holly Smith;Male;2013-11-27;Engineer, agricultural;745511;2
82055873632;Katherine Munoz;Female;2019-08-16;Call centre manager;652283;3
38837313309;Rachel Parker;Male;2017-04-20;Writer;445291;3
31481832164;Mitchell Simmons;Male;2016-10-25;Charity officer;473676;0
97067227646;Katherine Davis;Male;2005-04-17;Building surveyor;986028;1
28122755670;Caleb Barber;Male;2000-02-20;Homeopath;307739;5
50163622487;Melissa Morgan;Female;2003-09-21;Therapist, art;358655;0
61088262306;Stephanie Moore;Male;2019-07-18;Health promotion specialist;395069;2
07221325456;Charles Swanson;Female;2022-11-24;Soil scientist;493775;0
73406610976;Lisa Walters;Female;2018-03-26;Loss adjuster, chartered;942692;0
84881877908;Jacqueline Morrow;Female;2021-01-10;Civil engineer, contracting;25860;2
19950748039;Christopher James;Male;2015-08-05;Industrial buyer;637395;1
86649746450;Theresa Stein;Male;2001-08-26;Social worker;221785;4
70286914121;Allison Pearson;Male;2005-05-09;Geophysical data processor;164606;1
76631634167;Aaron Hicks;Female;2020-07-19;Photographer;531943;2
49640840196;Patrick Reed;Female;2012-12-15;Editor, magazine features;538329;0
33540468749;Kimberly James;Female;2008-08-02;Media planner;149414;0
84759655871;Daniel Sexton;Female;2001-01-01;Television floor manager;722887;3
07907422772;Todd James;Female;2016-11-07;Metallurgist;222953;2
20242973250;Colin English;Male;2007-02-19;Records manager;641658;3
12165209305;Evan Kelly;Male;2000-10-07;Operational researcher;124648;0
01453866484;Steven Miller;Female;2005-03-08;Building control surveyor;599336;4
15925047853;Samantha Lucas;Male;2023-10-13;Facilities manager;924644;0
88745209503;Carlos Kemp;Male;2020-02-24;Research scientist (medical);300000;4
85225651812;Andrea Anderson;Male;2022-03-18;Retail merchandiser;295954;2
53043505855;Peter Rosales;Male;2002-01-28;Barrister;97321;3
42779464922;Jimmy Lawrence;Male;2023-03-27;Sales executive;387225;3
94414043966;Charles Jenkins;Female;2007-05-07;Surveyor, minerals;797138;4
99839970192;Billy Stewart;Female;2003-09-27;Arts administrator;660151;4
00373849079;Bridget Gibson;Male;2015-01-21;Local government officer;706764;1
88826078608;Sherry Baldwin;Male;2014-03-24;Designer, ceramics/pottery;254248;0
07487330780;Timothy Graham;Male;2010-10-08;Proofreader;842890;0
58058206499;Roy Kent;Male;2013-12-01;Exhibitions officer, museum/gallery;739323;2
18033067368;Stephanie Hale;Female;2020-06-18;Editor, magazine features;631606;1
70496414893;Christopher Lee;Female;2023-02-17;Music tutor;93461;5
91727935703;Heather Jones;Male;2009-04-13;Chief Technology Officer;871626;5
97545715553;Steven Barrett;Female;2021-07-26;Presenter, broadcasting;139292;3
67122311352;Jennifer Coleman;Male;2014-07-14;Video editor;29674;3
94289092304;Victor Sullivan;Male;2018-11-22;Careers adviser;798473;3
28822643662;Amanda Mcdaniel;Female;2007-04-14;Catering manager;730675;3
61287846722;Deborah Fernandez;Male;2015-01-05;Web designer;386617;3
20132941101;Heather Washington;Male;2009-01-17;Curator;152506;2
41218452778;Michelle Bailey;Male;2013-03-17;Aeronautical engineer;6660;3
25499433924;Nicole Bowman;Male;2008-04-06;Hospital doctor;933201;2
72507910768;James Meyers;Male;2020-02-04;English as a foreign language teacher;212804;2
78520154023;Joshua Farrell Jr.;Female;2014-03-04;Designer, ceramics/pottery;384386;3
22593124019;Garrett Pope;Female;2005-07-19;Medical physicist;720728;3
04170012743;Julie Smith;Female;2022-11-11;Paramedic;39350;5
93743014490;Frederick Webb;Female;2015-02-23;Exhibitions officer, museum/gallery;449743;3
52210634893;Lisa Roberson;Female;2020-08-05;Sports coach;985704;5
23853134611;Alexander Mccormick;Male;2012-01-27;Aid worker;76951;2
89477549295;Summer Alvarez;Female;2008-03-07;Meteorologist;581961;3
61143090251;Dr. Thomas Stewart;Male;2015-05-19;Scientist, clinical (histocompatibility and immunogenetics);242732;4
34305853656;Katherine Snyder;Male;2018-12-23;International aid/development worker;554654;1
43666111873;Rachel Hughes MD;Male;2018-05-10;Legal secretary;808627;5
04158556255;David Robinson;Male;2007-11-26;Horticultural consultant;702247;2
07447585735;Madison Martin;Male;2011-02-24;Development worker, international aid;237087;2
38940537692;Stephanie Rogers;Male;2018-12-19;IT sales professional;759313;4
28535090266;Jessica Greer;Female;2019-04-12;Exercise physiologist;532229;0
47932304330;Margaret Jordan;Male;2010-04-02;Applications developer;566984;2
59657808665;Robin Porter;Male;2017-12-21;Sports administrator;389055;0
17517194070;Shirley Vang;Male;2005-08-22;Recycling officer;695161;5
75293447171;Jeffrey Nixon;Female;2013-01-14;Production designer, theatre/television/film;835161;5
07530092841;James Henry;Male;2020-04-12;Sound technician, broadcasting/film/video;146000;4
07762823032;George Russell;Female;2014-05-09;Adult guidance worker;473700;4
54122095387;Tim Adams;Male;2015-01-18;Brewing technologist;64018;4
65642236863;Ronald Morrison;Male;2014-07-19;Trading standards officer;324161;1
14155155802;Jennifer Berry;Male;2000-06-10;Medical sales representative;521528;2
87186564398;David Hunter;Male;2002-07-04;Conservation officer, historic buildings;345960;2
55481217676;Dawn Lee;Male;2017-07-03;Chief Marketing Officer;34943;4
12247709017;Dr. Anthony Hill Jr.;Female;2023-08-17;Risk analyst;969519;0
96271287336;Robert Todd;Female;2014-02-14;Magazine features editor;65218;4
58467232447;Chelsea Smith;Female;2014-01-08;Financial controller;119609;3
82614959044;Mrs. Lindsay White;Male;2013-04-19;Surveyor, minerals;552824;4
39789584851;Denise Hill;Female;2011-10-16;Publishing rights manager;793912;1
09705671064;Brooke Winters;Female;2013-02-10;Multimedia programmer;830456;3
54037348017;Caleb Adkins;Female;2007-05-18;Primary school teacher;277917;5
65042391172;Stephanie Thomas;Male;2000-06-10;Transport planner;911578;3
08871368205;Morgan Cross;Female;2022-03-05;Pathologist;79985;0
11522136225;Ricky Gregory;Male;2015-01-10;Health service manager;601873;0
48738054643;Christine Salas;Male;2008-12-09;Buyer, retail;532614;0
16111867561;David Graham;Female;2012-12-21;Magazine features editor;749752;0
42981413099;Evan Lopez;Male;2009-03-12;Telecommunications researcher;782572;5
72104603033;Brandon Briggs;Female;2000-01-01;Accounting technician;536516;4
41246137879;April Burke;Male;2018-08-10;Equality and diversity officer;473629;1
52001431851;Jamie Khan;Female;2008-12-22;Translator;206193;1
97956614365;Joshua Leonard;Male;2023-03-05;Chief of Staff;52630;0
54705401922;John Moreno;Female;2008-10-20;Editor, film/video;194194;0
70794956776;Allen Bullock;Male;2017-09-14;Estate manager/land agent;627137;2
29012967685;Kimberly Carr;Female;2019-04-04;Quality manager;462440;4
00207581603;Brian Cook;Female;2000-01-02;Environmental manager;860140;5
38033058616;Dustin Smith;Female;2000-10-27;Arts administrator;726986;5
13119845235;Shawn Wilson;Female;2007-12-13;English as a second language teacher;174267;5
35658092043;Brian Wolf;Female;2000-11-16;Osteopath;755082;1
35071921326;Andrea Bradley;Female;2007-01-16;Fast food restaurant manager;537873;2
38049044023;Robert Turner;Male;2006-10-08;Armed forces logistics/support/administrative officer;222679;3
95332586944;Steve Williams;Male;2022-07-05;Designer, jewellery;179959;0
70900323850;Timothy Ford;Female;2023-09-13;Administrator, charities/voluntary organisations;600695;5
51136272029;Mr. Andrew Medina;Male;2001-05-01;Community arts worker;285066;3
90349326942;Gabriel Lee;Female;2022-05-27;Careers information officer;630210;3
07155455956;Scott Baxter;Female;2012-08-12;Barista;567197;1
01869119316;Steven Hancock;Male;2018-02-08;Administrator, local government;844065;1
12381613093;Christopher Webb;Female;2013-04-20;Engineer, structural;891324;2
25047935901;Kathryn Nelson;Male;2006-02-10;Music tutor;557294;0
05274414876;Cynthia Davis;Female;2018-07-12;Animator;964932;3
98075006425;Edward Townsend;Male;2008-12-07;Psychiatric nurse;931061;4
79459427373;Troy Woodard;Male;2000-05-05;Armed forces training and education officer;187492;2
89547367974;Craig Mcdaniel;Female;2011-06-24;Surveyor, minerals;521056;0
58585763887;Joshua Chapman;Female;2011-05-22;Sales professional, IT;888676;4
62191191315;Jared Rhodes;Female;2022-05-22;Physiotherapist;998272;1
59379356299;Robin Garcia;Female;2013-08-18;Air broker;687635;5
50564338970;Stephanie Joseph;Male;2023-02-27;Fine artist;138817;3
49034296014;Fernando Alvarez;Male;2009-03-03;Therapist, sports;716593;0
89050998724;Mr. Daniel Stevens;Female;2016-10-28;Surveyor, commercial/residential;224728;1
71114284347;Anthony Frazier;Male;2018-03-07;Wellsite geologist;201692;3
58717039175;Janice Peterson;Male;2018-06-11;Journalist, newspaper;914351;2
66849934887;Sergio Flowers;Female;2011-12-24;Technical brewer;916161;5
64894165575;Aaron Nunez;Male;2021-03-23;Estate manager/land agent;23976;0
04181370489;Michael King;Female;2010-01-10;Film/video editor;64802;4
54502857814;Robert Farmer;Female;2022-09-20;Futures trader;596809;1
27873387800;George Wong;Male;2007-10-25;Commercial art gallery manager;116605;3
58311386595;Joe Young;Female;2010-02-10;Pharmacist, community;349587;0
62537525896;Matthew Taylor;Female;2021-11-20;Building services engineer;57879;3
27127767833;Leslie Green;Female;2010-09-22;Copy;124481;4
14667304109;Henry Collins;Male;2020-08-03;Media planner;667385;4
63036989181;Robert Greene;Female;2005-12-08;Media buyer;215898;3
19684633887;Stephen Smith;Male;2022-01-05;Control and instrumentation engineer;710360;5
67862726641;Theresa Jenkins;Female;2007-08-06;Freight forwarder;133966;1
99623829559;Ricardo Myers;Female;2010-02-21;Chief Strategy Officer;448602;1
71424457624;Robert Romero;Female;2016-11-04;Chartered management accountant;349848;5
13692264839;Jacob Sutton;Male;2018-09-14;Chartered public finance accountant;139687;2
66273521379;Vernon Page;Male;2019-10-09;Art gallery manager;249087;4
07992964530;Larry Sosa;Male;2023-08-24;Development worker, international aid;122413;5
09366125328;Rebecca Dickerson;Male;2014-05-06;Communications engineer;564651;0
57838231558;Hunter Branch;Male;2023-01-08;Geochemist;441457;3
99326508692;Rachel Robinson;Female;2014-02-08;Building surveyor;903209;1
02430036992;Kimberly Horton;Female;2009-07-07;Music tutor;703023;0
35425047242;Todd Peters;Female;2007-12-21;Financial planner;602820;5
20562049522;Kelly Bennett;Female;2011-11-08;Environmental consultant;902921;3
17025732805;Terry Rivas;Female;2004-03-22;Astronomer;477368;3
64934206651;Teresa Harris;Female;2015-10-11;Adult nurse;289325;5
05455996195;Jessica Valdez;Female;2010-12-07;Forensic psychologist;299112;1
67995075666;Cynthia Atkins;Female;2010-05-25;Medical laboratory scientific officer;9101;4
98794749838;John Carr;Female;2008-04-13;Furniture designer;113406;1
42493212447;Jody Garcia;Male;2011-07-05;Cartographer;374990;1
45909692782;Daniel Marsh;Male;2002-01-15;Psychologist, educational;249386;4
08613959420;John Taylor;Female;2002-05-22;Marine scientist;780094;2
89025649159;Leslie Kelley;Female;2010-11-10;Civil engineer, contracting;120746;0
27266960740;Kyle Hunter;Male;2023-02-04;Medical physicist;102369;0
55523341309;Jeffery Snyder;Female;2000-05-10;Technical author;520798;1
34865171200;Daniel Benitez;Female;2007-10-17;Meteorologist;764187;4
87547236711;Anthony Bradshaw;Female;2004-07-20;Water engineer;536968;2
89933680726;Trevor Cruz;Male;2018-04-25;English as a second language teacher;436904;5
42601670568;Melissa Hayes;Male;2022-03-16;Engineer, drilling;890575;3
13291173344;Marcus Morris;Female;2009-06-27;Ecologist;678495;4
39806951676;Robert Mitchell;Male;2012-03-07;Designer, furniture;513591;4
20504316447;Tonya Wright;Male;2007-04-23;Animator;146730;0
14523961212;Jason Hayes;Female;2015-06-02;Sales executive;634499;5
42441822792;Frank Gardner;Female;2012-03-11;Stage manager;417241;4
98580829217;Wendy Johnson;Female;2010-05-13;Water quality scientist;30750;0
75581485942;Jeffrey Mann;Female;2005-10-21;Orthoptist;252864;0
98919266821;Meghan Luna;Female;2023-02-27;Counselling psychologist;382394;4
57723778898;Taylor Sanchez;Male;2001-01-27;Recycling officer;768145;5
11949767950;Joshua Rodriguez;Male;2023-04-21;Community development worker;726083;4
19912710162;Suzanne Rodriguez;Male;2014-04-06;Theme park manager;728999;4
33814985898;Jaime Smith;Male;2002-08-16;Editor, magazine features;908830;5
29296177612;Mackenzie Richardson;Male;2002-05-02;Surveyor, mining;864084;3
28901831423;Rachel Espinoza;Male;2001-04-15;Psychologist, counselling;9674;0
44942655457;Lori Powell;Female;2019-01-12;Paediatric nurse;273144;5
72219879507;Michael Richards;Male;2015-01-19;Information systems manager;30152;3
97245021662;Julie Turner;Male;2001-05-12;Dealer;513777;4
17392901745;Bonnie Nielsen;Female;2014-08-23;Theatre director;35640;3
40644927783;Alexandra Bryant;Male;2003-02-28;Administrator, education;296619;0
48273902802;Brian Green;Male;2002-09-04;TEFL teacher;366822;4
47031954787;Wesley Jenkins;Male;2006-09-26;Engineer, control and instrumentation;337939;3
96816437089;Valerie Wood;Female;2011-03-06;Plant breeder/geneticist;556476;2
32572126446;Patricia Knight;Male;2021-11-08;Horticulturist, commercial;287937;1
89630962319;Rebecca Flores;Male;2000-09-12;Designer, television/film set;494995;3
37007216583;Michelle Waters;Male;2012-07-06;Warehouse manager;383044;2
67567470546;Rebecca Griffin;Male;2002-07-27;Production assistant, television;234776;5
88617445682;James Barton;Male;2021-11-08;IT consultant;331292;2
99234873285;Darrell Murphy;Male;2003-11-28;Automotive engineer;716912;0
48657784824;Samantha Joseph;Male;2014-05-22;Nurse, children's;506356;3
30113003279;Michael Fields;Male;2014-06-18;Child psychotherapist;594752;3
30680199968;Dana Carter;Male;2003-02-26;Tax adviser;8871;0
44133445095;Melanie Burnett;Male;2007-04-19;Geochemist;373334;5
42990065474;Jill Zuniga;Male;2022-12-20;Insurance account manager;224956;4
43065473729;Michael Johns;Female;2007-02-19;Theatre manager;997307;2
62564984196;Gloria Graham;Female;2022-06-19;Claims inspector/assessor;999787;4
29334944164;Jeffrey Jones;Female;2023-02-18;International aid/development worker;194741;2
71232649975;Lee Mills;Male;2003-10-11;Engineer, materials;175401;4
28765769540;David Kim;Male;2009-11-21;Ceramics designer;420179;2
97327283736;Joseph Ramirez;Male;2005-11-07;Materials engineer;420952;3
93907350647;Dennis Munoz;Male;2023-02-22;Teacher, music;924485;1
18966207883;Patrick Allison;Male;2005-09-16;Armed forces training and education officer;867508;2
12816071540;Peter Moore;Female;2009-01-01;Diagnostic radiographer;917571;1
26316955195;Danielle Moore;Female;2012-04-25;Radio producer;465702;1
63291105861;Jonathan Arellano;Female;2006-05-12;Public relations account executive;801373;5
69883856343;Katrina Perez;Female;2015-01-03;Fine artist;70356;4
17407600645;Jacob Lane;Male;2018-08-09;Toxicologist;241629;4
28638912393;Michaela Patel;Male;2005-08-28;Legal secretary;187399;4
22728450308;Craig Graham;Female;2012-12-13;Nurse, children's;866038;4
49912207769;Gary Becker;Male;2014-12-24;Customer service manager;945901;4
96104845759;Beverly Stevens;Male;2018-02-09;Research scientist (physical sciences);470791;0
88409841890;Miranda Snyder;Female;2002-02-22;Sub;530491;1
35276394323;Omar Little;Male;2015-02-06;Psychologist, clinical;194307;4
29789841845;Jo Strickland;Female;2016-02-07;Waste management officer;768334;2
00863672058;Jessica Callahan;Male;2011-11-01;Landscape architect;889406;2
19314998019;Erika Maldonado;Female;2000-08-11;Administrator, sports;130818;5
47870528207;William Jordan;Female;2009-04-22;Tour manager;76139;4
13793052879;Shannon Alexander;Male;2018-02-10;Psychologist, occupational;2848;5
26662639874;Richard Richardson;Female;2008-08-24;Stage manager;338435;4
62075925319;Jody Ramos;Female;2018-01-01;Fisheries officer;280535;4
64730697567;Luis Turner;Male;2009-04-04;Research scientist (life sciences);129330;2
89911188921;Samantha Beard;Female;2020-08-12;Petroleum engineer;757936;5
00824753494;Allison Williams;Female;2017-12-02;Jewellery designer;754956;1
09917461578;Sara Clark;Male;2010-08-23;Scientist, forensic;570514;2
22591203877;Kathy Ramos;Male;2005-08-27;Market researcher;642625;2
67351413347;Melissa Watson;Male;2005-11-07;Scientist, research (life sciences);500066;0
43690904159;Justin Hawkins;Female;2001-08-03;Engineer, structural;133799;5
42407583424;Mary Woodard;Male;2020-10-25;Chiropractor;11138;2
85066289163;Ashley Cochran;Male;2016-02-19;Product manager;970153;5
52722996482;Mrs. Abigail Mccann MD;Female;2005-12-25;Engineering geologist;504382;2
88737329927;Becky Berry;Male;2019-02-16;Insurance underwriter;683354;4
33421829534;Margaret Miller;Female;2005-03-16;Architect;143217;3
81597637820;Audrey George;Female;2001-05-26;Ecologist;805260;4
28242332124;Dr. Leslie Mitchell;Female;2012-03-02;Licensed conveyancer;822884;5
61218250102;Emily Daniels;Male;2006-08-09;Product manager;442913;5
92944311533;Preston Smith;Male;2020-07-07;Facilities manager;120745;4
73136570127;Brenda Rice;Male;2017-06-18;Multimedia programmer;919298;1
00851341144;Jill Henderson;Female;2006-11-11;Dentist;263249;4
28080475378;John Kennedy;Male;2020-01-14;Teacher, adult education;681591;3
22125642932;Brian Parker;Female;2015-06-02;Theatre stage manager;5499;3
77339127488;Elizabeth Lewis;Male;2006-08-14;Energy engineer;590079;4
02508506767;Taylor Hunt;Male;2014-12-13;Therapist, nutritional;13009;4
07335279358;Yvonne Bailey;Male;2007-03-27;Insurance broker;815502;3
45335477865;Charles Ward;Female;2022-02-21;Interior and spatial designer;315111;1
57321421636;Emma Brown;Male;2018-12-22;Health visitor;69953;2
03804450449;Robert Peters;Female;2018-04-04;Manufacturing engineer;380665;5
29866357685;Jeff Shaw;Male;2017-03-16;Engineer, manufacturing;705868;1
16876361616;Dana Jones;Male;2021-04-28;Microbiologist;252706;2
59383183923;Timothy Chen;Female;2019-05-25;Musician;363354;2
60236910653;Zachary Acosta;Female;2020-12-19;Nurse, mental health;328063;4
01813051550;Leah Burgess;Male;2002-11-18;Statistician;251106;5
36237425624;Joshua Salas;Female;2020-07-25;Pilot, airline;514789;0
82015170226;Ryan Lambert;Male;2018-11-02;Physiotherapist;143785;1
13357133248;Sarah Wolf;Male;2022-08-08;Minerals surveyor;774756;1
90359476757;Elizabeth Roberts;Male;2014-10-12;Psychologist, occupational;492509;2
23893094125;Kristy Lee;Male;2016-02-04;Secretary/administrator;213806;3
57825785051;Mary Fleming;Male;2020-08-12;Acupuncturist;957971;0
61893070998;Chase Shannon;Female;2006-03-22;IT sales professional;878863;1
56319551771;Gerald Burke;Male;2017-03-26;Insurance broker;529358;3
96390245717;Michael Green;Male;2022-02-05;Forensic psychologist;9078;3
79912201410;Amanda Young;Female;2012-03-07;Mechanical engineer;648215;2
18559317045;William Harper Jr.;Male;2005-01-08;Armed forces logistics/support/administrative officer;304925;3
29823917409;Fernando Mitchell;Female;2019-10-04;Hotel manager;650800;5
32739167806;Antonio Mack;Male;2014-11-07;Accountant, chartered;268150;3
37604798707;Jennifer White;Male;2014-08-18;Designer, interior/spatial;212004;5
97502875601;William Gutierrez;Female;2013-11-20;Insurance broker;803547;0
29738961192;George Mata;Male;2000-04-02;Social researcher;554825;4
31007542503;Rebecca Greer;Female;2017-12-09;Programmer, multimedia;959676;3
94205993515;Christine Arnold;Female;2017-10-19;Scientist, research (physical sciences);712086;0
58212851441;Matthew Wilson;Female;2023-01-04;Exhibitions officer, museum/gallery;924853;1
47877724642;Heather Greene;Female;2007-08-07;Journalist, broadcasting;57115;4
59819353398;Nicole Flores;Male;2009-01-10;Fashion designer;877438;4
07698182785;David Hicks;Male;2020-06-22;Loss adjuster, chartered;891021;0
20829343372;Timothy Green;Female;2019-08-19;Investment banker, operational;29860;5
22166790552;Ms. Tammy Lopez DVM;Male;2023-03-20;Sound technician, broadcasting/film/video;741852;4
08367189336;Laura Noble;Female;2021-05-09;Artist;286308;1
51342531604;Justin Krause;Female;2023-05-18;Chartered management accountant;926713;4
84329458635;Jose Suarez;Male;2006-11-05;Sub;207628;5
55493094630;Mrs. Kristen Benson;Female;2011-12-27;Writer;516529;3
55372964093;Michael Gibson;Male;2006-03-14;Conservation officer, nature;346324;4
00752076476;Nathan Aguilar;Female;2006-12-13;Materials engineer;305447;5
38954417547;Jessica Nelson;Male;2022-06-28;Maintenance engineer;958812;2
49493048217;Robert Wilson;Female;2006-01-03;Plant breeder/geneticist;507262;2
19725161633;Mariah Smith;Female;2013-06-25;Pathologist;883895;3
90004256702;Samantha Logan;Male;2022-10-10;Engineer, electronics;245915;5
41588869422;Michelle Singh;Male;2023-06-10;Television/film/video producer;203221;0
99558539363;Brenda Osborne;Male;2004-04-09;Financial planner;802150;1
02784108554;Ronnie Morales;Male;2021-01-11;Information systems manager;208142;0
08500561910;Jonathan Hooper;Male;2021-07-07;Engineer, manufacturing;752291;0
62514588812;Richard Goodwin;Male;2021-01-13;Hydrologist;959122;5
03628596111;Joseph Miller;Male;2011-09-17;Medical laboratory scientific officer;64865;5
28786980581;Daniel Edwards;Male;2018-12-17;Meteorologist;901296;4
88271137961;Tiffany Powers;Female;2016-11-15;Colour technologist;901916;5
75623707219;Justin Sanchez;Female;2019-02-19;Fitness centre manager;396342;1
99028307630;Rodney Carter;Male;2006-11-23;Glass blower/designer;800949;3
91025489737;Michelle Aguilar;Male;2007-06-12;Accountant, chartered;279727;1
13808030733;Barbara Morris;Male;2017-09-26;Retail manager;48808;3
98980636460;Kristy Mckinney;Female;2012-03-17;Psychiatric nurse;992262;0
14703341847;James Lewis;Female;2005-02-19;Materials engineer;39050;1
28277001531;Benjamin Green;Female;2014-08-04;Health service manager;585913;1
29653024520;Tommy Rubio;Male;2022-01-01;Dietitian;18435;4
31481513833;Shawn Garza;Male;2018-09-23;Travel agency manager;142401;4
50734703616;Debra Kane;Female;2018-04-06;Water quality scientist;58334;1
68097420803;Elizabeth Johnson;Female;2014-07-08;Engineer, technical sales;805250;4
61354520965;Katie Flores;Male;2015-12-04;Illustrator;454334;2
17250981741;Rachel Leonard;Male;2003-07-06;Teaching laboratory technician;269757;4
51687183562;Megan Flores;Male;2004-05-02;Programmer, applications;335746;5
12604819855;Courtney Stein;Male;2010-11-22;Building services engineer;297065;5
62237197266;Jessica Elliott;Male;2011-04-20;Media buyer;881495;4
48703114800;Anthony Dunn;Male;2017-07-09;Engineer, energy;335937;4
83304368941;Lisa Williams;Male;2006-08-26;Chartered legal executive (England and Wales);474091;3
47819342810;Kimberly Johnson;Female;2020-08-18;Animal technologist;718764;2
66784468323;Sherry Johnson;Male;2016-05-08;Prison officer;86361;0
15702084116;Harold Woods;Male;2002-09-02;Buyer, industrial;877471;2
52915036508;Alex Turner;Male;2011-12-02;Armed forces operational officer;734064;0
93025098673;Bonnie Moon;Female;2020-08-23;Paramedic;127146;1
97662057725;Damon King;Male;2014-12-05;Location manager;513530;5
95602446145;Robert Elliott;Female;2001-04-20;Probation officer;600161;3
06910928574;Wanda Lewis;Female;2002-06-17;Broadcast presenter;518402;3
97563200440;Shannon Frederick;Female;2018-12-26;Risk analyst;357459;3
13424648440;Roberto Mckinney;Female;2020-07-27;Transport planner;24977;1
94411876698;Andrea Johnson;Female;2011-04-18;Television camera operator;279734;0
13146194918;Mark Chavez;Female;2014-05-26;Historic buildings inspector/conservation officer;716745;4
77546738031;Brian Lopez;Female;2015-05-13;Engineer, manufacturing;987191;2
11906570871;Tanya Fisher;Female;2010-05-13;Associate Professor;602704;0
51466727253;Susan Harris;Male;2013-06-10;Counselling psychologist;964606;3
49001767871;Tiffany Salas;Male;2022-12-03;Health service manager;151644;2
53720520406;Scott Young;Male;2008-08-11;Psychologist, occupational;464657;0
53982806654;Andrea Harrison;Male;2016-05-09;Food technologist;46729;0
49557015056;Teresa Hernandez;Male;2004-03-12;Early years teacher;94228;2
24919422684;Wendy Romero;Male;2022-05-26;Farm manager;169966;3
28872550371;Carlos Lewis;Female;2010-11-04;Merchandiser, retail;379400;5
97377418226;Cynthia Martinez;Female;2015-11-28;Make;402601;3
98571003019;Jack Brady MD;Male;2017-02-19;Occupational psychologist;196143;5
29778869258;Timothy Willis;Female;2009-09-12;Animator;762613;4
53321563528;Kayla Lester;Male;2004-11-28;Hydrographic surveyor;322786;2
34158637962;Randall Weaver;Male;2000-07-02;Radiographer, therapeutic;681569;0
43497804981;Steven Alexander;Female;2023-11-21;Field seismologist;77209;0
24606170050;Jody Odonnell;Male;2003-08-24;Nature conservation officer;333065;0
76292930627;Toni Steele;Male;2020-01-05;Tour manager;792778;2
88171929295;Maureen Barnett;Male;2001-01-27;Ergonomist;323257;5
29638855755;Christopher Kemp;Male;2000-09-05;Engineering geologist;626335;5
36374879292;William Best;Male;2017-01-12;Radiographer, diagnostic;640075;3
54461547851;Ruben Brown;Female;2007-04-22;Arts development officer;738599;2
81666989287;Jorge Williams;Female;2017-09-24;Personnel officer;937997;3
55605720866;Amanda Hodges;Male;2018-04-23;Designer, industrial/product;997049;3
74450428412;Jamie Garcia;Male;2022-12-12;Production manager;486119;4
61559106793;Thomas Rice;Female;2020-12-26;Mudlogger;456640;3
69377248523;Juan Campbell;Female;2019-09-19;Education officer, community;33819;5
79790184908;Anthony Andrade;Female;2006-11-10;Merchant navy officer;355820;5
83983912965;Jacob Carpenter;Male;2022-02-02;Contracting civil engineer;34926;0
97596325744;Mason Ortiz;Female;2021-05-25;Speech and language therapist;80214;5
26587413657;Janet Valdez;Male;2010-11-02;Games developer;772992;4
99265524825;Troy Molina;Female;2013-01-11;Product/process development scientist;945567;5
41132785734;Ethan Thompson;Female;2013-03-25;Fish farm manager;181036;4
72640364144;Rita Johnson;Male;2011-11-15;Community education officer;810864;2
12142132618;Bobby Wood;Female;2018-06-22;Sports therapist;773052;1
02944063431;Connie Smith;Female;2005-09-23;Legal executive;883338;1
24799794119;John Smith;Female;2017-07-07;Scientist, product/process development;974246;1
48092675083;Candice Hernandez;Female;2011-04-05;Ophthalmologist;454226;4
82880654282;Janice Crawford;Female;2009-05-16;Programmer, multimedia;185944;1
16115167890;Theodore Arnold;Male;2018-11-18;Librarian, public;514164;1
35048695419;Tonya George;Female;2017-02-07;Engineer, communications;805290;2
10773976162;Jeffrey Maldonado;Female;2019-03-20;Retail merchandiser;649456;0
24874509450;Whitney Melton;Male;2002-02-14;Horticulturist, commercial;401702;5
49657141746;Juan Choi;Male;2013-10-19;Public house manager;801801;4
30400973575;John Munoz;Male;2010-07-27;Brewing technologist;825515;4
14526454421;Joshua Wong;Female;2006-11-06;Psychiatrist;659028;1
14716515699;Alejandra Fisher;Female;2022-01-06;Engineer, agricultural;210785;0
68559722083;Charles Obrien;Male;2012-09-14;Merchandiser, retail;461708;2
62710729102;Catherine Williams;Male;2005-07-05;Physicist, medical;188778;5
55545061294;Christine Harris;Male;2018-03-09;Trading standards officer;835266;2
57806408106;Jerome Medina;Male;2015-03-16;Private music teacher;717932;5
49865042666;Renee Sanchez;Male;2009-05-23;Chartered certified accountant;416235;4
92925786396;Douglas Webster;Male;2017-08-22;Print production planner;99508;0
97359604078;Chris Lee;Male;2018-12-26;Banker;476948;3
12505079082;Rhonda Wilcox;Male;2015-06-06;Computer games developer;144859;0
10130761651;Alison Ochoa;Female;2023-07-18;Learning mentor;867014;2
00163393176;Riley Guzman MD;Female;2003-02-08;Set designer;555795;4
34853433489;Wayne Todd;Male;2009-11-06;Outdoor activities/education manager;615717;5
03190360432;Stacey Hart;Male;2008-01-10;Chief of Staff;485332;3
46921036461;Samantha Collins;Female;2017-12-05;Geologist, engineering;965322;3
60183349993;Debra Bates;Male;2010-02-15;Local government officer;456133;1
30819244989;James Caldwell;Female;2022-12-26;Copywriter, advertising;934658;3
70654354278;Stephen Sutton;Female;2008-01-18;Dramatherapist;426175;1
56544202104;Kristen Morrison;Male;2016-05-28;Transport planner;590582;3
96166070862;Daniel Lewis;Male;2003-04-27;Careers information officer;846773;4
74023431909;Jason Gallegos;Male;2020-05-22;Teacher, primary school;714266;4
49300315640;Sandra Lynch;Male;2022-05-13;Scientist, research (maths);360627;5
33367044972;Diane Garcia;Female;2002-01-04;Magazine journalist;95586;0
08219598847;Anthony Walker;Male;2012-07-20;Exercise physiologist;795834;2
89139344712;Cheryl Martinez;Female;2022-04-19;Lighting technician, broadcasting/film/video;772964;0
72247103110;Anthony Gates;Male;2017-05-25;Product/process development scientist;822889;2
32536105349;John Fleming;Male;2018-11-16;Engineer, civil (contracting);270025;5
52987870021;Kenneth Cooper;Male;2008-11-07;Environmental manager;742668;1
65247959581;Cristian Perkins;Female;2020-09-10;Dramatherapist;366559;4
73462295705;Lori Hughes;Female;2018-03-06;Dramatherapist;715484;3
33544309328;Mark Gonzalez;Female;2009-10-02;Estate agent;404920;3
61193257940;Shannon Norris;Male;2004-06-17;Warden/ranger;346095;1
36900801739;Debbie Franklin;Female;2008-08-19;Geochemist;471788;4
44016519942;Danielle Rangel;Female;2022-07-25;Equities trader;86833;2
42884289331;Deborah Russell;Male;2003-06-02;Historic buildings inspector/conservation officer;759446;0
11813047541;Anthony Ball;Male;2000-06-13;Ranger/warden;606257;3
08129625133;Mary Boyle;Male;2011-01-21;Physiotherapist;145947;3
57277733561;Jessica Reeves;Male;2005-04-13;Nurse, children's;252767;2
28234970191;Cristina Curtis;Male;2011-06-19;Pathologist;337849;1
35578379887;Dylan Palmer;Female;2008-09-04;Journalist, broadcasting;265172;0
61860143633;Amber Robinson;Female;2007-12-18;Orthoptist;555976;1
58775086236;Antonio Harvey;Male;2009-12-08;Contractor;888855;2
55687096504;Tiffany Perry;Female;2006-06-06;Product manager;715545;4
03002077485;David Gibson;Male;2017-07-19;Housing manager/officer;765979;3
29217039690;Mark Harris;Male;2002-06-23;Agricultural consultant;679217;2
91400908366;Michelle Johnson;Male;2018-08-22;Commercial/residential surveyor;694059;2
15443756460;Amy Hunt;Male;2019-03-07;Geographical information systems officer;699730;1
31463465598;Matthew Rivas MD;Female;2012-05-15;Structural engineer;540119;3
10590564545;Brittany Hart;Male;2003-06-28;Pilot, airline;246667;1
10405187377;Omar Munoz;Male;2012-09-17;Chemical engineer;362446;1
49278673450;Valerie Lee;Female;2021-03-28;Housing manager/officer;640270;2
68458420612;Douglas Whitney;Male;2010-10-02;Multimedia specialist;687704;0
17858964131;Kayla Rogers;Female;2000-08-11;Environmental health practitioner;516045;2
64976309977;Alexis Welch;Female;2002-09-22;Pension scheme manager;241912;3
15972915606;John Santiago;Female;2001-11-14;Programme researcher, broadcasting/film/video;7237;0
48738586773;Jane Lopez;Male;2018-12-08;Chief Operating Officer;1076;4
58897870405;Mr. Kevin Flowers;Female;2003-01-16;Technical brewer;903817;1
25787141165;Sandra Gonzalez;Female;2007-11-16;Designer, industrial/product;436058;1
08225293716;John Roth;Male;2021-05-18;Writer;114562;5
94810768310;Phillip Mccoy;Female;2010-01-04;Health and safety adviser;520109;0
21144684624;Benjamin Edwards;Female;2019-04-13;Art therapist;906091;5
57070958147;Dr. Jennifer White;Male;2002-05-01;Health physicist;5697;0
81889177278;Daniel Thompson;Male;2013-01-08;Programmer, multimedia;503320;1
33908481471;Frank Payne;Male;2004-06-13;Social worker;261186;2
87279286323;Ashley Wright;Male;2016-03-14;Product/process development scientist;680095;5
01356492052;Diane Reed;Female;2021-06-03;Merchandiser, retail;674406;2
99729590403;Jonathan Quinn;Male;2007-08-18;Arboriculturist;376430;0
97076441066;Todd Hooper;Female;2005-09-04;Medical sales representative;195348;4
64192031693;Jonathan Fritz;Male;2003-12-23;Operational investment banker;303484;3
67360904485;Todd Harper;Male;2000-07-10;Energy engineer;715454;4
98926460232;James Garza;Male;2009-06-07;Operations geologist;317731;4
75742957938;Julie Dixon;Female;2019-06-05;Dispensing optician;835083;1
16212287120;Joshua Ramirez;Male;2006-06-11;Administrator, local government;902721;2
49587433300;Laura Brown;Female;2022-07-11;Audiological scientist;383262;1
67561885367;Henry Ford;Female;2010-06-16;Archivist;7916;5
85196214277;Nicole Lawson;Male;2010-10-11;Immunologist;108301;0
65864641540;Albert Brown;Male;2021-06-22;Building control surveyor;459817;1
21584984455;Kerry Lane;Female;2006-04-15;Producer, radio;133641;1
97506368363;Allen Mendoza;Male;2016-03-21;Advertising account executive;489222;4
42830879675;Trevor Shannon;Female;2012-01-02;Doctor, general practice;905999;4
07531031102;Melissa Wolfe;Male;2010-12-02;Chartered certified accountant;266679;4
19413347543;Cindy King;Male;2006-07-05;Psychotherapist, child;415271;2
82297737382;Jeffery Webb;Female;2020-02-23;Geoscientist;372482;0
45601355409;Richard Simpson;Male;2014-02-06;Research officer, government;932055;5
60581918671;John Brown;Female;2018-10-05;Farm manager;597127;0
58656603760;Shawn Wheeler;Male;2013-08-01;Buyer, retail;645785;1
19573416731;Willie Porter;Male;2009-09-25;Armed forces technical officer;951935;2
41806300744;Bryan Clark;Male;2015-11-17;Consulting civil engineer;373609;5
52335763338;Benjamin Barrett;Female;2023-10-19;Colour technologist;41564;5
37652367877;Nicole Jennings;Female;2008-12-02;Environmental consultant;63293;3
40940538987;Cody Lewis;Male;2012-08-24;Phytotherapist;467529;3
74149976305;Jacqueline Cox;Female;2015-01-04;Pathologist;265764;2
98165075152;Michael Vega;Female;2002-03-20;Town planner;424240;3
14901990702;Marie Taylor;Female;2007-02-25;Interpreter;356797;3
71223755737;Ms. Pamela Bishop;Female;2019-04-18;Chief Strategy Officer;787190;3
27226775531;Ryan Jacobs;Female;2008-10-23;Naval architect;495282;4
78043458741;Elizabeth Kim;Female;2017-11-06;Marketing executive;762692;3
34294727687;Dustin Strong;Female;2011-11-04;Associate Professor;911520;0
21776768561;Diane Wong;Male;2014-08-26;IT sales professional;108325;3
16907674933;Craig Robinson;Female;2019-05-26;Doctor, hospital;622328;5
86679485213;Terri Thomas;Male;2005-03-21;Environmental manager;195404;0
61343047033;Cynthia Nguyen;Female;2007-10-07;Sports development officer;49953;1
60329185296;Sharon Hernandez;Female;2014-12-14;Engineer, site;283094;4
94538585745;Sydney Woods;Male;2000-12-24;Mental health nurse;237569;5
77270132427;Colin Summers;Male;2016-01-02;Special educational needs teacher;383717;1
07586805298;Sharon Wright;Male;2001-08-14;Historic buildings inspector/conservation officer;500588;0
25048089352;Paul Barnes;Male;2007-04-19;Adult nurse;861498;0
72745256949;Joshua Evans;Male;2015-12-20;Paramedic;437568;2
03011360690;Mr. Steve Hurley;Female;2008-11-19;Television floor manager;508826;0
61125471591;Ian Rodriguez;Female;2005-06-25;Estate agent;999582;1
99134906762;Christina Cantrell;Female;2023-07-24;Therapist, horticultural;518436;5
02228621657;Robert Gilbert;Female;2011-02-07;Surveyor, building;2402;2
66298547028;Dawn Vazquez;Male;2009-07-07;Research scientist (life sciences);793344;1
14055601994;Lee Jacobs;Male;2020-10-04;Sports therapist;818908;5
46517863504;Pamela Brown;Male;2001-08-23;Editorial assistant;237499;5
39969114674;Michelle Graham;Female;2019-07-04;Programmer, applications;68276;2
51121959120;Ms. Sarah Torres;Male;2016-09-24;Scientist, biomedical;538928;1
84423153450;Tony Blair;Female;2021-08-27;Dancer;472717;1
40914708660;Carla Mckee;Male;2014-09-23;Haematologist;985578;4
43246511194;Joshua Brock;Male;2023-10-12;Radiation protection practitioner;396862;5
34165740754;Zachary Erickson;Male;2016-11-22;Teacher, early years/pre;117564;4
17661833797;Shawn Ellis;Female;2011-12-13;Lawyer;435804;4
43664950108;Rhonda King;Female;2013-07-26;Music tutor;396048;4
27547292997;Mrs. Alyssa Kelly MD;Female;2010-06-07;Audiological scientist;758949;0
95603002889;Wayne Wagner;Male;2011-07-01;Barrister;217168;1
46866210018;Lori Lewis;Male;2005-07-25;Journalist, newspaper;770722;3
88942253144;Sarah Roberts;Male;2003-12-23;Immunologist;688559;5
77719621561;Stephanie Knight;Male;2016-05-10;Surveyor, land/geomatics;880366;2
31703262554;Tara Pace;Female;2018-10-13;Sub;188511;1
12964580850;John Salazar;Male;2023-02-05;Teacher, early years/pre;748645;2
68717193523;Allison Martin;Male;2002-09-25;Health physicist;334971;4
73351011997;Virginia Mccarthy;Female;2009-04-16;Engineer, automotive;516463;2
48577234834;Nicole Bryan;Male;2004-12-07;Early years teacher;232370;4
84172552508;Michael Golden;Female;2019-06-05;Field trials officer;512519;4
35093600212;Lisa Moreno;Male;2012-11-09;Lighting technician, broadcasting/film/video;150836;0
12473164781;Richard Fowler;Male;2006-09-24;Publishing copy;446739;5
59690940711;Krista Vaughan MD;Male;2003-08-22;Seismic interpreter;741849;0
29629200701;Edward Armstrong;Male;2003-11-22;Pension scheme manager;414184;5
94746886654;Robert Williams;Female;2017-07-01;Dietitian;347554;4
34518344380;Kimberly Glenn;Female;2014-03-10;Television floor manager;50789;2
99165999879;David Wright;Male;2012-02-13;Amenity horticulturist;303621;1
49314318683;Stephanie Watson;Male;2008-01-22;Legal executive;99566;2
40474097205;Kayla Harper;Female;2002-12-04;Research scientist (physical sciences);655522;5
14682094186;Jessica Wood;Female;2000-12-04;Scientist, clinical (histocompatibility and immunogenetics);799716;3
08997751320;Roy Walker;Male;2023-06-26;Nutritional therapist;136349;2
14116365730;Sheila Hayes;Male;2002-03-09;Environmental consultant;138089;4
81371935618;Joshua Contreras;Female;2023-05-22;Oncologist;753694;2
49960620214;Beth Leonard;Female;2002-11-11;Customer service manager;865506;3
08584520547;Amy Hernandez;Male;2013-01-22;Risk analyst;984356;4
85236920410;Adrienne Love;Male;2018-10-28;Engineer, materials;178716;0
54793741673;Matthew Villegas;Male;2012-01-13;Museum/gallery curator;959108;1
50738791118;Julian Robbins;Male;2011-05-17;Commercial art gallery manager;923717;2
76847359428;Alicia Sanchez;Female;2010-02-09;Education administrator;514717;4
75555034072;Jennifer Underwood;Male;2004-04-14;Teacher, early years/pre;135814;2
45384694523;Megan Shaw;Female;2018-12-24;Social worker;958235;5
67114780307;Christina Medina;Female;2006-10-28;Civil engineer, contracting;285943;5
44007067723;Melissa Coleman;Female;2019-03-09;Engineer, materials;256417;4
20040555238;Steven Willis;Male;2008-06-08;Maintenance engineer;639726;3
06002798452;Tony Ward;Female;2008-08-26;Software engineer;575496;3
18288482164;Joyce Jones;Female;2017-03-28;Forest/woodland manager;600668;3
22172385174;Nicholas Wright;Female;2008-02-18;IT trainer;135427;2
05619224816;Debbie Thomas;Female;2001-02-22;Diagnostic radiographer;508946;5
18216282140;David Campbell;Male;2010-07-06;Medical sales representative;459423;3
40453930377;Allen Combs;Male;2005-06-05;Transport planner;312706;1
89030799851;Jerome Mitchell;Female;2013-02-28;Physiotherapist;866192;5
83885227719;Reginald Turner;Female;2017-05-26;Writer;204645;4
18516278859;Dylan Horn;Female;2014-09-01;Materials engineer;514970;3
59769469285;Christina Coleman;Male;2017-07-26;Financial trader;317280;5
37756794781;Ricky Alvarez;Male;2021-06-17;Education administrator;686445;1
76171387307;Chelsea Bell;Female;2015-02-04;Charity officer;9098;2
61646534262;Miguel Hall;Male;2012-09-06;Field seismologist;603368;3
73926153924;Megan Johnson;Male;2015-08-04;Music therapist;149800;2
57129041897;Anna Smith;Female;2001-12-06;Advertising copywriter;646611;0
07119593404;Michael Davis;Female;2001-04-28;Claims inspector/assessor;834735;4
42206003489;Peter Foley;Female;2010-02-08;Tree surgeon;530414;0
34703389059;Gregory Carr;Male;2008-11-22;Cartographer;682361;4
01172816387;David Watson;Male;2003-11-02;Engineer, materials;89639;1
83868687338;Diana Farrell;Female;2012-03-10;Pension scheme manager;370764;1
91493490086;Ashley Hill;Male;2020-03-12;Tourist information centre manager;458859;2
73230014782;Paul Collins;Male;2001-03-10;Museum/gallery conservator;885847;0
31253510912;Lisa Compton;Female;2018-08-12;Call centre manager;854271;2
14793973178;Lisa Peck;Female;2000-03-14;Psychologist, clinical;852674;0
39914000538;Albert Leach;Male;2002-04-17;Designer, multimedia;712677;0
57396787867;Erin Manning;Female;2018-11-22;Insurance broker;831461;2
04164285422;Sharon Bartlett;Male;2001-05-07;Dancer;555900;1
93609149721;Dan Jones;Male;2005-01-19;Engineer, materials;428075;1
38095117412;Jasmine Garner;Female;2006-10-05;Best boy;221524;5
96079542648;Jennifer Moore;Male;2022-07-12;Physicist, medical;742597;3
27655094728;Angela Herrera;Male;2013-01-25;Ecologist;133527;0
57541745053;Jean Powell;Male;2022-07-02;Toxicologist;836213;2
31906881065;Janet Robles;Male;2013-08-12;Event organiser;603312;5
58147138841;Casey Stanley;Female;2021-12-02;Technical sales engineer;132202;2
02932121283;Mike Phillips;Male;2002-09-14;Agricultural engineer;154223;1
75092811100;Douglas Smith;Female;2018-01-01;Education administrator;940150;1
74016487066;Tracy Gillespie;Female;2003-07-06;Building surveyor;464188;0
28875832150;Wanda Maldonado;Male;2006-04-25;Structural engineer;388013;1
43263471892;Joel Barker;Female;2023-07-16;Ergonomist;660511;0
57528428003;John Palmer;Female;2003-01-09;Sports administrator;293313;5
25844447283;Steven Henson;Female;2019-03-06;Scientist, research (physical sciences);257666;3
93109326119;Steven Edwards;Female;2001-12-24;Quantity surveyor;996600;5
78805593044;Jennifer Fuentes DDS;Male;2020-02-02;Chief Executive Officer;277306;1
96782621081;Alexander Williams;Female;2009-07-15;Race relations officer;169538;4
04274829196;Lindsey Mcclure;Male;2014-10-08;Graphic designer;619360;1
07186826407;Denise Garcia;Female;2013-03-15;Communications engineer;59123;5
42661868126;Daniel Waller;Female;2017-03-10;Optometrist;630767;5
86748167585;William Moody;Female;2001-10-03;Pathologist;176679;3
33155672393;Joshua Adams;Female;2015-11-09;Waste management officer;951379;2
49275380887;Michael Davis;Female;2015-03-19;Musician;216977;3
11590229906;Christina Bell;Female;2013-02-11;Dance movement psychotherapist;290398;0
20963139303;Joshua Keller;Female;2008-07-13;Toxicologist;95198;5
20160067990;Mary Dalton;Female;2012-08-13;Therapist, nutritional;47507;0
43794509314;Amy Gomez;Male;2010-03-09;Recycling officer;256152;3
93660954029;Marie Estrada;Male;2019-05-18;Bookseller;241390;3
94114447603;Bonnie Rios;Female;2008-06-04;Legal secretary;323184;3
59067034557;Michael Byrd;Male;2007-12-22;Editor, commissioning;815975;5
82268398024;Eric Prince;Male;2021-05-26;Landscape architect;555329;0
23585924871;Thomas Parks;Female;2009-04-15;IT sales professional;910004;0
06726249293;Heather Mccoy;Female;2018-06-26;Equality and diversity officer;313916;4
01017543547;Heather Dominguez;Male;2017-05-09;Call centre manager;619139;0
76288311480;Loretta Gray;Male;2015-06-22;Journalist, magazine;697374;5
92500260658;Dawn Ryan;Female;2020-01-03;Research scientist (maths);414442;2
80412076262;Warren Stewart;Female;2020-01-14;Production engineer;353912;3
46798414568;Andrew Oconnell;Female;2018-01-18;Corporate investment banker;821071;3
38968007920;Louis Moore;Female;2003-12-17;Geophysical data processor;218272;2
32029717789;Brittany Johnson;Female;2021-08-27;Investment analyst;740621;2
69546635152;Edwin Sanchez;Male;2000-06-14;Merchandiser, retail;295222;2
80621036547;Philip Reed;Female;2019-08-26;Physicist, medical;386555;4
26330574513;Kevin Mclean;Female;2016-11-17;Scientist, research (physical sciences);610244;3
18600912965;Christopher Schmidt;Male;2022-02-16;Administrator, arts;179209;1
65536396534;Michael Brandt;Male;2002-01-10;Social research officer, government;666468;5
73718273608;Nicole Clark;Female;2008-10-19;Chartered accountant;51501;3
25528572384;Mr. Kenneth Waters;Male;2005-03-15;Teacher, music;246064;2
55521148692;Jamie Perkins;Male;2006-02-20;Scientist, research (maths);17027;1
77770892654;Judy Simpson;Female;2023-12-02;Pension scheme manager;310390;3
83743938446;Jessica Gibson;Male;2020-08-13;Outdoor activities/education manager;580110;0
66425489208;Deborah Ward;Female;2001-07-11;Pensions consultant;679146;1
84204729276;David Lester;Female;2015-06-15;Dealer;368165;0
96649935376;Anthony Stevenson;Female;2010-07-06;Editor, magazine features;607889;1
11106231582;Grant Gross;Male;2016-08-07;Stage manager;196488;2
52810347512;Dustin Miller;Male;2005-02-21;Commissioning editor;453717;3
68074810208;Travis Buck;Male;2003-05-10;Set designer;268781;3
01641919171;Meghan Pitts;Male;2018-04-14;Forest/woodland manager;349792;1
76164856493;Angela Hopkins;Female;2000-02-21;Senior tax professional/tax inspector;149247;3
68572846994;Gregory Meyer;Female;2022-06-13;Records manager;642241;5
32868626809;Matthew Taylor;Male;2011-08-14;Operational investment banker;368897;5
22529344494;Lauren Evans;Female;2021-03-21;Designer, television/film set;602232;1
53498328604;Bryce Hicks;Male;2013-11-08;Teacher, primary school;158572;1
35680131957;Roger Kirby;Female;2015-07-28;Retail buyer;182907;4
68877283040;Melissa Davis;Female;2003-10-11;Insurance claims handler;47672;2
01787477329;Amber Ramirez;Male;2011-07-27;Accommodation manager;526211;1
39616819660;John Torres;Female;2019-05-10;Engineer, aeronautical;518795;1
81921989073;Robin Mckenzie;Female;2000-05-09;Field seismologist;14331;3
30068059123;Andrew Griffin;Female;2000-06-11;Designer, exhibition/display;881483;3
76282670121;Brianna Glover;Female;2003-07-24;Network engineer;153431;1
67270043719;Scott Bowen;Female;2005-09-01;Comptroller;283363;5
53358676984;Christine Cabrera;Male;2021-07-18;Writer;741954;4
18214757920;Katelyn Knight;Male;2000-11-25;Medical laboratory scientific officer;897355;1
87778318880;Amanda Porter;Female;2019-08-22;Health physicist;551059;2
59734107730;Chad Love;Female;2009-09-22;Learning disability nurse;290080;4
54622432625;Jeff Shah;Female;2017-12-23;Financial trader;342656;4
30592167758;Michelle Arnold;Female;2011-09-23;Radiographer, diagnostic;622125;0
62328348337;Brianna Clayton;Female;2003-03-19;Investment banker, operational;367696;5
52727509459;Jacqueline Powell;Female;2010-10-28;Surveyor, rural practice;157507;4
98797463336;Ashley Reid;Male;2001-08-03;Tour manager;343701;5
18338994635;Tiffany Boyle;Female;2013-09-19;Equality and diversity officer;111276;2
15002400117;Robert Garrett;Male;2000-10-07;Therapeutic radiographer;626543;0
82400839909;Chris Thompson;Male;2015-01-02;Engineer, maintenance;202168;3
90971591671;Stephen Lang;Male;2007-10-22;Designer, ceramics/pottery;592940;1
85839534473;Kelly Russell;Female;2011-12-25;Loss adjuster, chartered;982238;4
53531321076;Tina Smith;Female;2013-12-16;Designer, television/film set;385296;4
43215083146;Justin Gaines;Male;2008-04-23;Surveyor, commercial/residential;510559;2
69696589205;Anthony Ortiz;Male;2018-03-09;Research scientist (medical);694408;5
79522955729;Larry Faulkner;Female;2015-04-26;Science writer;798574;2
33028709999;Mr. Nicholas Carroll II;Female;2010-06-10;Adult nurse;814889;5
07193788550;Robert Hughes;Female;2004-02-16;Police officer;440918;4
46772403032;Nicholas Boyer;Female;2007-07-26;Corporate investment banker;200602;5
61000764026;David Fisher;Female;2008-09-20;Commercial horticulturist;118440;3
21824253277;Ashley Brown;Male;2009-08-21;Chemical engineer;749283;1
41609132771;Angela Murphy;Female;2020-03-05;Charity officer;974800;3
12126411634;Michael Holloway;Male;2016-09-09;Engineer, site;385591;3
73533952632;Brittney Stone;Male;2005-09-05;Petroleum engineer;357790;4
66116390345;Alexandra Carlson;Female;2003-11-15;Armed forces logistics/support/administrative officer;407192;0
15070582312;Raymond Harris;Male;2018-04-25;Administrator, charities/voluntary organisations;82015;1
70734222320;Nicole Wallace;Male;2005-09-21;Therapist, art;483955;3
64868979902;Cheryl Cooper;Female;2005-04-23;Chiropractor;532237;4
30161343821;Alexis Smith;Male;2016-01-21;Copy;449559;0
85526154882;Eric Faulkner;Female;2013-10-12;Theme park manager;257943;2
53608565238;Patricia Brown;Female;2018-03-11;Product/process development scientist;276185;4
04366089297;Lee Smith;Male;2011-11-21;Field seismologist;202490;3
61622207175;Kimberly Harris;Male;2016-07-19;Medical laboratory scientific officer;793294;3
17403275870;Tracy Jones;Female;2022-10-07;Engineer, biomedical;677296;1
60128104907;Sarah Morgan;Female;2008-12-11;Commercial/residential surveyor;227228;2
97103958665;James Wiley;Female;2014-08-14;Town planner;492684;3
29433413052;Sara White;Female;2004-11-09;Chief Technology Officer;362956;2
83301304426;Gary Rodriguez;Male;2022-08-03;Social research officer, government;915535;0
01069076192;Logan Wood;Male;2002-07-19;Horticulturist, amenity;247980;5
47572156972;Pamela Taylor;Male;2008-03-16;Licensed conveyancer;27265;2
78132193178;Thomas Ramos;Female;2019-06-23;Orthoptist;264765;2
30498268039;Dustin Barton;Female;2003-03-28;Newspaper journalist;203751;4
78843282991;Carolyn Jackson;Female;2001-02-03;Advertising copywriter;188708;0
09790268695;Daniel Lee;Female;2012-07-24;Engineering geologist;561989;0
08732435137;Sharon Wilson;Female;2018-10-15;Geochemist;519590;1
49202742630;Megan Frazier;Female;2015-02-09;Engineer, civil (contracting);480803;2
14674271159;Marcus Jackson;Male;2007-06-18;Food technologist;475968;3
31810234514;Michael Hartman;Female;2019-08-21;Landscape architect;846395;3
77399302876;Sue Diaz;Female;2022-03-27;Claims inspector/assessor;820403;2
33148024615;Mrs. Jennifer Miller;Female;2023-01-02;Pilot, airline;273013;4
87516906650;Kristen Jackson;Female;2007-06-09;Best boy;848761;0
78617449120;Alexis Erickson;Female;2014-10-03;Designer, ceramics/pottery;36165;1
26241246900;Emily Finley;Male;2020-03-10;Planning and development surveyor;816861;3
71116463607;Rebecca Martinez;Male;2014-09-14;Publishing copy;81407;3
23776976498;Bruce Farrell;Male;2003-12-08;Chemical engineer;492688;3
78700914510;Tracy Dominguez;Female;2013-04-18;Teacher, early years/pre;243187;0
70214231778;Frank Fuller;Female;2003-10-22;Health and safety adviser;246481;1
63192280254;William Johnson;Female;2011-12-09;Fine artist;424074;2
69723448679;Rachel Hernandez;Male;2001-10-15;Therapeutic radiographer;147851;0
29701143736;Kelly Hernandez;Male;2023-10-04;Teacher, early years/pre;598939;0
34858142390;Manuel Casey;Male;2006-03-03;Therapist, speech and language;961617;5
72999998030;Thomas Hunter;Female;2022-07-04;Logistics and distribution manager;222736;0
48036113777;Alexandra Cross;Female;2000-07-24;Airline pilot;576781;0
42836938737;Ashley Brewer;Female;2004-09-09;Chief Technology Officer;510128;3
95641876849;Joyce Robinson;Female;2004-03-15;Petroleum engineer;140300;4
93921032555;Lindsey Sims;Female;2009-07-13;Sales executive;340924;4
32428509812;Ashley Fowler;Female;2006-10-12;Building control surveyor;735504;1
83825600946;Michael Erickson;Male;2003-09-15;Surveyor, building;630972;4
85676249752;Jeremy Patterson;Female;2014-02-19;Runner, broadcasting/film/video;149985;3
57163386431;Kenneth Jordan;Male;2000-11-19;IT sales professional;2740;1
07478470980;Leah Robinson;Male;2015-06-18;Restaurant manager;210097;3
67103534985;Susan Moore;Male;2014-11-16;Fish farm manager;988480;0
58220774237;Amanda Ramos;Male;2017-05-24;Museum education officer;865045;4
66405837074;Kaitlin Hatfield;Male;2002-05-07;Colour technologist;471118;2
62834546285;Alicia Hall;Male;2002-05-26;Surveyor, building control;561440;4
16679838100;Jennifer Anderson;Male;2004-10-28;Public librarian;283776;4
19259887326;Jeffery Morris;Female;2016-10-05;Production assistant, television;77063;1
67185050198;Michael Richards;Female;2016-08-17;Sub;994529;4
73662763421;James Murphy;Female;2020-11-11;Hospital pharmacist;345419;4
27115966141;Christine Gordon;Female;2013-05-19;Haematologist;253628;5
93524858381;William Haynes;Male;2006-09-21;Engineer, maintenance (IT);678964;1
57341621513;William Thornton;Male;2013-04-28;Patent attorney;692689;5
28912253188;Charles Williams;Female;2003-02-11;Chemical engineer;375241;5
16409018522;John Wilson;Female;2004-01-20;Public librarian;247399;0
80006746354;Ronald Chavez;Male;2011-06-16;Merchant navy officer;277148;5
61619980481;Richard Thomas;Male;2014-10-09;Land/geomatics surveyor;753244;3
13132645005;David Guzman;Female;2008-09-26;Immigration officer;414539;4
30225234916;Mrs. Kimberly Jones;Male;2008-11-15;Bookseller;585634;4
64228722220;Robert Walker;Female;2022-06-19;Diagnostic radiographer;254624;4
18235499956;Charles Lopez;Female;2013-05-08;Technical brewer;311744;4
65467773926;Rhonda Johnson;Female;2003-05-07;Dispensing optician;555634;3
53314951924;David Hill;Male;2023-05-03;Careers adviser;54316;2
44089626097;Kathleen Fisher;Female;2004-07-09;Manufacturing engineer;285765;4
81289708939;Carlos Johnson;Female;2019-12-23;Hospital pharmacist;859799;0
49772585363;Richard Garcia;Male;2011-02-04;Social worker;421059;3
71141941238;Pamela Johnston;Male;2006-10-16;Surveyor, rural practice;550883;0
70607438125;Kathy Smith;Male;2023-07-03;Counsellor;718305;2
17272881808;Marc Zuniga;Female;2005-04-25;Theatre stage manager;437849;0
97421599916;Dr. Betty Page;Male;2015-07-21;Fine artist;230062;1
04278168452;Robert Mejia;Male;2019-09-10;Programmer, applications;620039;1
52440705423;Monica Stewart;Male;2020-12-09;Retail manager;929933;1
66579386848;Matthew Jones;Female;2007-01-26;Engineer, production;366028;4
18637204024;Timothy Mitchell;Male;2021-09-04;Claims inspector/assessor;265450;3
00072063470;David Pearson;Male;2019-02-13;Risk analyst;100014;1
36363151944;Brianna Williams;Female;2019-01-26;Colour technologist;349504;0
91667704356;Kevin Hunt;Male;2018-12-24;Materials engineer;394318;4
69078248369;Raymond Young;Male;2017-11-22;Geophysicist/field seismologist;343044;4
80864154993;Joan Kelley;Female;2000-09-10;Leisure centre manager;13746;3
12281851724;Amy Holland;Female;2007-12-12;Further education lecturer;176444;3
18938684062;Rachael Barnes;Female;2023-04-25;Commercial/residential surveyor;69098;2
25337168818;Timothy Ramirez;Female;2016-12-17;Furniture designer;223045;1
77550987731;Patricia Douglas;Male;2005-02-19;Licensed conveyancer;629512;5
43645809147;Richard Rosales;Female;2021-08-19;Production assistant, radio;636038;5
12755978917;Joseph Martin;Female;2014-03-26;Engineer, site;198319;4
64157567665;Mary Collins;Female;2020-08-09;Company secretary;238446;0
18565768828;Meghan Acevedo;Male;2014-02-28;Designer, textile;128900;1
89853446300;Richard Martinez;Female;2005-09-11;Psychologist, sport and exercise;187380;0
30234169580;Jack Maldonado;Female;2008-12-25;Aeronautical engineer;948153;2
05690454074;Charles Chandler;Female;2011-02-09;Research scientist (physical sciences);626576;4
69441574659;Mary Harper;Male;2004-07-02;Pensions consultant;292110;0
09402183804;Michelle Sosa;Female;2000-07-22;Cabin crew;303767;0
17800608925;Wendy Mccann;Female;2020-04-28;Animal technologist;539009;5
98250987308;Brian Freeman;Male;2019-09-03;Engineer, drilling;417718;1
24471481033;Christina Mcdaniel;Male;2010-02-20;Solicitor, Scotland;778127;0
54330708718;Scott Hill;Female;2013-06-04;Ranger/warden;449272;1
69971869524;Carolyn Moss;Female;2021-11-05;Armed forces logistics/support/administrative officer;878790;2
20084805149;Gary Mitchell;Female;2000-05-19;Printmaker;332053;0
59356871318;Tamara Mccormick;Female;2017-12-18;Race relations officer;959661;1
36718258320;James Campbell;Female;2002-04-02;Therapist, nutritional;997226;0
07541931340;Carrie Lee;Male;2017-04-13;Scientist, audiological;812443;5
73615983196;William Pacheco;Female;2006-01-21;Human resources officer;699330;4
82960506831;Crystal Murray;Female;2014-09-06;Psychologist, forensic;40540;3
89244496228;James Francis;Female;2012-05-13;Visual merchandiser;421397;0
89222836068;Denise Brown;Male;2007-12-14;Teacher, English as a foreign language;362908;1
83897165156;Russell Waters;Male;2009-04-11;Adult nurse;825919;0
34729966541;Brandy King;Female;2005-12-01;TEFL teacher;296230;0
60283802718;Dawn Arnold;Male;2007-12-25;Cabin crew;496766;4
13511334935;Stephen Yu;Female;2003-04-08;Curator;717427;0
44642189593;Timothy Blevins;Male;2023-08-09;Teacher, secondary school;867694;4
86041979396;Andrew Wallace;Female;2000-03-19;Field seismologist;113026;0
52495066780;Sherry Haas;Female;2000-05-21;Forest/woodland manager;175348;3
48274241725;Robert English;Female;2007-06-11;Music therapist;713053;2
42832490579;Robert Hill;Female;2022-08-01;Mental health nurse;517465;0
90943491773;Mark Charles;Male;2001-07-06;Garment/textile technologist;190057;5
30815924829;Nicholas Pittman;Female;2020-11-27;Engineer, communications;565094;1
71020710615;Amy Richardson;Female;2018-10-14;Nurse, adult;206374;4
61155771302;Emily Scott;Female;2010-08-27;Tax inspector;186406;3
54721776726;Jill Ward;Male;2009-01-26;Technical author;227797;1
04450984146;Brooke Bryan;Female;2021-04-18;Forensic psychologist;774036;5
02175701525;Gary Tapia;Female;2022-01-18;Advertising copywriter;794018;5
28757151211;Mitchell Davis DDS;Male;2013-04-12;Scientist, research (life sciences);561172;3
49703166580;William Nolan;Female;2020-12-05;Engineer, drilling;271623;5
72788098785;Peggy Sanders;Male;2000-12-13;Copy;515742;3
10636569758;Jerry Roberts;Male;2018-05-27;Administrator, local government;173313;4
25329795108;Jean Smith;Male;2018-01-15;Insurance underwriter;955611;3
04317548591;Jennifer Poole;Female;2013-06-23;Doctor, general practice;548320;1
17850485359;James Walker;Male;2023-08-12;Legal secretary;486633;1
36431923809;Megan Schroeder DVM;Female;2016-03-26;Administrator, charities/voluntary organisations;399256;0
24963667663;Eric Barnes;Male;2009-10-14;Journalist, newspaper;276769;3
46746365499;James Green;Male;2013-09-01;Financial planner;372580;1
81489029406;Andrew White;Female;2011-09-24;Theatre stage manager;62086;4
28322341869;Heather Taylor;Male;2018-09-15;Animal technologist;192889;5
03059714179;Crystal Briggs;Male;2015-05-15;Accommodation manager;798094;1
91090330752;Mary Bowen;Female;2007-05-07;Journalist, newspaper;468870;5
69544999153;Alison Olson;Male;2017-05-20;Architectural technologist;796086;1
31715428373;Paul Flowers;Male;2014-02-06;Biochemist, clinical;963708;0
24151892377;James Byrd;Male;2012-03-12;Chief Strategy Officer;835;0
12924421011;Shannon Hunter;Male;2012-12-25;Estate manager/land agent;644423;4
64252836775;Jessica Smith;Female;2010-05-24;Television floor manager;116296;4
24741004135;Brittney Soto;Male;2003-08-21;Clinical research associate;253536;1
86176500410;Patrick Cruz;Male;2012-12-14;Risk analyst;730585;0
63872342862;Lisa Ware;Female;2018-01-08;Data scientist;648840;2
96063120429;Erica Fitzgerald PhD;Male;2017-11-17;Visual merchandiser;598813;0
59394872151;Tony Vega;Male;2000-08-04;Personnel officer;895352;0
54341068849;Michael Dennis;Female;2009-12-23;Educational psychologist;47188;1
16868657621;Michelle Anthony;Female;2001-11-14;Travel agency manager;351840;4
69859792960;Kathryn Velez;Male;2017-09-10;Lexicographer;4024;0
54593696904;Vanessa Stevenson;Male;2009-06-13;Engineer, petroleum;831320;0
20058656047;Nathaniel Jefferson;Male;2013-07-03;Speech and language therapist;648522;2
33638071294;Ann Austin;Female;2022-06-22;Diplomatic Services operational officer;248155;0
33023615697;Kevin Mendez;Male;2003-12-09;Engineering geologist;292389;2
10002453174;Samantha Conrad;Male;2005-08-07;Public relations officer;955840;0
94007453317;Matthew Wolfe;Male;2004-05-28;Engineer, production;374272;4
77829802905;Rachel Campbell;Male;2019-12-01;Hydrologist;906926;4
88722711654;Courtney Wright;Male;2022-02-22;Journalist, magazine;445851;1
59124329211;Jason Martin;Female;2003-11-07;Event organiser;379945;2
50698324705;Michael White;Female;2004-01-06;Marketing executive;927686;0
29229180913;Sarah Jones;Female;2018-08-22;Computer games developer;647707;4
53338647717;Sergio Villegas DDS;Female;2004-04-14;Programmer, applications;181260;3
18083362439;Kathryn Gibson;Male;2023-11-06;Horticultural consultant;452305;2
64246125743;Suzanne Oliver;Male;2004-08-07;Recruitment consultant;321545;4
86086475337;Patricia Bernard;Male;2010-12-01;Applications developer;751819;1
50761179228;Stephanie Stephens;Female;2023-08-23;Art gallery manager;97855;5
66514043980;Peter Mccann MD;Female;2008-01-28;Chief Operating Officer;713514;5
85177151878;Claudia Little;Male;2022-04-13;Insurance claims handler;504031;4
07965106474;George Miranda;Female;2000-01-05;Contractor;19012;1
48106468942;Gina Montes PhD;Male;2008-07-12;Health service manager;748233;1
01959216199;Emily Rhodes;Male;2010-09-15;Social researcher;675066;0
29294030657;Brandon Brown;Male;2016-06-12;Insurance risk surveyor;254764;3
49701839473;Nichole Johnson;Male;2015-08-17;Economist;891928;4
50849336446;Michael Clements;Male;2006-11-15;Technical sales engineer;207496;3
68359432232;Julie Moss;Female;2003-06-16;Barrister;449061;3
20700712301;Ryan Prince;Female;2010-02-15;Surveyor, minerals;549451;2
63055021381;Justin Tate;Male;2008-08-08;Therapist, drama;782126;1
17672075384;Monica Smith;Male;2019-04-28;Television/film/video producer;590749;0
13319864010;Stacey Martinez;Male;2015-05-15;Private music teacher;316707;2
09257260392;Holly Moreno;Male;2012-10-14;Advertising art director;641264;5
89605756529;Derrick Malone;Female;2007-03-12;Fish farm manager;632705;0
28914315435;Cheryl Roth;Female;2012-08-12;Community education officer;530435;3
78377870910;David Jackson;Female;2003-02-10;Tour manager;486588;0
21892677515;Patricia Johnson;Male;2007-04-21;Chief Marketing Officer;317948;3
32588977337;Laura Farrell;Female;2003-11-24;Control and instrumentation engineer;1981;3
51837335206;Dr. Timothy Mcgee;Female;2001-11-08;Engineer, drilling;704247;4
78893743373;Natasha Donaldson;Female;2006-02-13;Microbiologist;843819;0
88154902200;Karen Moore;Female;2023-01-16;Telecommunications researcher;355301;3
41115115419;Miguel Salinas;Female;2002-07-13;Technical brewer;822680;5
58616230679;Danielle Henson;Female;2002-03-03;Chiropodist;805013;5
88572680532;Lisa Boyd;Female;2000-07-21;Fashion designer;734391;4
35129974884;Ricardo Carlson;Male;2021-10-19;Speech and language therapist;766422;5
13048394236;Heather Wilson;Female;2023-06-12;Media buyer;855894;1
75786249503;Lisa Smith;Female;2005-11-26;Media buyer;672758;3
92856380974;Lisa Taylor;Female;2017-02-03;Consulting civil engineer;146845;0
68617961015;Louis Torres;Female;2018-08-25;Editorial assistant;783821;4
23672847008;James Smith;Female;2012-04-23;Therapist, art;595046;0
45933711348;Luis Chen;Male;2009-01-22;Accountant, chartered management;529839;5
46988604690;Renee Soto DDS;Female;2018-03-05;Private music teacher;494508;2
37723275832;Lisa Richards;Male;2004-02-19;Scientist, biomedical;215044;5
97089530700;Tommy Lopez;Male;2005-03-22;Interior and spatial designer;245204;5
85400593715;Julie Johnson;Male;2020-10-06;Publishing copy;54814;1
49802729376;Mrs. Kristy Carroll;Male;2012-05-27;Child psychotherapist;407061;4
99514554152;Matthew Mills;Female;2017-06-03;Primary school teacher;30665;5
52630279709;Rhonda Wong;Male;2006-04-13;Retail manager;854223;2
33262823421;Brian West;Female;2023-11-26;Medical secretary;445180;3
29213709685;Nicole Petersen;Female;2009-05-20;Clothing/textile technologist;839901;1
68526208283;James Cruz;Female;2004-09-22;Water quality scientist;785059;4
19631111418;Nicole Nguyen;Female;2019-07-12;Comptroller;751;5
95978604089;Spencer Thomas;Female;2000-07-25;Barrister's clerk;648020;4
54430861322;Lauren Mendoza;Female;2004-03-20;Learning disability nurse;550414;2
29470834771;Denise Allen;Female;2020-04-06;Administrator, sports;927925;3
91681169644;Ronnie Hensley;Male;2017-12-25;Structural engineer;761139;2
91511209407;Jason Fitzgerald;Male;2001-08-03;Conservation officer, historic buildings;530114;5
53671760374;Gabrielle Huff;Female;2000-12-18;Clinical psychologist;895284;0
27113919508;Robert Robles;Female;2018-11-13;Further education lecturer;586376;4
89846357695;Pamela Ballard;Male;2009-07-24;Programmer, multimedia;553737;0
54523825376;Adrian Mercer;Male;2011-06-28;Environmental manager;361107;5
00340815844;Melissa Neal;Female;2003-06-22;Plant breeder/geneticist;212041;4
52201574411;Cheyenne Tucker;Female;2008-10-05;IT consultant;887109;3
23786717499;Alicia Stevens;Male;2004-04-19;Automotive engineer;90046;1
97568691511;Joseph Vincent;Male;2010-07-17;Engineer, materials;341987;5
86715581041;Kayla Jackson;Female;2011-06-15;Scientist, product/process development;492401;4
32960049066;Steven Morales;Male;2001-04-22;Engineer, building services;409018;0
06537384172;Craig Martin;Male;2001-06-16;Engineer, petroleum;416631;2
81205381763;Jenna Hughes;Female;2001-11-11;Town planner;531734;2
92670989728;Kirk Munoz;Male;2013-11-12;Bookseller;381725;1
67191549428;Michael Marsh;Female;2023-07-18;Archaeologist;720045;3
69738235360;Autumn Gibson;Female;2016-07-15;Telecommunications researcher;703727;0
73848510465;Whitney Kennedy;Male;2019-09-28;Editorial assistant;824459;5
86976685600;Tammy Robinson;Male;2020-04-19;Civil engineer, consulting;931834;2
76457920867;Mr. Joseph Nielsen;Female;2007-07-25;Psychotherapist;397621;0
81411004645;Marie Murphy;Male;2020-04-03;Musician;633475;2
88484199692;Donna Costa;Female;2014-08-15;Chiropractor;409736;5
56471922958;Lauren Wood;Female;2001-04-13;Printmaker;141637;5
54452677680;Kevin Anderson;Female;2023-08-10;Clinical psychologist;315887;3
10222454365;Christina Pratt;Male;2008-02-02;Insurance underwriter;546083;1
56287384473;Randy Peterson DVM;Female;2001-04-06;Engineer, civil (consulting);289438;2
95914268919;Mr. Austin Bradshaw;Male;2007-03-17;Industrial/product designer;186384;2
64136780681;Brian Brown;Female;2022-01-04;Teacher, primary school;717896;1
05294905220;Julia Spencer;Male;2010-12-05;Production assistant, radio;236129;2
66467307499;David Anderson;Female;2019-12-09;Television floor manager;285081;4
94368962002;Luke Williams;Male;2020-12-24;Medical laboratory scientific officer;148964;1
36670860044;Jessica Bradford;Female;2017-07-03;Herbalist;413315;1
14514724056;Jason Lindsey;Male;2002-09-02;Medical laboratory scientific officer;812881;0
03800749332;Kevin Davis;Male;2002-10-25;Exhibition designer;366264;2
63541204324;Allison Smith;Female;2021-07-03;Local government officer;280822;4
47511530393;Nicole Marsh;Female;2023-10-15;Arts administrator;251779;4
74879024036;Elizabeth Hayden;Male;2017-04-10;Psychologist, clinical;998059;3
21774923709;Emma Reeves;Female;2022-05-05;Geophysicist/field seismologist;779254;0
67610025652;Sharon Dennis;Female;2017-10-21;Engineer, automotive;902440;5
80377489035;Timothy Harrington;Female;2019-07-26;Engineer, biomedical;68845;3
30072649391;Matthew Sanchez;Female;2010-12-27;Retail merchandiser;668476;1
25520272333;Kevin Hamilton;Female;2006-07-15;Librarian, academic;304240;5
80928761903;Bonnie Nguyen;Female;2008-01-07;Diplomatic Services operational officer;254054;4
16758623577;Joann Jones;Female;2023-09-15;Arboriculturist;861295;2
86435726265;Monica Myers;Female;2013-08-06;Teacher, English as a foreign language;659047;2
50161191158;Lawrence Green;Female;2010-07-13;Mining engineer;808179;5
57193076912;Timothy Love;Male;2005-08-03;Quantity surveyor;501057;4
05068498080;Penny Martin;Male;2009-12-02;Theme park manager;199755;4
89033474816;Vincent Costa MD;Male;2018-07-04;Gaffer;264207;0
35239781315;Stephen King;Male;2007-08-19;Trade mark attorney;628692;1
03496871907;Lisa Perez;Male;2019-04-14;Call centre manager;17292;2
49258132822;Caitlyn White;Male;2015-07-14;Commercial art gallery manager;91249;5
01255996711;Cindy Villarreal;Female;2002-03-09;Outdoor activities/education manager;268241;0
86408082937;Deborah Roberts;Male;2010-09-18;Buyer, industrial;597313;3
89838231799;Gary Jones;Male;2006-03-12;Senior tax professional/tax inspector;125969;3
31352824631;Matthew Smith;Male;2020-12-19;Child psychotherapist;282112;0
44055773477;Cynthia Juarez;Female;2023-11-22;Geographical information systems officer;600019;4
11276880943;Katherine Thomas;Female;2018-09-08;Scientist, physiological;461766;1
51137712850;Jennifer Haney;Male;2002-01-23;Licensed conveyancer;184096;3
31786784297;Gabrielle Brown;Female;2021-02-03;Geophysicist/field seismologist;820793;1
33326288057;Jason Steele;Female;2018-06-19;Geochemist;131731;2
18967632530;Alan Carter;Male;2003-03-13;Emergency planning/management officer;467120;0
60513983158;Kimberly Berry;Male;2019-03-19;Waste management officer;785077;2
54216377370;Shawn Collier;Female;2016-05-11;Clinical embryologist;203124;5
81737440132;Thomas Tyler;Female;2009-07-25;Diagnostic radiographer;675558;2
22993035770;Michael Cooper;Female;2018-02-13;Information officer;258021;5
77957583513;Jennifer Rodriguez DVM;Male;2007-05-01;Engineer, civil (consulting);213318;4
01023736207;Melissa Flores;Female;2020-08-26;Diplomatic Services operational officer;905639;2
84765859972;Steven Wall;Male;2014-11-09;Public relations account executive;95327;3
86982629264;Sharon Gomez;Male;2021-08-16;Police officer;997773;1
67659579310;Brittany Peterson;Female;2009-06-01;Doctor, general practice;53255;5
11508229024;Donald Thomas;Male;2001-04-16;Chief Marketing Officer;307586;1
40790218723;Paul Bennett;Female;2023-01-11;Broadcast journalist;290293;3
88173853377;Anthony Garrett;Female;2006-08-07;Nurse, learning disability;823954;2
74224448998;Christopher Gutierrez;Female;2016-08-11;Museum education officer;522680;5
31559752072;David Ortiz;Female;2009-10-19;Petroleum engineer;625780;1
80446060017;Kristin Mata;Female;2011-08-16;Investment banker, operational;430997;5
06696680754;Jose Alexander;Female;2010-03-13;Tree surgeon;453182;1
23465496462;Melissa Gregory;Female;2009-04-04;Research scientist (maths);15214;1
79615576952;Valerie White;Male;2021-08-09;Adult nurse;809837;4
87867691933;Manuel Ramirez;Female;2001-02-23;Educational psychologist;297369;5
56812806816;Courtney Davis;Female;2011-01-22;Systems developer;831711;5
95018687557;Jodi Jones;Male;2003-07-10;Gaffer;383551;0
00707002952;Elizabeth Anderson;Female;2020-01-17;Ambulance person;218417;5
46392041914;Steven Rogers;Male;2020-05-16;Magazine journalist;653080;0
63772836172;Scott Lara;Female;2021-12-13;Speech and language therapist;874161;4
75372985421;Megan Richardson;Female;2012-04-20;Agricultural engineer;989766;0
90826667096;Marilyn Warren;Female;2019-03-19;Chief Technology Officer;249114;3
82067478404;Sandra Scott;Male;2021-11-20;Medical secretary;119307;3
15660602967;Tyler Juarez;Male;2001-10-16;Tax inspector;492811;2
60654008866;Michael Gallagher;Male;2008-07-26;Cytogeneticist;91618;0
99568457636;Brent Lopez;Female;2007-08-13;Private music teacher;194208;3
95722411039;Tamara Stanley;Male;2018-12-19;General practice doctor;128948;3
12115459781;Matthew Bradford;Male;2022-03-06;Clinical cytogeneticist;854416;0
48421414480;Brittney Bell;Female;2018-10-27;Clinical psychologist;272422;0
25689434572;Lori Duke;Male;2011-12-01;Farm manager;316631;5
58953925123;Cristian Gallagher;Male;2020-05-09;Audiological scientist;617214;5
76465290220;Gregory Hall;Female;2011-07-22;Medical sales representative;402802;5
95839283014;Heather Crawford;Female;2014-05-20;Engineer, aeronautical;513738;5
61272154847;Kim Clarke;Female;2016-06-16;Risk manager;138856;1
64130432723;Charles Marshall;Male;2013-06-20;Physicist, medical;71338;4
98221765861;Nancy Washington;Male;2013-10-16;Insurance broker;38480;3
51321881856;Tyler Koch;Female;2020-03-16;Geneticist, molecular;124783;2
86711837381;Kristin Shaffer;Female;2015-12-12;Development worker, international aid;777126;5
74394195964;Christopher Gray;Male;2023-07-07;Outdoor activities/education manager;784680;0
52657521254;Kayla Mullins;Male;2022-09-15;Engineer, civil (contracting);461235;3
08795073118;Antonio Peterson;Female;2008-06-14;Engineer, materials;700618;2
60717669942;Corey Becker;Male;2000-06-22;Sports administrator;628303;3
27825224110;Matthew Kim;Male;2022-09-04;Designer, industrial/product;6944;4
95010915244;Douglas Reyes;Male;2006-07-11;Public affairs consultant;496671;0
73668437667;Karen Campbell;Female;2011-05-22;Publishing copy;959083;5
69251949760;Justin Thompson;Male;2001-02-11;Fitness centre manager;649384;3
34739760688;Mr. Wayne Owens;Female;2023-11-22;Nurse, children's;481539;1
29492338530;David Lewis;Female;2012-11-14;Professor Emeritus;849860;1
22002759694;Cody Thompson;Male;2014-12-27;Public house manager;258945;4
12947038025;Samuel Vargas;Male;2012-11-05;Airline pilot;922397;4
77108340962;Jose Jackson;Male;2003-07-22;Occupational therapist;701203;1
52915059406;Lisa Burgess;Female;2002-09-06;Scientist, marine;600163;0
12546873490;Vanessa Foley;Female;2007-03-22;Barista;619355;3
04750850424;Whitney Hamilton;Male;2005-12-22;Archivist;362357;3
97230322209;Terry Bennett;Male;2020-01-05;Designer, blown glass/stained glass;598647;2
78368049052;David Ryan;Female;2021-02-20;Therapist, speech and language;132526;2
60256487392;Sandra Reed;Female;2006-02-23;Dealer;293600;3
95212336612;Joseph Smith;Male;2009-08-24;Insurance claims handler;528952;0
55252667073;Patrick Williams;Male;2005-05-25;Field trials officer;228140;2
52106545239;David Boyle;Male;2013-03-07;Firefighter;293164;3
44710609473;Robert Young;Female;2022-04-01;Commercial art gallery manager;328596;1
31739652863;Austin Cox;Female;2022-07-25;Buyer, industrial;265628;2
18119305653;Catherine Salas;Female;2002-06-24;Learning mentor;264959;0
38714281994;Amanda Duke;Male;2001-01-14;Surveyor, building control;539395;0
62493670717;Amy Cole;Female;2015-01-08;Advertising copywriter;325462;4
78709353837;Elizabeth Holden;Female;2018-01-01;Engineer, biomedical;391687;0
46532978006;Debra Miller;Female;2016-03-22;Nurse, adult;315451;4
19005243187;Julie Nichols;Male;2001-07-06;Drilling engineer;212408;5
58258894149;Brent Vasquez;Female;2022-02-19;Production engineer;485715;5
27589398617;Katelyn Brown;Female;2004-02-17;Geophysical data processor;518629;5
34921387816;Antonio Aguilar;Male;2011-06-11;Insurance risk surveyor;22624;0
13273670695;Jeffrey Mercado;Male;2008-04-28;Personnel officer;900086;3
19327549101;Mia Cox;Female;2023-11-19;Public affairs consultant;689264;3
11616692440;Sarah Mullins;Female;2009-01-07;Therapist, nutritional;232290;3
62041215922;Jonathan Duncan;Female;2001-02-28;Production manager;354909;1
05733979322;Jasmine James;Female;2000-03-24;Furniture designer;983618;1
69083346248;Savannah Hickman;Male;2013-09-11;Horticultural therapist;596294;0
31070030327;Karen Garcia;Male;2009-04-05;Social researcher;729460;5
58145723574;Veronica Kennedy;Male;2004-08-13;Health physicist;887659;2
03759143864;Marcia Bailey;Male;2001-07-10;Energy engineer;763508;2
25466320539;Mrs. Brandy Ellis MD;Male;2007-04-21;Chartered legal executive (England and Wales);680938;0
64682633767;Angela Gaines;Female;2007-07-14;Broadcast presenter;390240;2
40935231115;Suzanne Garcia;Male;2000-10-08;Race relations officer;675195;0
24785519641;John Davis;Female;2005-08-14;Management consultant;847794;2
01639076167;Daniel Edwards;Female;2003-06-11;Development worker, international aid;984865;2
77361879856;Traci Robinson;Female;2011-02-06;Barrister;909428;3
96285653589;Katie Oconnor;Male;2014-06-24;Optometrist;750475;0
66683130680;Jeff Harris;Male;2018-02-24;Physicist, medical;224626;5
15638649637;Ashley Garcia;Male;2008-01-09;Accounting technician;499475;3
84962417214;Elizabeth Morrison;Female;2022-05-06;Contracting civil engineer;50847;1
38394660359;Ann Carey;Female;2023-08-28;Designer, television/film set;810599;1
45093933502;Tiffany Yang;Male;2014-08-06;Radio producer;536550;2
73987530306;John Rodriguez;Male;2009-04-09;Radiation protection practitioner;624915;1
02527207826;Melissa Arellano;Female;2014-03-15;Forensic psychologist;205243;3
00583977251;Joseph Bird;Male;2013-01-07;Publishing rights manager;88263;2
42008376522;Brent Mccoy;Female;2010-08-09;Telecommunications researcher;745489;3
85481765211;Jean Matthews;Female;2009-08-24;Medical physicist;742617;3
86529108203;Mr. John Mitchell;Female;2005-07-09;Farm manager;83016;1
48736819507;Sonya Wallace;Male;2021-12-26;Hydrologist;172349;0
18522628757;Christian Chavez;Male;2007-03-02;Radiation protection practitioner;928562;5
47134646660;Ronald Becker;Female;2011-04-01;Television production assistant;187672;3
12399770466;Taylor Harrison;Male;2016-12-02;Therapist, speech and language;980;5
68724694975;Taylor Johnson;Female;2019-07-15;Interior and spatial designer;416795;3
27096811312;Drew Zimmerman;Female;2008-11-03;Diplomatic Services operational officer;772615;3
18792229885;Katherine Underwood;Female;2000-12-22;Waste management officer;323206;4
12748124819;Amanda Vaughn;Male;2021-11-25;Museum/gallery curator;756004;1
48048136941;Sarah Lang;Male;2014-06-10;Chief Financial Officer;799035;2
43353261945;John Rodriguez;Female;2012-03-16;Investment banker, operational;6855;2
14751048064;Jerry Watkins;Female;2023-07-28;Pathologist;834802;1
60554052339;Mrs. Heidi Meadows;Male;2002-10-12;Sports coach;904096;5
87844234414;Nancy Miller;Female;2007-07-21;Operational investment banker;808574;3
37424798758;Rhonda Williams;Female;2013-05-24;Herpetologist;221969;5
08767212371;Christopher Harris;Female;2001-09-22;Risk manager;46651;5
15787448550;Mark Smith;Female;2000-11-10;Toxicologist;518526;3
21850156254;Carla Rogers;Male;2001-01-16;Teacher, adult education;881036;4
68646180867;Nicole Conway;Male;2016-02-28;Nurse, learning disability;712473;3
25269135209;Shelby Brown;Female;2007-03-16;Private music teacher;288586;0
01709972655;Kathy Shepard;Female;2016-02-17;Plant breeder/geneticist;999654;0
08125995008;Katherine Young;Female;2015-09-05;Tree surgeon;464150;5
84574596449;Jacob Banks;Male;2010-06-17;Surveyor, rural practice;798878;1
42352809587;Kayla Marquez;Male;2021-10-20;Interpreter;998662;4
39765669463;Molly Carroll;Female;2023-08-11;Designer, furniture;191275;2
39904063291;Jason Henderson;Female;2014-12-11;Press sub;398643;4
23428834643;Kimberly Tucker;Male;2015-03-19;Engineer, building services;357553;2
90198719762;Marie Douglas;Male;2022-12-09;Chief of Staff;307980;1
53336234754;Megan Torres;Male;2018-06-02;Medical technical officer;847085;2
68485362363;Jeff Mann;Female;2016-11-12;Pharmacist, community;786488;3
20961871251;Mary Wheeler;Male;2014-08-23;Quarry manager;77888;5
57724271836;Kelly Morris;Female;2005-04-11;Sport and exercise psychologist;448576;4
39534652943;Julian Lloyd;Female;2020-08-09;Engineer, materials;137571;0
41740029345;Brittany Morales;Male;2021-03-09;Futures trader;22243;1
38625765124;Courtney Patton;Male;2009-04-24;Ranger/warden;962626;3
78269654913;Mary Evans;Male;2007-05-06;Scientist, research (physical sciences);37898;4
69283246781;Ryan Clark;Female;2023-11-04;Customer service manager;164916;5
67713795205;Jack Padilla;Male;2002-04-11;Software engineer;778653;1
57965056398;Nicholas Morales;Female;2013-01-14;Industrial buyer;189790;2
27863179487;Lisa King;Male;2016-02-19;Museum/gallery curator;111471;3
41679468602;Wesley Schneider;Male;2016-09-10;Pension scheme manager;441290;2
52365449632;Madeline Moore;Male;2006-03-13;Arboriculturist;559832;2
83823423570;Lori Goodman;Female;2008-09-07;Armed forces technical officer;461114;0
08970582918;Karen Watson;Male;2011-12-25;Scientist, research (physical sciences);579810;1
47966729486;Richard Melendez;Male;2015-08-02;Nature conservation officer;823293;1
67758656794;Nathaniel Rodriguez;Female;2020-08-28;Mechanical engineer;514522;2
46692153557;Cassidy Patterson;Female;2011-08-02;Accountant, chartered public finance;587747;0
40269074398;Mary Fields;Female;2003-06-13;Sports development officer;929850;3
36547108977;Shawn Hernandez II;Female;2018-10-06;Surveyor, mining;491713;3
48114594609;Edward Ball;Female;2005-04-09;Surveyor, land/geomatics;51797;0
50778708648;Lisa Rodgers;Male;2018-06-08;Call centre manager;612267;3
57620607668;Rachel Berg;Female;2002-09-11;Set designer;416613;2
66680127198;Julie Roy;Male;2004-08-16;Doctor, general practice;532382;1
08281123641;Lorraine Kelly;Female;2013-12-28;Firefighter;505472;5
80902223440;Misty Baker;Male;2014-11-02;Television floor manager;310724;5
32123657309;Jeffrey Sheppard;Male;2008-04-15;Geologist, wellsite;29921;3
51788715613;Michael Holt;Female;2023-08-07;Outdoor activities/education manager;689423;4
26380844559;Dr. Nicolas Lee;Male;2017-06-01;Psychologist, clinical;947916;3
20307721688;Laurie Donaldson;Female;2013-10-18;Ophthalmologist;291244;2
49680664204;Bradley Kim;Male;2016-05-27;Water engineer;311061;0
18538550845;Jessica Jimenez;Female;2007-01-20;Education officer, environmental;101799;0
04282702510;Larry Collins;Female;2002-05-23;Scientist, product/process development;738743;1
70166744514;Kathy Baker;Male;2016-11-14;Arts development officer;390039;3
07896829930;Carlos Richard;Male;2009-12-14;Engineer, water;99157;3
22330140370;Logan Olsen;Male;2003-05-11;Scientist, audiological;747820;2
08211267340;Megan Walter;Male;2006-05-15;Mining engineer;275136;1
48866074159;Amanda Cochran;Male;2016-10-02;Firefighter;441189;4
17135284871;Kelsey Ortiz;Female;2011-02-14;Magazine features editor;154804;4
99584930152;Rachel Miller;Female;2004-03-02;Engineer, electrical;593083;1
05369370051;Dr. Lisa Brennan;Female;2023-03-02;Journalist, magazine;201577;1
13729972386;Justin Ramos DDS;Male;2002-01-14;Chartered loss adjuster;462180;1
03945749263;Pamela Deleon;Female;2009-11-26;Science writer;828080;1
10938890205;Judy Mcfarland;Female;2007-06-15;Environmental education officer;427051;2
50027405768;Amanda Smith;Female;2017-03-12;Civil engineer, consulting;799654;2
44734930936;Mrs. Lacey Holt;Male;2000-12-14;Publishing copy;551602;1
96799991508;Jacob Baldwin;Male;2003-07-04;Ergonomist;203613;3
30940407622;Michael Obrien;Female;2007-12-18;Broadcast presenter;857296;2
78857940912;Rachel Baker;Female;2005-08-28;Building services engineer;381435;2
32649864516;Mary Skinner;Female;2023-10-06;Television/film/video producer;858700;2
24854335658;Tara Thomas;Female;2023-06-03;Film/video editor;579657;1
71714713733;Dr. Brittany Smith DVM;Female;2002-07-13;Insurance account manager;888880;5
61092796160;Charles Campbell;Female;2016-05-25;Financial manager;379643;5
21396298496;Lawrence Higgins;Male;2017-12-23;Higher education careers adviser;33618;0
92734577659;Crystal Tapia;Female;2002-07-28;Psychologist, counselling;6571;2
58143937907;Shannon Nguyen;Female;2018-01-23;Pharmacologist;999252;0
87381210909;Kayla Moody;Male;2021-06-15;Surveyor, commercial/residential;760509;0
10733307214;Christopher Herring;Male;2014-04-03;Multimedia programmer;99917;3
02995678705;Michelle Anderson;Male;2000-09-27;Estate manager/land agent;110575;4
25124442311;Alan Jones;Male;2018-03-18;Museum/gallery curator;544643;5
82595102775;Michael Torres;Female;2013-06-24;Horticultural therapist;409353;5
57243615199;William Parker;Male;2021-07-21;Scientist, physiological;678111;4
06865115633;Jennifer Nolan;Female;2018-10-21;Theme park manager;147529;3
25510636694;Sabrina Schultz;Female;2001-08-03;Metallurgist;302242;3
76990192364;Joshua White;Female;2020-09-10;Meteorologist;493060;1
26448693485;Michael Richardson;Male;2007-04-03;Diagnostic radiographer;200060;4
19754494438;Courtney Lloyd;Male;2001-10-09;Counsellor;227366;5
00996691160;Victor Long;Male;2014-09-21;Photographer;788441;3
41699566846;Gilbert Ruiz;Female;2014-08-05;Air broker;951255;1
43188907462;Mr. Patrick Potter DDS;Female;2004-03-12;Psychiatric nurse;317229;3
62192971687;Raven Lynch;Male;2013-03-13;Occupational psychologist;1811;1
81842566931;Pamela Reed;Male;2010-02-13;Engineer, communications;40615;3
14949058923;Joseph Kelly;Male;2020-10-07;Human resources officer;715268;1
26353275135;Timothy Weeks;Male;2022-12-02;Sales promotion account executive;339853;1
70790769832;Jessica Lee;Female;2004-02-07;Advertising copywriter;429932;2
41063367903;Megan Wood;Female;2007-10-10;Geologist, engineering;596119;5
42233532489;Patrick Erickson;Female;2006-08-03;Economist;264314;2
35851476787;Michele Rodriguez;Male;2007-02-26;Conservator, furniture;207559;0
82505212310;Regina Cooper;Male;2020-08-13;Town planner;713723;0
42129208504;Martin Clark;Female;2009-07-10;Production assistant, radio;384111;5
51680884351;Jeffrey Lawrence;Male;2023-12-27;Learning mentor;953744;2
20734475501;Julia Martinez;Female;2009-03-20;Games developer;45867;0
55836511951;Isabel Garcia;Female;2000-07-15;Chief Financial Officer;335932;1
00131960476;Raymond Weber;Male;2018-05-09;Engineer, mining;506528;5
43749941618;Kristopher Bates;Male;2011-08-03;Amenity horticulturist;782592;5
51171821419;James Mckenzie;Male;2015-09-26;Engineer, electronics;719954;0
35823635924;Krista Mosley;Male;2009-02-12;Engineer, maintenance;593270;4
81378439641;David Green;Female;2000-07-16;Metallurgist;335100;0
28868648483;Amanda Blackburn;Male;2010-07-20;Accountant, chartered;646285;3
13109360255;Robert Howell;Female;2017-10-21;Product/process development scientist;320824;5
20665639925;Matthew Martin;Male;2023-04-01;Legal secretary;704606;5
94757804163;Charles Roberts;Male;2015-09-20;Consulting civil engineer;437487;1
84529532247;Julie Rodriguez;Female;2021-01-14;Sports therapist;137050;1
00383175234;David Olson;Female;2012-02-10;Engineer, manufacturing systems;178618;1
91086328746;Joseph Owen;Male;2022-12-22;Media buyer;279101;0
86626396291;Theresa Davis;Female;2020-11-22;Adult guidance worker;299579;2
72196110399;Wesley Wong;Male;2007-06-14;Prison officer;923181;4
58411707335;Kelly Williams;Male;2005-02-17;Art gallery manager;230986;0
73645879943;Joseph Jones;Male;2020-07-01;Careers adviser;470135;2
34649881463;Wendy Bailey;Female;2002-07-01;Child psychotherapist;375380;1
78130800147;Cheryl Ortiz;Male;2006-09-22;Hospital pharmacist;348019;5
91026786707;Mary Davis;Female;2022-01-08;Toxicologist;83837;3
33513750062;Richard Logan;Male;2007-01-17;Marketing executive;428851;0
25226198914;Bryan Barker;Male;2000-06-06;Producer, radio;474071;2
82434703219;Karen Dawson MD;Male;2007-07-23;Conservator, furniture;951812;5
03646713319;Kevin Shannon;Female;2006-12-07;Engineer, broadcasting (operations);895166;2
97380747007;Teresa Sexton;Female;2005-05-07;Event organiser;697791;0
75444417995;Angel Orozco;Male;2006-09-14;Chemist, analytical;384978;5
24584163471;Jessica Johnson;Male;2021-04-07;Journalist, magazine;261128;0
44743468122;Kyle Frederick;Male;2018-12-19;Hospital pharmacist;715125;1
22513263713;Jacob Burns DDS;Female;2022-03-19;Camera operator;979973;0
23676920513;Steven Bauer;Male;2001-09-13;Engineer, production;142552;4
36573269363;Marie Hoover;Male;2022-02-20;Surveyor, building;840734;5
64060650112;Annette Fowler;Female;2019-10-08;Recruitment consultant;422295;2
15114915647;Brandon Lane;Male;2013-07-01;Financial controller;985728;0
39284489968;Jaime Flores;Male;2007-10-05;Doctor, general practice;929923;0
69028478446;Jonathan Dunn;Female;2012-03-22;Forest/woodland manager;983526;3
67258784145;Marcus Williams;Male;2012-03-03;Associate Professor;892171;4
38812059174;Misty Stevenson;Male;2004-07-23;Health visitor;732377;1
41098492526;Wayne Walton;Female;2004-09-16;Video editor;187508;1
80775370913;Terri Moore;Female;2012-08-15;Environmental manager;215717;0
46450783391;Patrick Davis;Male;2023-07-23;Producer, television/film/video;84603;3
03019854297;Nathan Ball;Male;2021-08-27;Interpreter;138293;3
95430097813;Julie Hogan;Male;2023-03-06;Civil Service administrator;610161;5
71448773568;Samuel Cain;Male;2009-05-21;Youth worker;751373;5
73705859125;Cynthia Anderson;Female;2017-05-24;Scientist, forensic;176942;4
17940245634;James Soto;Male;2013-03-13;Fish farm manager;166830;3
21037048134;Kenneth Hernandez;Female;2018-02-12;Barrister;914658;1
12279523559;Adam Boyd;Female;2015-02-24;Chiropodist;356015;2
07669782553;Stacey Cobb;Female;2011-11-12;Sports administrator;18265;2
64090376977;Peggy Williams;Male;2013-02-14;Horticultural therapist;937168;5
49997629230;Stacy Harris;Female;2020-05-17;Horticultural therapist;925391;5
61120482061;Zachary Wilson;Male;2020-09-13;Landscape architect;781100;0
82030679160;Ronald Garrett;Female;2003-02-07;Health and safety inspector;847171;0
21645945895;Brandon Freeman;Male;2001-06-22;Museum/gallery conservator;205735;5
82447559451;Mark Holland;Male;2003-09-22;Clothing/textile technologist;770928;3
49545580766;Bobby Glass;Male;2006-02-24;Adult nurse;980980;2
75894527616;Terry Burton;Male;2022-02-23;Librarian, public;35027;5
41642792195;Tony Long;Female;2019-10-07;Personal assistant;176024;3
73897496773;James Landry;Male;2010-06-01;Engineer, land;685823;3
79773834769;Martha Cook;Male;2007-11-07;Insurance claims handler;413171;5
26380258517;Brandon Mathews;Male;2001-10-04;Engineer, automotive;799217;2
65822674690;Christopher Durham;Male;2018-05-19;Buyer, retail;380485;3
86368130980;Cynthia Ware;Female;2002-08-04;Commercial art gallery manager;376214;2
00999031275;Chad Atkins;Female;2022-07-16;Haematologist;618518;3
96364027064;Amy Herrera;Male;2003-02-04;Accounting technician;724629;3
72612542896;Cody Bates;Male;2008-03-07;Sales promotion account executive;38769;5
79329535699;Elizabeth Foster;Female;2004-09-26;Biomedical scientist;745118;5
17272090204;Nancy Briggs DVM;Male;2004-10-12;Engineer, electronics;204859;4
72456845589;Tracy Rose;Female;2021-11-27;Engineer, water;935699;1
38385237384;David Booker;Male;2021-12-03;Magazine journalist;702661;4
27750423792;Brandon Watson;Female;2013-02-02;Holiday representative;468030;2
47119785833;Stephanie Griffin;Female;2020-10-17;Engineer, energy;251485;2
86379066785;Kimberly Parker;Female;2009-07-11;Chartered management accountant;4138;0
84629786121;Mr. Caleb Graham;Male;2003-09-26;Chartered management accountant;151664;1
44053344772;Michael Valencia;Female;2012-02-07;Armed forces operational officer;897897;3
63104349748;Richard Harris;Male;2020-02-11;Tax adviser;136659;4
90996732156;Scott Levy;Female;2022-07-13;Scientist, clinical (histocompatibility and immunogenetics);832609;3
47861528283;Laura Rasmussen;Male;2014-04-15;Water engineer;974997;1
70179151072;Janet Long;Female;2011-01-09;Librarian, academic;645310;2
25829970768;Ryan Houston;Female;2010-05-11;Historic buildings inspector/conservation officer;844354;3
58417839732;Jack Butler;Male;2000-11-13;Glass blower/designer;313761;2
43655253736;Lisa Brock;Male;2002-04-04;Scientist, physiological;201140;4
69145578499;Michael Smith;Female;2013-05-04;Media buyer;307134;2
29557769469;Melissa Obrien;Male;2011-03-09;Private music teacher;664536;4
87294809788;Monica Sanders;Male;2020-02-09;Meteorologist;222778;4
68531557966;Jessica Morris;Female;2017-11-12;Medical physicist;440351;2
59701784481;Kathleen Jacobs;Female;2018-03-20;Town planner;291838;1
08531023044;Joseph Shepherd;Female;2003-07-08;Water engineer;917297;5
21587327896;Christopher Carpenter;Female;2016-06-24;Surveyor, commercial/residential;579570;1
34398059881;Sharon Green MD;Male;2003-05-22;Surveyor, minerals;231997;5
42550862883;John Bean;Female;2023-12-25;Manufacturing systems engineer;571996;0
13680434439;William Jordan;Male;2018-01-11;Embryologist, clinical;555894;1
38081823836;Amanda Payne;Female;2015-09-16;Printmaker;333569;1
12492574528;Geoffrey Contreras;Male;2003-03-19;Research scientist (medical);553241;1
07293692210;Stacy Ramirez;Male;2003-08-19;Solicitor;934638;5
93692696641;Dorothy Cannon;Male;2006-11-15;Structural engineer;842614;3
64573699045;Erica Humphrey;Female;2019-03-07;Administrator, local government;99879;1
14463573902;Patrick Graham;Male;2006-05-21;Scientist, clinical (histocompatibility and immunogenetics);582335;2
77445253093;James Davis;Male;2020-12-18;Programmer, multimedia;831232;0
87642947902;Dominique Dean;Female;2004-05-03;Embryologist, clinical;866540;3
67353282704;Marcus Smith;Male;2010-06-05;Maintenance engineer;987333;1
03324327302;Debra Higgins;Male;2016-08-11;Investment analyst;133121;2
44101791908;Jonathan Bradley;Female;2009-11-27;Chiropractor;221616;0
40251460722;Ronald Mahoney;Female;2001-03-22;Scientist, research (medical);926734;0
94306161553;Nicole Mann;Female;2009-01-16;Medical sales representative;297659;2
28985747493;Anthony Pollard;Male;2003-02-24;Scientist, research (physical sciences);340473;5
98599758961;Kathy Elliott;Female;2013-09-13;Recruitment consultant;413045;1
74737557856;Jonathan Richardson;Male;2019-04-11;Neurosurgeon;512004;3
81069715754;Alexandra Hawkins;Female;2003-09-27;Probation officer;381946;1
99632187318;Benjamin Best;Male;2020-11-26;Production designer, theatre/television/film;69791;5
03950542822;Jay Burton;Male;2013-11-06;Broadcast journalist;386214;3
99169641989;Karen Beck;Female;2012-01-28;Retail buyer;319154;0
65179416750;Daniel Garrett;Male;2002-06-28;Teacher, music;947282;5
94343414405;James Robinson;Female;2009-01-15;Freight forwarder;673712;1
91635776889;Cody Peterson;Male;2005-01-15;Forensic psychologist;905219;2
42161604292;Martha Terrell;Male;2003-07-06;Accounting technician;374517;3
71136015891;Vincent Duncan;Male;2010-01-26;Technical brewer;86706;3
39446675543;Marcus Conway;Male;2019-09-28;Editor, commissioning;107905;5
88548345524;Carla Chase;Male;2008-05-02;Oncologist;498411;5
96725531571;Jennifer Williams;Female;2016-03-13;Accountant, chartered;808859;4
31898666214;Chase Miller;Male;2001-08-03;Mechanical engineer;273653;3
82092379482;Timothy Beasley;Female;2000-05-12;Corporate treasurer;779247;4
75987173265;Amanda Douglas;Female;2006-11-01;Biomedical engineer;976790;5
63481956168;Ryan Taylor;Female;2018-11-02;Holiday representative;204892;1
91398815272;Victor Warren;Male;2009-10-13;Geographical information systems officer;181481;4
37173995096;Steven Kline;Female;2003-03-01;Designer, exhibition/display;977892;2
03979453080;Renee Foley;Male;2011-12-23;Quarry manager;703901;2
40042173022;Mr. Jose Delgado;Male;2011-05-19;Producer, television/film/video;722123;0
15458438111;Valerie Mckee;Male;2020-10-03;Dance movement psychotherapist;988836;0
57919847777;Matthew Flores;Male;2021-02-11;Ophthalmologist;700276;1
54563097597;Brian Schwartz;Male;2013-08-19;Press photographer;577098;1
81599204031;Julie Mcintyre;Female;2009-04-19;Toxicologist;113118;3
51725782150;Tiffany Casey;Male;2001-12-20;Computer games developer;509138;3
43179865153;Andrew Anderson;Female;2005-10-13;Administrator, arts;731621;3
49028385531;Ryan Diaz;Female;2020-11-06;Surveyor, minerals;951412;5
73297758256;Nancy Hall;Male;2013-07-13;Actor;158641;5
31113281390;Katherine Lee;Male;2015-05-28;Phytotherapist;365241;2
58924204486;Michelle Johnson;Male;2002-07-03;Trade union research officer;977559;2
16893679754;Richard Davis;Female;2000-02-09;Engineer, electronics;962397;4
22136737897;Lee Nichols;Male;2009-01-18;Plant breeder/geneticist;822070;0
22308339067;Derrick Brown;Female;2015-04-25;Television floor manager;727699;4
96971261966;Sarah Lee;Female;2023-03-10;Civil Service administrator;823551;5
13973582521;Joseph Shelton;Male;2011-04-15;Structural engineer;126996;0
09968482404;David Roberson;Male;2017-07-01;Personnel officer;675795;5
74416315884;Stephen Anderson;Male;2004-11-08;Learning mentor;646875;0
74417060883;Daniel Ali;Female;2019-07-07;Air cabin crew;728650;1
70850575695;John Fox;Male;2017-06-14;Scientist, research (medical);641865;4
15528001372;Raymond Harper;Female;2010-11-18;Embryologist, clinical;660681;1
12453194439;Rachel Mann;Male;2000-07-02;Media buyer;707154;5
58423554852;Robert Williams;Female;2023-05-15;Nurse, mental health;596809;0
71549674557;Benjamin Reyes;Male;2001-01-17;Fashion designer;759392;1
17136458656;Scott Saunders;Female;2019-04-24;Psychotherapist, child;154112;1
01365752072;Alan Wilcox;Female;2013-08-05;Archaeologist;867403;4
94176145018;Elizabeth Chan;Female;2009-07-18;Therapist, nutritional;434954;5
65111480504;Michael Foster;Male;2010-11-15;Lighting technician, broadcasting/film/video;93261;0
04825415718;Amber Novak;Female;2007-09-24;Legal secretary;471082;0
17004520608;Rhonda Smith;Male;2014-06-22;Commercial/residential surveyor;605345;5
15437708445;Claudia Glover;Female;2005-10-06;Trading standards officer;981012;1
99308940903;Brittany Garza;Male;2002-07-07;Bookseller;760373;5
16597906509;Heather Melton;Male;2001-09-22;Environmental health practitioner;195823;0
49361598738;Jason Scott;Female;2019-04-15;Advice worker;737698;3
61497299500;Nicole Johnson;Female;2010-04-25;Scientist, biomedical;961237;0
96145384998;Jonathan Cummings;Female;2020-10-28;Media planner;314328;2
50213093566;Martin Reid;Male;2011-07-20;Economist;917427;3
73866248443;Zachary Martin;Female;2010-06-26;Web designer;7798;3
63935356123;Lisa Le;Female;2020-04-03;Database administrator;656187;2
88004299991;Jerry Walsh;Female;2013-12-21;Patent examiner;162699;1
72427486738;Amanda Gonzalez;Male;2006-07-06;Human resources officer;29442;1
96065544083;Emma Young;Female;2020-05-04;Surveyor, mining;129387;3
53328605051;Russell Cooper;Female;2016-09-27;Editor, film/video;126215;3
98420394960;Brenda Dixon;Female;2019-06-05;Media buyer;233685;5
20948240037;Jason Baker;Male;2008-04-03;Trading standards officer;281866;0
45040821496;Bradley Watson;Female;2003-10-24;Commercial/residential surveyor;178239;2
96396293954;Christopher Hansen;Female;2000-03-22;Bookseller;573930;1
71285308961;Jacqueline Moore;Female;2022-12-09;Social research officer, government;710684;4
11605033888;Jill Gomez;Male;2016-08-22;Museum education officer;319655;5
98241928437;Debra Wong;Male;2005-03-17;Land/geomatics surveyor;589813;2
00434856371;Aaron Stephens;Male;2023-03-02;Community pharmacist;471739;1
98970375987;Terry Wright;Female;2020-06-23;Probation officer;363947;0
11991781153;Tyler Hall;Male;2005-06-12;Runner, broadcasting/film/video;681433;0
81131341895;Christopher Clark;Female;2014-06-04;Science writer;567237;2
71628703874;Carolyn Smith;Female;2018-11-18;Drilling engineer;801761;2
98390352596;Angela Meyer;Male;2006-12-25;Production assistant, television;728957;0
38916059540;Jason Espinoza;Male;2005-11-28;Physiotherapist;798190;4
13522112902;Dana Williams;Female;2006-02-24;Chemist, analytical;888621;1
23620642824;Mr. Brandon Salinas;Female;2018-03-24;Sub;143283;2
46263814647;Juan Gonzales;Male;2007-10-04;Arts development officer;305730;4
87023618588;Miguel Burnett;Female;2009-04-07;Designer, graphic;658378;5
47925698198;Timothy Smith;Female;2015-09-04;Fast food restaurant manager;275071;5
85639148312;Charlene Gonzalez;Male;2006-01-04;Office manager;460031;5
77794326224;Carla Coleman;Male;2014-09-08;Sports therapist;813626;3
37952136278;Mark Williams;Female;2015-12-12;Museum education officer;707371;5
42394369965;Michael Hill;Female;2001-06-04;Psychologist, occupational;124663;3
31114157973;Andrea Olson;Male;2002-01-09;Health visitor;918458;5
51063408789;Christina Wood;Female;2017-06-14;Medical secretary;83243;5
54577700881;Michelle Hall;Male;2022-06-17;Investment banker, operational;85693;3
53105530043;Daniel Herrera;Male;2021-11-25;Electronics engineer;207981;3
71155374451;Michael Hawkins;Female;2015-11-26;Games developer;652799;5
67014576615;Brian Powell;Male;2017-04-06;Transport planner;942035;0
35620675176;Aaron Choi;Male;2023-12-20;Set designer;942507;3
85110290752;Jamie Lindsey;Male;2017-08-21;Arts development officer;748334;0
26087011945;Scott Bowers;Female;2021-01-11;Engineer, communications;450171;2
03380371126;Victoria James;Female;2004-02-14;Radiographer, therapeutic;629273;4
74501747555;Cynthia Taylor;Female;2001-11-28;Futures trader;843086;3
22592217712;Kevin Wilson;Female;2001-04-07;Editor, magazine features;724347;5
28997407966;Mrs. Amy Lopez;Female;2019-01-14;Buyer, retail;221192;2
03746534822;Christine Gonzalez;Female;2007-02-20;Risk manager;601977;2
58762011629;Jessica Jones;Male;2020-06-11;Newspaper journalist;229093;5
50571012450;Robert Tucker;Female;2008-04-25;Building control surveyor;154542;0
87891297636;Ms. Emily Gill DVM;Male;2000-11-10;Midwife;749831;5
56228246110;Jenna Harris;Female;2005-02-12;Conservator, museum/gallery;684372;5
06814816949;April Jones;Female;2013-09-13;Mudlogger;193975;0
70979031351;Christopher Anthony;Male;2010-12-13;Lexicographer;292494;4
67889162320;Michele Ross;Female;2007-04-11;Bookseller;648829;4
71899018968;Amber Young;Female;2011-11-21;Equities trader;789468;0
23260494667;Tammy Stevens;Female;2008-08-11;Social worker;245541;0
49729154538;Theresa Taylor;Male;2009-12-19;Social worker;658278;1
64074925029;Benjamin Schwartz;Female;2006-12-14;Retail banker;285208;3
30733877530;James Austin;Male;2016-01-06;Bookseller;263243;5
34476995845;Jennifer Lee;Female;2006-12-11;Environmental consultant;807671;3
83229181133;David Fisher;Male;2009-08-04;Art gallery manager;747144;3
49450471415;Zachary Bush;Female;2022-01-27;Illustrator;55583;1
10128491754;Lisa Sheppard;Male;2012-12-16;Embryologist, clinical;746152;1
34238571002;Megan Barnes;Male;2015-05-16;Investment banker, corporate;903171;3
71145668059;Cameron Young;Female;2015-12-14;Embryologist, clinical;242451;5
35289323809;Traci Hall;Male;2002-08-07;Medical laboratory scientific officer;308618;3
09832244488;Mark Duke;Male;2012-03-28;Local government officer;435848;0
39143372071;Brittany Campbell;Male;2003-12-04;Embryologist, clinical;716666;1
87655356108;Amber Dawson;Male;2017-01-26;Art gallery manager;360239;1
97353185635;Nathaniel Reeves;Male;2011-12-28;Financial adviser;986853;0
45428936630;Terry Greer;Male;2017-03-19;Broadcast engineer;90195;0
26067063370;Johnny Bartlett;Female;2013-05-19;Financial risk analyst;557201;5
48951226578;Ann James;Male;2023-04-05;Actuary;548131;1
25373215404;Joshua Mueller;Female;2005-07-12;Surveyor, building control;699957;2
77062479044;Tiffany Garcia;Male;2009-10-09;Insurance risk surveyor;82401;2
95701686526;Alexander Brown;Female;2015-11-07;Therapist, drama;894927;3
07838860135;Brooke Hudson;Male;2005-01-20;Engineer, automotive;864999;5
43065877006;Luis Kane;Male;2008-12-11;Professor Emeritus;61849;2
37527380583;Barry Burgess;Male;2011-08-10;Building services engineer;862043;3
10231134390;Kenneth Coffey;Male;2016-06-05;Curator;70620;2
04998842341;Cody Reed;Female;2015-08-19;Psychotherapist, dance movement;146566;0
73178896011;April Roman;Male;2014-01-12;Research officer, trade union;271524;0
33029383861;Heidi Bowers;Male;2010-01-05;Research scientist (physical sciences);351229;2
78317317829;Amanda Jones;Female;2007-06-17;Armed forces technical officer;264422;3
72254911427;Ricardo Kennedy;Male;2022-12-17;Medical illustrator;420264;0
53038816676;Kristin Rose;Male;2020-02-10;Therapeutic radiographer;601759;1
64781723958;Michelle Parker;Male;2019-04-19;Probation officer;256150;4
68141788554;Mackenzie Vasquez;Male;2005-07-10;Press sub;746178;1
84817744263;William Lamb;Male;2011-12-16;Chartered management accountant;647616;5
92012152346;Melinda Thomas;Male;2014-02-24;Designer, furniture;551161;3
86648185652;Brittany Blankenship;Male;2008-09-19;Brewing technologist;171928;5
82032838667;Colton Woods;Female;2021-05-08;Therapist, sports;460843;1
57537830773;Linda Frederick;Male;2018-12-15;Plant breeder/geneticist;597184;1
61573483629;Terry Sexton;Female;2022-08-21;Engineer, water;765147;5
70127844234;Jaclyn Odonnell;Female;2002-08-05;Electrical engineer;407724;0
75854094478;Mrs. Ashley Cook;Female;2006-01-25;Paediatric nurse;876408;5
25233059255;Jason Rush;Male;2016-06-13;Optometrist;899238;0
04216627155;Jack Walker;Female;2006-07-26;Horticulturist, amenity;777040;3
30131002289;Angela Mcclain;Male;2008-10-13;Administrator, local government;470107;5
83671542357;Andrew Villa;Female;2002-12-09;Dietitian;635359;1
28474307221;Julie Conway;Female;2012-10-14;Scientist, research (medical);887763;1
76175577243;Samuel Martinez;Male;2014-03-21;Archivist;38611;5
36121239545;Ashley Hall;Male;2007-03-15;General practice doctor;1652;0
04238316875;Raymond Delacruz;Female;2005-03-16;Medical technical officer;729687;0
23906796892;Sandra Miles;Female;2004-03-20;Horticulturist, amenity;3680;4
44627215858;Keith Ramirez;Female;2017-11-12;Ceramics designer;834274;1
90246206135;Brandi Mitchell;Female;2002-10-13;Ranger/warden;593888;0
93682986942;Jill Daniels;Male;2001-03-18;Health and safety inspector;229183;2
31921507515;Hannah Watson;Male;2009-05-18;Insurance underwriter;305438;2
93440110128;Rachel Lee;Female;2021-04-22;International aid/development worker;867019;4
49457268796;Joseph Rivera;Female;2019-04-25;Interpreter;775383;3
71925014075;Stephanie Cabrera;Female;2016-06-11;Teacher, adult education;71742;4
94375291666;Jason Fox;Female;2001-02-18;Designer, graphic;411478;1
93617603566;Miranda Ross;Female;2009-10-11;Curator;589302;1
68023333725;Kelly Mendoza;Female;2011-10-12;Computer games developer;407975;0
05285709715;Pamela Christian;Male;2013-12-16;Education officer, community;851330;0
94495339323;Heather Parrish;Female;2020-11-20;Microbiologist;710460;1
51924176545;Jason Rivas;Female;2022-10-08;Exhibitions officer, museum/gallery;934715;2
20927865582;Megan Shepherd;Male;2020-04-02;Music tutor;869909;5
59827452526;Michael Gonzalez;Female;2003-07-09;Physiotherapist;822405;5
60578814625;Danny Rodriguez;Male;2014-02-16;Television floor manager;878325;3
13624753936;Joshua Ellis;Female;2014-08-11;Retail merchandiser;463781;1
84292395198;David Hood;Male;2016-09-23;Data processing manager;452611;1
83873754687;Sharon Roberts;Female;2012-08-22;Designer, ceramics/pottery;294683;4
43396669597;Brian Burnett;Female;2011-05-10;Chemical engineer;177076;4
70154810980;Gwendolyn Cunningham;Female;2013-03-14;Health visitor;170138;5
64892790687;Curtis Hall;Male;2004-07-26;Mental health nurse;303090;3
15290346153;Yvonne Pugh;Male;2003-02-22;Mining engineer;831801;0
52865235745;Thomas Drake;Female;2011-02-01;Pension scheme manager;367167;3
58987414724;Stacey Johnson;Female;2022-04-27;Librarian, academic;38028;0
04666048701;Dr. Samuel May PhD;Female;2010-08-10;Journalist, broadcasting;632895;2
86721081377;Mark Harris;Female;2004-08-06;Risk manager;510023;1
92602541401;Dylan Baker;Female;2011-01-28;Psychiatrist;235231;3
11993711791;Jillian Marshall;Female;2008-07-09;Dance movement psychotherapist;683565;5
68034686216;Nichole Miller;Male;2014-08-26;Education officer, museum;24750;5
53406322788;Patrick Ho;Male;2013-04-26;Paediatric nurse;713654;5
06987882475;Adam Brown;Female;2010-05-23;Engineer, biomedical;312482;5
82715161877;Jacob Miller;Female;2018-03-07;Programmer, systems;451836;0
24315427349;Nathan Schmidt;Male;2012-06-18;Meteorologist;679251;0
41710375619;Ryan Hale;Female;2020-05-03;Health visitor;67178;4
46586714499;Travis Turner;Male;2007-07-16;Television camera operator;907041;1
45837806471;Katie Marquez;Female;2007-09-17;Manufacturing systems engineer;435916;4
21760969617;Catherine Jimenez;Female;2005-11-20;Water engineer;265928;3
94617329910;Rose Hunt;Female;2016-02-13;IT technical support officer;733575;4
11245916434;Jesse Cox;Female;2000-03-05;Runner, broadcasting/film/video;314358;1
63034607651;Lindsay Hansen;Female;2004-10-09;Site engineer;6399;2
66401428299;Mrs. Linda Flores PhD;Male;2005-09-15;Ecologist;365408;4
69333350705;Joel Myers;Male;2005-10-22;Electrical engineer;790175;0
23270507507;Michael Jackson;Male;2020-06-25;Warehouse manager;928325;2
05069496126;Jamie Kelly;Female;2011-05-15;Copy;878993;5
54194753273;Anita Aguilar;Female;2010-09-22;Youth worker;614415;0
87313932921;Matthew Taylor;Female;2019-12-06;Biochemist, clinical;141541;3
84380652815;Ms. Melanie Grant;Female;2019-03-27;Health physicist;320666;4
51948057892;Troy Dominguez;Female;2000-12-03;Bonds trader;260198;1
90913681771;Jordan Taylor;Male;2021-12-08;Travel agency manager;585578;5
03035759769;Laura Gallegos;Female;2015-10-08;Financial manager;704259;5
52089234044;Teresa Johnson;Male;2003-12-02;Office manager;754550;5
53093516128;Monica Dawson;Female;2022-06-02;Ecologist;253802;1
50967080181;Bradley Lewis;Female;2022-02-18;Engineer, site;59323;0
30912237787;Erica Dunn;Male;2021-07-19;Environmental health practitioner;214896;3
14266543351;Brandon Doyle;Female;2022-08-17;Psychotherapist, dance movement;780147;3
81928698737;Danielle Rojas;Male;2011-11-18;Legal executive;701990;0
67260601735;Kaitlin Phelps;Female;2005-03-10;Claims inspector/assessor;265853;0
10271113318;Maurice Johnson;Female;2023-08-23;Lawyer;216487;4
34575355203;Hayden Delgado;Female;2013-02-24;Oceanographer;167529;2
83947075122;Mrs. Samantha Ramirez;Female;2001-10-13;Doctor, general practice;499191;2
66412526106;Mario Allen;Male;2005-09-21;Social worker;259973;5
52226864558;Beverly Duncan;Male;2010-12-17;Counselling psychologist;182459;5
49517534839;Kimberly Sawyer;Female;2013-08-03;Seismic interpreter;481645;3
38379258810;Gary Hayes;Male;2014-10-10;Health and safety inspector;828939;5
69023714965;Juan Miller;Male;2011-03-10;Community education officer;310471;5
15335215765;Andrea Hughes;Female;2009-06-18;Engineering geologist;727871;2
70850420368;Kathy Green;Male;2014-04-18;Research officer, political party;658537;1
92243921758;Katherine Contreras;Female;2008-06-11;Merchandiser, retail;496360;3
66588035702;Christine Hobbs;Male;2014-11-12;Field trials officer;573121;0
97452422902;Janet Smith;Female;2016-02-24;Research officer, political party;192433;0
91786583737;Mrs. Joanna Boyd;Female;2012-08-10;Government social research officer;735277;2
97685451137;Brandy Hill;Male;2022-11-23;Chartered loss adjuster;491504;1
62402372097;Mikayla Webb;Female;2003-07-16;Professor Emeritus;849746;0
97252820920;David Zuniga;Female;2010-11-19;Local government officer;496431;4
29505043611;George Moss;Male;2014-03-19;Advertising art director;261031;4
39046484475;Shannon Rogers;Female;2021-03-13;Production manager;357694;0
94090945161;Mary Cisneros;Male;2012-02-18;Chief of Staff;625271;3
34701352759;Mrs. Mary Martin;Male;2021-01-28;Scientist, physiological;645989;3
94880609620;Tom Pittman;Female;2004-07-25;Risk manager;913605;5
64506010306;Christine Young;Male;2017-06-18;Production assistant, radio;912049;0
75467868078;Jordan Santos;Male;2002-11-01;Plant breeder/geneticist;386953;3
32600837456;Trevor Hebert;Female;2013-10-27;Administrator, sports;455924;1
68366853431;Jeffrey Gonzalez;Female;2022-12-04;Environmental health practitioner;326850;1
82035647928;Mr. Kenneth Davis;Male;2022-05-18;Nurse, learning disability;125059;5
83293149936;Kyle Berry;Female;2019-02-15;Graphic designer;685939;3
47819700960;Tina Ramirez;Female;2018-07-13;Museum/gallery exhibitions officer;474901;2
20927691788;Alan Hernandez;Male;2011-04-03;Social researcher;115026;0
85585161914;Dale Harrison;Male;2013-02-06;Social research officer, government;543101;4
47850042904;Willie Mathis;Male;2012-01-23;Race relations officer;411276;3
60109132821;Madeline Nunez;Male;2014-07-23;Bonds trader;756772;5
26161338444;Derek Wilkinson;Female;2010-01-03;Research officer, trade union;332719;0
01621730799;Debbie Robinson;Male;2012-11-18;Producer, radio;467382;0
95651908170;Benjamin Mckenzie;Male;2000-09-27;Mudlogger;151099;0
52379189502;Cameron Thomas;Female;2012-10-21;Information officer;799110;4
49016953349;Herbert Simmons;Male;2014-12-24;Art gallery manager;43240;3
78625101635;William Wallace;Female;2020-09-17;Scientific laboratory technician;921469;3
04432408982;James Martinez;Male;2009-06-22;Human resources officer;608904;1
89769201683;Cody Brooks;Male;2002-11-20;Trade union research officer;157129;4
18300866702;Edward Kennedy;Female;2015-09-13;Occupational hygienist;340114;4
95257897166;Craig Snow;Female;2017-09-18;Financial adviser;563928;1
36297932300;Ryan Thomas;Male;2022-10-09;Surveyor, building control;440248;3
89107564046;William Cook;Female;2023-03-01;English as a foreign language teacher;354831;0
84305372096;Robert Bright;Female;2017-03-02;Retail buyer;577056;3
75903771781;Jessica Robinson;Female;2007-05-19;Cabin crew;533447;2
21106456193;Judith Shaw;Female;2000-07-10;Broadcast journalist;474662;4
08352717526;Heather Mitchell;Male;2001-05-12;Clinical molecular geneticist;2865;3
94239281798;Kathleen Petersen;Male;2017-09-15;Writer;509317;2
22875831762;John Norman;Female;2016-07-19;Loss adjuster, chartered;658829;4
68623196109;Thomas Beard;Female;2017-07-19;Administrator, Civil Service;607677;2
00239831245;Michael Williams;Female;2014-08-25;Politician's assistant;185723;2
70344223299;Tammy Swanson;Male;2004-03-16;Programmer, multimedia;599917;0
94752232869;Willie Mueller;Female;2005-12-01;Private music teacher;104363;1
24632598930;Justin Smith;Male;2023-02-11;Control and instrumentation engineer;507061;5
94079724232;William Hampton;Female;2004-10-07;Product/process development scientist;532895;1
00759143311;Christopher Jacobs;Male;2020-10-14;Sub;849010;0
43601659051;Christopher Sanchez;Male;2013-07-16;Physicist, medical;740656;4
78496475383;Donald Nguyen;Male;2008-09-07;Chartered certified accountant;43036;2
65364511579;Michael Austin;Male;2006-06-01;Systems developer;333916;0
21604459739;Kevin Morrow;Female;2004-02-05;Engineer, civil (consulting);227920;3
95611026710;Jessica Smith;Male;2001-03-14;Designer, blown glass/stained glass;182687;0
47041786637;Natalie Garcia;Female;2005-02-03;Commercial horticulturist;650314;1
27490143334;Todd Wong;Male;2008-11-10;Health service manager;673167;5
74827453396;Todd Wilson;Male;2005-03-09;Mudlogger;240018;1
23857432987;Roger Little;Male;2023-01-21;Prison officer;42610;1
37759085303;Kimberly Hamilton;Male;2019-02-08;Paediatric nurse;935363;4
05804692028;Caitlin Olson;Female;2008-02-13;Broadcast presenter;924566;0
36234949989;Peter Pacheco;Male;2000-07-23;Forensic scientist;549629;4
19907474197;Adam Holder;Female;2011-07-08;Recruitment consultant;153507;2
50463700173;John Alexander;Female;2003-03-08;Chief of Staff;367150;4
81450491968;Nicole Beard;Female;2019-04-02;Patent attorney;579867;5
65304488441;Paul Holder;Male;2004-10-13;Land;173869;0
61735439080;Hector Waters;Male;2007-09-15;Dispensing optician;644387;2
89781931277;Shannon Nunez;Female;2008-11-11;Lecturer, further education;179968;0
20411749326;Gabriel Myers;Male;2012-08-03;Administrator, Civil Service;430763;1
66305332692;Margaret Romero;Female;2014-01-18;Geophysical data processor;466225;3
01660270407;Richard Walters;Female;2021-03-27;Solicitor;782625;0
06617332144;Jessica Harris;Male;2009-08-21;Editorial assistant;998095;2
86111937697;Phillip Harding;Female;2003-02-22;Insurance risk surveyor;133535;1
08923896321;Melanie Smith;Male;2020-04-21;Engineer, manufacturing;971910;0
08635410475;Edward Hale;Female;2016-09-14;Producer, television/film/video;342479;2
99740924503;Margaret Figueroa;Female;2007-07-06;Engineer, communications;945084;3
89341690599;Michael Wilson;Male;2010-11-05;Therapeutic radiographer;723523;1
38166960561;Charles Cruz;Female;2019-05-25;Holiday representative;519475;1
79322346706;Brianna Duncan;Female;2011-01-18;Phytotherapist;74887;5
37142789012;Thomas Newman;Male;2000-04-05;Production manager;339987;2
39749714674;Diane Thomas;Male;2011-07-04;Special educational needs teacher;119672;0
00103892086;Eric Harris;Female;2016-12-20;Doctor, general practice;48501;0
94713446855;Krystal Jackson;Male;2004-10-23;Chartered certified accountant;837711;5
85428157285;Zachary Harmon;Female;2001-07-16;Psychologist, sport and exercise;55309;4
05179109024;Johnny Mueller;Female;2009-06-28;Information officer;47329;5
86831840647;Virginia Bonilla;Male;2011-11-16;Technical author;769265;3
91538563618;Michelle Cooper;Female;2002-04-07;Landscape architect;821409;0
20735417932;Victoria Williams;Female;2005-09-11;Printmaker;185596;5
34353379130;Emily Kelly;Female;2015-05-02;Editorial assistant;998131;0
31216265009;Robert Brown;Male;2021-11-04;Senior tax professional/tax inspector;105062;0
83642566933;Stephen Lam;Female;2006-05-27;Environmental education officer;324420;0
81480688834;Jody Nelson;Female;2013-02-04;Fashion designer;927667;2
92169305485;Donna Carter;Male;2000-04-11;Development worker, international aid;841922;0
36738872291;Anthony Mccarthy;Male;2023-09-10;Multimedia programmer;172957;0
97165261997;Kristen Boyd;Male;2008-05-02;Claims inspector/assessor;798502;3
06849504242;Amy Silva;Female;2005-12-14;Administrator, sports;617428;5
83750015948;Andrea Smith;Female;2005-03-02;Research scientist (maths);937784;2
08370157397;Marissa Stevens;Female;2007-03-23;Oceanographer;755937;2
34355873620;Amanda Maldonado;Male;2005-09-22;Community pharmacist;500710;2
84775990836;Rebecca Shepherd;Female;2003-01-09;Theatre director;723560;1
36359742990;Michael Hughes;Male;2017-01-23;Environmental manager;512142;2
32973324406;David Stephens;Male;2019-03-01;Brewing technologist;768796;5
86815493612;John Ellis;Male;2012-03-08;Geoscientist;932129;1
31753976076;Danielle Peters;Male;2004-12-04;Neurosurgeon;422301;0
69648536596;Olivia Brown;Male;2020-10-18;Investment banker, corporate;456360;1
98479151346;Taylor Warren;Female;2012-07-20;Development worker, international aid;504611;1
10448706919;Carol Boyle;Male;2003-08-27;Best boy;639375;2
79419834269;Nicholas Armstrong;Male;2013-04-20;Primary school teacher;21726;1
14543160719;Andrea Tyler;Female;2005-12-17;Legal executive;969554;0
19225270373;William Becker;Female;2010-03-15;Dance movement psychotherapist;899886;3
75727731322;Nicole George;Male;2022-08-15;Media buyer;642374;5
33728355921;Bobby Hernandez;Female;2003-11-23;Music tutor;570490;0
72383233380;Terry Bryan;Male;2023-08-24;Medical secretary;642218;4
60741562951;Erica Wagner;Male;2019-01-22;Mental health nurse;932043;2
48582807409;Shawn Rivera;Female;2018-11-14;Chief Financial Officer;443949;3
07617173970;Stefanie Hayes;Female;2007-12-07;Music tutor;472442;0
78773666090;Whitney Johnson;Female;2018-03-22;Training and development officer;690025;3
45042830878;Lisa Sanchez;Male;2013-03-20;Psychotherapist, child;988918;1
08988591097;Wendy Carr;Female;2013-02-08;Therapist, music;766661;4
53259370996;Douglas Williams;Female;2016-07-13;Toxicologist;474335;3
57635280990;Keith Cline;Male;2015-05-06;English as a foreign language teacher;324002;1
95760618074;Bridget Winters;Female;2005-03-08;Diplomatic Services operational officer;697343;4
84792286768;William Austin;Female;2003-11-08;Operations geologist;67125;0
53736031221;Bruce Alvarado;Male;2017-10-04;Animal nutritionist;96150;1
86490416905;Wendy Duffy;Male;2015-03-15;Plant breeder/geneticist;536626;5
49931001144;Stephen Patrick;Female;2021-02-03;Primary school teacher;494008;1
73290062603;Jesse Payne;Female;2021-09-08;Engineer, drilling;256015;2
45030394255;William Lopez;Male;2006-12-07;Copy;757047;4
23326426238;Heather French;Female;2000-02-06;Ceramics designer;429754;2
90217616415;Amanda Wilson;Male;2008-06-06;Travel agency manager;83708;5
95487153311;David Hayes;Female;2008-01-23;Designer, textile;602498;3
69909760006;Brenda Harris;Female;2011-09-20;Technical sales engineer;999482;1
87879160467;Joshua Turner;Female;2008-02-21;Town planner;796278;1
48481905656;Henry Griffin;Male;2016-06-09;Broadcast presenter;154392;3
83347038166;Mrs. Barbara Stafford;Male;2000-04-20;Scientist, audiological;587898;2
96961698904;Adam Davis;Female;2017-12-09;Location manager;174391;5
81258358372;Maria Page;Male;2004-06-04;Engineer, manufacturing;670100;1
15141268062;Michelle Cruz;Male;2008-09-05;Journalist, magazine;144343;0
93076228745;Brenda Mcgee;Female;2010-09-02;Food technologist;387207;3
52137505795;Bradley White;Male;2023-05-08;Research officer, political party;735022;3
45352691717;Gina Meza;Female;2014-06-28;Warehouse manager;218107;0
59917693100;Terry Morton;Male;2001-12-05;Probation officer;793366;3
37195233972;Lisa Salinas;Male;2000-03-13;Engineer, maintenance;376924;5
84615152800;Sherry Shaw;Female;2016-04-16;Barrister's clerk;308479;4
77859862534;Veronica Glover;Male;2004-08-16;Financial trader;483591;1
18303673761;Nicole Parker;Female;2000-05-12;Licensed conveyancer;804009;5
48304016288;Richard Myers;Female;2003-11-12;Radiographer, diagnostic;399837;1
42557667623;Kenneth Clark;Female;2020-04-05;Radiation protection practitioner;751836;1
55873733846;Mrs. Doris Neal;Female;2009-03-03;Information systems manager;101990;2
00241501828;Jennifer Kelly;Female;2006-04-26;Ceramics designer;680816;5
84756219706;Kristy Griffin;Male;2014-03-25;Designer, television/film set;691905;2
55548708610;Cody Moore;Female;2002-07-05;Ambulance person;436027;0
47995372320;Matthew Brown;Male;2006-11-12;Firefighter;606876;4
53519905579;Stephen Bond;Male;2019-06-10;Comptroller;632383;3
14700929603;Sheryl Bryant;Male;2020-10-12;Public relations account executive;770568;0
49917268854;Joshua Becker;Female;2000-08-03;Accountant, chartered certified;693076;3
47364347328;Martin Aguilar;Male;2003-04-14;Engineering geologist;17814;5
74056403816;Judith Cruz;Male;2005-01-18;Network engineer;767884;3
13227162613;Terri Curtis;Female;2006-10-26;Clinical scientist, histocompatibility and immunogenetics;317328;1
42067454580;Melanie Smith;Male;2013-01-26;Psychologist, educational;894746;4
99328662035;Nicholas Hopkins;Male;2001-07-01;Radio broadcast assistant;572202;3
39140849842;Donald James;Male;2007-02-22;Tree surgeon;90271;2
84786117723;Richard Krueger;Female;2022-05-14;Television production assistant;710373;1
28102039639;Kathryn Bell;Female;2004-09-05;Retail manager;537274;4
81591536547;Michael Shelton;Female;2018-08-18;Chartered management accountant;214573;0
32289258632;Jody Carey;Female;2012-06-08;Therapeutic radiographer;566398;4
23502795463;Michael Cohen;Female;2002-03-15;Oncologist;623535;0
39615861420;Roger Graham;Male;2013-02-06;Copy;505652;3
06022847758;Casey Lynn;Male;2011-04-24;Research officer, trade union;516659;1
20620896966;Michelle Huang;Female;2019-01-02;Marketing executive;446113;2
55300282578;Keith Gomez;Male;2006-10-05;Proofreader;46437;1
84981673289;Deanna Campbell;Male;2019-04-04;Clothing/textile technologist;270356;2
33797201967;Charles Tyler;Female;2008-03-22;Publishing rights manager;821776;2
53944919253;John Mann;Female;2015-05-14;Trade union research officer;679806;5
07996067126;Tiffany Pittman;Female;2001-08-20;Public affairs consultant;514259;4
54303547560;Matthew Pace III;Male;2017-11-08;Development worker, community;386684;2
93405612694;Allison Francis;Male;2015-08-09;Sales executive;853978;2
63043941679;Matthew Graham;Male;2021-09-10;Airline pilot;414875;1
25110383511;Erica Wong;Male;2014-10-09;General practice doctor;268994;3
19018568118;Hector Fowler;Female;2012-10-01;Personal assistant;950293;2
53437491552;Sandra Randall;Male;2016-10-09;Structural engineer;282258;4
34778560703;Don Mcdonald;Female;2016-01-26;Airline pilot;108167;3
23521756576;Tara Camacho;Male;2012-10-07;Metallurgist;72864;3
25772320537;William Cortez;Female;2019-08-27;Civil Service fast streamer;890360;0
36174796550;Scott Glover;Female;2023-04-05;Therapist, music;672218;4
54154925224;Catherine Spence;Male;2016-04-07;Museum/gallery curator;649246;1
51554849700;Daniel Riddle;Female;2019-05-07;Research scientist (maths);975860;3
14685337400;Mark Barrett;Male;2020-11-01;Primary school teacher;600565;1
23432288758;Erica Johnson;Male;2013-10-24;Land/geomatics surveyor;741915;0
50100995214;Adam Mclean;Female;2004-09-06;Associate Professor;722003;5
23503877586;Ricardo Hudson;Male;2005-09-07;Dramatherapist;80683;4
50719649620;Darren Boyd;Male;2009-06-15;Broadcast engineer;621181;3
51693112394;Robert Woodard;Female;2001-12-15;Photographer;681878;3
04196997802;Christina Burke;Female;2004-04-08;Broadcast presenter;217711;0
03931096658;Ashley Salinas;Male;2000-10-23;Engineer, chemical;52509;1
72476399152;Paula Mitchell;Male;2013-07-23;Dentist;842083;4
27824663301;Christopher Johnson;Female;2016-07-10;Chartered loss adjuster;322246;0
06619705625;Veronica White;Male;2018-09-09;Administrator, local government;114619;1
47425401520;Amy Horn;Female;2018-05-16;Artist;120748;3
11383739822;John Burns;Female;2023-02-15;Bookseller;901569;2
15894709919;Meghan Young;Male;2011-10-11;Financial risk analyst;323618;2
49110680860;Curtis Miller;Male;2023-11-11;Education officer, community;404182;4
42106676634;David Lucas;Male;2016-04-18;Database administrator;961721;2
88546847663;Anthony Harrison;Male;2009-08-28;Health physicist;380436;4
89888338854;Jason Gray;Male;2019-03-25;Environmental education officer;801689;3
37617293212;Henry Fletcher;Male;2022-10-06;Horticulturist, amenity;828021;4
90621021075;Devon Morrow;Male;2011-01-21;Minerals surveyor;769986;2
69035787617;Aaron Adams;Male;2010-02-24;Engineer, communications;681538;1
00590095883;Nicholas Hall;Female;2021-01-02;Learning disability nurse;513145;0
42525870878;Samantha Williams;Male;2014-04-17;Physiological scientist;306240;5
64793694749;Derrick Jones;Female;2011-01-04;Risk manager;789942;1
75481686915;Kimberly Long;Female;2000-02-16;Physicist, medical;428755;0
54966507101;David Martin;Male;2003-12-21;Leisure centre manager;22623;4
59933201146;Renee Hernandez;Female;2006-08-15;Call centre manager;662185;0
45378010894;Vanessa Ibarra;Female;2011-02-01;Learning disability nurse;377457;4
47960912544;Emily Hunt;Male;2003-11-15;Sports development officer;851701;3
17204032196;Sheryl Skinner;Male;2006-02-23;Social researcher;45309;4
59022440947;Andrea Skinner;Male;2012-06-18;Consulting civil engineer;848130;1
74970635314;Carol Wright;Male;2020-06-19;Accountant, chartered management;321489;0
32972016707;Ryan Munoz;Male;2009-04-26;Retail buyer;7078;0
81831834713;Lisa Williams;Female;2023-06-11;Lexicographer;149881;2
00295114606;Carlos Walker;Male;2006-01-23;Toxicologist;496829;1
76863495358;Kurt Smith;Female;2023-04-01;Press sub;528771;3
79462125760;Gary Ford;Male;2003-01-06;Musician;321911;2
92222501301;Jill Moore;Male;2018-05-26;Media planner;514694;3
23005956788;Joseph Flores;Male;2007-06-28;Careers adviser;927311;0
85604935631;James Davis;Male;2006-01-09;Equities trader;739355;3
15747525539;Kevin Martin;Female;2007-03-19;Data processing manager;376224;3
40219442594;Sharon Jones;Female;2001-07-11;Conservation officer, nature;408916;4
11111531858;Matthew Peters;Male;2008-12-16;Teacher, primary school;641610;0
61029833584;Marissa Cunningham;Male;2017-11-23;Sub;960329;3
31658408507;Sabrina Figueroa;Male;2000-03-10;Engineer, maintenance (IT);992602;1
71586512688;Timothy Bond;Male;2006-07-11;Bonds trader;31575;4
54601912224;Matthew Duffy;Female;2008-11-01;Nature conservation officer;77288;2
93109709306;Megan Stanton;Male;2021-11-02;Information officer;530252;0
02120740363;Michelle Young;Female;2016-09-22;Heritage manager;562104;4
27587417470;Brenda Salas;Female;2011-02-20;Transport planner;871607;1
83142630029;Frederick Ball;Female;2006-12-23;Radiographer, therapeutic;764498;3
05808981700;Stanley Boyd;Male;2014-10-18;Pharmacist, hospital;776472;0
65605661885;Diana Quinn;Male;2016-12-05;Barrister;929740;0
04030888597;Jose Collins;Female;2020-07-03;Field trials officer;973944;3
78565555408;Robert Graham;Female;2021-02-27;Cabin crew;746685;5
73709841782;Aaron Brennan;Female;2013-12-27;Contracting civil engineer;868175;4
87911410181;Jennifer Romero;Female;2022-05-11;Estate agent;964746;4
87888245909;Carl Meadows;Male;2023-01-14;Multimedia programmer;37344;3
13126629279;Tara Miller;Male;2015-02-13;Development worker, international aid;642679;2
15246457418;Shawn Ruiz;Male;2020-04-24;Chartered accountant;735717;2
58280026792;Hannah Welch;Female;2018-05-20;Special effects artist;66181;4
67544965508;Thomas Jackson;Female;2002-04-04;Engineer, communications;890915;1
10798788752;Jennifer Willis;Female;2005-08-15;Waste management officer;942686;4
75067721279;Kenneth Evans;Female;2012-02-16;Broadcast engineer;866009;1
54485989548;Joshua Ayers;Female;2013-11-11;Materials engineer;970280;1
41751449301;Melinda Jefferson;Female;2002-11-08;Careers adviser;360226;3
23837017008;Jason Sanders;Male;2000-01-21;Proofreader;736467;2
12731826928;Sarah Rivera;Male;2015-01-20;Administrator;759840;4
80344760558;Jonathan Luna;Female;2018-02-18;Civil Service fast streamer;79181;5
55967367507;Lori Humphrey;Male;2018-05-02;Clinical biochemist;38015;0
66341631310;Elizabeth White;Female;2016-05-08;Chemist, analytical;96433;4
12321323190;Adrian Taylor;Male;2018-01-10;Dancer;967921;5
35235455886;Ashley Powers;Female;2011-10-19;Risk manager;126582;2
56406599482;David Barnes;Female;2021-09-07;Planning and development surveyor;402991;4
27649347018;Sheri Jones;Female;2006-05-28;Herbalist;560147;4
61987928419;Nicole Ingram;Female;2001-01-14;Heritage manager;120593;5
17254323360;Matthew Phillips;Male;2023-01-14;Engineer, broadcasting (operations);113636;3
22239307735;Bryan Hughes;Female;2010-04-14;Investment banker, corporate;240123;2
07416314917;Jacob Brown;Male;2008-02-03;Health visitor;603715;4
94741431376;Katie Le;Male;2012-05-08;Technical author;744819;1
18983886016;Travis Williams;Male;2019-10-08;Advertising account executive;805537;4
32460054093;Ashley Mcmahon;Male;2021-07-03;Public librarian;238053;0
66503555530;Wendy Jacobs;Female;2004-03-27;Medical laboratory scientific officer;431496;2
75440342245;Brittany Silva;Female;2009-03-19;Surveyor, quantity;982106;1
62758644867;Brandon Moreno;Male;2006-12-20;Quality manager;81205;0
29610699465;Stacy Osborne;Female;2013-05-02;Chartered legal executive (England and Wales);469088;0
49689844734;Natalie Ellis;Female;2010-12-04;Investment analyst;483980;3
43530629601;Monica Moyer;Male;2010-05-03;Horticulturist, commercial;762835;3
65137868955;Linda Waters;Female;2013-10-22;Medical secretary;741921;2
37210479317;Dawn Dickson;Male;2021-08-07;Diplomatic Services operational officer;985103;3
17537550932;Nina Adams;Male;2009-05-20;Dentist;894447;2
85915075369;Cindy Olson;Male;2012-12-03;Quantity surveyor;837442;0
83433878282;Dawn Rodriguez;Male;2000-08-05;Osteopath;423162;0
52893823755;Malik Price;Male;2009-03-24;Runner, broadcasting/film/video;410843;1
80548702026;Adam Higgins;Female;2019-04-09;Music therapist;141172;5
36547677023;Bobby Casey;Male;2009-04-04;Civil engineer, contracting;811543;2
36781142373;Hannah Carter;Male;2010-03-04;Journalist, newspaper;651176;2
91659580262;Brittany Garner;Male;2023-04-07;Surveyor, hydrographic;484121;5
53047310802;Kara Willis;Male;2002-12-26;Education administrator;678082;2
90670329293;Jennifer Jackson;Male;2023-09-15;Applications developer;862824;0
48523101094;Jessica Martinez;Male;2016-11-14;Production engineer;249548;3
40047925720;Travis Wagner;Female;2009-02-04;Academic librarian;129721;3
16550559347;Michael Freeman;Female;2008-12-16;Social researcher;63045;0
87009615199;Julie Herrera;Female;2008-01-27;Sport and exercise psychologist;430450;2
63252455352;Natalie Mahoney;Female;2005-08-26;Purchasing manager;864985;0
66453682219;Thomas Turner;Female;2014-10-21;Office manager;945463;1
70380443838;Bianca Snyder;Female;2000-11-19;Conservation officer, historic buildings;731046;4
17978013259;Ray Smith;Female;2020-11-02;Customer service manager;529019;4
76296696483;Douglas Harris;Male;2005-02-23;Public affairs consultant;637247;3
88368759608;Beth Khan;Male;2001-10-17;Insurance claims handler;220703;1
37146308140;Kim Weaver;Female;2013-08-20;Proofreader;173935;2
60401845120;Natasha Steele;Male;2004-08-22;Journalist, broadcasting;167046;4
37636913104;Stephanie Summers;Male;2002-07-17;Field seismologist;547492;4
25358358274;Michael Webster;Male;2018-12-07;Mining engineer;176502;2
23265655526;Catherine Rogers;Male;2008-10-25;Designer, blown glass/stained glass;933226;5
43209074845;Erin Montoya;Male;2006-05-28;Marketing executive;410072;0
61809551461;Maurice Taylor;Female;2004-03-20;Accountant, chartered management;877017;3
50263672344;Brianna Russo;Male;2004-02-24;Speech and language therapist;41408;3
33024309802;Jennifer Fernandez;Female;2010-02-19;Social researcher;805795;2
03782776311;Daniel Taylor;Male;2017-11-27;Commercial art gallery manager;442843;3
60811592023;Donna White;Male;2020-02-11;Exhibitions officer, museum/gallery;212162;3
51845236665;Heather Potts;Male;2001-02-20;Scientist, marine;950300;5
12541903967;Taylor Martin;Male;2009-09-16;Mental health nurse;636127;1
53574949132;Cassandra Myers;Female;2005-07-23;Research officer, trade union;662315;1
69528694973;Jennifer Pratt;Male;2022-01-02;Commercial horticulturist;753520;1
70747233389;Casey Duarte;Female;2019-06-26;Geneticist, molecular;745156;3
00444369041;Amanda Green;Female;2012-11-27;Systems developer;90160;1
14436867015;Tamara Walter;Female;2019-08-03;Advice worker;601018;1
43566385525;Robert Lewis;Female;2019-10-21;Engineer, biomedical;195690;4
98995879761;Mary Morales;Male;2019-09-15;Psychologist, prison and probation services;146712;3
15586540965;Tamara Cobb;Female;2012-08-22;Dancer;434138;2
56947067964;James Johnston;Male;2003-02-22;Journalist, magazine;548097;2
33630077842;Corey Conway;Female;2019-04-06;Journalist, magazine;856134;5
95745782499;Bryan Huynh;Female;2000-06-28;Field trials officer;220516;4
80809153204;Dr. Mark Wilcox;Female;2013-02-15;Designer, blown glass/stained glass;407178;5
73594032990;Tammy Wilson;Female;2015-05-11;Intelligence analyst;356444;0
96829900932;Justin Woods;Male;2010-08-02;Multimedia specialist;20043;2
84820397741;Kathleen Wilcox;Female;2004-10-24;Conservation officer, historic buildings;711329;2
26953153908;Christopher Campbell;Male;2009-05-23;Chief Marketing Officer;106250;3
39930562196;Renee Williams;Male;2016-10-16;Fast food restaurant manager;273161;5
62421805667;Jonathan Stevens;Female;2022-05-06;Higher education lecturer;359652;3
25966967688;Nathan Gould;Male;2022-12-07;Building services engineer;879510;5
27758970787;Reginald Salinas;Female;2010-12-28;Haematologist;402800;2
59499902666;Luis Ruiz;Female;2015-05-05;Administrator, sports;823167;2
27743344079;Ashley Davenport;Female;2008-03-03;International aid/development worker;343356;1
50314720589;Michael Kerr;Male;2021-04-09;Education officer, museum;290764;5
41103600404;Nicolas Davidson;Male;2023-10-24;IT sales professional;158546;3
44340954990;Mary Castro;Male;2011-03-11;Art gallery manager;390081;2
83597530889;Brittney Burnett;Male;2019-01-18;Fish farm manager;217093;5
41839303972;Mrs. Janet Manning;Male;2014-01-24;Academic librarian;768227;2
67685331823;Nicole Owens;Female;2004-09-15;Communications engineer;521373;3
75044825642;Jeanette Anderson;Male;2008-08-21;Ambulance person;141078;4
03488839670;Craig Diaz;Male;2009-05-02;Environmental health practitioner;106582;2
76481960876;Henry Kim;Male;2004-05-12;Mechanical engineer;468494;5
31106103154;Jennifer Ray;Male;2005-07-17;Energy engineer;321957;1
48479423825;Samuel Mccullough;Female;2003-06-03;Dancer;701844;1
26039837899;Eric Dalton;Male;2023-10-24;Geoscientist;808075;0
92975264267;Robert English;Female;2018-01-08;Photographer;221048;3
88261606726;Matthew Singh;Male;2010-10-11;Applications developer;660249;1
72681243509;Juan Williams;Male;2021-12-03;Corporate treasurer;997338;5
62742597563;Laura Shields;Female;2000-01-25;Architectural technologist;172885;5
57531281185;Jessica Jordan;Female;2017-01-25;Translator;524932;1
41475258181;Alec Hess;Male;2023-06-08;Theatre manager;863506;4
52742558338;Amanda Stanley;Female;2023-12-23;Ambulance person;288981;4
50032137260;Charles Romero;Male;2011-07-28;Special educational needs teacher;806940;4
52188580825;Adam Thomas;Female;2000-01-25;Art therapist;885594;3
24198920702;Francisco Garcia;Female;2015-03-11;Broadcast engineer;89552;1
69696367724;Lisa Mcguire;Female;2005-02-18;Engineer, water;181413;5
96932266998;Bradley Charles;Male;2015-01-22;Engineer, maintenance (IT);224234;2
39613955472;Yvette Taylor;Male;2003-04-13;Gaffer;641561;4
47319525352;Kirk Morse;Female;2020-05-12;Transport planner;622058;4
96431960613;Jason Bell;Female;2002-04-03;Copywriter, advertising;809227;1
36304086402;Parker Ross;Female;2019-12-03;Company secretary;668405;5
05792102348;Keith Durham;Female;2004-04-27;Publishing copy;565733;2
40912093902;Terri Wood;Male;2008-11-03;Sport and exercise psychologist;678711;1
69965433374;Kyle Wilson;Female;2010-01-24;Curator;948358;4
52325908576;William Williams;Male;2016-01-03;Historic buildings inspector/conservation officer;441185;2
29993105613;Keith Walsh;Female;2020-10-14;International aid/development worker;16284;2
45170352195;John Murphy;Male;2016-11-04;Psychologist, educational;978749;3
15740346171;Kyle Gonzalez;Male;2013-02-20;Ophthalmologist;918789;0
50446278995;Chris Allen;Female;2017-11-02;Garment/textile technologist;548059;5
22669775720;Sherry Barrett;Male;2011-03-12;Investment banker, corporate;766361;5
72784075243;Jasmine Hernandez;Male;2003-01-06;Company secretary;721059;0
07753764805;Desiree Lopez;Female;2019-07-23;Product designer;120873;4
20602636548;Christopher Neal;Female;2001-07-18;Set designer;552245;1
05563070714;Daniel Cordova;Male;2005-04-03;Advertising copywriter;216872;0
97974775032;James Dominguez;Female;2002-03-04;Programme researcher, broadcasting/film/video;469200;4
81362233856;Mrs. Kimberly Hayes;Male;2003-01-02;Health promotion specialist;524200;2
30277333877;Patricia Dunlap;Female;2023-04-06;Software engineer;915420;1
03261271683;Brittney Watson;Male;2005-06-14;Scientist, product/process development;384183;3
18670929668;Scott Hernandez;Female;2015-11-05;Advice worker;189238;4
20783519682;Suzanne Williams;Female;2019-12-16;Exercise physiologist;11698;5
63992266145;Tiffany Martinez;Female;2001-07-16;Ceramics designer;439046;5
10333434830;Valerie Kelly;Female;2017-05-14;Insurance risk surveyor;316948;1
39990478525;Stephen Holmes;Male;2017-04-25;Agricultural consultant;536366;0
34490976101;Ryan Green;Male;2005-04-08;Lobbyist;413692;3
34032392689;Robin Olson;Male;2006-08-05;Catering manager;327951;1
18835243060;William Ritter;Male;2020-09-04;Public relations account executive;329059;5
55881747056;Devin Sosa MD;Female;2007-04-24;Environmental consultant;541653;1
54284924404;Samantha Harris;Male;2021-03-20;Art therapist;272270;4
50285232894;Corey Smith;Female;2005-06-09;Social worker;652110;5
74005576345;Megan Knight;Male;2013-05-26;Ship broker;624380;4
40086070031;Heather Reyes;Male;2015-03-08;Health service manager;714071;3
44208050532;Michael Weaver;Female;2007-04-06;Recruitment consultant;446804;1
54146524612;Erin Phillips;Male;2010-01-21;Holiday representative;617013;0
81860106591;Larry Knox;Female;2008-10-21;Editor, magazine features;18707;3
42454174072;Timothy Calderon;Female;2010-08-08;Arts development officer;420070;1
12578212822;Connie Ruiz;Male;2014-10-15;Media buyer;387473;4
38506899888;Victoria Ruiz;Female;2000-04-24;Veterinary surgeon;470575;3
37287979750;Benjamin Foley III;Female;2002-02-17;Microbiologist;639694;5
40769352177;Katherine Nguyen DVM;Male;2011-04-07;Network engineer;503386;2
90587871962;Cynthia Smith;Female;2008-07-26;Tax inspector;927210;1
95397884945;Lisa Johnson;Female;2017-08-02;Dispensing optician;984984;0
81311381787;Mark Berry;Male;2000-02-01;Pension scheme manager;914308;1
23853526331;Bailey Hughes;Male;2000-08-12;Doctor, general practice;828798;5
55989192636;Andrew Hill;Male;2013-12-26;Theatre manager;973955;1
43172436395;Lucas Shepherd;Female;2010-11-12;Engineer, mining;237399;1
70364426348;Sarah Hull;Male;2004-03-08;Occupational psychologist;235701;3
54643520488;Christopher Torres;Male;2013-12-09;Insurance underwriter;279744;0
41522054724;Ashley Jackson;Female;2001-12-24;Paediatric nurse;295303;4
21733731126;Kylie Davis;Female;2003-11-18;Make;210880;4
89121728198;Henry White;Female;2013-12-28;Designer, blown glass/stained glass;795371;2
95356054587;Matthew Wolfe;Female;2011-02-28;Engineer, control and instrumentation;227808;0
68698184984;Michael Thompson;Male;2007-12-09;Retail merchandiser;852388;1
19106449236;Nicole Lang;Male;2012-04-26;Orthoptist;261965;1
29914440505;Douglas Castro;Male;2019-08-14;Ambulance person;731677;0
99256298393;Melissa Murray;Female;2018-03-13;Writer;799064;4
92029767617;Derek Hubbard;Male;2014-02-26;Actuary;198608;5
35817609108;David Mitchell;Female;2012-11-22;Health promotion specialist;885106;5
20300630971;Cheyenne Beck;Female;2021-07-05;Surveyor, rural practice;382579;2
55140267306;Miss Hayley Moon;Female;2021-05-14;Scientist, physiological;370748;2
50378839304;Justin Martin;Male;2021-06-06;Tax inspector;737810;2
92739429587;Mary Coleman;Male;2010-10-04;Engineer, agricultural;323153;1
54236445707;Edward Walker;Male;2018-01-13;Programmer, systems;353190;3
09506682621;Valerie Daniel;Male;2023-09-02;Automotive engineer;106045;0
34934251975;Alexander Reyes;Female;2019-07-13;Company secretary;865564;2
07588775482;George Rodgers;Female;2015-10-02;Therapist, horticultural;966434;4
38531200904;Victor Thompson;Female;2019-04-06;Programmer, systems;632266;0
89467566217;Amanda Collins;Male;2023-05-12;Administrator, local government;411745;0
08301480346;Lisa Carpenter;Female;2021-08-28;Geologist, engineering;279231;3
73745226313;Julie Walton;Male;2020-10-25;Research officer, political party;115232;1
85201733006;Brenda Johnson;Male;2019-08-12;Research scientist (maths);339472;2
54541800902;Edward Cunningham;Female;2023-06-04;Engineer, energy;512359;4
59481825812;Scott Colon;Male;2001-12-09;Race relations officer;97932;2
90816004741;Scott Hill;Male;2013-02-20;Health visitor;825976;4
20646622910;Kerri Hill;Male;2012-01-23;Scientist, research (life sciences);837371;4
72850198488;Christopher Lewis;Male;2005-11-28;Production engineer;495187;5
62544646075;Linda Bradshaw;Male;2020-09-21;Health visitor;681310;5
35187464538;Amanda Evans;Male;2012-12-28;Personnel officer;665623;1
53101479299;Billy Good;Female;2015-07-15;Academic librarian;778067;4
44786970214;Justin Pena;Male;2014-04-11;Surveyor, rural practice;229576;2
78397749997;Sara Mcintyre;Female;2019-11-02;Fisheries officer;40052;2
01511542253;James Mason;Male;2010-03-18;Counsellor;546067;3
89980481833;James Shelton;Female;2009-12-09;Clinical research associate;855995;3
52736547209;Ryan Wolfe;Female;2019-09-05;Radiation protection practitioner;847123;3
90889830188;Sean Morris;Male;2012-12-11;Journalist, broadcasting;627168;5
91149517681;Norman Dominguez;Female;2018-07-01;Race relations officer;507560;0
56258259224;Wayne Odom;Female;2016-12-08;Therapist, speech and language;53825;2
11237593776;Ann Weaver;Male;2005-08-04;Engineer, broadcasting (operations);186490;5
39095660999;Jennifer Mullins;Female;2013-02-14;Marine scientist;697527;4
31225172734;Mackenzie Martinez;Female;2014-07-08;Education officer, community;72287;0
01340659846;Julie Lopez;Female;2023-05-28;Programme researcher, broadcasting/film/video;152809;1
62531827969;Jason Velazquez;Female;2019-11-12;Chief Technology Officer;539674;4
31255229416;Karla Day;Male;2022-12-11;Ophthalmologist;113990;3
54418597803;Brian Jenkins;Male;2001-01-12;Scientist, forensic;887391;0
21329591759;Jesse Patterson;Female;2018-02-03;Social research officer, government;942100;4
19430033225;Taylor Merritt;Male;2003-02-24;Psychologist, counselling;474120;4
95752316166;Hannah Mckay;Male;2014-08-18;Musician;136991;1
49378158360;Catherine Vega;Female;2023-05-04;Chief Strategy Officer;987579;1
49950594664;Erik Weaver;Female;2021-11-18;Senior tax professional/tax inspector;215418;3
96718241610;Timothy Barnes;Male;2001-10-06;Electrical engineer;991394;0
03068703735;Ronald Stafford;Male;2012-12-27;Housing manager/officer;531338;2
22871549751;Debra Torres;Male;2002-08-03;Production manager;992251;5
96900673465;Lisa Frye;Male;2005-08-04;Claims inspector/assessor;572259;5
96100428892;Anna Gomez;Female;2022-12-04;Psychiatrist;503147;3
93605409219;Matthew Pierce;Female;2002-05-03;Education officer, community;39909;0
60878243500;Karen Singleton;Male;2001-08-08;Therapist, art;926591;3
52202112328;Tammy Hicks;Male;2000-12-08;Ranger/warden;900999;1
52589128848;Jimmy Williams;Male;2016-10-02;Health and safety adviser;277732;4
93907276355;Carmen Zuniga;Male;2020-12-17;Animal nutritionist;279005;5
51194727017;Kayla Simpson;Female;2010-10-10;Engineer, communications;847760;2
09138683985;Jason Lewis;Female;2014-03-10;Insurance risk surveyor;345207;2
51073568020;Adam Avila;Female;2007-11-15;General practice doctor;995206;5
35973293825;Jacob Rush;Male;2003-05-02;Architect;258336;3
84140690190;Gary Miller;Female;2020-11-25;Tax adviser;390366;3
43648574707;Christopher Collins;Male;2010-11-16;Careers information officer;154507;1
91991046828;Joel Marshall;Male;2011-11-14;Commercial/residential surveyor;717130;2
87416429320;Donald Williams;Male;2019-12-02;Jewellery designer;48678;2
63089330853;Peter Martin;Male;2018-08-27;Community pharmacist;386342;3
14434858715;Joyce Robinson;Female;2009-09-19;Therapist, sports;817239;4
74409122306;Margaret Gardner;Male;2020-11-28;Theatre stage manager;567008;2
63466499112;Kelly Davis;Male;2010-09-18;Geographical information systems officer;531530;1
66318313129;Matthew Silva;Female;2007-12-03;Speech and language therapist;841101;3
83468930452;Diana Elliott;Female;2005-01-14;Biochemist, clinical;910444;1
59304739013;Carolyn Roberson;Male;2002-06-26;Radiographer, diagnostic;437277;4
35079278527;Cynthia Hooper DDS;Female;2013-04-08;Meteorologist;632427;2
82578281035;Hannah Waters;Female;2017-10-03;Accountant, chartered;322469;1
90383638994;Cameron Elliott;Female;2005-02-21;Trade union research officer;150202;1
89963259210;William Matthews;Male;2014-06-25;Medical sales representative;407460;3
20443428322;Jacob Harris;Female;2003-10-25;Television/film/video producer;241181;3
09914184752;Patricia Wilson;Female;2001-12-28;Geologist, engineering;632814;4
55417888824;Curtis Vincent;Female;2023-12-27;Building control surveyor;533488;1
97957761884;Michael Kim;Male;2018-08-09;Actuary;348889;0
17702214968;Kristi Garcia;Female;2013-09-23;Accountant, chartered;997000;4
13760806768;Christy Taylor;Male;2019-04-21;Operational researcher;906083;0
93894437764;Lauren Johnson;Male;2017-07-22;Chief Operating Officer;225783;5
98670307082;Desiree Garcia;Female;2022-09-21;Actuary;857273;4
01484957899;Vincent Smith;Female;2008-05-22;Dancer;968015;1
57573103063;Mr. Mark Byrd;Female;2016-04-27;Management consultant;310171;2
97938843320;Dave Arnold;Male;2019-03-20;Copy;223748;2
95989343027;Shawna Baldwin;Female;2022-01-08;Advertising account planner;577377;0
63748467861;Angela Cantrell;Male;2004-12-06;Landscape architect;45252;2
07625248145;Erik Dillon;Male;2008-03-24;Editor, commissioning;849282;4
47681016077;James Clark;Female;2017-07-03;Gaffer;433803;5
78953055543;Jamie Li;Male;2008-09-09;Runner, broadcasting/film/video;61318;1
35217886885;Elizabeth Clay;Female;2010-09-28;Charity officer;379047;0
42928147261;James Roberts;Female;2018-11-26;Occupational hygienist;714153;2
32725851100;Tony Moore;Male;2023-09-27;Administrator, Civil Service;331016;2
01465341090;Desiree Murray;Male;2013-07-06;Sales executive;680494;4
36821956066;Susan Fletcher;Female;2018-03-05;Local government officer;519335;5
71109517656;Thomas Rogers;Male;2019-06-20;Psychologist, educational;927669;1
59947531912;Sarah Walters;Male;2004-09-13;Automotive engineer;201302;1
42168406681;Nathan Hall;Male;2011-05-21;Illustrator;621031;1
14372756946;Joel Henry;Female;2006-03-11;Programmer, applications;157041;5
66901391302;Jennifer Garrison PhD;Female;2021-10-11;Production assistant, television;14650;1
05814305301;Christina Neal;Female;2015-11-14;Magazine features editor;983066;2
32352669073;Kyle Evans;Female;2019-09-07;Armed forces operational officer;104958;0
07580612255;Michelle Smith;Female;2023-12-03;Engineer, land;155785;2
02404389529;Sonia Norris;Female;2001-09-28;Chemist, analytical;199897;3
86792129843;Nicholas Howard;Male;2017-03-14;Interior and spatial designer;743854;3
69586187406;Michelle Reeves;Female;2017-05-06;Retail banker;470373;3
87949258626;Brandi Hernandez;Male;2004-12-28;Solicitor;723154;5
00147293097;Ian Palmer;Female;2001-03-15;Psychiatric nurse;58090;0
91245362998;Karen Williamson;Female;2021-01-15;Pathologist;782644;0
98354465476;Sophia Nelson;Male;2000-01-20;Environmental consultant;600973;4
62583533580;Miranda Elliott;Male;2019-02-06;Drilling engineer;547408;2
48571372306;Warren Stein;Male;2009-01-17;Chartered public finance accountant;372442;4
29028395634;Joseph Ramirez;Male;2008-05-11;Statistician;262533;5
40378531772;Alexis Rodriguez;Female;2019-05-09;Engineer, automotive;633418;2
90692020495;Scott Black;Male;2004-02-12;Information systems manager;823895;5
16636932727;Mary Watson;Female;2023-02-12;Accountant, chartered public finance;92774;1
43533822700;Robert Chan;Female;2006-01-10;Financial manager;507356;1
72625369063;William Harris;Female;2022-08-15;Archaeologist;845969;0
85278376281;Chelsea Gilbert;Female;2006-09-11;Loss adjuster, chartered;210954;1
03157801126;Jacqueline Sherman;Male;2010-04-27;Investment analyst;535466;5
90088478662;John Ellis;Male;2007-10-09;Nutritional therapist;17692;4
12937580497;Ryan Henson;Male;2012-08-16;Sound technician, broadcasting/film/video;115052;0
70923426216;Robert Reyes;Male;2003-03-13;Personnel officer;839865;3
50040976942;Jose Carter;Female;2005-03-22;Nature conservation officer;101064;3
34445487416;Matthew Flowers;Female;2005-03-02;Estate manager/land agent;886221;5
30228118216;Aaron Perez;Female;2013-03-17;Scientist, research (maths);570192;1
37395960973;Mr. Dillon Berry MD;Male;2001-03-25;Commissioning editor;12807;3
25620710227;Sharon Ward;Male;2008-05-14;Nurse, adult;496834;3
91564845029;Ashley Webb;Male;2013-05-16;Legal secretary;666791;4
63423298212;Kyle Vaughan;Female;2004-08-21;Designer, furniture;720730;2
96899499856;Mary Brown;Male;2013-04-17;Equality and diversity officer;649954;3
76384641855;Jonathan Webb;Male;2017-10-25;Tourism officer;863356;0
64800416680;Joseph Durham;Male;2005-10-04;Games developer;490091;0
37295043779;Courtney Davis;Female;2015-11-17;Lecturer, further education;816358;2
03430242105;Michelle Dudley;Female;2007-08-05;Agricultural engineer;144007;4
57404563058;Larry Jordan;Female;2023-02-28;Clinical biochemist;968753;5
61091549773;Megan Jones;Female;2007-04-24;Designer, jewellery;64825;5
87706505727;Christopher Thomas;Female;2016-03-13;Geochemist;909435;1
25559752851;April Mcgee;Female;2011-06-08;Hydrographic surveyor;680527;2
26296601797;Andrea Hurst;Female;2017-06-23;Television/film/video producer;470542;4
91440481545;Donna Walker;Male;2006-08-24;Games developer;222763;1
19637024915;Nathan Howell;Male;2016-07-26;Ranger/warden;586484;4
75699967489;Scott Terrell;Male;2012-06-07;Horticulturist, amenity;119836;1
83524966390;John Reese;Male;2020-08-01;Editor, film/video;882383;1
31009149217;Holly Holmes;Female;2023-08-03;Advertising art director;283746;1
00578896791;Joseph King;Male;2008-09-05;Technical author;422470;0
12362213249;Justin Welch;Female;2004-04-23;Regulatory affairs officer;489996;3
97130719685;Heidi Kelly;Female;2014-04-02;Further education lecturer;57044;4
19820688632;Melissa Marshall;Male;2003-03-12;Museum education officer;161746;1
91765771570;Caitlin Doyle;Female;2000-07-12;Ecologist;326496;3
25896453996;Jennifer Lee;Female;2011-01-14;Geophysical data processor;482188;4
82937210526;Carlos Miller;Female;2010-01-10;English as a second language teacher;731401;1
45222489876;Nicole Wright;Male;2005-11-12;Immigration officer;565352;2
85450342533;Jacob Davis;Male;2011-01-13;Investment banker, operational;30504;3
53529493609;Deborah Smith;Female;2006-01-10;Surveyor, building;736173;1
13791558952;Willie Anderson;Male;2022-05-25;Dispensing optician;138531;3
00100188670;Benjamin Daniel;Female;2003-12-13;Web designer;140412;0
78047869959;Cristina Frey;Female;2003-06-18;Technical sales engineer;738157;5
10389446652;Kim Torres;Female;2012-08-27;Hospital doctor;830426;3
09091730256;Jason Pierce;Male;2000-04-13;Designer, blown glass/stained glass;718486;5
20989284462;Raymond Gonzalez;Male;2007-10-06;Diplomatic Services operational officer;241961;2
49121592849;Linda Williams;Male;2022-09-12;Designer, industrial/product;394774;4
09341272701;Laurie Thomas;Female;2018-08-24;Production assistant, television;61392;4
60278854366;Jeffrey Nelson;Male;2000-05-15;Designer, furniture;284599;5
93378923611;Becky Turner;Male;2020-02-03;Medical physicist;714418;2
40706068928;Katherine Harrington;Female;2000-08-24;IT consultant;434257;0
85491314147;Megan Dixon;Male;2002-05-18;Customer service manager;668848;0
95907738557;Billy Gibson;Male;2005-06-24;Scientist, forensic;84992;5
24391319389;Anthony Martin;Female;2021-06-04;Tree surgeon;285693;1
08443426904;Sean Rodriguez;Male;2002-12-26;Theme park manager;498051;3
23539174356;Anna Kim;Male;2006-02-14;Homeopath;244123;3
95736324804;Sandy Taylor;Male;2001-11-20;Chiropractor;155307;1
45529859346;Jeanette Thomas;Female;2006-06-06;Theme park manager;523072;1
18339961665;Penny Lambert;Male;2011-10-05;Academic librarian;55173;4
36761499807;Drew Spencer;Female;2017-11-01;Risk manager;674264;1
67924359864;Leon Pineda;Female;2007-11-05;Engineering geologist;261175;4
00498683791;Colin Moore;Female;2014-08-25;Financial trader;380023;4
95315348249;Terri Patterson;Female;2019-02-05;Insurance account manager;331380;3
07202990486;Todd Perez;Male;2004-02-11;Designer, ceramics/pottery;890935;2
90826929776;Stephanie Bird;Male;2006-10-15;Financial trader;157728;3
13897202084;Ryan Burnett;Female;2003-08-23;Systems developer;518753;1
76462199366;Brandon Ferguson;Female;2002-10-11;Health physicist;493277;2
64164620978;James Bennett;Male;2018-06-13;Teacher, early years/pre;506012;5
72313630253;Kurt Pena;Female;2003-03-07;Futures trader;336868;4
56283174984;Sean Cain;Male;2001-09-27;Geologist, wellsite;881310;2
13774458772;Lee Wall;Female;2005-05-25;Civil Service administrator;890257;3
27250028039;Erin Gill;Female;2017-03-22;Designer, graphic;927842;2
56684606115;Kyle Brennan;Female;2021-09-27;Insurance risk surveyor;442379;0
59314519237;Jamie Lopez;Male;2015-09-28;Doctor, hospital;257690;5
36672203891;Jamie Morales;Male;2023-05-02;Newspaper journalist;448104;4
78258825904;Christopher Hardy;Female;2019-08-04;Customer service manager;97826;2
83144722336;William Santana;Male;2014-10-16;Engineer, building services;517773;5
59598664146;Paul Holland;Female;2010-02-20;Contracting civil engineer;732228;2
21955107130;Regina Harris;Male;2008-03-12;Adult nurse;659333;1
39882414544;Andrew Anderson;Male;2005-03-14;Broadcast engineer;298272;0
07462856246;Jacob Sims;Male;2008-08-02;Bookseller;746095;4
93193218419;Steven Ortiz;Female;2012-01-07;Financial adviser;289739;1
29598902128;Donald Phillips;Female;2004-09-20;Theme park manager;188578;0
01539579329;John Carney;Female;2001-01-07;Data processing manager;715020;3
80858381849;Destiny Ruiz;Female;2017-06-02;Child psychotherapist;88561;3
80253849752;Alyssa Hill;Female;2001-05-02;Legal executive;188340;4
09306519545;Jonathan Rivera;Female;2014-10-23;Publishing rights manager;661523;0
36906692629;Derek Garcia;Female;2007-03-19;Farm manager;816652;1
17966789440;Nicole Castillo;Female;2010-04-22;Computer games developer;874817;0
95034592838;Melinda Alexander;Male;2022-11-08;Scientist, marine;459897;1
97274256763;Jeffrey Schwartz;Female;2019-06-24;Scientist, research (medical);757501;3
17692782081;Andrea Johnson;Female;2000-09-28;Clinical research associate;486345;1
83076273680;Gregory Hughes;Male;2016-08-02;Health and safety inspector;286506;5
58104942721;Jeremy Thompson;Male;2006-04-21;Licensed conveyancer;861569;3
04154410242;Robert Martin;Male;2003-02-19;Field trials officer;437426;5
09731342007;Cynthia Howard;Male;2014-02-27;Newspaper journalist;485050;5
61508399237;Sharon Oliver;Male;2001-01-01;Geoscientist;867560;1
68929614561;Sharon Garcia;Female;2013-04-04;Call centre manager;220482;3
82340285863;Russell Johnson;Male;2012-09-28;Programmer, applications;12346;5
55188647105;Paul Jones;Male;2022-01-20;Legal secretary;571043;5
19143395803;Joel Stone;Female;2023-07-23;Financial risk analyst;64230;1
83892037797;Vanessa Benton;Female;2001-06-26;Warehouse manager;683986;0
50465761245;Jessica Lucero;Female;2023-03-07;Television production assistant;210065;0
55015370733;Alyssa Atkins;Female;2012-12-11;Chief of Staff;622783;2
60360652221;Timothy Good;Female;2016-11-01;Transport planner;259258;2
39771182104;Kathryn King;Female;2011-10-23;Public affairs consultant;935042;4
36509679101;Sara Trujillo;Male;2013-01-04;Geochemist;134090;5
41281657566;Lee Wright;Male;2021-03-18;Estate agent;728673;2
65665843625;Anthony Schwartz;Male;2021-08-03;Multimedia specialist;705822;1
09839262740;Martin Fisher;Female;2003-07-11;Research officer, political party;243279;3
94854645434;Lee Marshall;Female;2016-02-26;Engineer, manufacturing;135319;5
73739855321;Jennifer Mayo;Female;2018-03-22;Chartered loss adjuster;925047;0
84186346566;Michael Warner;Male;2019-09-02;Special educational needs teacher;538441;3
13524493408;Wanda Richardson;Male;2007-06-12;Manufacturing systems engineer;582442;2
32145539025;Alyssa Cunningham;Male;2000-12-19;Call centre manager;847332;2
83870715992;Michael Shea;Male;2013-04-23;English as a second language teacher;585534;5
52188336851;Michele Reed;Male;2023-06-27;Fitness centre manager;78487;4
28245260127;Kelly Arias;Female;2014-09-27;Education officer, environmental;130297;3
95857585094;Laura Garcia;Male;2021-02-18;Transport planner;75980;0
49534276068;Justin Barnes;Male;2002-08-07;Environmental manager;234511;3
40393948698;Samuel Gray;Female;2013-01-10;Prison officer;32611;4
95912973324;Rhonda Hall;Male;2021-01-04;Personal assistant;396502;4
29479161012;Brooke Hernandez;Female;2018-07-04;Exhibitions officer, museum/gallery;77343;4
99301406536;Jennifer Davis;Male;2017-04-14;Web designer;797841;3
96272410326;Jennifer Ramos;Male;2015-03-04;Architectural technologist;555102;3
20305147676;Amber Davis;Female;2002-06-18;Administrator;717235;2
58658087048;Joe Stephens;Male;2019-03-02;Conservation officer, historic buildings;637931;2
17120973093;Toni Rodgers;Male;2020-01-13;Careers information officer;474957;0
95954037933;Julie Le;Female;2004-08-25;Textile designer;496910;4
66024941333;Theresa Flores;Female;2009-06-22;Publishing rights manager;189689;4
10927263057;Melissa Blevins;Female;2010-12-11;Pilot, airline;138251;2
44920701825;Andrew Larsen;Male;2004-04-03;Financial manager;282865;3
99678845522;Karen Boone;Female;2000-06-04;Operational investment banker;33411;5
56703513780;Jody Griffith;Male;2022-08-12;Chief Strategy Officer;250546;5
60914635707;James Jackson;Male;2015-10-01;Tax adviser;327099;1
11812857028;Anna Gonzalez;Male;2007-04-18;Research officer, trade union;108830;3
59212182467;Alison Martin;Male;2015-06-12;Sports coach;682867;1
88511424407;Christopher Johnson;Female;2005-01-28;Engineer, land;883210;4
19540987330;Richard Johnson;Female;2007-12-07;Film/video editor;689296;3
32355447485;Michelle Avery;Male;2014-01-13;Media buyer;719534;4
87417738117;Connie Grant;Male;2020-08-17;Engineer, materials;859411;4
19302286087;Kimberly Carpenter;Female;2021-05-04;Hydrogeologist;954446;1
99379451491;Holly Jones;Male;2016-08-20;Site engineer;794359;5
34576578245;Kyle Reed;Male;2001-10-22;Public house manager;337526;4
47099332855;Victoria Stevenson;Female;2006-06-28;Writer;643220;0
31319519623;Charles Brewer;Male;2011-02-21;Marketing executive;995379;0
28882619297;David Graves;Male;2018-02-01;Community development worker;301428;3
59908326604;Tina Castillo;Female;2020-04-05;Mental health nurse;638781;2
61261955000;Samuel Stephenson;Male;2012-06-28;Medical illustrator;316441;3
79196715883;Gabrielle Wagner;Female;2009-10-13;Designer, jewellery;659848;0
43318783342;Howard Welch;Female;2013-06-06;Merchandiser, retail;600051;0
62164063826;Robert Graham;Female;2022-01-13;Magazine features editor;333405;1
15385552948;Rachel Christensen;Female;2019-03-10;Fitness centre manager;183904;0
73149835893;Melissa Perez;Female;2021-04-22;Environmental education officer;206719;3
27633126950;Matthew Moore;Female;2020-12-18;Designer, fashion/clothing;582208;1
68926351596;Valerie Griffin;Female;2010-02-08;Psychologist, clinical;826011;0
10633539718;Rachel Beck;Male;2002-01-14;Fashion designer;832705;2
44162634953;Sarah Parker;Female;2010-03-27;Teaching laboratory technician;984039;5
64570294707;Stacy Schaefer;Female;2009-10-06;Press sub;87694;4
43159335661;Rebecca Cooper;Male;2023-11-25;Mining engineer;828063;0
02201018364;Emily Moreno;Male;2013-11-17;Forensic psychologist;778469;0
32581575952;Michael Love;Female;2018-09-17;Hospital pharmacist;160956;0
63926460618;Edward Hernandez;Male;2018-09-04;Teacher, early years/pre;764597;2
69717939740;Kimberly Banks MD;Female;2012-09-15;Naval architect;961135;2
45545624679;Michael Dean;Male;2011-11-18;Engineer, water;232508;0
32467076429;Devon Flynn;Female;2008-05-02;Administrator, Civil Service;495584;0
87573576612;Brandon Miller Jr.;Female;2018-05-01;Chartered accountant;345943;3
57085128020;David Hopkins;Male;2012-10-11;Commercial horticulturist;545727;4
39367736858;Keith Hunt;Male;2016-06-27;Lecturer, further education;934953;5
83878876200;Lori Lopez;Female;2015-08-17;Cartographer;74076;2
65759616031;Timothy White;Male;2000-03-19;Lighting technician, broadcasting/film/video;340791;3
98380254400;Jeremy Hanson;Male;2023-01-02;Designer, graphic;66895;1
44670210763;David Boyd;Male;2007-04-20;Lighting technician, broadcasting/film/video;93966;1
42986647204;Andrew Brown;Female;2015-09-27;Development worker, international aid;234962;5
94117936376;Laura Thomas;Female;2016-04-25;Press photographer;213164;5
21571471551;Lindsey Ware;Female;2008-05-27;Dentist;850593;3
82404530911;Patrick Flores DDS;Female;2020-01-24;Management consultant;862104;3
69335959771;Janet Zamora;Female;2019-04-15;Tax inspector;661664;3
30506859477;Kelly Clark;Female;2001-05-26;Claims inspector/assessor;810675;1
18006121419;Emily Jackson;Male;2000-11-27;Politician's assistant;969599;0
53273320921;Michelle Jones;Female;2011-07-22;Engineer, biomedical;317859;3
86897422951;Emily Miller;Female;2000-11-04;Dealer;907746;3
77059815883;Phillip Hunt;Male;2010-04-19;Armed forces logistics/support/administrative officer;617815;3
95369710059;Kelly Johnson;Male;2016-06-17;Orthoptist;766240;2
44603788193;Paula Vargas;Male;2018-10-14;Armed forces operational officer;205873;3
23108244019;Robert King;Female;2001-05-18;Editor, film/video;245863;3
43439565639;Michael Pearson;Male;2013-11-21;Product designer;717166;3
50887961055;Amy Adams;Male;2002-01-20;Radiographer, diagnostic;877349;0
74474901805;Linda Gutierrez;Male;2010-11-08;Scientist, clinical (histocompatibility and immunogenetics);250881;4
51533742740;Carla Williams;Male;2005-03-16;Surveyor, insurance;265552;1
65989096023;Autumn Baker;Male;2022-11-22;Homeopath;165391;1
38070995190;Troy Powell;Male;2001-05-14;Forensic scientist;360104;4
56623796641;Julie Ward;Female;2006-06-17;Corporate treasurer;53418;2
12679845826;Patrick Chapman;Female;2017-05-12;Chemist, analytical;21720;5
27495322910;Jason Pearson;Male;2017-09-07;Multimedia specialist;182173;4
54191762531;Cody Pierce;Female;2017-09-24;Pilot, airline;369646;0
35469216278;Courtney Holmes;Female;2002-02-11;Environmental consultant;771439;1
09612331002;Alfred Sanchez;Male;2023-07-10;Teacher, music;621624;0
99597596523;Kayla Moore;Female;2017-02-10;Engineer, energy;993520;5
73550850140;Vanessa Brown MD;Male;2008-04-19;Electronics engineer;968130;1
36277946232;Tonya Mendoza;Female;2023-01-17;Marine scientist;371036;4
21548181716;Darlene Stewart;Female;2021-02-16;Technical author;573389;0
55083911126;Samantha Tate;Male;2018-06-26;Research scientist (medical);324469;1
09467464531;Charles Byrd;Female;2020-03-21;Pharmacist, hospital;120853;3
60658050557;Luis Johnson;Female;2013-11-09;Secondary school teacher;330369;1
07580340793;Deborah Bird;Female;2019-02-23;Interior and spatial designer;701421;5
43974131996;Bradley Williams;Female;2023-02-03;Sports therapist;737327;5
14388692720;Sean Fletcher;Male;2016-09-04;Therapist, occupational;449113;2
09698031734;Dennis Gould;Female;2004-07-27;Scientist, biomedical;23516;4
48640184773;Suzanne Williams;Female;2021-12-09;Homeopath;936834;3
05185885895;Paula Chapman;Male;2008-01-02;Structural engineer;224066;2
43777796936;Amy Weaver;Male;2006-05-03;Learning disability nurse;689938;2
73602600520;Cody Bernard;Female;2022-04-11;Editor, magazine features;948043;1
29678730460;Jennifer Mathis;Male;2007-09-24;Geologist, wellsite;497025;1
68499548980;Leslie Cruz;Male;2012-04-21;Research officer, political party;514971;1
35760133015;Ashley Harris;Female;2003-01-22;Computer games developer;924942;4
95920785943;Rebecca Griffith;Male;2004-10-26;Journalist, magazine;848398;2
71911138681;Matthew Morgan;Female;2001-05-18;Scientist, research (maths);518606;4
66597904890;Shawn Smith;Female;2016-05-01;Government social research officer;236139;3
02726369562;Karen Johnson;Female;2023-07-07;Scientist, clinical (histocompatibility and immunogenetics);427399;3
59569202088;Morgan Bush;Female;2000-08-27;Archaeologist;848026;3
76010108801;Samantha Montes;Female;2015-04-05;Therapist, music;856944;5
74834235435;Scott Juarez;Female;2003-04-24;Fast food restaurant manager;946603;5
51259866452;Mr. Todd Morrison;Male;2008-01-07;Copy;698804;2
51807298213;Andrew Mack;Female;2011-06-10;Surgeon;528952;5
82680432897;Stacey Kramer;Female;2016-11-28;Industrial buyer;701537;5
33347432838;Andrew Evans;Female;2023-10-23;Psychiatrist;472435;5
77650327778;Jenna Howell;Male;2009-08-27;Furniture designer;590509;1
90338622418;Rachel Berger;Male;2023-06-12;Surveyor, commercial/residential;662382;2
32731061576;Nicholas Knight;Female;2016-03-07;Scientist, research (maths);63047;1
02913481849;Maurice Morales;Female;2016-09-10;Barista;725493;3
04192884838;David Pope;Male;2002-06-17;Engineer, production;577285;2
41464164156;Matthew Robinson;Female;2003-11-02;Community pharmacist;518189;0
42360715736;Elizabeth Brown;Female;2018-03-09;Geochemist;664179;3
87048293616;Amber Pearson;Female;2006-03-04;Tax inspector;394483;3
04379419971;Brenda Ponce;Female;2019-07-07;Further education lecturer;238791;3
12068509672;Kristen Sherman;Male;2018-03-14;Civil engineer, contracting;240295;0
29981995877;Robert Davies;Female;2017-07-11;Paediatric nurse;378141;3
59538688130;Cindy Jones;Male;2021-08-20;Occupational hygienist;141162;2
82323490239;Maria Delgado;Female;2013-10-14;Electronics engineer;786929;5
02483143029;Michael Craig;Female;2017-07-24;Electrical engineer;456932;0
26529465671;Steven Brooks;Female;2021-12-22;Research officer, trade union;865760;1
95810066338;Kristin Norris;Female;2015-03-01;Research scientist (medical);996994;4
69018430192;Jason Friedman;Female;2012-03-01;Media buyer;947293;5
29041077260;Jennifer Moore;Male;2015-02-11;Geophysical data processor;294620;4
91877359619;Dominique Thompson;Male;2014-06-06;Actor;455107;0
84982413395;Michael Smith;Male;2010-02-14;Engineer, agricultural;225374;1
80914144632;Sandra Phillips DVM;Male;2009-01-06;Data processing manager;653423;4
43801767986;Olivia Simon;Female;2013-03-25;Investment analyst;391132;4
24793291414;Kyle James;Female;2016-09-11;Scientist, physiological;949402;5
11086010767;Jeanne Weaver;Female;2002-12-03;IT trainer;749310;0
71767206312;Chloe Guerra;Female;2016-07-12;Sales executive;552773;0
75392595059;Ann Hines;Male;2007-07-07;Animal nutritionist;887114;4
64473017540;Steven Wright;Female;2020-03-01;Town planner;145885;3
53986062631;Robert Dawson;Male;2020-03-13;Health service manager;781921;2
63542503274;Paul Heath;Male;2009-12-07;Scientist, audiological;238211;1
17523089339;Tina Brown;Male;2012-10-26;Hydrographic surveyor;570611;0
18184093130;James Anderson;Female;2021-12-14;Teacher, music;432374;3
22459499895;Richard Collins;Female;2006-04-12;Purchasing manager;169339;4
75334442508;Thomas Young;Male;2007-04-10;Diagnostic radiographer;484442;3
63002286060;Jesus Carroll;Male;2012-03-23;Surveyor, quantity;43077;2
03994143366;Jason Brennan;Female;2019-12-13;Scientist, audiological;120306;2
65860183878;Stephen Lee DDS;Male;2013-12-26;Scientist, product/process development;885089;0
38734198792;Crystal Gray;Female;2002-11-14;Public relations officer;760855;5
30301836545;Teresa Vargas;Male;2006-12-18;Lexicographer;924782;4
11589802001;Jonathan Thomas;Male;2004-11-10;Conservation officer, historic buildings;434692;1
63332723720;Adam Robinson;Male;2015-08-15;Psychologist, counselling;213330;3
34422375740;Victoria Baker;Female;2007-12-26;Exercise physiologist;191555;1
88894413162;Deanna Scott;Male;2006-12-25;Therapist, occupational;902900;5
74856588921;Anthony Gonzales;Male;2010-06-07;Magazine journalist;946222;0
57109205259;Louis Armstrong;Male;2019-11-11;Production designer, theatre/television/film;22583;4
21695870032;Jesse Lee;Female;2000-01-14;Armed forces training and education officer;731184;5
50193333981;Victor Collier;Female;2004-10-04;Scientist, biomedical;860234;5
63674888074;Michael Daniel;Female;2001-11-15;Secretary, company;828217;3
86555378791;Cameron Brown;Male;2008-08-09;Dispensing optician;148208;2
50982365683;Jason Murray;Male;2021-12-08;Tree surgeon;977365;0
84737639960;Barbara Adams;Male;2016-05-23;Civil engineer, consulting;995875;1
07792246296;Kristen Wright;Male;2004-10-02;Chief Technology Officer;475509;0
44496328884;Jordan Torres;Female;2021-03-12;Geoscientist;173446;1
96364868913;Amanda Stone;Male;2001-01-17;Psychologist, educational;191539;2
23559734577;Melanie Lane;Male;2019-01-23;Building services engineer;765347;4
65136279367;Jeffrey Wilson;Female;2020-12-08;Event organiser;996331;2
40716679398;Shelia Johnson;Male;2008-02-03;Community education officer;571995;5
03208956723;Amanda Brown;Male;2013-05-24;Veterinary surgeon;69295;3
65014296857;Angela Wilson;Female;2011-01-02;Holiday representative;502329;4
58434009935;Brian Mejia;Female;2003-09-02;Accountant, chartered management;375792;2
55584272466;Brandon Adams;Female;2019-07-18;Pathologist;836638;1
52529561937;Donald Schaefer;Female;2023-10-24;Systems analyst;167681;3
74844348725;Darlene Rowe;Female;2001-05-23;Gaffer;363889;2
00378737002;Charles Craig;Male;2001-05-06;Designer, television/film set;665196;4
75216087431;Dawn Bishop;Female;2014-06-09;Television floor manager;605790;3
13235855594;Sara Clarke;Male;2014-07-18;Advice worker;478161;0
57836306278;Sarah Moses PhD;Male;2010-10-16;Clinical scientist, histocompatibility and immunogenetics;313120;2
98170341974;Randall Young;Female;2018-08-08;Television floor manager;192986;5
83371317379;Catherine Chavez;Male;2003-12-07;Engineer, electrical;287138;5
49144642948;Ann Rose;Female;2001-04-10;Travel agency manager;665248;5
62107867658;Margaret Patel;Female;2017-06-07;Tour manager;933810;5
27473014234;Erin Mata;Female;2004-04-10;Field trials officer;587886;0
08573230554;Jordan Thompson;Female;2001-02-12;Engineer, manufacturing systems;405231;3
53132201503;Wendy Goodman;Female;2004-11-16;Clinical scientist, histocompatibility and immunogenetics;915055;0
15674469270;Regina Reyes;Male;2004-07-18;Actuary;38833;5
55565338239;Bryce Allen;Female;2010-02-28;Trading standards officer;542756;3
36421428314;Brandon Smith;Female;2006-01-20;Surveyor, commercial/residential;249670;0
74720342748;Matthew Sexton;Male;2006-07-12;Designer, industrial/product;744458;5
61584740536;Gwendolyn Fowler;Female;2017-09-25;Teacher, secondary school;307216;0
99240495068;Carrie Olson;Male;2019-08-25;Prison officer;511210;0
52257166854;Thomas Clark;Female;2016-12-21;Surveyor, building control;507570;3
72813670722;Heidi Johnson;Female;2015-08-09;Chief Technology Officer;812512;5
18110333639;Jerry Cruz;Female;2012-11-08;Musician;150186;1
88623133331;William Bryan;Male;2022-01-07;Chartered loss adjuster;321756;0
45149581992;Jocelyn Whitaker;Male;2010-04-06;Broadcast journalist;869844;4
23050321094;James Cervantes;Female;2009-07-04;Biochemist, clinical;735692;0
11624422570;Jason French;Female;2012-01-19;Editorial assistant;5919;5
83256283057;Melissa Austin;Female;2016-06-16;Horticulturist, commercial;785645;1
40630171394;Brent Sanders;Male;2015-04-03;Fish farm manager;555994;1
28129768883;Dylan Henson;Female;2016-02-23;Warehouse manager;457020;2
29040038888;Mrs. Latasha Lambert;Female;2008-01-22;Geographical information systems officer;178689;2
77534761475;Alexander Bennett;Female;2021-05-04;Journalist, magazine;892656;1
83338989232;Wendy Moran;Female;2020-06-03;Orthoptist;596867;3
17560662462;Jonathan Wright;Male;2013-03-09;Midwife;178510;0
56789977487;Alex Mack;Female;2004-02-02;Comptroller;925705;5
59938136351;Anne Graham;Female;2006-10-04;Chief of Staff;702674;3
62289165822;Patrick Soto;Male;2008-10-18;Geophysicist/field seismologist;634434;4
87429973540;Devin Rogers;Male;2014-04-14;Nurse, children's;891215;4
70852868817;Daniel Warren;Female;2009-03-01;Warden/ranger;20469;2
72091288197;Matthew Lee;Male;2000-05-07;Surveyor, building control;926536;3
75422132266;Julia Frank;Female;2018-07-28;Futures trader;81391;3
71446693276;Matthew Ross;Male;2018-06-28;Theatre director;19969;5
54993694230;Lori Perez;Male;2007-04-25;Leisure centre manager;907589;2
60910919187;Laura Smith;Male;2006-12-21;Leisure centre manager;295390;0
72601235304;Michael Tran;Male;2015-06-14;Historic buildings inspector/conservation officer;944949;2
46274969677;Sean Mcdonald;Female;2013-02-19;Armed forces operational officer;687728;4
65615389832;Kevin Day;Male;2021-11-06;Social researcher;956000;2
71091672695;Victoria Smith;Female;2018-12-09;Physiotherapist;975464;5
29594324002;Chelsea Lopez;Female;2009-09-07;Software engineer;357272;0
94903935503;Christian Wright;Male;2013-10-24;Copywriter, advertising;912378;3
00124513234;Alejandra Lopez;Female;2018-08-03;Medical sales representative;95716;3
25903919033;Makayla Hayes;Male;2009-09-02;Commercial art gallery manager;914656;4
30164481325;Jennifer Fritz;Male;2000-12-05;Engineer, civil (consulting);519945;4
44416817630;Alexander Raymond;Female;2015-03-15;Technical brewer;772740;2
78735284426;Samantha Robertson;Male;2021-02-26;Higher education careers adviser;748335;5
03651243695;Bonnie Cruz;Female;2001-02-21;Water engineer;325047;3
54277758876;Courtney Lewis;Female;2011-10-03;Engineer, aeronautical;105427;0
29544903982;Robert Davis;Male;2014-05-01;Geoscientist;11601;4
77074616316;Chad Martinez;Male;2021-06-22;Midwife;500176;3
29998683174;Shannon Brown;Female;2008-05-25;Quarry manager;728181;5
55339186756;Jeffery Rosario;Male;2003-04-24;Therapist, horticultural;533792;3
49014552634;Patrick Williams;Female;2011-12-18;Agricultural consultant;142469;1
44964032887;Heather Aguilar;Male;2003-08-15;Barrister's clerk;278621;0
69505515011;Jaime Webb;Male;2007-05-04;Conservator, museum/gallery;654359;5
24702200995;Kaitlyn Strickland;Male;2003-04-09;Quarry manager;306858;5
17377796753;Stephen Bautista;Female;2004-10-17;Development worker, community;616047;1
24616016046;Peter Watkins;Male;2010-04-04;Commercial art gallery manager;681324;1
51153129203;Melissa Reyes;Female;2016-11-01;Physiological scientist;816463;5
01848271036;Kristin Lamb;Female;2004-05-28;Insurance account manager;617441;2
77499130867;Brandon Young;Male;2005-05-04;Warehouse manager;691497;3
42172380952;Sarah Ritter;Female;2021-05-05;Geochemist;576450;4
44097115106;Jill Dalton;Male;2014-02-10;Ergonomist;161650;5
02193159756;Diane Carter;Female;2020-12-02;Manufacturing engineer;68706;3
99699381077;Kyle Franco;Female;2009-09-21;Arboriculturist;496392;4
92934455740;Debra Wood;Female;2018-06-03;Conservation officer, nature;581052;2
66667856495;Emily Houston;Female;2005-04-26;Exhibitions officer, museum/gallery;292789;0
74672193278;Patrick Ramirez;Female;2008-09-17;Futures trader;910384;3
35516408587;Valerie Norman;Male;2002-11-12;Medical illustrator;18350;4
12641392660;Caitlin Soto;Female;2020-06-10;Engineer, biomedical;223957;3
64545131372;Mark Smith;Female;2016-08-20;Freight forwarder;876652;0
35922812815;Larry Jackson;Female;2004-06-04;Advertising account executive;996256;0
24224245281;Chelsea Weaver;Female;2021-12-18;Producer, television/film/video;86411;5
21836150566;Lisa Benson;Male;2019-12-01;Therapist, drama;486157;5
30380615848;Chelsea Garcia;Female;2022-11-16;Broadcast journalist;380378;2
74731420812;Elizabeth Kennedy;Female;2006-04-24;Psychologist, occupational;46952;3
84515778469;Anthony Nelson;Male;2009-07-08;Therapist, speech and language;93846;2
75544391024;Cameron Warner;Male;2007-02-19;Therapist, occupational;991205;3
53551788500;Tina Campbell;Male;2006-09-21;Scientist, clinical (histocompatibility and immunogenetics);719458;2
79700011485;Aaron Serrano;Female;2001-03-04;Community pharmacist;503164;0
02976420205;Alicia Robinson;Male;2017-04-14;Police officer;126217;0
17284409894;Samantha Vaughn;Female;2022-04-23;Chief of Staff;930945;4
30239970744;Michael Johnson;Female;2019-05-08;Social research officer, government;323296;4
58041933530;Dawn Bell;Male;2011-04-20;Horticultural therapist;335665;4
94771560549;Lauren Morton;Male;2000-06-23;Surveyor, mining;461032;4
21552487335;Sarah Harris;Female;2005-10-27;Therapist, occupational;700026;5
47299717538;Erica Perry;Female;2013-06-07;Product manager;144514;5
72048468674;Donna Hernandez;Female;2016-10-09;Advertising art director;76482;0
07130455373;Chad Huff;Female;2020-06-15;Programmer, multimedia;748338;1
87959484294;Breanna Petty;Female;2012-06-04;Loss adjuster, chartered;429797;5
27479705901;Rebecca Norton;Female;2000-06-22;Psychologist, clinical;897864;4
27721709775;Peter Chavez;Male;2007-05-14;Horticulturist, amenity;442124;4
31928627320;Lauren Gardner;Male;2014-09-02;Information systems manager;155650;5
44340377207;Michelle Maddox;Male;2009-06-10;Physiological scientist;33116;0
46878642917;Brenda Smith;Female;2011-09-28;Runner, broadcasting/film/video;237004;2
33685535405;Andrew Hurst;Male;2020-10-11;Publishing rights manager;885735;5
46643730974;Ryan Ewing;Male;2005-02-19;Teacher, music;239380;3
10074724399;Samuel Taylor;Male;2005-08-01;Fisheries officer;788380;2
75621257364;Diana Campbell;Male;2007-08-02;English as a second language teacher;918758;3
02643889735;Raymond Patterson;Female;2021-09-05;Bookseller;551639;3
07824796228;Michael Torres;Male;2016-05-06;Oceanographer;740796;4
62952284860;Daniel Short;Female;2004-02-03;Insurance risk surveyor;36998;0
14045258513;Kevin Long;Male;2012-10-22;Physiological scientist;864381;0
25435933009;Courtney Gibbs;Female;2019-09-02;Software engineer;140537;1
31021478934;Samuel Romero;Female;2014-11-23;Theme park manager;293406;1
05221598178;Erica Smith;Female;2008-05-03;Copywriter, advertising;841529;4
38013694331;Julie Newman;Male;2018-08-16;Warehouse manager;210011;4
12698389155;Logan Smith;Female;2023-05-04;Chief of Staff;23193;5
97188543117;Adriana Carlson;Male;2007-11-09;Scientist, marine;602110;0
39236390825;Michael Chen;Female;2008-08-15;Theatre stage manager;381430;5
25148305938;Harry Cooper;Female;2020-06-15;Psychologist, educational;333805;1
03091477378;Ryan Matthews;Female;2018-10-19;Higher education lecturer;321311;4
95103183879;Natalie Hancock;Female;2010-06-07;Musician;69566;5
82996247860;Lisa Mccormick;Female;2023-01-10;Translator;795761;0
74938313365;Julia Garcia;Female;2014-09-25;Geneticist, molecular;213417;4
79080563859;Danny Wilson;Male;2001-06-07;Aeronautical engineer;290220;2
07969215302;Michael Parker;Male;2016-03-21;Contractor;465709;0
46808558150;Matthew Jones;Female;2015-12-22;Patent attorney;175394;4
20948904940;Crystal Taylor;Female;2018-06-07;Theatre director;748942;2
98251131743;Michael Hodge;Male;2017-03-04;Librarian, public;235904;0
56425478440;Ray Allen;Female;2012-07-14;Geophysical data processor;506235;4
54578402510;Alicia Bailey;Female;2010-03-14;Private music teacher;12716;4
91679665725;Tamara Monroe;Female;2009-12-20;Commercial/residential surveyor;219015;2
27602658401;Steven Adams;Female;2001-12-02;Magazine features editor;84223;5
28064307301;Mark Allen;Female;2019-10-02;Exhibition designer;48544;3
93340159242;Drew Cherry;Male;2004-06-26;Engineer, electrical;851315;5
25678366071;James Alvarez;Female;2004-03-13;Surveyor, land/geomatics;701581;0
29841549514;Brandon Ellis;Female;2008-09-05;Building surveyor;645847;5
93877817010;Jimmy Hanson;Female;2016-09-21;Careers adviser;304032;0
62056395508;Bill Richardson;Female;2004-11-27;Recycling officer;958830;3
08279714253;Michael Young;Male;2009-08-11;Print production planner;327344;5
32971614252;Gabriel Sullivan;Female;2015-08-28;Insurance risk surveyor;508274;3
99389645007;Lisa Davis;Male;2001-12-13;Armed forces technical officer;941788;2
70130186672;Brenda Little;Female;2017-12-20;Theatre stage manager;108243;3
21748564000;David Scott;Female;2011-02-20;Editor, magazine features;284417;1
85976161218;Jason Carr;Male;2010-12-04;Physicist, medical;923112;0
88362591586;Adrian Tucker;Male;2019-02-03;Chemical engineer;163234;0
71206139359;James Ryan;Male;2017-01-21;Chartered accountant;889648;0
69447230177;Christopher Harris;Male;2004-08-11;Photographer;456280;0
08706596713;Cynthia Norman;Female;2023-10-09;Jewellery designer;902364;2
34086046127;Mrs. Pamela Smith;Male;2011-10-14;Engineer, production;311582;5
42373104392;David Brown;Female;2022-03-19;Armed forces technical officer;1187;3
10889377228;Tracey Little;Male;2023-01-23;Psychotherapist, dance movement;883857;1
74137471612;Gary Hamilton;Male;2012-09-08;Armed forces training and education officer;989188;4
26372091150;Walter Price;Male;2016-04-18;Ship broker;74440;1
39926980472;Steve Davidson;Female;2004-02-02;Surveyor, quantity;725776;0
46170640169;Kristi Green;Female;2003-11-05;Secretary/administrator;487317;2
94062704409;Scott Savage;Female;2015-11-18;Wellsite geologist;55627;5
74529951856;Emily Mcmahon;Female;2007-06-16;Surveyor, hydrographic;890009;3
45309510194;Elizabeth Stevens;Male;2005-07-07;Geophysical data processor;158950;5
22342359145;Shawn Ferguson;Female;2013-07-07;Paramedic;900878;3
78665684047;Anna Calderon;Male;2003-12-22;Teacher, primary school;71507;1
11173057046;Austin Molina;Female;2005-12-19;Therapist, horticultural;628816;0
15822215163;Jonathan Williams;Female;2010-07-26;Designer, television/film set;243706;0
49058783269;James Peterson;Female;2013-05-26;Statistician;184771;4
88688544874;Malik Francis;Female;2000-03-10;Personal assistant;940920;5
16853655201;Sheri Grant;Male;2012-07-07;Accounting technician;402615;0
70480328746;Jose Moore;Female;2010-03-03;Clinical cytogeneticist;113141;1
53502476813;Austin Kirby;Male;2008-06-14;Purchasing manager;879770;0
75097896214;Cody Vargas;Female;2004-03-02;TEFL teacher;678056;2
94708388610;David Schultz;Male;2001-01-20;Civil Service fast streamer;680094;2
02422083017;Jane Lucas;Female;2016-02-06;Dealer;75828;0
65573672110;Kathy Cook;Female;2021-06-15;Hotel manager;450170;0
38339666503;Catherine Johnson;Female;2006-12-07;Hydrologist;425957;2
40753880118;Gary Thornton;Male;2004-08-20;Analytical chemist;292871;5
15777775423;Vanessa Hansen;Female;2006-08-26;Conference centre manager;792419;4
97984983853;George West;Male;2016-02-03;Facilities manager;78058;5
73614373653;Andrew Cross;Female;2013-08-10;Sport and exercise psychologist;107635;2
50153464623;Corey Neal;Male;2013-07-23;Airline pilot;53426;2
30040790291;Justin Moran;Female;2015-12-28;Administrator, local government;477511;2
75589126068;Michaela Schneider;Male;2016-11-06;Health visitor;417569;2
55749264395;Barry Brewer;Male;2012-01-20;Information systems manager;645789;5
14362904153;Ashley Dyer;Male;2012-01-12;Animal technologist;1040;3
74124099558;Steven Bell;Female;2015-08-24;Broadcast presenter;284554;4
75152642818;Jeffrey Stone;Male;2009-08-22;Editor, film/video;389983;0
64891694194;Kenneth Sanford MD;Male;2013-07-22;Trade mark attorney;97323;0
31877708867;Charles Costa;Female;2001-12-07;Quantity surveyor;197440;4
03129542343;Andrew Brown;Female;2006-04-19;Psychologist, clinical;704068;0
09933382501;Brittney Lyons;Male;2018-09-02;Probation officer;25039;1
50270194209;Emily Foley;Female;2015-01-21;Nutritional therapist;257032;3
41590645891;Aaron Hunt;Male;2001-04-10;Research officer, trade union;25932;5
74827915579;Robert Williams;Female;2011-07-19;Television production assistant;894131;3
78940475446;Jessica Nguyen;Female;2021-10-19;Legal executive;55454;3
05534813637;Zachary Brown;Female;2008-01-03;Engineer, technical sales;487540;4
64031156761;Tammy Smith;Male;2006-07-24;Lecturer, higher education;452867;4
98688280914;Lynn Burns;Female;2021-02-24;Furniture conservator/restorer;54172;2
54743510928;Ronald Green;Male;2007-11-13;Designer, graphic;152690;0
34968801449;Colleen Quinn;Female;2017-08-23;Clinical molecular geneticist;540;2
72618310987;John Davidson;Female;2004-03-03;Records manager;232366;3
58204526472;Monica Reyes;Male;2015-04-01;Emergency planning/management officer;304811;3
61560023341;Jillian Morales;Male;2020-05-10;Magazine journalist;75818;5
01711983748;Julie Horton;Male;2016-10-08;Seismic interpreter;814927;0
43549573498;Casey Obrien;Female;2000-07-14;Tax inspector;736418;2
65901144168;Amber Walker;Female;2010-11-09;Child psychotherapist;807513;1
91778458071;Sheri Mcdonald;Female;2017-11-16;Armed forces technical officer;928116;4
92675592955;Charles Snyder;Female;2003-03-24;Water quality scientist;233062;0
45325578006;Kathleen Anderson;Male;2014-09-11;Financial adviser;721693;4
82894484971;Michael Mcgee;Female;2009-09-06;Surveyor, land/geomatics;105472;4
19969223611;Christina Hawkins;Male;2007-12-03;Learning mentor;433790;2
39434779116;Andrea Riley;Male;2002-12-05;Administrator, local government;609802;3
91780247652;James Shields;Female;2007-05-01;Records manager;285865;3
68481107612;Shelby Raymond;Female;2015-03-17;Banker;170783;2
82090671261;Kristin Harris;Female;2004-11-05;Ceramics designer;990244;3
93959913255;Michael Huerta;Female;2021-03-02;Press photographer;721914;3
62316785210;Joseph Davis;Female;2011-11-24;Designer, television/film set;123001;1
30066260761;Jillian Watts;Male;2001-04-20;Writer;58430;5
04414101843;Amanda Jackson;Male;2000-01-11;Regulatory affairs officer;207057;2
21255083569;Dawn Perry;Female;2011-12-28;Licensed conveyancer;614280;5
67891983558;Jessica Wilson;Male;2007-04-27;Retail manager;928038;3
38092522692;Janet Stephens;Female;2007-03-19;Housing manager/officer;762105;2
70716287526;Jonathon Nguyen;Female;2008-11-12;Child psychotherapist;14916;5
35257487629;Jordan Hughes;Male;2019-02-14;Animator;978883;0
22519248158;Christine Mosley MD;Female;2011-03-03;Research officer, government;618193;5
36166653435;Tara Spence;Female;2017-01-13;Land;802817;2
89336567400;Angela Hernandez;Female;2017-09-28;Chartered legal executive (England and Wales);832403;3
47258600876;Paul Burton;Male;2007-09-13;Surveyor, building;774062;0
32377173476;Lauren Harris;Female;2002-09-22;Production assistant, television;568776;5
63722754199;Wanda Flores;Male;2015-11-10;Engineer, mining;964340;0
23084070308;Donald Boyle;Male;2011-12-28;Corporate investment banker;982659;4
29306671706;Kenneth Martin;Female;2019-01-14;Quantity surveyor;994973;4
76026334580;Jill Jones;Female;2016-04-10;Therapist, occupational;736749;1
35624887917;Tina Stein DVM;Female;2022-06-11;Lobbyist;305745;4
37179450232;Christopher Cook;Female;2016-11-03;Merchant navy officer;137670;5
90948064953;Zachary Moore MD;Female;2011-10-11;Therapist, speech and language;728666;5
97968226022;Adam Obrien;Male;2016-05-14;Conservation officer, historic buildings;327028;4
55849538147;Anna Smith;Female;2010-01-05;Waste management officer;771556;5
31085318126;Shannon Bailey;Male;2016-10-15;Scientist, biomedical;962220;1
47022687499;Leslie Moore;Male;2018-07-04;Geophysicist/field seismologist;684181;5
62112126930;Tony Woods;Male;2010-07-20;Public relations account executive;293854;0
65149171913;Nicole Martinez;Female;2011-07-20;Equities trader;990485;2
19703899548;Wesley Parker;Male;2010-01-16;Theme park manager;369858;1
10027140438;Michael Frey;Female;2023-12-21;Video editor;706647;1
08357950210;Dustin Roberts;Female;2020-12-17;Associate Professor;625627;1
76462182163;Veronica Torres;Male;2018-11-24;Manufacturing systems engineer;585981;1
36108076641;Michael Myers;Male;2006-08-01;Public relations officer;910424;1
92378594563;William Pearson;Male;2015-07-04;Programme researcher, broadcasting/film/video;504625;5
97643294157;Matthew Jones;Male;2006-07-12;Proofreader;366725;5
74115253084;David Whitehead;Male;2004-04-09;Therapeutic radiographer;516962;0
68306718759;Michael Taylor;Male;2020-04-18;Advice worker;619923;3
54851468336;Roberto Bowman;Male;2018-07-26;Nurse, children's;878181;2
68176365035;Ronald Gray;Male;2018-04-02;Planning and development surveyor;83300;3
23767116000;Jacob Stevenson;Male;2001-12-09;Manufacturing systems engineer;690440;3
19896634914;John Baker;Female;2004-05-19;Warden/ranger;562617;0
47655181195;John Diaz;Female;2000-01-05;Customer service manager;917303;0
89179851147;Carrie Lindsey;Male;2012-04-09;Medical secretary;380532;0
12374726796;Penny Miller;Female;2001-11-01;Economist;987155;1
62346325178;Kyle Armstrong;Female;2001-02-19;Chartered loss adjuster;30240;0
31892563135;Ralph Carr;Female;2016-07-12;Lawyer;72636;4
40240205465;Brad Ochoa;Male;2005-11-03;Multimedia programmer;526397;5
15948776127;Robert Stephens;Female;2002-11-18;Rural practice surveyor;567950;5
61191581780;Jennifer Mills;Male;2007-03-15;Archivist;247489;2
99014516171;Kenneth Hernandez;Male;2013-04-14;Designer, furniture;661733;0
41577631226;Michelle Robles;Male;2022-04-28;Recycling officer;606116;3
85670940219;Shawn Watkins;Female;2011-08-24;Garment/textile technologist;550578;4
05569529985;Ronald Smith;Female;2018-01-13;Manufacturing systems engineer;184596;2
40419341431;Tanner Hunt;Female;2001-06-12;Mental health nurse;941982;3
46078449192;Katherine Lynch;Female;2007-02-18;Telecommunications researcher;649670;0
03815755752;Steven Fernandez;Female;2000-12-08;Production manager;14417;2
96001211705;Darlene Gordon;Male;2009-02-05;Communications engineer;143212;3
39599029151;Garrett Cruz;Male;2000-10-22;Psychologist, forensic;794539;5
36507721029;Sandra Sims;Female;2000-11-14;Radio producer;103572;1
71684265430;Anna Barajas;Male;2003-08-17;Phytotherapist;916016;1
04519917387;Morgan Brown;Male;2003-10-03;Radio broadcast assistant;158276;4
91371319373;Timothy Blackwell;Female;2002-10-08;Human resources officer;58294;1
22895348972;Tony Gardner;Male;2004-12-18;Engineer, maintenance;875908;2
06841061408;Christopher Mccoy;Male;2004-12-17;Retail manager;493130;4
80819946967;David Dawson;Male;2006-08-02;Optician, dispensing;307450;2
31116601045;Justin Nguyen;Female;2003-11-02;Adult nurse;669982;2
61971016487;Stephen Alvarez;Female;2012-10-28;Sport and exercise psychologist;951270;5
25799408759;Brett Boone;Male;2005-01-17;Careers adviser;153609;1
48486867615;David Ortiz;Female;2001-09-21;Engineer, electrical;3434;0
69614946584;Sarah Montes;Female;2021-11-10;Barrister;698234;1
76219914870;Christopher Tucker;Male;2018-11-08;Education officer, community;808871;1
97257216696;Jesse Barron;Female;2007-10-13;Nurse, learning disability;11383;0
54211970603;Steven Gomez;Male;2013-09-15;Dealer;804069;5
29619670162;Audrey Valdez;Female;2022-07-21;Psychologist, clinical;361062;0
08682108286;Mark Caldwell;Male;2018-11-06;Education officer, environmental;816903;4
44045788103;Gary Castillo;Female;2003-03-18;Microbiologist;680169;0
41545107959;Steven Cooper;Male;2015-06-03;Engineer, civil (contracting);315288;4
82788158627;David Cohen;Female;2021-02-05;Designer, fashion/clothing;782902;1
19211757025;Haley Lewis;Male;2021-06-09;Clinical psychologist;670592;3
27513999115;Julian Kelly;Female;2022-06-01;Public relations account executive;5572;0
94077162135;William Smith;Male;2001-10-27;Prison officer;391647;3
20422404520;Christine Sullivan;Female;2004-08-06;Engineer, building services;649678;5
42687217147;Charles Coleman;Female;2019-04-21;Illustrator;514727;4
74976781460;Paula Daniels;Female;2021-04-08;Archaeologist;9564;4
05091982217;Jackie Burch;Female;2016-08-08;Probation officer;13756;3
13553975706;Kenneth Hayden;Female;2014-07-01;Illustrator;921756;4
65561788982;Michael Tyler;Male;2002-11-17;Programmer, systems;28463;2
30293522551;Michelle Silva;Male;2015-07-01;Investment analyst;225735;2
35715173341;Maria Johnston;Male;2017-07-14;Administrator;392144;3
16517706647;Jeffrey Williams;Female;2008-06-27;Public relations officer;680386;1
91748710372;Bridget Smith;Female;2022-09-13;Engineer, drilling;585260;3
27147882940;David Duncan;Male;2000-11-22;General practice doctor;637767;3
55750626565;Thomas Perez;Male;2016-03-14;Naval architect;676388;4
94480574306;Ricky Edwards;Female;2019-08-20;Legal secretary;889150;5
62591556425;Mrs. Catherine Lynch DDS;Female;2020-01-09;Clinical cytogeneticist;725718;1
26098096470;Kimberly Mcmahon;Female;2007-11-27;Gaffer;815498;1
64779575331;Thomas Castillo;Male;2006-02-24;Psychologist, sport and exercise;542573;4
34674010539;Jessica Gonzalez;Female;2020-09-17;Merchandiser, retail;561880;5
25059673220;Emily Smith;Male;2007-02-13;Primary school teacher;319968;2
39028851452;Stephen Robbins;Female;2006-06-01;Physicist, medical;377301;2
35874068556;Shannon Thompson;Female;2002-11-14;Dancer;827952;2
56182362324;Paula Powers;Female;2006-08-16;Hydrographic surveyor;442935;0
78042473180;David Buchanan;Female;2005-01-11;Medical sales representative;424104;5
25121657623;Leah Richards;Male;2007-08-09;Theatre stage manager;477572;3
85091597572;Jacob Anderson;Male;2016-04-01;Forest/woodland manager;555368;4
64946338999;Shaun Miller;Female;2008-01-17;Engineer, communications;234925;5
51111309032;Donna Berry;Male;2006-12-26;Corporate treasurer;482244;5
17436319429;Alice Johnson;Male;2001-11-24;Conservator, furniture;837401;5
58085351619;Ana Clayton;Female;2006-05-14;Homeopath;604055;3
38028599212;Kevin Rodriguez;Male;2008-05-21;Broadcast presenter;87251;5
03919996241;Amy Wilkins;Female;2019-01-24;Engineer, water;996178;2
69444663279;David Kemp DDS;Female;2023-05-12;Community arts worker;80115;4
06656150466;David Williams;Female;2006-09-02;Psychotherapist, child;821012;2
01272434224;Angela Alvarez;Male;2016-11-15;Bonds trader;597661;4
05080001962;Amanda Waters;Female;2000-02-02;Environmental education officer;77852;2
15590851200;Tara Ibarra;Female;2010-03-02;Barista;305641;1
32663140471;John Davis;Male;2019-09-08;Engineer, drilling;546832;5
17015528866;Tanya Taylor;Female;2005-06-22;Manufacturing engineer;16000;0
91656409424;Jeffrey Scott MD;Female;2005-03-24;Engineer, communications;643126;3
57660755511;Frederick Moore;Male;2009-03-22;Building services engineer;410541;5
22731098220;Jasmine Mathis;Female;2022-03-10;Barrister;798126;4
06552095416;Candice House;Male;2014-09-05;Estate manager/land agent;878785;3
22078790075;Charles Jarvis;Male;2016-08-09;Nurse, mental health;607267;2
27464257190;Dean Schneider;Female;2011-05-11;Charity fundraiser;605187;5
39709596347;Mary Alexander;Female;2004-05-16;Engineer, building services;950316;0
20636885089;Wanda Pitts;Female;2015-06-18;Chief Executive Officer;292917;3
84016789032;Christopher Ruiz;Male;2010-06-04;Teacher, music;21407;4
01415878134;Kristina Thompson;Male;2014-03-21;Forensic scientist;187968;4
54450973942;Sandra Jensen;Male;2023-04-07;Engineer, civil (contracting);552320;1
42820814227;Andrew Sanchez;Female;2001-01-19;Data scientist;756346;4
65385162473;Catherine Singleton;Male;2016-02-02;Investment banker, operational;443558;1
55811620973;Kayla Smith;Male;2013-02-27;Armed forces technical officer;153418;1
23924609267;Susan Buckley;Female;2015-03-25;Catering manager;992553;5
23728874469;Jeffrey Hill;Female;2021-07-23;Water engineer;760547;1
62251629542;Robert Lucas;Female;2019-01-16;Financial trader;949004;5
48749200184;Edward Rogers;Female;2017-12-21;Patent attorney;591356;1
71694552690;Joshua Ross;Female;2020-06-09;Acupuncturist;916116;5
82504617809;Marissa Henderson;Female;2013-08-03;Contractor;339222;5
63715350924;Dr. Jessica Baker;Male;2017-03-14;Event organiser;729668;2
22550741308;John Wagner;Female;2012-04-18;Network engineer;309538;3
59966184967;Renee Phillips;Male;2004-06-17;Librarian, academic;312968;4
82175069457;Brooke Olson;Female;2009-01-22;Mining engineer;449500;2
33552016749;Ana Lane;Female;2009-04-23;Pharmacist, hospital;635844;4
22811161004;Patrick Evans;Male;2001-09-07;Presenter, broadcasting;894267;0
34496205116;Michael Heath;Male;2011-09-03;Cytogeneticist;64426;5
80831806975;Brian Griffith;Female;2020-02-11;Records manager;584915;3
43761516751;Timothy Lindsey;Female;2016-03-11;Chiropodist;693418;4
31507903553;Jared Spears;Male;2005-01-24;Aeronautical engineer;759957;1
27831752265;Heather Gill;Male;2009-09-03;Radio producer;718238;2
93787743186;Sandra Young;Female;2019-01-03;Civil engineer, consulting;849112;4
44109871409;Lisa Abbott MD;Male;2020-05-28;Music therapist;763889;1
31107590126;Cheryl Schneider;Female;2021-02-18;Air broker;362301;2
72260868500;Heather Curry;Male;2004-11-09;Technical brewer;482958;5
98372031832;Olivia Garrett;Female;2005-03-11;Applications developer;28815;4
92750092626;Joseph Oconnor;Male;2012-02-12;Producer, radio;804793;5
96492178060;Lori West;Female;2013-02-18;Chemist, analytical;666769;0
38960374361;Brooke Williams;Male;2020-05-15;Arboriculturist;893328;0
17082328492;Lisa Johnson;Female;2021-12-17;Designer, graphic;327892;0
77099010784;Kyle Peterson;Female;2022-04-16;Production assistant, radio;897378;1
44959429751;Mrs. Kathleen Gray;Female;2004-01-04;Optometrist;609934;3
45372199357;Vanessa Delacruz;Male;2002-11-26;Amenity horticulturist;397727;3
54771819455;Mary Good;Female;2002-10-15;Archaeologist;136382;3
79464945100;Nicholas Mullins;Male;2023-09-11;Museum/gallery curator;364167;0
36088545090;Richard Mcgrath;Female;2012-09-22;Psychologist, forensic;255580;1
20457728206;Travis Cole;Female;2001-08-16;Audiological scientist;875978;0
07999017245;Mariah Martinez;Female;2023-03-21;Producer, radio;322155;5
23700410944;Luis Campbell;Male;2009-01-10;Careers adviser;909339;2
93250802662;Karen Watson;Female;2018-08-15;Hospital pharmacist;844110;1
60081724107;Kelly Ray;Female;2021-11-05;Conservator, furniture;723432;3
45192138997;Marie Shepard;Female;2020-11-06;Dealer;103348;3
88150798701;Mark Krause;Female;2012-07-24;Medical illustrator;925312;0
88800838609;Matthew Phillips;Female;2017-11-12;Adult guidance worker;631630;0
76359677590;Summer Stevens;Male;2011-03-07;Clinical biochemist;721658;0
61020576348;Christopher Vasquez;Female;2018-07-09;Chiropractor;463189;2
16069446322;Ashley Ashley;Female;2009-06-27;Solicitor;591777;3
17502798513;Austin Smith;Male;2015-06-17;Therapist, horticultural;652720;4
40051596163;Kaylee Adams DVM;Female;2004-08-04;Science writer;681158;5
60337876129;Shannon Rose;Male;2016-08-21;Development worker, community;421384;0
68256949837;Jessica Pearson;Male;2006-01-14;Academic librarian;764821;4
11733245316;David Rodriguez;Male;2013-08-15;Building surveyor;477825;4
31665408844;Leroy Williams;Female;2004-05-26;Insurance broker;369489;2
15030911624;Gregory Rodriguez;Female;2005-04-09;Waste management officer;993931;0
56417892953;Joshua Mahoney;Male;2008-09-25;Microbiologist;850538;5
15399727128;Samuel Oconnor;Female;2008-10-06;Training and development officer;722820;1
81445828470;Brian Booth;Female;2016-10-06;Solicitor;148886;5
77891437287;David Harris;Female;2018-08-06;General practice doctor;53910;5
45850432033;Sean Thomas;Male;2016-06-19;Restaurant manager, fast food;168938;4
48020848269;Cheryl Coleman;Female;2004-02-10;Administrator, local government;731680;2
26080014700;Jeffrey Watson;Female;2003-09-03;Diplomatic Services operational officer;605843;0
05594768733;Cheryl Martin;Female;2013-08-18;Education administrator;669392;1
90265676361;Leslie Brown;Male;2016-05-11;Copywriter, advertising;956405;0
71967972139;Carla Sanders;Male;2000-07-26;Television camera operator;564824;4
97376476167;Robert Campbell;Female;2005-09-02;Systems developer;541418;1
96493038457;Robert Martinez;Female;2007-11-24;Ship broker;274511;3
59853140978;Robert Yu;Male;2014-01-08;Race relations officer;855294;5
36917683314;Jessica Patrick;Female;2019-12-27;IT consultant;186760;2
71792771041;Daniel Webster;Female;2002-02-16;Actor;187454;3
23567362203;Caleb Brown;Male;2003-09-02;Engineer, land;803492;4
08157831566;Steven Lewis;Female;2023-09-18;Pharmacist, community;713292;3
37533031899;Mallory Jones;Male;2017-03-15;Environmental manager;794048;2
70478449384;Benjamin Smith;Female;2003-09-02;Teacher, early years/pre;118723;2
68301912532;Amanda Murphy;Female;2010-02-09;Engineer, electrical;404298;4
76523142589;Courtney White;Female;2021-07-03;Systems developer;471251;0
98910819155;James Smith;Male;2007-02-04;Regulatory affairs officer;698455;1
50864689930;Samantha Carson;Male;2004-03-28;Copywriter, advertising;538348;0
24454395120;John Noble;Male;2011-02-08;Set designer;616733;4
75016698926;Sierra Jones;Female;2012-08-28;Secondary school teacher;539985;0
67019911703;Jeffrey Mccoy;Female;2018-05-25;Programme researcher, broadcasting/film/video;686832;2
08467644102;Lauren Arnold;Female;2013-11-09;Claims inspector/assessor;572296;4
76563130728;Ryan Carter;Female;2019-09-25;Insurance underwriter;387828;2
83383520762;Jeanne Bowen;Male;2002-06-25;Careers adviser;421916;3
83564852156;Justin Bush;Male;2005-11-12;Hydrologist;57654;4
86045380700;Cheryl Hall;Male;2015-06-04;Technical brewer;246109;4
77267353719;Kimberly Davis;Female;2019-06-11;Dance movement psychotherapist;882969;1
74439227690;Robert Doyle;Female;2021-08-15;Technical brewer;319614;4
28604067853;Matthew Duncan;Male;2002-11-26;Equality and diversity officer;251938;3
18269965540;Amber Ramos;Male;2004-03-28;Retail merchandiser;497693;0
82921388274;Sarah Collins;Male;2013-11-14;Outdoor activities/education manager;393208;5
00986463203;Rebecca Reyes;Female;2004-10-13;Immunologist;218109;0
99154541401;Julie Case;Male;2010-04-10;Engineering geologist;678341;1
36059064997;Tracey Palmer;Female;2020-11-19;Politician's assistant;77537;5
83554480242;Alexander Ramirez;Male;2019-09-24;Biomedical scientist;813002;4
97858478140;Ashley Coleman;Male;2020-02-21;Dispensing optician;571242;1
76577331979;Alicia Sanders;Female;2019-08-20;Brewing technologist;254489;5
34736831839;Tara Harris;Female;2011-01-21;Games developer;826542;4
52331276825;Jessica Norman;Female;2006-04-13;Paramedic;151776;5
46201968538;Zachary Miller;Male;2021-07-18;Midwife;723538;4
74972235064;Katherine Floyd;Female;2013-03-22;Teacher, early years/pre;937357;5
88183274498;Larry Miles;Male;2017-11-11;Research scientist (physical sciences);420990;1
16923863888;Cameron Martin;Male;2012-04-16;Pension scheme manager;776317;5
92163430723;Melinda Price;Male;2001-08-15;Database administrator;190086;5
57955440031;Lisa Santana;Female;2019-09-04;Conservator, museum/gallery;139411;4
12415156738;Richard Wright;Female;2020-01-02;Tax inspector;637925;4
19599658438;Frank Bradford;Female;2000-04-20;Geophysical data processor;843483;0
32306136801;Amanda Russo;Male;2010-12-27;Recruitment consultant;344314;5
74813051865;Linda Davis;Female;2017-09-11;Child psychotherapist;642154;3
83344054351;Christine Wagner;Female;2007-06-02;Civil Service administrator;896911;1
37840355401;Tyler Huber;Female;2009-09-27;Sports administrator;524496;4
32853903646;Lisa Ward;Female;2011-05-16;Arts development officer;824768;4
16751610650;Eric Lewis;Female;2014-07-12;Nurse, mental health;378657;3
71003803883;Patrick Cohen;Female;2008-08-12;Administrator, sports;417949;5
25725524314;David Brooks;Female;2007-08-14;Surgeon;483439;2
21640331461;Heather Adams;Male;2006-07-03;Civil Service fast streamer;948790;4
68783505798;Alison Hicks;Male;2013-01-24;Chartered accountant;605909;5
41407120305;Grant Moyer;Male;2014-07-02;Teacher, English as a foreign language;175639;0
95258402575;Joseph West;Male;2020-03-25;Insurance account manager;92409;1
36937419191;Matthew Stanley;Female;2019-01-06;Theme park manager;879972;1
74707146856;Shannon Johnson;Female;2003-03-16;Clinical cytogeneticist;439525;4
44310424129;Lisa Rodriguez;Female;2021-12-24;Pension scheme manager;479817;3
41126314348;Kathy Ross;Female;2006-04-12;Secretary, company;517424;5
44081210992;Eric Robinson;Female;2008-10-24;Risk analyst;802683;3
73930997988;Kyle Murphy;Female;2005-02-22;Exhibitions officer, museum/gallery;166699;0
95805506137;Shawn Noble;Female;2009-06-05;Sales promotion account executive;144507;3
72485091757;Stacey Johnson;Female;2017-10-12;Microbiologist;217578;2
85825732142;Marilyn Hill;Female;2007-05-25;Hospital pharmacist;616819;5
35354717000;Angela Adams;Male;2011-01-07;Location manager;124036;1
87406395487;Christina Decker;Male;2001-05-26;Primary school teacher;657860;3
68770697992;Jordan Harris;Male;2002-02-12;Pathologist;87670;2
10473467700;Janice Alvarado;Female;2010-03-09;Volunteer coordinator;495821;4
72324521740;Elizabeth Preston;Female;2011-06-22;Illustrator;136864;1
80876029320;Lori Anderson;Female;2010-03-28;Garment/textile technologist;978766;4
71607943573;Mrs. Annette Carpenter;Male;2015-02-03;Sales promotion account executive;245773;3
66639432304;William Vega;Female;2022-04-01;Speech and language therapist;149797;3
43879190835;Jennifer Dixon;Male;2000-07-22;Therapist, drama;927080;4
62314719877;Steven Williamson;Female;2010-01-09;Equality and diversity officer;421379;3
45724793221;Alex Price;Female;2017-12-10;Chartered accountant;391311;4
75684980459;Natalie Ramos;Male;2018-08-11;Environmental manager;405500;2
59366307009;Richard Knox;Male;2005-05-19;Regulatory affairs officer;458694;1
13904063802;Eric Martinez;Male;2009-09-12;Social worker;510006;5
73031754525;Darren Hicks;Male;2010-07-10;Engineer, aeronautical;211071;2
25985911868;Katelyn Romero;Female;2021-10-24;Herbalist;936527;5
97235195254;Linda Hickman;Male;2015-09-26;Designer, industrial/product;377503;5
84224656141;Christina Henry;Female;2003-08-22;Designer, exhibition/display;834927;2
48850995693;Amanda Williams;Female;2019-03-19;Engineer, land;819223;4
08520263062;Evelyn Parker;Female;2015-07-27;Designer, blown glass/stained glass;28569;1
34946605818;Jason Harper;Male;2007-08-25;Systems developer;782409;5
65172719419;Mr. Alexander Jones;Male;2002-12-02;Tree surgeon;330486;4
96410850671;Miss Alexandra Lara DVM;Male;2018-06-16;Facilities manager;558309;1
68573667572;Mark Dennis;Male;2012-03-08;Doctor, hospital;130145;5
42220026294;Raymond Collins;Male;2002-09-03;Animal technologist;344987;5
83880603939;Ryan Hernandez;Female;2021-09-03;Telecommunications researcher;321567;3
34541789362;Melanie Moran;Female;2012-02-04;Conservator, furniture;727137;1
33453796675;Matthew Burke;Female;2019-08-26;Financial trader;509761;3
96348502594;Kevin Munoz;Male;2001-04-06;Designer, television/film set;812907;3
11003357780;Michelle Oconnor;Male;2003-08-10;Patent examiner;545981;1
17796779130;Marilyn White;Female;2011-11-04;Herbalist;4540;3
18426412932;Alicia Harris;Male;2003-02-19;Orthoptist;764584;1
62802982231;David Baker;Male;2013-01-13;Exhibition designer;816265;0
27492646298;Jon Jackson;Male;2009-05-23;Academic librarian;18955;4
81407305339;Jeff Lewis;Male;2023-09-27;Health service manager;400451;4
82565693614;Bethany Johnson;Male;2002-08-25;Television production assistant;840245;0
96134595684;Thomas Douglas;Male;2004-05-21;Advertising copywriter;346888;1
50575434688;Kelly Carter;Male;2010-08-24;Osteopath;748006;1
04509027204;Jeremiah Garza;Female;2020-10-03;Professor Emeritus;257085;2
90927831858;Daniel Smith;Female;2018-12-18;Clothing/textile technologist;946313;1
65949449645;Alicia Patterson;Male;2020-04-22;Technical sales engineer;522500;4
86396802123;Jennifer Bennett;Male;2010-06-18;Primary school teacher;964774;2
05693968769;Margaret Johnson;Male;2006-10-25;Radiation protection practitioner;292271;2
63661525326;Debra Williams;Male;2015-11-18;Petroleum engineer;396857;0
29131841180;Mr. Dylan Nielsen PhD;Female;2023-08-17;Mining engineer;30364;4
83917318169;Corey Bailey;Female;2008-07-18;Personnel officer;390363;2
39110618575;Mr. Kenneth Houston;Male;2016-08-10;Geologist, engineering;832629;4
87901261625;Kristie Dixon;Male;2004-08-11;Furniture designer;291566;2
00218859277;Cynthia Perry;Female;2018-08-23;Surveyor, minerals;993655;5
77554063832;Jenna Lawrence;Female;2004-12-16;Lecturer, higher education;99495;1
00238300844;Barry Grant;Male;2020-03-08;Special educational needs teacher;725084;0
56731878238;Richard Jones;Male;2017-06-15;Probation officer;453569;2
17760062622;Brian Brady;Female;2002-05-19;Sub;601242;0
76948646149;Joseph Evans;Male;2020-09-02;Police officer;649668;0
53713056591;Stephen Singh;Female;2009-12-03;Estate manager/land agent;302727;5
37731383583;Heather Mann;Female;2006-07-10;Geophysical data processor;922182;3
08284185944;Derrick Gonzales;Female;2022-11-02;Operational investment banker;766578;5
11316426397;Billy Simmons;Female;2000-10-12;Optician, dispensing;671906;0
82885764106;Shannon Chavez;Male;2011-04-19;Research officer, trade union;43140;3
60323447819;Brent Robinson;Female;2005-12-20;Engineer, technical sales;581975;3
62998103934;Mrs. Denise Powell;Male;2023-01-21;Dietitian;424185;2
29703242390;Diana Jones;Female;2017-01-10;Engineer, agricultural;13261;2
72588960943;Amber Weaver;Female;2023-03-05;Higher education careers adviser;732995;4
49035337785;Brian Jackson;Female;2011-04-05;Applications developer;757803;1
43081919830;Steven Wells;Male;2021-06-21;Contracting civil engineer;101178;5
23946432301;Luis Bolton;Female;2011-06-11;Advertising account planner;102738;0
09680256486;Jo Boyer;Male;2002-12-17;Community development worker;650624;4
34429096960;Jason Smith;Female;2011-04-08;Programmer, multimedia;145522;4
90746836452;Danielle Randall;Male;2005-02-26;Broadcast presenter;609937;3
94633657948;Monica Newton;Female;2009-12-08;Television production assistant;697681;1
67079100489;Gina Lee;Female;2005-06-27;Engineer, land;626943;5
55770224137;Debra Ford;Female;2018-02-11;Presenter, broadcasting;714839;1
24601603080;Marvin Rose;Male;2017-09-16;Management consultant;920909;2
22030234329;Colleen Archer;Female;2020-11-27;Chiropodist;844983;1
84658012804;Sarah Lopez;Female;2000-01-10;Geneticist, molecular;10971;0
61844007755;Kerry Rodriguez;Male;2021-08-28;Scientist, water quality;442031;5
59865456358;Samantha Cook;Female;2021-08-17;Aeronautical engineer;301719;0
98283072025;Matthew Thomas;Male;2019-04-12;Music therapist;19212;3
40484626626;Stephanie Mack;Male;2006-01-11;Oceanographer;161150;0
00590866042;Gary Thomas;Male;2001-06-27;Secretary/administrator;85517;2
04489752574;Sierra Walker;Female;2009-04-16;Chief Financial Officer;894130;5
11922858112;Brett Henry;Female;2018-04-26;Editor, commissioning;769572;5
54815165145;Kathleen Smith;Male;2022-10-21;Armed forces technical officer;173770;0
35172348578;Mark Davis;Male;2000-06-26;Psychotherapist, child;54081;0
08937872914;Carrie Mclaughlin;Male;2011-05-23;Personnel officer;644867;5
68210917607;Amber Diaz;Female;2014-06-25;Hydrographic surveyor;542447;4
40622088953;Lindsey Smith;Male;2007-09-19;Youth worker;4226;4
72439434605;Debbie Castro;Male;2000-08-01;Osteopath;179818;2
62929093453;Bailey Chavez;Male;2009-09-22;Astronomer;670531;0
88235705501;Valerie Gay;Male;2002-08-08;Arts administrator;898570;4
91894460264;Eugene Mahoney DDS;Female;2006-09-02;Adult guidance worker;30874;0
82373739061;Marcus Huang;Female;2017-08-18;Therapist, drama;422152;3
35216246360;Holly Rodriguez;Male;2015-05-14;Recruitment consultant;655534;1
06604958776;Kim Stephenson;Female;2020-05-11;Pilot, airline;435669;3
07462561540;Joel Munoz;Male;2022-01-11;Patent attorney;855489;5
59030275301;Susan Murphy;Male;2015-04-21;Medical laboratory scientific officer;196379;0
34880376543;Lisa Rogers;Male;2012-10-15;Adult nurse;143849;3
41154627759;Michael Mueller;Female;2015-02-15;Writer;797425;4
32874842355;Dana Moore;Female;2008-10-14;Designer, furniture;786430;5
55756939946;Susan Williams;Female;2007-06-06;Psychologist, forensic;427113;4
22121636735;Ryan Jensen;Female;2021-02-10;Geologist, engineering;700304;2
44167008524;Thomas Mendoza;Female;2020-02-27;Sports coach;974710;3
86653941263;Tracy Williamson;Male;2003-03-02;Banker;757199;3
06276507070;Cassandra Mckinney;Female;2008-05-11;Learning mentor;935852;2
97099287076;Lisa Estrada;Female;2022-01-20;IT consultant;250513;2
24042293245;Sherry Flores;Male;2012-06-16;Accountant, chartered management;468360;3
92924021214;Sarah Thomas;Male;2017-10-21;Engineer, land;549923;1
73312713977;Johnny Rios;Female;2018-09-23;Medical illustrator;306322;1
50676914774;Austin Butler;Male;2013-12-15;Production designer, theatre/television/film;734140;3
29525986890;Stephanie Martinez;Male;2019-05-11;Production designer, theatre/television/film;772119;0
27287392236;Sydney Lowe;Female;2019-12-03;Training and development officer;537526;3
87856305353;Tracey Palmer;Female;2016-08-14;Customer service manager;549347;4
41321106657;Blake Hernandez;Female;2010-10-20;Civil engineer, consulting;655429;2
89634871375;Jennifer Rodriguez;Male;2013-07-01;Cartographer;515645;5
05313727915;Brittany Gonzales;Female;2017-11-20;Translator;884112;0
97884499957;April Price;Female;2003-10-12;Claims inspector/assessor;919000;1
72814577084;Brian Daniels;Female;2020-05-10;Chemist, analytical;323932;0
20842856687;Brett Johnson;Male;2004-08-27;Community arts worker;858719;1
86572829728;Suzanne Johnson;Female;2007-09-05;Jewellery designer;204580;5
31056680035;Samuel Martin;Male;2010-10-20;Psychotherapist, dance movement;560495;1
99880110639;Shannon Patterson;Male;2007-04-26;Financial planner;697863;1
19859677754;Connie Castro;Female;2023-06-14;Production assistant, radio;771955;4
63051911948;Michael Allen;Female;2020-11-04;Higher education careers adviser;416305;0
88209303550;Mark Mcdonald;Female;2018-09-10;Drilling engineer;722065;1
72497341120;Elizabeth Evans;Female;2021-10-07;Commercial art gallery manager;615107;3
21117595664;Andrea Davis;Male;2014-03-27;Engineer, land;580641;3
85296565884;Kent Blair;Female;2019-03-20;Solicitor, Scotland;281011;0
12843824235;Barbara Medina;Female;2009-05-07;Community education officer;626841;5
23808984201;Carmen Davis;Female;2005-10-16;Public house manager;603079;0
04732170366;Courtney Taylor;Female;2018-05-13;Social research officer, government;875029;0
91071368940;Clayton Benson;Female;2007-09-03;Personal assistant;24167;4
00472311321;Craig Spencer;Male;2005-03-07;Patent examiner;273317;4
21644323830;Amy Matthews;Female;2003-02-06;Horticulturist, amenity;554061;3
67515939716;Joshua Johnson;Female;2017-03-07;Analytical chemist;615299;1
49752156293;Samantha Johnson;Male;2010-10-09;Estate manager/land agent;163274;5
47464881243;Cameron Alvarez;Male;2006-11-27;Aid worker;825683;5
72371870428;Rachael Braun;Female;2012-11-27;Investment banker, operational;975100;0
64301489972;Jennifer Gibson;Female;2018-06-11;English as a second language teacher;89996;3
52163152319;Trevor Hall;Female;2019-08-05;Teacher, secondary school;87751;5
61955580369;William Fleming;Male;2011-06-17;Community education officer;506539;0
06607318496;Roger Black;Female;2009-12-19;Lecturer, higher education;620495;2
92455677908;Edward Rogers;Male;2002-12-19;Ecologist;491216;1
14637794942;Kathryn Osborne;Male;2006-08-27;Psychotherapist;908333;4
27228479096;Susan Johnson;Female;2021-07-01;Health and safety inspector;920739;1
21018083808;Rodney Jensen;Male;2006-09-05;Solicitor;667275;4
95772828458;Kimberly Hunter;Male;2015-10-16;Seismic interpreter;38302;3
40884793165;Mr. Robert Clark;Male;2020-06-19;Phytotherapist;830582;4
29667183894;Michael Newman;Male;2022-07-13;Surveyor, minerals;17064;4
02148861428;Christine Fields;Female;2022-06-25;Product/process development scientist;548785;1
99615243361;Maria Brown;Male;2004-07-05;Charity officer;348384;4
11755316364;Antonio Brown;Female;2011-07-28;Oceanographer;805384;4
91839729932;Erin Bartlett;Female;2010-03-11;Multimedia programmer;515774;3
37739792606;Charles Davis;Female;2008-11-13;Lecturer, higher education;351337;5
51499487788;Katherine Hopkins;Male;2000-12-17;Conference centre manager;634559;3
58270110048;Daniel Gonzalez;Female;2017-05-08;Health and safety adviser;405019;0
03103847854;Taylor Warren;Male;2006-01-15;Public librarian;765485;5
99277576704;Ashley Smith;Male;2004-12-25;Visual merchandiser;285568;4
39654960412;Kathryn Lee;Female;2003-08-15;Metallurgist;278411;4
59864676174;Frank Shaffer;Male;2001-04-22;Teacher, English as a foreign language;212835;4
21437295279;Craig Cruz;Female;2010-09-25;Ecologist;336706;2
25179683361;Charles Edwards;Female;2015-06-28;Volunteer coordinator;884297;4
18257315801;Brenda Dickson;Female;2002-03-27;Fish farm manager;619236;2
70001375548;Roy Crawford;Female;2008-05-04;Hospital doctor;532043;1
66648528806;Sandra Ramos;Male;2016-12-18;Counsellor;159670;1
32151278742;Darrell Warren;Female;2001-01-21;Diplomatic Services operational officer;376412;0
73832767884;Karen Allison;Male;2016-12-22;Trade union research officer;771845;4
26640555018;Eric Taylor;Female;2011-05-05;Oncologist;327823;3
21113639499;Peter Hancock;Female;2005-06-23;Holiday representative;316144;3
90187895064;Paul Jones;Male;2001-02-09;Fast food restaurant manager;556968;1
70964077235;Cristian Pacheco;Male;2018-09-14;International aid/development worker;477639;5
46995927574;Jamie Howard;Male;2021-07-21;Advertising account planner;598469;0
04250139998;Marilyn Brown;Male;2013-12-06;Social research officer, government;483956;5
75319736565;Emily Shields;Female;2015-06-16;Adult guidance worker;744737;3
65395549866;Pedro Hall;Male;2017-12-01;Financial adviser;328259;0
32636222669;Joshua Moreno;Female;2011-06-14;Operational researcher;500186;3
90339949510;Maria Welch;Female;2006-02-10;Hydrogeologist;282250;1
93364906074;Catherine Rowe;Female;2020-12-13;Public librarian;671566;0
63207415727;Timothy Ball;Male;2020-09-21;Technical brewer;541955;3
35930820634;Pamela Dodson;Male;2018-01-13;Advertising copywriter;567112;0
76178188539;Brandon Smith;Female;2003-06-06;Housing manager/officer;721517;1
22832709704;Matthew Garcia;Male;2009-06-10;Advertising account planner;754699;5
34162884495;Jeremiah Best;Male;2010-10-05;Best boy;780378;4
07538915643;Danielle Romero;Male;2012-09-20;Adult guidance worker;897334;2
46281137572;Misty Howell;Female;2007-08-19;Paramedic;963974;3
08653468468;Justin Wallace;Female;2007-06-07;Presenter, broadcasting;434930;2
17923011987;Regina Proctor;Female;2019-02-12;IT technical support officer;780546;5
12536213806;Julie Harding;Male;2007-03-20;Tour manager;254431;4
67752925596;Becky Sexton;Male;2000-10-16;Intelligence analyst;890686;0
50509630940;Dana Holland;Female;2015-02-28;Planning and development surveyor;552663;1
07083650751;Jessica Dean;Female;2004-08-19;Haematologist;434371;2
60584872394;Dawn Smith;Male;2020-03-14;Armed forces logistics/support/administrative officer;551548;3
99170350313;Danielle Gomez;Female;2017-01-22;Warden/ranger;584730;3
71882438413;John Thompson;Male;2022-02-06;Music therapist;428210;2
21566671642;Trevor Ware;Female;2023-03-04;Scientist, marine;250804;5
06968032452;Luis Diaz;Male;2003-07-01;Tourism officer;260205;5
23653677889;Erik Andersen;Male;2014-04-24;Management consultant;446880;5
95217658609;Connie Tucker;Male;2022-07-01;Quarry manager;944187;0
55757531083;John Thomas;Male;2014-04-20;Producer, radio;427374;3
25763553143;Keith Blankenship;Female;2002-02-09;Scientist, research (maths);767376;1
03263199611;Randy Mckinney;Male;2022-05-01;Lecturer, further education;733008;3
37964505937;Erika Frazier MD;Female;2005-09-05;Scientist, product/process development;934890;3
09367289910;Alexis Martinez;Male;2001-09-15;Administrator, education;153967;1
42584014531;Anna Hodge;Female;2005-06-01;Editor, magazine features;649631;5
31912077880;Tonya Tyler;Female;2009-04-19;Research officer, government;441839;1
35665096482;Vincent Davis;Male;2004-01-24;Engineer, civil (contracting);510206;3
30947598264;Alexander Abbott;Male;2015-12-02;Printmaker;980391;4
87773175773;Joseph Travis;Female;2009-09-15;Psychiatric nurse;12931;1
68007262129;Morgan Morales;Female;2021-10-15;Bookseller;222457;5
10212701069;Miss Margaret Taylor;Male;2017-03-15;Public relations officer;517670;2
08535368991;Billy Daniels;Male;2023-10-19;Garment/textile technologist;559275;1
34769795688;Candace Welch;Male;2014-11-18;Press photographer;165417;3
48626638005;James Jackson;Female;2008-08-07;Television production assistant;49582;4
97281401769;Jennifer Lopez;Male;2013-01-20;Research scientist (medical);235385;5
73357816465;Anne Robinson;Male;2002-09-04;Advertising art director;994348;1
25412779000;Rebecca Thomas;Female;2017-04-16;Geographical information systems officer;651966;0
95051250552;Christy Wagner;Male;2013-11-11;Engineer, energy;76936;0
71900351429;Nancy Gray;Female;2017-12-22;Theatre director;990190;4
50873430543;Jennifer Peck;Male;2004-11-05;Clinical scientist, histocompatibility and immunogenetics;34573;5
33983048547;Alyssa Christensen;Female;2017-07-16;Clinical scientist, histocompatibility and immunogenetics;478658;1
81143274400;Michele Moore;Male;2011-12-02;Accountant, chartered;641903;4
00967132244;Joseph Good;Male;2017-12-11;Geophysicist/field seismologist;942021;0
67364366393;Megan Patterson;Female;2001-01-25;Agricultural engineer;440206;5
73739972198;Angela Henderson;Female;2014-01-25;Estate agent;388747;4
08265029612;Alex Hughes;Female;2017-02-23;Tourism officer;218407;0
86020901495;Kyle Bird;Male;2001-09-11;Curator;923667;5
23439835238;Christina Russell;Female;2016-04-13;Environmental consultant;70295;2
35481476066;Roy Potter;Male;2016-05-19;Armed forces logistics/support/administrative officer;483725;1
29958637289;Robert Rivera;Female;2013-01-11;Banker;413605;4
98391726863;Michael Joyce;Male;2020-12-20;Clothing/textile technologist;767555;2
02253382969;Angel Moore;Female;2003-10-09;Engineer, mining;580545;4
40834740881;Christopher Gordon;Male;2010-11-28;Charity fundraiser;401449;5
99224616992;Mallory Porter;Male;2009-02-20;Engineer, maintenance (IT);843535;0
53854714225;Matthew Smith;Female;2004-09-11;Technical sales engineer;535785;1
57711364507;Omar Mcdaniel;Male;2010-06-15;Surveyor, minerals;186970;5
65260504437;Mark Watson;Male;2000-09-24;Media buyer;489763;4
76589820603;Katie Warren;Male;2004-11-17;Tourism officer;444215;0
85880566717;Richard Howard;Male;2012-08-21;Fine artist;549358;0
85102647946;Charles Ramirez;Male;2021-03-02;Engineer, manufacturing systems;361270;5
53985450829;Daniel Wilkins;Female;2006-06-04;Special educational needs teacher;568013;3
79150970975;Alisha Cooke;Male;2022-05-15;Chartered legal executive (England and Wales);958916;3
87210719635;Maria Sandoval;Female;2005-09-18;Gaffer;642318;1
61967264534;William Carrillo;Male;2021-08-16;Town planner;755718;5
34841863838;Adrian Lopez;Female;2017-12-22;Exhibitions officer, museum/gallery;425667;4
68209036738;Cynthia Scott;Male;2008-08-12;Journalist, broadcasting;201541;5
79383269086;Susan Smith;Female;2021-12-19;Solicitor;854712;0
22304873258;Mrs. Nancy Garrett;Male;2011-05-02;Psychologist, forensic;76862;1
37442435961;Melanie Shields;Female;2000-06-15;Customer service manager;492682;4
05678352380;Jonathan Thomas;Female;2016-07-14;Multimedia programmer;443940;2
13871412853;Mrs. Amanda Gibson MD;Female;2023-04-23;Medical secretary;470428;3
84002742251;Ryan Campbell;Female;2011-02-28;Surveyor, mining;58684;0
48862288105;Adrienne Baker;Male;2006-02-20;Teacher, English as a foreign language;799951;1
74632336050;Melissa Rios;Female;2015-07-25;Science writer;61470;2
32878402379;Amy Mejia;Female;2021-07-06;Physiological scientist;885369;4
73939428038;Brandon Black;Male;2018-02-02;Engineer, agricultural;160065;2
06875650507;Loretta Frank;Male;2018-10-19;Publishing copy;267285;1
73248386178;Jamie Greene;Female;2019-08-23;Further education lecturer;592972;1
29539424837;David Wright;Female;2013-12-19;Therapeutic radiographer;394501;5
70030471448;Katie Garcia;Male;2020-10-18;Stage manager;224699;0
25345373557;Peter Parsons;Female;2017-06-12;Bonds trader;630498;4
79931730496;Susan Moody;Female;2022-09-12;Estate manager/land agent;863574;5
15118161312;Rebecca Mcmillan;Female;2006-03-14;Accountant, chartered public finance;796996;1
27378197456;Holly Hawkins;Male;2000-11-12;Call centre manager;392176;2
92041095885;Colleen Garcia;Male;2014-06-02;Insurance account manager;571642;3
93232464129;Christopher Madden;Male;2007-01-08;Teaching laboratory technician;482479;5
62903269528;Joseph Baker;Female;2006-01-21;Research officer, government;742677;1
84800411832;James Diaz;Male;2001-09-06;Herpetologist;682965;4
65139528661;Christopher Johnson;Male;2014-11-05;Chemist, analytical;280783;4
62265440833;Alexis Patterson;Male;2015-02-08;Civil engineer, contracting;80439;1
58788913569;Sandra Dillon;Female;2015-02-23;Insurance account manager;375697;2
67885575906;Leah Anderson;Female;2000-12-09;Investment banker, corporate;745900;4
87358532045;Sarah Hughes;Female;2020-12-12;Event organiser;150186;2
50064971734;Tyler Schneider;Male;2021-08-06;Occupational hygienist;2368;4
67121030571;Jorge Mann;Female;2006-03-10;Conference centre manager;64731;5
42521392074;Charles Fowler;Male;2000-01-10;Ergonomist;626197;4
03665528050;Elizabeth Taylor;Female;2014-01-13;Surveyor, insurance;895782;0
15034328899;Amanda Cruz;Male;2021-11-22;Fitness centre manager;172864;5
81399243366;Carl Knight;Female;2012-10-22;Meteorologist;260946;3
42230271317;Kevin Walker;Female;2007-09-03;Manufacturing engineer;676616;5
02986034242;Darlene Williams;Male;2012-09-19;Investment banker, operational;471669;2
61109005657;Courtney Lawson;Female;2013-01-10;TEFL teacher;150135;4
14150023945;Maureen Williams;Female;2018-10-17;Chemical engineer;930014;3
15603363195;Bonnie Garcia;Female;2007-08-22;Seismic interpreter;345318;2
83577850753;Donna Davis;Female;2021-03-08;Licensed conveyancer;262478;5
30782853374;Tara Montgomery MD;Female;2020-10-07;Science writer;19228;2
21078768451;Robin Stevens;Male;2022-04-16;Press sub;473315;2
75459236251;Andrew Jensen;Female;2005-04-18;Accountant, chartered public finance;467333;2
19621374071;Connor Grant;Male;2020-12-09;Volunteer coordinator;556105;4
79742053738;Tracy Torres;Male;2000-09-01;Investment analyst;907644;3
76098012447;Michael Jenkins;Female;2000-09-17;Marine scientist;259200;0
09359760757;Janet Montoya;Male;2018-06-04;Surveyor, quantity;996461;4
93754119178;Angela Williams;Male;2012-06-26;Biomedical scientist;901065;0
20233924252;Monique Johnson;Male;2009-12-17;Administrator, Civil Service;557571;0
87017011397;Joann Patterson;Female;2011-06-07;Commercial art gallery manager;825232;3
75320893686;Walter Tate;Female;2006-11-28;Horticultural therapist;247340;1
35841824286;David Olson;Female;2006-09-25;Conservation officer, historic buildings;715735;5
83650653552;Adrian Fernandez;Male;2021-03-12;Administrator, local government;562063;1
68370259339;Michele Green;Female;2011-03-15;Forensic scientist;790009;3
15434748446;Bradley West;Male;2017-01-06;Broadcast engineer;736224;2
31407084092;Jeffery James;Male;2012-10-19;Lobbyist;60503;2
20459451779;Sheila Miller;Female;2005-06-27;Broadcast presenter;646610;1
03757931218;Richard Conrad;Male;2018-06-05;Quarry manager;61467;1
64137422672;Dr. Deborah Elliott;Male;2020-03-10;Sales executive;943663;1
22025420116;Miguel Sherman;Female;2010-10-14;Purchasing manager;552004;4
99227141181;Nicole Jackson;Female;2008-01-12;Ship broker;827007;5
04233129514;Jessica Collins;Male;2007-05-06;Nutritional therapist;914601;5
61489798986;Kevin Davis;Male;2006-07-15;Visual merchandiser;972907;3
02291393469;Kimberly Miller;Male;2022-03-24;Tourism officer;482211;0
57066687333;Steven Larsen;Male;2013-05-27;Airline pilot;524389;5
23914842386;Sheila Gutierrez;Female;2000-08-08;Producer, television/film/video;641035;0
64407100234;James Curtis;Female;2004-02-23;Nurse, learning disability;865394;1
55914646415;Amy Ramirez;Female;2019-09-08;Copy;704755;2
65890678947;Justin Barnes;Female;2003-08-16;Manufacturing engineer;304487;0
72804664476;Samantha Davila;Female;2013-05-01;Tax inspector;655502;1
29320140164;Joshua James;Female;2005-06-22;Management consultant;710812;0
19604102958;Brian Fuller;Female;2022-07-12;Exhibition designer;698095;1
49322832394;Matthew Juarez;Male;2007-04-08;Production assistant, radio;422504;0
07633498068;April Rodriguez;Male;2001-11-01;Trading standards officer;561750;4
15428163529;Miguel Clayton;Male;2016-01-27;Lighting technician, broadcasting/film/video;358215;1
46279674000;Mrs. Kimberly Bailey;Female;2020-03-07;Clinical scientist, histocompatibility and immunogenetics;670688;4
64825563125;George Carter;Female;2001-03-21;Programme researcher, broadcasting/film/video;435051;2
75676780208;Andrea Johnson;Male;2003-02-18;Call centre manager;104075;5
45824599723;Natasha Wallace;Male;2006-02-22;Firefighter;762115;5
12916961737;Kenneth Davidson;Male;2012-10-28;Jewellery designer;307869;1
47461992576;Thomas Sanders;Female;2022-02-07;Paediatric nurse;966138;0
10366930194;Lindsey Perez;Male;2021-02-23;IT consultant;35990;4
45648517217;Megan Cook;Female;2002-01-27;Embryologist, clinical;709357;2
54575701715;Anthony Archer;Female;2013-01-14;Designer, ceramics/pottery;391824;0
62928702208;Jessica Baker;Female;2018-10-05;Data processing manager;893813;5
84045630107;Anthony Humphrey;Male;2019-12-22;Research officer, political party;321517;0
86684599926;David Jacobs;Male;2014-12-08;Engineer, agricultural;939890;3
87557021006;Jonathan Huff;Male;2000-12-20;Medical laboratory scientific officer;251214;5
28704106655;John Quinn;Male;2013-11-15;Administrator;368147;0
93552593699;Jennifer Miller;Male;2014-01-12;Meteorologist;424900;5
18390815809;Nicholas Perry;Male;2010-02-10;Civil engineer, consulting;761718;5
08989395514;Elizabeth Hendrix;Female;2000-12-22;IT sales professional;502357;0
22541557419;Sarah Davis;Female;2019-01-04;Air traffic controller;803880;4
26909604655;Jeffrey Shaw;Female;2014-08-22;Journalist, newspaper;486356;4
74598140924;Jeremy Barr;Female;2020-12-24;Politician's assistant;604945;2
33304319702;Melissa Anderson;Male;2018-06-18;Prison officer;690136;3
11502220291;Angelica Pratt;Female;2017-07-21;Geologist, engineering;8355;4
44226821973;Elizabeth Gibbs;Female;2014-12-16;Chartered certified accountant;258040;3
39192297913;Cindy Miller;Female;2001-01-06;Quarry manager;262688;3
18127443847;Melissa Mora;Female;2006-04-16;Television camera operator;920047;5
02232973714;Mary Edwards;Male;2022-06-18;Tour manager;763492;2
39382309907;Anne Hoffman;Female;2019-10-02;Sports development officer;110253;0
41282534535;Robin Austin;Female;2017-12-03;Publishing copy;76678;4
27507086040;Kyle Sanchez;Male;2006-05-24;Engineer, site;790528;2
96140913846;Michael Garcia;Male;2009-09-12;Scientist, research (life sciences);570075;3
40923877456;Melissa Gonzalez;Male;2003-09-02;Clothing/textile technologist;243199;0
40750282052;William Jackson;Male;2002-09-07;Clinical biochemist;65296;0
06101746361;Matthew Davis;Female;2009-11-19;Chartered certified accountant;788462;2
98255592065;Emma Wood;Male;2004-03-26;Oceanographer;513549;2
90138438867;James Mccullough;Female;2016-11-27;Information officer;434915;1
67890982514;Krista Preston;Male;2015-06-22;Product manager;535379;0
37444360730;Gail Cox;Female;2002-08-09;Trade mark attorney;369109;2
37102082432;Jacqueline Barnes;Male;2020-03-27;Trade union research officer;783751;3
43059805792;Elizabeth Baker;Male;2011-10-13;Arboriculturist;398685;1
17250392646;Matthew Jackson;Male;2018-01-10;Recycling officer;934942;1
23535832547;Jennifer Hart;Female;2010-12-04;Engineer, petroleum;745829;5
16357482779;Erin Beck;Female;2004-08-12;Higher education careers adviser;978292;5
59766551894;Laura Wilkins;Male;2001-06-20;Armed forces operational officer;952350;0
87276354724;Judy Hicks;Male;2002-04-15;Sports administrator;552167;1
53177211977;Maria Potts;Female;2013-04-01;Graphic designer;528846;5
81389691337;Stacy Anderson;Male;2004-09-03;Scientist, research (medical);637892;1
10377782055;Terrence Brown;Female;2014-10-18;Training and development officer;612268;0
16724885227;Alexander Larsen;Female;2008-11-04;Museum/gallery curator;321111;2
43375106259;Michael Mueller;Male;2002-01-12;Best boy;586499;0
14231971044;Stephen Smith DVM;Male;2007-11-26;Engineer, building services;25050;5
62954165862;Jonathan Wallace;Female;2013-05-17;Translator;213913;2
92948663397;Carla Lyons;Male;2006-12-01;Quantity surveyor;263578;5
15936033529;Robert Baker;Female;2017-06-10;Planning and development surveyor;139290;5
10469256849;Spencer Gordon;Male;2015-07-09;Engineer, energy;466226;1
39542452453;Richard Powell;Male;2022-06-21;Clinical psychologist;714921;3
66610374218;Maria Smith;Female;2005-04-19;Nurse, learning disability;618664;3
88078168396;Stephanie Clark;Female;2005-01-18;Sub;364177;5
04901320216;Tina Bean;Female;2004-08-13;Armed forces logistics/support/administrative officer;946563;4
23494891725;Shawn Carter;Male;2005-01-10;Engineer, water;947139;0
57760767414;Tony Phelps;Female;2006-06-11;Paramedic;510289;4
77615331322;Kelly Kline;Male;2001-06-15;Psychologist, educational;747482;0
04881478398;Mrs. Elizabeth Reed DVM;Male;2022-06-17;Sound technician, broadcasting/film/video;68084;4
42633281601;Michael Michael;Male;2004-11-24;Chartered certified accountant;225204;5
27989467825;Mark Donaldson;Female;2013-01-03;Chemical engineer;640232;0
21177336401;Rhonda Lane;Male;2023-04-14;Planning and development surveyor;140470;4
32331830838;Lauren Johnson;Female;2001-09-03;Chief of Staff;858067;4
89019526714;Edward Zavala;Female;2020-07-14;Technical author;649947;2
68557640298;Kristine Clark;Male;2015-10-07;Engineer, building services;724944;5
73614622683;Veronica Jackson;Female;2005-12-28;Teacher, adult education;848849;4
65359202959;Christopher Mcguire;Male;2013-04-17;Sales professional, IT;817951;3
47618469519;Rachel Stephens;Female;2012-02-28;Diplomatic Services operational officer;272861;4
95907076488;Kristen Ramirez;Male;2018-07-06;Accountant, chartered;670730;0
29162607288;Robert Tran;Male;2008-03-18;Economist;212027;4
63582777894;Ashley Olsen;Male;2015-06-19;Financial manager;24496;5
92136628528;Cindy Ferguson;Male;2008-08-11;Water quality scientist;174562;4
53647389465;Joseph Smith;Male;2002-07-23;Armed forces operational officer;687210;4
98506807951;Todd Manning;Female;2018-06-01;Meteorologist;188241;2
57623472347;Stacy Butler;Female;2017-10-20;Building services engineer;267047;1
87793781225;Kristen Nguyen;Female;2015-05-27;Environmental manager;853321;5
64579168311;Danielle Bauer;Male;2018-04-14;Civil Service administrator;202162;4
22384025979;Justin Pierce;Female;2006-01-08;Therapist, occupational;786076;1
10156645955;Lauren Snyder;Male;2014-03-13;Print production planner;600620;2
76962298622;Derek Webster;Male;2006-05-03;Therapist, occupational;874635;5
25583460830;Ian Huynh;Female;2015-01-06;Office manager;13606;3
73433061078;Joseph Rose;Male;2016-06-21;Quality manager;711777;1
05347641332;Brittany Smith;Female;2013-04-10;Engineer, energy;630199;5
44574034550;Darin Franklin;Male;2001-10-22;Arts development officer;742816;3
27079068745;Maria George;Female;2023-11-09;Pharmacist, hospital;813201;4
09578614851;Andrew Cole;Male;2012-04-18;Therapeutic radiographer;655689;4
52168473340;Bianca Carter;Female;2020-11-19;Education officer, museum;533125;4
99173474100;Cody Jones;Female;2023-09-05;Gaffer;46615;1
16687707462;Nina Cox;Male;2011-08-20;Industrial buyer;45211;1
63431584563;Sara Kent;Male;2013-09-11;Public house manager;96722;4
90310031615;Jenna Bowen;Male;2020-09-26;Radio producer;47567;0
97616711072;Jason Roberts;Female;2006-07-08;Environmental education officer;559746;1
77259545706;Nancy Wall;Female;2007-06-05;Therapist, nutritional;12481;3
88800319915;Heather Roberts;Male;2022-01-25;Sports administrator;902039;3
29346260806;Alexa Peterson;Female;2016-10-05;Office manager;44138;3
23125490089;Patricia Williams;Male;2009-01-08;Aid worker;513151;2
23853931496;Marcus Ross;Male;2013-12-09;Food technologist;953138;4
76756705611;Andre White;Male;2014-06-13;Engineer, electrical;258034;0
68808818139;Nicholas King;Male;2004-10-15;Adult nurse;826667;3
24641289116;Stephanie Brown;Female;2012-10-14;Estate agent;174567;4
64032600358;James Mitchell;Female;2004-03-17;Petroleum engineer;974991;4
04057532132;Kelly Gray;Male;2020-10-27;Engineer, water;853497;2
86090625308;Dr. Alexandra Fry;Female;2014-01-24;Product designer;232980;1
38182499258;Meghan Lucero;Female;2011-04-11;Sports administrator;551810;3
55059851897;Sandra Wallace;Male;2021-10-11;Medical laboratory scientific officer;897184;3
65679462129;Samantha Clark;Female;2002-08-24;Records manager;103408;1
79027046034;Austin Henry;Female;2006-07-15;Database administrator;845857;4
47760726153;Dr. Andrew Armstrong;Male;2012-09-21;Stage manager;301990;2
12197513859;Kevin Powell;Male;2021-07-04;Secretary, company;237111;1
17651108085;Steven Gibson;Male;2020-05-15;IT technical support officer;565273;0
99148242597;Laura Brown;Male;2001-01-28;Production assistant, radio;163738;4
15528060400;Rachel Simpson;Female;2015-09-23;Geologist, engineering;188208;1
27459775698;Crystal Schneider;Male;2011-07-25;Ophthalmologist;685173;0
89926929060;Daniel Zhang;Female;2020-03-17;Bookseller;918084;3
99855459993;Dr. Shari James;Male;2002-11-04;Occupational psychologist;71244;1
63685047793;Dr. Omar Bennett MD;Male;2004-08-01;Intelligence analyst;773828;2
67391842789;Dawn Smith;Female;2019-05-09;Psychiatrist;570459;2
35219054267;John Pollard;Female;2021-11-28;Emergency planning/management officer;699368;4
12802577051;Kevin Flores;Female;2006-01-10;Surveyor, minerals;756607;3
78166248947;Hannah Green;Female;2017-11-06;Medical technical officer;692356;2
41119160988;Brooke Carter;Male;2009-03-03;Loss adjuster, chartered;585572;1
30165074811;Megan Carrillo;Male;2002-07-06;Clothing/textile technologist;595600;1
35405500861;Carolyn Carrillo;Male;2022-06-16;Engineer, biomedical;470488;0
42757276111;Mrs. Andrea Green;Female;2006-09-26;Hydrogeologist;202537;5
80432260607;Paul Johnson;Male;2012-05-23;Surveyor, building control;718910;1
50616336292;Gregory Manning;Male;2006-09-18;Garment/textile technologist;558988;0
90044165725;Travis Brewer;Male;2001-09-23;Tree surgeon;68054;0
50615028286;Kelly Hess;Male;2021-06-07;Commissioning editor;834064;3
95873879883;Austin Lee;Male;2007-02-04;Legal secretary;524233;0
31801254763;Erin Becker;Female;2004-11-27;Occupational psychologist;174050;5
13667062098;John Barton;Male;2023-11-19;Physiotherapist;311286;5
81253551537;Tammy Hernandez;Male;2011-11-05;Diplomatic Services operational officer;855422;3
77751167113;Dr. Allison Gilbert;Female;2017-12-21;Scientist, research (physical sciences);115507;4
95517305543;Jeffrey Nelson;Female;2009-09-14;Research scientist (maths);448647;4
68365015332;Stephanie Harris;Female;2001-07-18;Regulatory affairs officer;386428;0
85130451812;Aaron Herman;Female;2011-08-06;Insurance account manager;861253;2
47385141370;Grace Blair;Female;2003-01-01;Psychotherapist, dance movement;988430;1
40703194528;Shaun Jackson;Male;2000-08-19;Herpetologist;30567;1
68233503917;Scott Burke;Female;2019-03-08;Careers adviser;491174;4
90085346999;Tammy Benson;Male;2023-05-16;Osteopath;304686;4
12210444444;Deanna Ramirez;Female;2003-07-12;Scientist, biomedical;68093;5
89344253495;Keith Fox;Female;2002-10-25;Primary school teacher;899998;3
99009511010;Bryan Rogers;Male;2023-11-18;Telecommunications researcher;227237;3
88851990976;Amanda Shaffer;Male;2019-01-20;Tourism officer;811243;4
03977299883;Caitlyn Morris;Male;2005-08-15;Multimedia programmer;204684;4
11239695378;Juan Wise;Female;2010-03-13;Engineer, structural;351159;3
17903038009;Anna Hernandez;Female;2012-08-26;Purchasing manager;636284;0
38974483647;Traci Jenkins;Male;2023-12-28;Dentist;103763;5
90788908454;Tyler Valencia;Male;2001-04-16;Nature conservation officer;853432;3
80843505601;Robin Hernandez;Male;2020-02-22;Geochemist;131004;0
17980934350;Jacob Smith;Male;2017-12-07;Photographer;252213;5
40085428312;Daniel Hudson;Female;2003-06-11;Conference centre manager;181413;1
61547481852;Jeffrey Lee;Male;2023-10-10;Lawyer;554281;0
49387484177;Jordan Butler;Male;2000-10-21;Podiatrist;304539;0
96848833064;Julia Jensen;Female;2001-08-25;Teacher, adult education;392406;2
26901091018;Chloe Arnold;Female;2018-03-14;Facilities manager;37953;5
39410365786;Timothy Pitts;Female;2017-12-26;Chemist, analytical;230099;2
82932547374;Jack Tran;Male;2009-04-05;Television floor manager;804920;3
00531462995;Michael Mccall;Male;2022-06-28;Oceanographer;688675;4
16557233814;Megan Smith;Female;2013-06-20;Therapist, sports;582504;3
74926607224;Dave Johnson;Male;2008-10-20;Therapist, horticultural;975739;3
08976041666;Crystal Ross;Female;2021-06-07;Dance movement psychotherapist;392238;5
42012860150;Maureen Hester;Female;2014-05-26;Trade mark attorney;402114;2
50730798306;Deborah Nelson;Male;2014-01-16;Doctor, general practice;962118;4
63023191535;Rebecca Woodard;Male;2001-01-07;Technical author;618709;3
69514655535;Erika Allen;Male;2016-12-25;Fine artist;198705;5
85674322145;Rachel Stewart;Female;2000-07-06;Purchasing manager;915042;2
39761370743;April Castro;Male;2015-03-10;Network engineer;952307;3
58983596371;Kenneth Martinez;Female;2009-11-26;Charity officer;19397;3
92539847860;Darryl Rogers;Female;2022-12-16;Exercise physiologist;964895;5
23219344075;Lee Ramsey;Male;2000-10-20;Chartered public finance accountant;98360;5
56695672131;Cameron Davis;Male;2011-11-12;Make;718121;0
60524543737;Linda Tran;Female;2012-07-27;Secretary/administrator;375043;5
74950769194;Aaron Atkinson;Male;2005-01-22;Press photographer;586654;5
39965019051;Catherine Fry;Female;2010-06-16;Engineer, chemical;852492;0
17423176813;Nicole Perry;Male;2003-09-22;Musician;82817;3
09947799181;Ryan Reed;Male;2010-07-18;Buyer, industrial;69315;5
76754322889;Gabrielle Patterson;Male;2022-02-02;Retail manager;377031;1
95316812253;Laura Blanchard;Male;2021-05-11;Magazine journalist;780952;1
74610920615;Brandon Lara;Male;2003-07-27;Technical sales engineer;313976;2
65683672618;Mike Ibarra;Female;2016-03-20;Metallurgist;472913;1
67094965161;Spencer Santos;Male;2018-05-15;Production assistant, radio;844426;5
47527687785;David Phelps;Female;2006-12-23;Customer service manager;14679;2
68604110842;Brooke Lowe;Male;2003-01-08;IT trainer;963210;1
81342400774;John Clark;Female;2015-05-28;Systems analyst;183094;0
75543393276;Johnny Nunez;Male;2016-08-13;Multimedia specialist;784568;0
40010130478;Michael Vasquez;Female;2006-12-21;Administrator, local government;698851;0
89091469660;Corey Beck;Male;2008-03-01;Chief Financial Officer;220011;1
47857049544;Jordan Kelly;Male;2001-12-01;Oceanographer;937088;3
88928880145;Ebony White;Male;2019-02-07;Ergonomist;789074;4
88102825710;Jonathan Howard;Male;2002-07-20;Child psychotherapist;789134;0
97968102106;William Alexander;Female;2001-02-09;Medical physicist;214810;4
75111192100;Kylie Brown;Female;2014-04-17;Associate Professor;319202;0
73274821139;Martin Perez;Male;2022-03-12;Regulatory affairs officer;85833;3
39165427831;Michael Huang;Female;2002-04-02;Wellsite geologist;288119;5
75998590165;Andrew Brown;Male;2017-08-21;Magazine journalist;16271;3
22389714518;George Mclaughlin;Female;2010-11-25;Outdoor activities/education manager;425011;0
30450050124;Linda Wilson;Male;2013-11-24;Advertising art director;743672;3
83664007239;Cheryl Villegas;Male;2020-12-12;Proofreader;5140;5
86292048531;Cheryl Barnett;Female;2000-01-07;Land;900069;2
69205149317;Kristen Cook;Female;2014-01-06;Ophthalmologist;965577;3
01135906122;Angela Stokes;Female;2008-07-14;Psychotherapist;998945;2
66889173045;Joshua Knapp;Male;2013-05-03;Lawyer;719710;1
41547904764;Curtis Underwood;Female;2015-05-05;Retail banker;361923;5
62121581128;William Stephens;Female;2007-11-12;Music therapist;956582;3
39764217891;Laura Medina;Female;2020-12-05;Occupational psychologist;627768;0
78467840265;Andrew Davidson;Female;2003-08-19;Cabin crew;14892;4
74749587962;Sarah Curtis;Female;2007-07-27;Health physicist;258430;1
61604880130;Jonathan Cortez;Female;2021-05-17;Mining engineer;286898;1
54806179978;Jessica Jacobs;Female;2017-04-05;Health and safety adviser;525500;4
93656773730;Samantha Acosta;Male;2019-02-24;Statistician;232843;1
58915998471;Amanda Eaton;Male;2020-11-08;Journalist, magazine;184893;4
64541216044;Rebekah Elliott;Female;2023-01-16;Toxicologist;417828;1
88653021093;Tiffany Liu;Male;2013-02-28;Librarian, public;790452;1
89175024865;Mrs. Jenna Poole;Female;2003-03-14;Editor, film/video;535681;4
74480406469;Brooke Vasquez;Female;2009-08-06;Politician's assistant;136471;0
13325133285;Robert Richard;Male;2000-02-12;Field seismologist;327863;4
82835581096;Mr. Todd Tate;Male;2009-04-06;Medical technical officer;391211;0
01202616644;Daniel Sullivan;Male;2006-12-17;Air traffic controller;574000;2
87650941371;Christine Blackburn;Male;2014-04-06;Engineer, production;225440;3
53248009760;Vanessa Perez;Male;2003-01-28;Tourism officer;66177;1
01790436833;Mr. Jose Suarez DDS;Female;2014-07-20;Trading standards officer;715052;0
75519618460;Todd Thompson;Female;2014-03-14;Accountant, chartered public finance;901707;1
27683333817;Destiny Stevens;Female;2002-05-27;Geochemist;846346;4
53615725988;Randy Herrera;Male;2011-10-27;Building services engineer;332694;0
47379467811;John Brown;Male;2019-06-25;Associate Professor;589508;1
01008383042;Andrew Gibson;Female;2015-10-11;Clinical cytogeneticist;601363;2
72808258076;April Mcdonald;Male;2001-09-10;Research officer, political party;129293;1
19594313310;Timothy Jones;Male;2018-05-18;Hydrogeologist;297158;2
17449334397;Paige Baker;Female;2015-08-04;Cartographer;737807;0
14818747123;Stephanie Solomon;Female;2001-09-02;Surveyor, minerals;775928;3
23935709400;Holly Hunt;Male;2012-10-06;Engineer, production;3677;1
73886663661;Joseph Cochran;Male;2002-05-13;Environmental consultant;863800;3
48885315800;Brian Adams;Male;2007-07-04;Contractor;65158;5
62426732644;Lisa Hunt;Male;2011-03-01;Land;8728;1
02990135337;Richard Cruz;Female;2005-02-02;Financial adviser;511190;5
46475643373;Christopher Sloan;Male;2015-09-11;Medical physicist;873634;0
66170819942;Julie Scott;Female;2000-06-12;Psychotherapist;225320;2
57664567258;Michael Fields;Male;2004-02-02;Intelligence analyst;716097;3
65174541332;Lori Ramirez;Male;2007-01-13;Research scientist (life sciences);934795;2
10245540602;Melinda Thomas;Male;2006-04-06;Administrator, sports;25068;3
58240892406;Thomas Ward;Female;2021-09-07;Financial planner;905196;5
33190936134;Ms. Adrienne Chen MD;Male;2002-12-01;Engineer, petroleum;674432;2
17460383144;Douglas Acosta;Female;2002-01-07;Radiographer, therapeutic;498582;1
45066819852;Latoya Jones;Female;2006-01-25;Make;600060;0
52897131633;John Donaldson;Male;2022-02-18;Civil Service fast streamer;851863;0
17006828857;Joe Thomas;Male;2021-04-24;Optician, dispensing;431214;1
51966516514;Patrick Sanchez;Female;2013-07-26;Pilot, airline;995452;3
71619473810;Jordan Fisher;Male;2001-05-23;Teacher, secondary school;924222;0
21601129804;Christian Yang;Male;2016-03-20;Designer, graphic;146865;4
08322853896;Lucas Huff;Female;2013-10-25;Ceramics designer;571352;5
61400856081;Jeffrey Horton;Female;2004-02-02;Herbalist;256642;4
64097672189;Megan Robertson;Male;2010-10-24;Advertising account planner;263541;4
18109657758;Melissa Green;Male;2013-10-04;Homeopath;94054;0
57825579932;Rebecca Castaneda;Female;2019-10-09;Arts administrator;757622;3
01566519689;Edward Ruiz;Female;2023-02-01;Designer, multimedia;621945;4
01546000615;Scott Jones;Female;2019-03-03;Electronics engineer;641869;2
97448594745;Jennifer Gonzalez;Female;2023-04-04;Drilling engineer;798821;4
09239462189;Sharon Barton;Female;2005-05-07;Dietitian;964040;3
47811003922;Karen Martinez;Female;2011-05-18;Air traffic controller;340660;4
63255624317;Madison Erickson;Female;2019-05-12;Radiation protection practitioner;504204;0
92222461572;Travis Wall;Female;2007-08-23;Medical technical officer;65581;2
34726762958;Gary Evans;Female;2013-01-02;Exhibitions officer, museum/gallery;459802;0
42501395649;Emily Harrison;Female;2001-05-17;Land;649309;4
70351423125;Kristine Hensley;Female;2009-11-03;Heritage manager;253146;3
16199211122;Maria Mann;Female;2021-02-11;Medical sales representative;297161;0
15540106970;Douglas Wilson;Male;2001-02-18;Counsellor;393941;1
93326394034;John Clarke;Female;2000-08-19;Engineer, electrical;544544;0
21944918525;Regina Horton;Female;2017-08-16;Financial manager;598129;0
38104332081;Dr. Terri Cline;Female;2018-06-02;Farm manager;916339;4
27508233333;Jeremy Rivera;Male;2018-02-24;Politician's assistant;340423;3
03120387348;Greg Medina;Male;2006-02-04;Engineer, mining;830365;5
18915049021;Steven Harris;Female;2011-04-10;Emergency planning/management officer;526435;5
84693076340;Kevin Farrell;Female;2008-09-02;Retail buyer;176532;0
10252399718;Christopher Cook;Male;2020-08-08;Pensions consultant;191206;4
23746372311;David Barnes;Male;2022-02-02;Associate Professor;706989;3
70138888617;Andrew Simon;Female;2015-10-02;Herbalist;572161;5
06148079190;Denise Crosby;Male;2014-01-27;Haematologist;176810;3
04536508762;Mr. Alexander Aguilar;Male;2001-12-02;Clinical scientist, histocompatibility and immunogenetics;542818;2
59980565821;Kimberly Smith;Male;2000-04-13;Architectural technologist;159366;0
80882726494;Christopher Carter;Female;2008-11-09;Chartered accountant;570502;4
73300149544;Christopher Gardner;Female;2020-02-21;Records manager;573790;3
81579445141;Molly Mccoy;Female;2021-11-28;Forest/woodland manager;840652;0
22716054593;Jennifer Thompson;Female;2005-09-23;Physicist, medical;250176;5
44185736010;Leslie Bryant;Male;2012-07-14;Financial trader;992704;2
85974029669;Michael Anderson;Male;2005-01-28;Advice worker;470200;0
60877915124;Susan Allen;Male;2010-04-19;Claims inspector/assessor;786623;1
69842606877;James Ray;Male;2003-12-19;Community education officer;639020;1
31797578720;Frank Jordan;Male;2020-03-12;Air cabin crew;912884;1
09470088699;Misty Cline;Male;2021-07-08;Museum education officer;907308;0
33554711620;Tammy Mckee;Female;2000-10-26;Environmental consultant;659427;5
07715744869;Stacie Gross;Male;2022-10-08;Geologist, wellsite;24528;1
70039829068;Brian Mann;Male;2012-04-25;Quality manager;545349;3
53801528890;Jeff Smith;Male;2017-06-08;Scientist, research (maths);555667;0
91357444282;Melissa Young;Male;2015-04-28;Advertising copywriter;768287;2
33982033575;Denise King;Male;2015-11-21;Scientist, audiological;956925;2
37458876921;Brendan Thompson;Female;2008-02-11;Metallurgist;190356;1
19633572153;Andrew Whitehead;Female;2007-02-13;Journalist, broadcasting;533071;5
91850098952;John Love;Female;2020-11-01;Teaching laboratory technician;70447;5
13528786531;Julia Peterson;Female;2002-01-07;Television floor manager;297947;0
45155661656;Kathy Smith;Female;2002-11-07;Therapist, speech and language;298365;1
32120401651;Kelly Ortiz;Male;2022-12-17;Applications developer;277466;2
07037066721;Laura Brown;Male;2015-01-15;Seismic interpreter;896088;2
02125235789;Allison Webb;Female;2015-09-23;Accountant, chartered;20829;3
48695691587;Michael Villarreal;Male;2022-02-15;Chief Operating Officer;411955;3
33829347550;Margaret Martin;Male;2013-04-15;Patent attorney;821649;3
13551478908;Gary Alvarado;Female;2018-04-25;Research officer, political party;399577;3
41624007577;Natalie Rhodes;Female;2020-03-14;Visual merchandiser;628613;5
50964387050;Kristina Martin DVM;Female;2015-12-16;Programme researcher, broadcasting/film/video;507616;4
21669966796;Brian Kline;Female;2010-12-04;Education officer, community;310785;2
04069211539;April Howard;Female;2016-01-02;Nurse, mental health;551776;2
55701624205;Gina Miller;Male;2004-11-07;Physiotherapist;772667;1
28729634486;Laura Berger;Female;2012-03-11;Surveyor, building control;422085;5
62971566252;Colleen Gonzalez;Female;2005-12-13;Industrial buyer;873206;0
45490416967;Kimberly Patterson;Female;2014-09-20;Computer games developer;446925;2
03952846651;Kimberly Randall;Female;2010-10-06;Equities trader;90888;2
45176455604;Alex Richardson;Female;2006-08-26;Broadcast engineer;583344;4
45918295425;Christopher Sanchez;Female;2012-05-16;Data scientist;211531;1
64676199070;Jeremy Allen;Male;2013-01-25;Mining engineer;147379;2
90003258946;Gina Smith;Female;2023-01-14;Fast food restaurant manager;48774;5
89527859883;Laurie Lee;Female;2007-12-27;Art therapist;955282;0
49605177450;Wesley West;Male;2020-09-27;Training and development officer;46910;5
05387984496;Michelle Frank;Female;2006-04-13;Metallurgist;292008;5
41056647055;Jonathan Johnson;Female;2022-11-11;Psychologist, educational;912751;3
28332770184;Steven Spencer;Male;2015-10-27;Race relations officer;547750;1
79627785598;Aaron Donaldson;Female;2019-04-22;Consulting civil engineer;574435;4
02219856508;Tara Ramirez;Female;2023-02-13;Field trials officer;18502;0
77210327367;Samantha Camacho;Female;2007-07-02;Warehouse manager;165318;0
39992875976;Douglas Mcclure;Female;2014-07-04;Educational psychologist;724616;0
27425773586;Jason Gray;Female;2018-12-03;Operational researcher;649375;1
33789644475;Debra Moody;Male;2006-12-16;Accounting technician;31477;1
14260693662;Daniel Drake;Female;2011-11-18;Wellsite geologist;811406;5
30659355442;Tracy Hart;Female;2000-03-06;Technical sales engineer;470239;2
24920940983;William Lopez;Male;2019-04-04;Warehouse manager;49169;2
11786098284;Thomas Madden;Male;2014-03-18;Primary school teacher;460014;4
54074552178;Rebecca Davis;Female;2017-01-09;Cartographer;433905;2
62755775096;Teresa Rose;Female;2022-08-12;Private music teacher;381967;2
32015339053;Kristy Roberts;Female;2002-06-04;Glass blower/designer;808706;3
32492959170;Daniel James;Male;2014-06-19;IT trainer;582929;0
40103056454;Amanda Delacruz;Male;2023-08-23;Camera operator;86300;2
03174212573;David Butler;Female;2019-06-27;Designer, jewellery;4698;3
31480336116;Monica Garcia;Female;2015-06-10;Emergency planning/management officer;316801;0
64112211562;Hayley Hodge;Female;2017-03-04;Surveyor, land/geomatics;530938;4
23651817817;David Dunlap;Female;2004-04-25;Lexicographer;243222;1
93414406817;Janet Boyd DDS;Male;2023-10-10;Engineer, agricultural;732202;5
39642816989;Michelle Deleon;Female;2021-10-08;Engineer, chemical;407015;1
23463056506;Wesley Terry;Female;2014-12-22;Engineer, technical sales;595772;1
06952392314;Erica Smith;Male;2006-10-01;Associate Professor;882729;0
66465742183;Stephen Walter;Male;2017-09-28;Brewing technologist;742852;0
73374951909;Jessica Quinn;Female;2010-06-17;Aeronautical engineer;952942;5
46452448186;Jordan West;Female;2012-01-12;Surveyor, insurance;476987;4
67258044941;Lauren Parks;Male;2007-08-05;Child psychotherapist;942053;5
35234311531;Matthew Barber;Female;2017-02-04;Financial adviser;409987;1
64464551781;Matthew Harper;Female;2009-06-27;Aeronautical engineer;747837;2
26995429164;Chris Wu;Female;2023-05-08;Environmental manager;915017;0
45828835695;Michael Reyes;Female;2005-09-27;Tourism officer;748882;5
40230778020;Randy Duarte;Male;2005-11-02;Publishing rights manager;118494;2
92165921075;Laurie Choi;Male;2001-08-18;Hydrographic surveyor;113672;5
16480943285;Dawn Bailey;Female;2022-12-19;Camera operator;431703;2
10232571064;Christopher Williams;Female;2012-03-05;Network engineer;957212;5
72860954159;Steven Guerra;Female;2000-07-23;Chief Operating Officer;877617;5
90916693118;Charles Gonzalez;Male;2004-05-26;Risk analyst;4403;3
80404423371;David Beltran;Female;2017-01-11;Diagnostic radiographer;85827;2
45624526917;Angela Fritz PhD;Male;2011-11-05;Conservator, furniture;180787;2
81557357937;Terri Spencer;Female;2023-02-20;Media buyer;94366;4
27344698857;Ryan Higgins;Male;2000-08-28;Loss adjuster, chartered;307374;4
85783534306;Cameron Fernandez;Male;2001-04-09;Psychologist, prison and probation services;367923;3
60931795481;Ryan Fernandez;Female;2003-05-21;Cartographer;803490;3
97554547697;Lisa Casey;Female;2016-08-14;Academic librarian;60144;5
20435766544;Cheryl Taylor;Male;2003-09-03;Maintenance engineer;445925;5
49853484621;John Scott;Female;2007-07-22;Orthoptist;284508;5
41704190577;Larry Jones;Male;2018-07-25;Social researcher;798779;4
47388930965;Kevin Smith;Female;2009-05-04;Electrical engineer;748374;3
14299333041;Brandy Thompson;Male;2011-09-17;Ceramics designer;260707;4
69748462686;Richard Davis;Male;2010-07-06;Designer, multimedia;614607;0
96839903920;Molly Mcgee;Male;2023-11-05;Scientist, research (life sciences);326527;4
51573468703;Dana Jones;Female;2019-08-16;Administrator, education;149354;0
91472095876;Joshua Walker;Male;2019-12-18;Sub;666983;1
01314456025;Eric Dougherty;Male;2018-05-24;Legal secretary;113039;4
65751481393;Natasha Davila;Male;2013-01-28;Horticulturist, amenity;660432;4
30224553200;Yolanda Rogers;Male;2018-04-16;Leisure centre manager;872376;2
86001169498;Taylor Padilla;Male;2006-09-27;Radiographer, therapeutic;629094;4
56420974097;Andrea Brown;Male;2013-11-14;Agricultural engineer;970400;5
36862639824;Sharon Sherman;Male;2015-05-23;Medical illustrator;387203;1
91743358835;Richard Flores;Female;2004-11-06;Teacher, primary school;867383;2
82356511655;Lindsay Ryan;Male;2022-10-08;Trade mark attorney;771959;1
06115364999;Mark Elliott;Male;2000-10-10;Scientist, clinical (histocompatibility and immunogenetics);227105;3
29229203286;Carrie Carter;Male;2014-09-10;Psychotherapist, dance movement;775135;2
75747419151;Carl Guzman;Male;2021-01-08;Site engineer;449300;4
13823544844;Michael Lewis;Male;2016-02-19;Dancer;301563;3
69267403641;Pamela Valdez;Female;2013-01-21;Lecturer, higher education;763318;0
76941537858;Deborah Jennings;Female;2019-09-28;Chiropractor;139597;0
48926468137;Garrett Torres;Female;2011-02-17;Clothing/textile technologist;795082;2
65167868153;Paul Khan;Male;2015-10-08;Chartered accountant;271449;0
12824127501;Richard Johnson;Male;2021-12-17;Call centre manager;782642;4
44149500223;Matthew Young;Female;2016-01-19;Musician;877051;2
51402961652;Susan Mitchell;Male;2005-10-22;Chartered management accountant;897988;5
20072523987;Patricia Stark;Male;2011-05-10;Scientist, research (physical sciences);324351;4
29014153224;John Middleton;Female;2023-04-05;Clothing/textile technologist;487600;0
86695257112;Madison Johnston;Female;2017-11-28;Sports therapist;190016;1
56358993719;Chelsey Thomas;Female;2013-04-11;Video editor;526489;1
13680539687;George Wright;Female;2013-11-15;Engineer, agricultural;670753;3
22017912018;Michael Mendoza;Male;2023-02-08;Dentist;530831;5
77561854619;Joshua Harris;Male;2006-12-24;Designer, television/film set;662922;2
80277642180;Ian Taylor;Female;2013-09-05;Archivist;641525;2
02947626575;Ashley Wilson;Male;2018-03-04;Geographical information systems officer;556136;1
89566977122;Samantha Thompson;Female;2022-07-22;Theatre director;800106;2
95411188733;Stephanie Mcbride;Male;2022-02-22;Industrial buyer;431254;1
84400293719;Anne Guerrero;Female;2016-08-14;Theme park manager;562693;5
40661866218;Sheri Boyd;Male;2007-09-17;Research scientist (maths);24601;0
94771069192;Andrew Francis;Male;2000-03-15;Broadcast presenter;593750;0
39507550428;Tammy Perkins;Male;2012-03-13;Biomedical engineer;731601;5
18399113375;Lisa Moore;Male;2014-06-06;Arts administrator;356978;4
48830946809;Jay Lucas;Male;2009-07-09;Biochemist, clinical;167296;5
57826427843;Erik Acosta;Female;2007-01-04;Buyer, retail;905833;2
51984268828;Brett Ingram;Female;2011-04-08;Broadcast presenter;894157;0
73576999076;Jamie Solomon;Male;2023-04-24;Therapist, horticultural;511875;5
35584948906;Suzanne Smith;Female;2006-04-13;Scientist, water quality;575362;1
61281420069;Ernest Cole;Female;2018-11-05;Equality and diversity officer;252007;2
46809229540;Stephanie Fleming;Male;2013-07-24;Barrister;564097;2
72413508897;Bruce Hurst;Female;2009-10-12;Chief Operating Officer;663579;5
81119235663;Todd Brooks;Male;2012-05-24;Investment banker, operational;24737;5
22363461049;Andrew Roy;Male;2012-12-14;Structural engineer;708529;5
98775787629;Dr. Jacqueline Jones;Female;2001-05-28;Operational investment banker;241037;5
24235400315;Jessica Khan;Female;2013-03-20;Surveyor, insurance;922978;3
33085501286;Adrienne Johnson;Female;2020-01-19;Engineer, manufacturing;505210;3
74194481906;Philip Ortiz;Male;2021-10-18;Magazine journalist;284065;1
39447799076;Carlos Miller;Female;2019-07-10;Engineer, drilling;942924;0
05255808341;Jason Hart;Male;2006-08-17;Embryologist, clinical;5732;4
00171354433;Kelly Scott;Female;2002-09-12;Warehouse manager;587695;4
12765967553;Amber Thornton;Male;2013-07-27;Clinical psychologist;104536;0
09228035875;Jesse Young;Male;2002-01-27;Newspaper journalist;113049;3
38581699770;Timothy Martinez;Male;2002-12-03;Higher education careers adviser;677816;2
19426684033;Paul Cross;Male;2015-12-14;Lobbyist;646292;4
00089398119;Elizabeth Vaughn;Female;2015-01-18;Secretary, company;109494;0
67479192307;Amanda Burnett;Female;2006-01-22;English as a second language teacher;179369;4
74002363186;Kelly Wall;Male;2006-04-08;Glass blower/designer;92517;3
76885047022;Tracy Melendez;Female;2013-03-06;Personnel officer;277083;3
57325196545;Stephen Payne;Female;2012-11-10;Psychiatric nurse;432075;4
68308551434;Mr. Michael Marshall DVM;Female;2011-02-16;Geologist, wellsite;374197;3
53138441938;Sydney Leblanc;Male;2020-12-09;Accountant, chartered management;971397;1
08734785581;Sarah Smith;Female;2023-12-14;General practice doctor;344479;5
12819926407;Michele Fitzpatrick;Female;2008-09-05;Osteopath;55988;1
65893175674;Grace Duncan;Female;2018-02-14;Teacher, primary school;550182;4
14939784514;Eduardo Benton;Male;2010-09-02;Engineer, electronics;284749;4
00175041053;Renee Hunt;Male;2007-11-01;Music therapist;646074;0
63066562299;William Hill;Male;2015-12-05;Geophysicist/field seismologist;547977;3
38624389210;Duane Ryan;Male;2006-08-22;Physicist, medical;862754;2
62560772350;Joseph Anderson;Female;2021-04-12;Waste management officer;145817;1
12592995960;Nicole Faulkner;Male;2000-01-18;Press sub;37912;3
65621524090;Samuel Curtis;Male;2013-10-01;Production engineer;818214;1
77520568153;Amy Mendoza;Male;2011-04-06;Tour manager;349494;0
78977109991;Jennifer Hernandez;Male;2020-04-20;Teacher, primary school;438557;0
66823627726;Michael Freeman;Male;2006-09-24;Ecologist;359703;5
18358591401;Jake Henson;Male;2021-09-25;Location manager;42783;1
67569604108;Richard Taylor;Female;2020-04-24;Scientist, biomedical;54283;5
86596386413;Dylan Morton;Female;2010-06-16;Patent attorney;211974;4
29225771596;Melissa Shaw;Male;2000-12-12;Heritage manager;205266;5
25629958080;Christina Allen;Female;2003-07-06;Energy manager;59841;0
41744439661;Teresa Hardin;Female;2020-05-12;Ophthalmologist;477842;0
00769649649;John Gomez;Female;2012-02-02;Set designer;91848;0
64471438358;Jacob Hahn;Female;2015-09-14;Mining engineer;977492;0
54337018508;Ronnie Burnett;Female;2007-10-13;Designer, furniture;697317;0
71694130263;Jasmine Bauer;Female;2008-12-18;Research officer, political party;855470;4
41892180233;Michael Thomas;Male;2015-03-02;Furniture designer;156439;1
31979451899;Nicole Johnson;Female;2021-11-23;Scientist, physiological;889427;3
35761588310;Julie Montoya;Male;2010-11-01;Scientist, biomedical;411160;3
33853047627;Maria Smith;Female;2012-01-03;Administrator, arts;578259;2
28655853831;Ronald Jones;Female;2004-09-24;Civil engineer, consulting;261846;3
29221652977;Angela Christian;Male;2006-01-13;Training and development officer;567079;1
06115140323;Jessica Caldwell;Male;2009-09-21;Water quality scientist;817877;1
76071063679;Kristen Martinez;Male;2000-01-19;Television production assistant;683800;5
32339867454;Caroline Washington;Male;2015-04-26;Clinical embryologist;323099;0
71434535085;Michelle Lewis;Female;2013-02-02;Professor Emeritus;626167;0
85361573680;Angela Farrell;Male;2001-12-19;Restaurant manager, fast food;982303;3
90468630439;Susan Wood;Male;2002-02-19;Field trials officer;70517;1
38641689279;Danielle Rodriguez;Female;2011-04-06;Tax inspector;747525;5
11387467979;Patricia Bean;Male;2003-04-09;Tax adviser;290235;2
07109326525;Evan Guerrero;Female;2015-02-12;Educational psychologist;438003;4
24809693782;Diane Merritt;Female;2020-01-26;Occupational psychologist;417321;0
90666297511;Dr. Kellie Carter;Male;2019-03-08;Database administrator;270224;1
87886654876;Bruce Martin;Male;2003-10-25;Social research officer, government;58675;4
65874416198;Jordan Sullivan;Male;2020-11-01;Printmaker;656643;1
45804105445;Jill Baker;Male;2000-08-22;Psychotherapist, dance movement;262666;2
88382883767;Mark Johnson;Male;2001-08-17;Doctor, hospital;785300;2
41291879317;Amy Hoffman;Male;2002-02-17;Software engineer;755889;2
98038693746;Elizabeth Ward;Male;2010-06-25;Museum/gallery exhibitions officer;800287;5
83644636195;Shannon Booth;Female;2013-09-27;Insurance claims handler;411278;5
32928542962;Holly White;Male;2008-12-22;Travel agency manager;877595;2
33643380691;Zachary Clayton;Male;2016-03-25;Manufacturing engineer;569133;1
34026550287;Sarah Williams;Male;2001-09-12;Fish farm manager;421692;2
99769645852;Jamie Campbell;Female;2002-04-28;Chief Strategy Officer;290106;5
33408809174;Melissa Sanchez;Male;2006-11-04;Orthoptist;91150;0
71004989705;Mary Scott;Female;2012-02-28;Biomedical scientist;657049;5
25738782207;Deborah Rhodes;Female;2021-11-22;Tourist information centre manager;425998;4
55304394437;Cindy Klein;Female;2018-06-14;Mechanical engineer;927983;3
80014739480;David Buckley;Male;2004-04-14;Administrator, sports;692044;5
10883268610;Catherine Wilkinson;Female;2018-12-03;Presenter, broadcasting;714484;4
88686699635;Gerald Rios;Female;2013-06-01;Psychologist, educational;980655;1
38364081836;Adam Thompson;Male;2000-03-23;Newspaper journalist;584476;4
75709122925;Kaitlyn Johnson;Female;2018-02-12;Administrator, local government;385047;4
18976025527;Jeffrey Washington;Male;2006-02-22;Dramatherapist;440765;0
78105107556;Norman Martinez;Female;2009-04-04;Accommodation manager;237114;4
77941518096;Angela Beasley;Male;2008-10-27;Rural practice surveyor;248025;1
91899426923;Jordan Charles;Male;2007-07-17;Warehouse manager;424223;3
25062580469;Amber Moran;Female;2003-10-10;Ranger/warden;686382;5
18835071532;Anthony Lewis;Male;2018-09-19;Airline pilot;769178;0
72996735461;Tyler Clark;Male;2006-02-24;Therapist, nutritional;985351;5
09546234247;Tina Davies;Male;2020-03-22;English as a second language teacher;386006;0
35544031194;Mackenzie Wheeler;Male;2019-05-02;Administrator;887176;5
44474540877;Bethany Hawkins;Female;2010-12-10;Camera operator;136416;0
63537348107;Eric Reed;Male;2017-07-20;Educational psychologist;815642;1
66037133375;Alexis Russell;Female;2020-09-09;Lecturer, higher education;844176;4
80226508641;Jane Contreras;Male;2001-11-19;Early years teacher;802681;4
48976637512;Gary Rhodes;Female;2002-04-07;Transport planner;792098;4
21673946587;Mary Davis;Male;2010-02-11;Contracting civil engineer;50165;0
32696036008;Brittney Hughes;Male;2015-10-23;Accountant, chartered;765892;3
08772222320;Natasha Morton;Female;2015-12-15;Clinical scientist, histocompatibility and immunogenetics;156564;5
54130518841;Gina Kramer;Female;2004-02-12;Equality and diversity officer;842371;5
59366093079;Jennifer Valdez;Male;2023-06-07;Medical secretary;705227;1
71669292116;Steven Gomez;Female;2015-07-16;Museum/gallery conservator;805422;3
37924121374;Shirley Mcgee;Male;2014-07-12;Occupational psychologist;337653;4
23887376578;Jamie Miller;Female;2000-11-02;Armed forces training and education officer;909099;3
30807429633;Ryan Curtis;Female;2010-06-26;Event organiser;243625;4
09990057168;Barbara Brown;Male;2021-01-15;Furniture conservator/restorer;988201;2
79929177332;Kendra Bradshaw;Male;2012-06-10;Horticultural therapist;62551;2
71941216151;Mary Jackson;Female;2003-03-17;Herpetologist;49170;1
79192996332;Bobby Johnson;Female;2022-02-12;Fitness centre manager;600826;1
61712370459;Joanna Estrada;Female;2006-05-25;Network engineer;631964;3
22413972880;Benjamin Taylor;Male;2007-06-28;Education officer, community;951055;5
80522968821;Timothy Brown;Female;2018-03-24;Designer, graphic;351878;2
35571490621;Tina Torres;Male;2002-03-08;Clinical biochemist;464783;4
21552906882;Oscar Pratt;Female;2015-11-18;Surveyor, insurance;599368;2
34241100400;Nathan Lewis;Male;2007-04-09;Chemical engineer;486159;0
37911111222;Shane Harrison;Male;2022-06-17;Lecturer, further education;818363;0
82607041580;Whitney Gonzales;Female;2017-06-21;Scientist, research (physical sciences);794699;4
51621712858;Christy Sanchez;Male;2021-08-23;Solicitor;571044;0
05314599936;Alexis Smith;Female;2004-04-16;Data scientist;592131;0
61027437150;Nancy Adams;Male;2013-04-12;Administrator, local government;471945;2
12448221081;Lindsey Mckenzie;Male;2011-04-14;Adult guidance worker;295526;0
24033112136;Meghan Sanchez;Male;2012-01-27;Conservator, museum/gallery;523515;5
13888728373;Brittany Hopkins;Female;2009-09-15;Geographical information systems officer;863718;3
50821352734;Mark Scott;Male;2003-11-10;Materials engineer;198372;4
38703660478;Emily Patterson;Female;2022-05-26;Landscape architect;621817;3
87929428365;Richard Hutchinson;Female;2010-05-19;Comptroller;34739;4
81153516559;Autumn Yoder;Male;2011-12-01;Forensic psychologist;597742;3
09449536908;Steven Thompson;Female;2016-06-20;Sports therapist;263283;1
05898012515;Jonathan Browning;Male;2018-05-01;Trade union research officer;220786;4
65906033598;Stephen Barber;Male;2016-10-25;Hydrologist;522875;5
14043644532;Dawn Price;Female;2018-11-01;Chief of Staff;855776;1
10718350717;Christopher Brooks;Female;2010-03-19;Surveyor, land/geomatics;877508;3
45831500469;Maxwell Schwartz;Male;2002-01-16;Marine scientist;342491;0
04408082526;Stephen Stanton;Female;2002-11-21;Engineer, communications;58831;4
84138912229;Jasmine Gallegos;Male;2015-04-12;Geophysical data processor;908886;0
71495104797;Brandy Harrington;Male;2021-03-23;Scientist, marine;687452;0
61148656879;Donna Lee;Female;2011-04-28;Surveyor, rural practice;103874;4
29981530122;Frank Anderson;Female;2000-05-18;Public house manager;382888;0
58441976654;Calvin Smith;Female;2012-04-16;Personnel officer;726762;2
02041357731;Nathaniel Young;Female;2016-12-03;Dentist;822336;4
43261489266;Ryan Jones;Female;2009-12-11;Ophthalmologist;84159;1
81905616282;Vicki White;Female;2001-08-24;Government social research officer;851850;0
29074668087;William Jennings;Female;2019-10-12;Pathologist;705532;0
75166661379;Kyle Davis;Male;2010-11-23;Marketing executive;214576;1
65073099371;Suzanne Ali;Female;2010-02-04;Forest/woodland manager;437121;2
86307327600;Peter Hodges;Female;2005-05-14;Merchandiser, retail;694467;0
46609533734;Holly Shaw;Female;2010-05-04;Psychologist, occupational;623159;1
23050459318;Zachary Weeks;Female;2007-05-23;Counsellor;873812;1
73437535653;Lisa Stone;Female;2021-06-01;Community arts worker;970304;0
00123852866;Adrian Cruz;Male;2007-09-22;Audiological scientist;551503;4
92867564034;Alyssa Stewart;Male;2003-06-15;Museum education officer;709793;1
73650035727;Tara Cook;Male;2014-01-19;Engineer, electronics;829565;3
78324491909;Mrs. Heather Arias;Male;2005-09-24;Sports therapist;908431;0
10609304210;Andrew Barber;Male;2009-03-14;Primary school teacher;728592;2
58280286143;Allison Bird;Male;2010-09-06;Teacher, adult education;922311;2
25786334699;Tamara Arellano;Male;2016-06-20;Conservation officer, historic buildings;398318;5
21909366891;Joshua Scott;Female;2003-11-08;Financial manager;521767;3
94047611802;Katherine Webster;Male;2001-02-02;Physiotherapist;184475;3
07896552349;Julie Day;Male;2017-11-09;Arts administrator;755353;4
31775875395;Dennis Cole;Male;2013-08-08;Museum/gallery curator;51973;2
68743842535;Todd Harris;Female;2022-02-28;Risk manager;861765;0
70413643525;Jimmy Alexander;Male;2021-12-05;Chief Strategy Officer;476498;0
21944820400;Timothy Johnson;Male;2017-04-15;Chartered management accountant;494938;3
31052421139;Nicholas Ellis;Female;2019-03-06;Scientist, product/process development;698627;2
97054523807;Jessica Cox;Female;2017-01-07;Best boy;280894;3
59886056873;Jeffery Mckee;Male;2002-06-19;Homeopath;630326;3
42788566031;Jason Cunningham;Male;2023-05-04;Tax inspector;563012;1
81772507280;Maurice Gardner;Female;2010-04-07;Product designer;583474;5
78720085858;Joshua Brown;Female;2016-06-11;Broadcast engineer;725034;3
02343421352;Taylor Brown;Female;2015-06-09;Interior and spatial designer;821695;1
95259803159;James Murphy;Female;2001-11-11;Musician;718247;2
56742501947;Jorge Rogers;Male;2021-11-20;Clinical psychologist;349106;3
31178680796;Rebecca Griffith;Female;2002-11-20;Armed forces logistics/support/administrative officer;431910;5
87944505298;Zachary Bird;Female;2018-07-14;Accommodation manager;930348;5
00248097684;Rachel Reeves;Male;2021-06-23;Librarian, academic;406641;0
27536284491;Robert Anderson;Male;2023-08-27;Contractor;439056;3
34297853294;Mr. David Camacho;Female;2019-03-21;Herpetologist;488142;0
63355203290;Jerry Henderson;Male;2002-05-15;Museum/gallery conservator;539995;2
05759929616;Beth Jimenez;Male;2022-11-20;Horticulturist, commercial;62758;5
64477281400;Anthony Lozano;Female;2003-05-03;Printmaker;56175;2
09205534402;Karen Whitaker;Female;2013-06-25;Energy engineer;137041;3
46797978657;Hannah Rivera;Female;2004-09-07;Rural practice surveyor;27249;1
40907114327;Michael Clayton;Female;2009-04-24;Applications developer;925531;3
97375718829;Jason Choi;Female;2001-06-21;Scientist, product/process development;887047;3
85712569870;John Bauer;Female;2023-08-23;Herpetologist;957066;0
60264213512;Ryan Barnett;Female;2015-02-22;English as a foreign language teacher;602860;5
59129786551;Zachary Burch;Female;2008-06-21;Petroleum engineer;812935;3
41758204866;Molly Taylor;Female;2009-07-15;Estate agent;249705;4
72162329849;Jennifer Brown;Male;2020-05-18;Insurance broker;864292;1
73744002764;Jessica Bailey PhD;Male;2019-01-15;Community education officer;502054;3
86763752454;Ariel Mullins;Female;2000-03-18;Geologist, wellsite;300843;3
88997306718;Maxwell Pena;Male;2000-09-01;Social researcher;668445;1
72313177866;Andrew Kramer;Male;2005-12-18;Race relations officer;409195;4
94550172187;Nicholas Watson;Male;2023-02-14;Broadcast engineer;92455;1
61611691713;Brittany Flowers;Female;2008-05-21;Patent examiner;959634;3
29815434718;Amy Cowan;Female;2012-11-05;Building services engineer;971000;0
00921329145;Angela Drake;Female;2020-02-04;Producer, television/film/video;158044;2
43679739235;Miguel Simpson;Female;2022-12-25;Risk analyst;758501;0
12840378058;Deborah Martin;Female;2000-02-07;Financial risk analyst;4444;5
72863340823;Mr. Michael Carrillo;Female;2021-04-08;Pilot, airline;277425;5
92643333825;Megan Anderson;Female;2006-12-11;Land;269180;5
46457799090;Steve Holmes;Female;2000-03-15;Scientist, marine;912958;0
78842261726;Wesley Mason;Male;2017-06-19;Commissioning editor;39050;1
13327352006;Jesse Morgan;Male;2015-04-10;Radiographer, diagnostic;194997;3
24681413052;Linda Jones;Female;2011-09-12;Metallurgist;171068;0
31586340978;Michael Watson;Male;2016-10-14;Tourism officer;141556;1
52824349731;Mike Fuller;Female;2001-04-23;Social worker;948600;3
92092711926;Janice Nguyen;Female;2007-07-11;Illustrator;874658;2
97969863147;Jordan King;Male;2015-05-24;Journalist, broadcasting;36724;2
15441239161;Laura Brewer;Male;2017-02-07;Plant breeder/geneticist;368072;3
62004151703;Michael Wolfe;Female;2013-12-17;Chief Strategy Officer;528241;4
09798427073;Allison Bernard;Female;2012-09-06;Copywriter, advertising;872036;4
31244550987;Bradley Diaz;Male;2004-06-09;Chief Financial Officer;793579;5
79029258415;Wendy Nelson;Female;2008-04-23;Quantity surveyor;1212;5
09212016270;Kelli Rojas;Male;2013-11-28;Historic buildings inspector/conservation officer;589532;3
69217225783;Jessica Sellers;Female;2007-09-26;Academic librarian;119958;0
62248650553;Robert Harrington;Female;2023-04-22;Health and safety inspector;446892;4
00089200574;Brian Whitaker;Female;2000-05-27;Doctor, hospital;106351;1
12781043824;Melissa Jackson;Male;2016-12-15;Airline pilot;204007;0
51289625429;Jeffrey Hester;Male;2017-09-25;Environmental education officer;498010;4
44034410994;Andrea Spencer;Male;2020-08-14;Biomedical scientist;321794;0
85012555630;Kim Walker;Female;2015-09-20;Teacher, primary school;326717;5
96764603860;Stephanie Horne;Female;2007-07-05;Plant breeder/geneticist;586225;4
47020930138;Dawn Norris;Female;2007-10-22;Outdoor activities/education manager;569354;3
16823438428;Jason Carter;Female;2015-02-25;Research officer, trade union;702299;0
12916459600;Lori Walton;Male;2010-06-26;Visual merchandiser;181653;3
17487719150;John Garcia;Female;2010-05-27;Scientist, research (maths);38243;3
80753911125;Jennifer Anthony;Male;2013-03-13;Musician;913395;2
61677320341;Mark Perez;Female;2018-09-18;Sports therapist;147691;3
13105682716;Zachary Cox;Male;2018-05-20;Politician's assistant;736561;4
37040475155;Kim Johnson;Female;2005-04-05;Copy;145201;1
56777380552;Roy Mays;Male;2001-12-28;Sales promotion account executive;941827;5
54261557118;Anthony Santiago;Female;2000-12-02;Retail manager;934645;4
23008059960;Jeremy Lowe;Female;2007-12-08;Warehouse manager;343396;1
49283465819;John Robinson;Male;2014-04-17;Garment/textile technologist;475568;1
31895049744;Jennifer Harper;Female;2009-04-02;Public relations officer;956217;4
56242694899;Travis Gonzales;Male;2003-06-18;Accountant, chartered;433251;2
34848232632;William Shaffer;Female;2010-01-18;Mining engineer;162389;3
62650431510;Amber Schmidt;Female;2001-03-13;Medical laboratory scientific officer;37942;4
65921738065;Teresa Palmer;Male;2003-11-03;Nurse, mental health;219566;3
83334490383;Tammy Odonnell;Male;2020-04-14;Engineer, broadcasting (operations);402105;2
09832009128;Jennifer Thompson;Female;2006-08-02;Designer, exhibition/display;756425;2
73875261554;Terry May;Female;2021-12-17;Sports therapist;356792;2
84352781784;Theresa Mitchell;Female;2003-11-02;Ceramics designer;180002;3
57804081136;Joel Escobar;Male;2006-05-15;Artist;917936;3
60038598079;William Bond;Female;2005-12-03;Recycling officer;418589;4
11280027137;Nicholas Barber;Male;2023-01-19;Seismic interpreter;375095;4
16362581756;Katherine Frost;Female;2016-07-08;Therapist, drama;228630;3
60468348509;Chris Graham;Male;2004-01-19;Local government officer;585029;4
42434225978;Miss Sue Zamora DDS;Male;2001-09-17;Associate Professor;260712;2
96405321029;Molly Graves;Male;2001-10-28;Tax adviser;604561;2
43601168368;Amanda Petty;Male;2017-07-03;Animal nutritionist;698444;2
96440440815;Alexander Price;Female;2023-03-02;Psychologist, forensic;379761;3
57120663958;Xavier Cowan;Female;2007-06-20;Mechanical engineer;864603;3
32226601109;Briana Bryan;Male;2015-09-24;Fashion designer;696407;1
23740291537;Brett Nguyen;Female;2004-05-13;Merchandiser, retail;348270;3
40096187993;Bonnie Lee;Male;2013-08-19;Midwife;82356;2
80594536829;Joseph White;Male;2015-01-18;Lobbyist;127724;1
18486990813;Sara Caldwell;Female;2023-02-09;Museum education officer;933651;3
64559801171;Henry Perez;Female;2019-05-11;Chief Financial Officer;570361;5
85858424795;Ronald Harris;Male;2006-11-28;Engineer, structural;62912;1
90965346664;Robert Johnson;Female;2004-08-28;Magazine journalist;785435;1
59505259927;Jessica Lane;Female;2015-11-06;Clothing/textile technologist;416014;4
17443747185;Ashley Clark;Female;2014-07-13;Therapist, music;212385;4
88522589691;Jason Lane;Female;2016-05-27;Teacher, adult education;834486;4
57192112572;Debra Quinn;Female;2009-11-08;Engineer, structural;699227;1
38638875718;James Pennington MD;Female;2010-01-06;Journalist, newspaper;355782;3
08011641586;Mrs. Laura Perkins;Male;2020-03-14;Armed forces training and education officer;28536;3
92493726080;James Barrera;Male;2022-05-09;Programmer, systems;569047;2
86454297941;Christopher Edwards;Female;2008-08-11;Immigration officer;677468;3
55584976014;John Neal;Female;2006-03-05;Restaurant manager;206595;3
74367163606;Scott Gray;Female;2010-05-04;Horticultural consultant;518962;1
49873600945;Cynthia Brown;Male;2006-07-05;Insurance risk surveyor;340621;4
67122065346;Joel Howell MD;Female;2014-03-28;Occupational therapist;395265;4
58610206399;Sarah Acevedo;Male;2009-04-03;Lecturer, higher education;828005;3
22955630996;Brandi Watson;Female;2018-04-13;Translator;184876;3
33475308834;Beth Harrison;Male;2008-07-26;Operational researcher;814893;2
35188062888;Jonathan Sullivan;Male;2011-02-02;Theatre manager;661574;1
10840672686;William Meyer;Male;2011-09-23;Outdoor activities/education manager;703715;4
55373012668;Peggy Golden;Male;2011-04-02;Paramedic;749153;5
22843379715;Brandon Rodriguez;Male;2017-08-05;Chief Financial Officer;612285;0
72281918973;Teresa Stewart;Female;2023-07-27;Health physicist;45536;3
05239058930;Natalie Johnson;Male;2017-08-03;Development worker, international aid;307139;4
97349874506;Tasha Contreras;Female;2022-07-23;Tourist information centre manager;581177;5
40521499802;Michael Lee;Female;2005-02-15;Scientist, water quality;138781;2
09288797185;William Lee MD;Female;2010-03-02;Consulting civil engineer;274094;0
96583439138;Jason Rivas;Female;2015-12-17;Clinical psychologist;126332;3
22665060467;Kathleen Long;Female;2000-06-01;Engineer, broadcasting (operations);628116;0
41785354777;James Yang;Female;2012-08-26;Geophysicist/field seismologist;438553;2
84056586518;Sarah Lopez;Female;2019-07-25;Contractor;421024;4
01532750292;Hannah Parrish;Male;2020-02-28;Scientist, research (life sciences);787590;3
71484495462;Alexander Kelley;Male;2019-12-17;Engineer, chemical;101847;0
12349436058;Jennifer Ellison;Female;2022-06-07;Race relations officer;392141;1
98371935604;Glenn Pacheco;Male;2007-03-28;Insurance risk surveyor;721412;3
26810200791;Cynthia Johnson;Female;2011-02-18;Best boy;677204;2
51054577324;Virginia Santiago;Male;2012-03-23;TEFL teacher;870847;0
48800439489;Rebecca Fletcher;Male;2021-09-24;Press photographer;655746;2
97098166015;Steven Lee;Male;2014-02-05;Printmaker;840200;2
57671271927;William King;Male;2023-05-21;Regulatory affairs officer;346893;3
90554096153;Marie Thompson;Male;2002-07-10;Accounting technician;530539;2
65282728779;Todd Miller;Female;2006-01-19;Therapist, horticultural;243770;0
03487539650;Angel Boyd;Female;2007-07-12;Health and safety adviser;958112;5
74168601433;Kenneth Mitchell;Female;2023-05-22;Financial risk analyst;324389;1
44168009119;Brian Mclean;Male;2010-04-15;Engineer, agricultural;927150;5
11828076298;Mario Cherry;Male;2000-11-02;Location manager;900361;0
16752426924;Shane Barnes;Male;2000-10-04;Stage manager;780878;1
34737556209;Sara Ford;Female;2015-01-23;Health and safety inspector;334590;1
60424456239;Manuel Zamora;Female;2007-03-26;Programmer, multimedia;698026;1
35030006525;Dr. Karen Marquez DVM;Male;2007-08-10;Designer, exhibition/display;102005;3
95768226625;Amy Rodriguez;Female;2007-11-17;Museum education officer;507953;2
38823311111;Miguel Wilson;Female;2003-01-11;Advertising art director;776672;4
66603494423;Deborah Silva;Male;2007-04-14;Teacher, primary school;93912;2
24690272498;Stephen Romero;Male;2009-07-08;Dealer;126086;2
76397857232;Lisa Flores;Male;2006-05-24;Forensic scientist;523281;4
19865278705;Sandra Jones;Male;2011-03-06;Chief Executive Officer;429211;5
71023906400;Michael Webb;Female;2012-01-02;Broadcast presenter;146221;3
50095535633;Ryan Henderson;Female;2018-01-15;Lawyer;538198;3
50776110579;Daniel Hill;Male;2021-03-06;Tax inspector;448906;5
84218206012;Billy Adams;Female;2010-08-09;Psychologist, forensic;1441;4
64923089401;Diane Guerrero;Female;2018-06-19;Catering manager;200496;3
06165834903;Briana Clark;Male;2005-09-25;Pathologist;677839;4
40106288501;Margaret York;Female;2008-08-13;Art therapist;357940;2
18609712351;Sara Cooper;Female;2021-09-24;Television production assistant;687619;4
15707991035;Lindsay Jackson;Female;2011-09-21;Cabin crew;681894;4
45969382859;Emma Benjamin;Female;2001-01-15;Television/film/video producer;236476;1
65045712809;Laurie Trevino;Female;2016-11-20;Paramedic;769131;2
59161658584;Virginia Jackson;Female;2021-12-24;Publishing copy;778015;0
31049684353;Jill Ewing;Female;2021-12-08;Corporate treasurer;399127;3
21710243789;Alison Bishop;Male;2009-06-12;Sports development officer;279184;3
79047101308;Roy Oliver;Male;2009-03-05;Advertising account executive;44426;4
16927619211;Parker Edwards;Male;2008-10-24;Farm manager;593668;5
65647693899;Mark Duran;Male;2003-10-10;Surveyor, mining;294837;3
42503872266;Juan Mercado Jr.;Male;2008-05-22;Fisheries officer;68631;0
22036418036;Laura Cunningham;Male;2017-01-11;Consulting civil engineer;831403;4
07479542043;Amanda Bartlett;Male;2019-04-28;Buyer, retail;153576;3
07176024911;Thomas Knight;Male;2005-08-26;Facilities manager;405136;2
26615064606;Alicia Rodriguez;Female;2006-10-13;Fashion designer;448332;1
25218926066;Sean Carpenter;Male;2008-05-25;Scientist, physiological;457175;2
61097840110;James Reed;Male;2012-07-27;Scientific laboratory technician;57744;4
43515666983;Pamela Jones;Male;2019-08-21;Health visitor;167397;1
69198988384;Thomas Griffith;Male;2003-01-27;Research officer, government;520206;3
57799764534;Laura White;Female;2012-10-19;Broadcast journalist;737509;3
40187001204;Brandy Perez;Male;2004-01-02;Hydrogeologist;75241;2
59225268102;Jennifer Patterson MD;Female;2016-03-22;Health physicist;613730;3
38458301226;Mark Moreno;Female;2016-12-03;Special educational needs teacher;192715;5
64309277464;Christopher Vargas;Male;2005-08-21;Engineer, materials;16033;2
96119296615;Brian Lewis;Male;2015-04-25;Psychologist, clinical;139519;2
35927691424;Rebecca Villa;Male;2013-09-13;Charity officer;533265;3
13166784772;Nathan Johnson;Male;2002-10-03;Horticultural therapist;414799;3
02462711310;Michael Macdonald;Male;2008-11-05;Counselling psychologist;767374;1
85103200705;Kenneth Mueller;Male;2012-07-27;Petroleum engineer;459043;4
58914497339;Thomas Davis;Male;2018-04-26;Surveyor, land/geomatics;400146;3
51266065384;Lisa Donovan;Female;2015-05-22;Air broker;923813;4
33498242918;David Middleton;Male;2002-09-25;Hydrologist;40917;3
92979761879;Brandon Mccoy;Female;2007-12-19;Immigration officer;706007;1
38429887617;Gregory Wood;Female;2021-10-02;Estate agent;28527;1
85954038444;Paul Gutierrez;Female;2002-11-18;Merchandiser, retail;155273;5
09584605410;Amanda Mathis;Male;2023-03-08;Location manager;489678;2
26240769564;Michelle Martinez;Female;2014-08-18;Dentist;275296;0
52223688939;Carmen Davis;Male;2022-08-12;Site engineer;670013;4
82664321518;Amy Blair;Female;2012-04-01;Economist;848122;2
60432286581;Ashley Rogers;Male;2005-05-13;Engineer, production;63947;3
10744326367;Paula Bautista;Female;2005-09-03;Psychologist, prison and probation services;255747;5
74201647566;Jeffery Murray;Female;2012-11-10;Scientist, research (life sciences);583666;2
85625064867;Veronica White;Female;2020-11-11;Surveyor, planning and development;696658;3
06978479313;Jeffrey Phillips;Male;2016-10-06;Probation officer;463848;4
63996331490;Jeremiah Peterson;Female;2000-07-20;Chemical engineer;420498;5
35592137408;Beth Moore;Male;2011-06-11;Publishing rights manager;294058;4
29838793108;Danielle Thompson;Male;2007-08-07;Engineer, materials;184588;0
73542645062;Patrick Morrow;Male;2023-02-15;Insurance broker;433662;3
20187552513;Bryan Parker;Female;2017-07-15;Surgeon;120723;1
89730230028;Lonnie Decker;Female;2004-02-13;Nurse, adult;860828;4
76497840932;Jennifer Smith;Female;2005-12-21;Pilot, airline;64067;4
79007224941;Thomas Johnston;Male;2022-11-19;Surveyor, minerals;950203;3
93728850396;Richard Norris;Female;2011-02-23;Accountant, chartered public finance;525848;2
07206648357;Anthony Thompson;Female;2013-11-26;Editorial assistant;538159;1
27200608068;Todd Cameron;Female;2009-08-02;Biochemist, clinical;693349;0
07584622347;Michael Taylor;Male;2005-11-21;Commercial/residential surveyor;48341;2
10488404885;Autumn Smith;Male;2011-11-12;Press photographer;484675;2
46879000696;Alex Kane;Female;2004-05-15;Comptroller;647980;0
22573653606;Christopher Cervantes;Male;2005-10-24;Engineer, technical sales;312336;3
40279206552;Donald Lawson;Female;2013-02-05;Tree surgeon;175755;3
05844624478;Kristina Long;Female;2020-09-15;Health promotion specialist;595419;4
88112384776;Jonathan Hall;Female;2010-12-16;Commercial horticulturist;680398;4
94669343277;Scott Davis;Male;2005-04-25;Commercial/residential surveyor;624034;2
57441570719;Glenn Morales;Male;2006-12-26;Patent examiner;678991;4
16383084681;Andrea Weaver;Female;2016-09-02;Learning mentor;449916;5
73862970629;Jennifer Patton;Male;2008-03-28;Surveyor, building;930527;4
86290225725;Mr. Jonathan Aguilar;Male;2002-01-12;Scientist, product/process development;983006;2
83063633759;Charles Best;Male;2022-02-12;Minerals surveyor;879015;4
68377410343;Kayla Proctor;Male;2003-01-01;Pharmacist, hospital;801283;5
82203015572;Madeline Hutchinson;Male;2007-04-03;Designer, jewellery;499989;4
82668570576;Mary Jennings;Female;2005-07-17;Paediatric nurse;980392;4
47411639522;Brenda Richardson;Male;2012-09-23;Press sub;92192;3
82561396591;Anita Miller;Male;2007-08-13;Dentist;333208;3
94911888449;Madeline Wallace;Male;2014-12-13;Computer games developer;789307;2
71388782756;Richard Cummings;Female;2010-03-16;Engineer, mining;244089;0
97963574152;Antonio Brock;Female;2012-12-20;Engineer, communications;980632;1
78196268776;Anthony Cuevas;Female;2004-04-08;Orthoptist;716350;4
31329098604;Robert Duran;Male;2001-12-23;Acupuncturist;53638;0
33689550223;Kyle Carson;Female;2004-10-19;Solicitor, Scotland;42652;0
35160500029;Michael Johnson;Male;2001-03-05;Teacher, primary school;340487;1
56204665792;Ashley Bowen;Male;2000-04-05;Prison officer;831522;5
21897247287;Linda Casey;Male;2017-05-02;IT trainer;880142;1
92620914479;Tanya Yoder;Female;2020-04-19;Clinical embryologist;781806;0
22702672056;Rachel Smith;Female;2013-03-23;Engineer, water;57420;1
83955752262;Ashley Hunt;Male;2020-09-03;Health and safety adviser;313800;4
68649296206;Jennifer Wall;Female;2016-09-14;Radio broadcast assistant;441416;2
99032680582;Bradley Davis;Male;2021-06-22;Environmental education officer;936712;5
46678628607;Jessica Lee;Female;2018-02-23;Industrial buyer;177902;5
71798123151;Leah Patterson;Female;2015-01-10;Community pharmacist;376251;4
71514234745;Matthew Mitchell;Female;2010-09-02;Charity fundraiser;215742;5
99187185187;Hunter Rodriguez;Female;2005-04-14;Engineer, civil (contracting);925371;5
31769930592;Cynthia Lang;Male;2013-06-19;Educational psychologist;303980;0
56113429423;Tom Pierce;Male;2021-11-07;Pharmacist, community;535470;3
26481569305;Nathan Thompson;Female;2020-10-19;Quality manager;68477;3
58183652667;Emily Gomez;Male;2008-08-12;Barrister's clerk;288579;0
70817982656;Amy Murray;Male;2008-09-12;Trade union research officer;584390;5
52224251079;Michael Wright;Male;2014-10-28;Designer, textile;901674;3
86168153606;Jesse Herman;Male;2011-08-10;Orthoptist;964572;4
27420589912;Stephen Weaver;Female;2003-09-06;Medical sales representative;241617;1
18064597092;Theresa Moore;Female;2013-09-20;Sports therapist;923423;2
24224261863;Kristen Beasley;Male;2009-08-16;Secretary, company;340149;4
63047072550;Bryan Frederick;Female;2017-10-18;Advertising art director;597278;5
64095667100;Alexander Turner;Male;2015-06-15;Chartered accountant;262758;1
90333551832;Nicholas Johnson;Male;2003-09-17;Administrator, Civil Service;206490;4
10431010693;Jennifer Howard;Male;2019-05-07;Research scientist (medical);857936;2
64951374900;Kevin Pollard;Female;2014-04-17;Charity fundraiser;280425;2
16611062013;Douglas Francis;Female;2021-04-12;Surveyor, building control;135970;5
36718013081;Jennifer Frank;Male;2011-08-06;English as a foreign language teacher;997134;0
58617455909;Kyle Beck;Female;2003-06-28;Commercial art gallery manager;746004;1
04342669093;Ms. Tina Li;Female;2023-10-02;Designer, fashion/clothing;422418;2
89844262048;Marcus Richardson;Female;2022-05-21;Therapist, speech and language;647789;3
90179055332;Joan Lee;Female;2004-01-01;Journalist, broadcasting;130907;3
14098188803;Richard Curtis;Female;2002-04-10;Field seismologist;286876;3
53714912545;Charles Franklin;Female;2005-01-17;Transport planner;389782;0
52333575919;Michael Smith;Female;2001-01-15;Music tutor;862460;4
11672442327;Jared Jones;Female;2012-08-05;Industrial buyer;622795;2
94599044567;Susan Lewis DVM;Female;2018-04-15;Clinical embryologist;941966;3
22566617188;Alyssa Olson;Female;2003-03-19;Translator;84906;2
11579915245;Robert Rivera;Female;2019-01-11;Multimedia specialist;888982;3
07207714322;Gary Davis;Male;2009-09-17;Furniture designer;420097;2
86396391346;Melinda Williams;Female;2005-05-14;Customer service manager;73975;2
10688897404;Tiffany Conrad;Female;2023-09-10;Clinical molecular geneticist;493544;5
21195003282;Matthew Fisher;Female;2011-11-20;Purchasing manager;71718;5
15435654157;Rebecca Sanchez;Male;2004-08-19;Engineer, automotive;520975;0
58027805241;Jonathan Ware Jr.;Male;2019-07-22;Radiation protection practitioner;264120;0
07432246483;Lisa Kline;Male;2011-07-10;Call centre manager;217617;1
80213574519;Kayla Chambers;Female;2011-04-01;Cartographer;141074;1
09920950643;Amanda Dunn;Female;2021-12-16;Psychologist, prison and probation services;812863;0
71007570915;Christopher Cooper;Male;2003-03-17;Publishing rights manager;237323;3
60940518784;Melanie Figueroa;Male;2002-07-15;Interior and spatial designer;204289;2
74409276467;Miranda Berry;Male;2014-07-19;Manufacturing systems engineer;948476;0
83354351018;Joseph Watson;Male;2017-10-16;Volunteer coordinator;889406;2
63988651966;Gary Torres;Female;2005-12-15;Research officer, political party;648722;3
82192041419;Elizabeth Martinez;Female;2014-07-15;Public house manager;712453;3
70028567681;Benjamin Farrell;Female;2016-08-08;Hydrologist;547971;4
30728067281;Erika Hayes;Male;2009-06-09;General practice doctor;24291;4
16046571987;Mary Sherman;Female;2008-08-04;Jewellery designer;29026;2
16249246097;Jennifer Brown;Female;2018-12-17;Scientist, forensic;487295;0
53665505598;Katelyn Martinez;Male;2006-08-11;Research scientist (physical sciences);188434;0
95649155069;Joshua Medina;Female;2015-02-21;Geoscientist;815067;3
12032667740;Robert White;Female;2006-04-18;Occupational psychologist;939913;2
38533778188;Nicholas Rodriguez;Female;2005-09-01;Records manager;453364;1
67659464956;Kristina Burns;Male;2013-06-27;Theatre director;335033;5
35716996087;Brandon Jacobs;Female;2006-07-18;Water quality scientist;8703;3
20666339188;Michele Miller;Male;2017-12-15;Air traffic controller;528957;0
30054465198;Robert Black;Male;2014-02-20;Psychiatrist;800355;5
72631968088;Mark Edwards;Male;2018-11-24;Advertising copywriter;879882;4
62829316233;Matthew Brown;Male;2018-08-01;Art gallery manager;346988;0
99050880498;Susan Hill;Female;2009-11-13;Merchant navy officer;1861;5
71716112432;Katrina Greene;Female;2012-04-18;Animal technologist;339556;1
00364126356;Sharon Hopkins;Female;2009-08-20;Water quality scientist;197422;3
04720321188;George Miller;Female;2020-12-03;Minerals surveyor;359302;4
38031430226;Tony Wright;Male;2019-01-24;Advice worker;798244;4
17772652757;Shannon Palmer;Female;2002-01-24;Architect;858685;5
00151287093;Elizabeth Vincent;Male;2020-11-02;Energy manager;746188;2
37670164447;Julie Luna;Female;2018-07-25;Historic buildings inspector/conservation officer;951031;1
33362666207;Bryan Peterson;Male;2020-04-28;Engineer, land;194046;3
63387189709;Steve Waters;Female;2014-12-25;Scientist, audiological;983513;5
96340317091;Cindy Stone;Female;2000-04-26;Scientist, research (maths);853483;5
31166982470;Chelsea Mckee;Male;2010-06-28;Scientist, product/process development;778794;1
81204854213;Carl Medina;Female;2004-05-09;Electrical engineer;953165;5
93310809131;Jacob Gibbs;Male;2000-05-07;Chief Financial Officer;283653;0
12343899133;Chelsea Gates;Female;2009-11-03;Physiological scientist;67205;5
71976814649;Stephanie Cardenas;Male;2015-06-20;Public librarian;997199;2
81131984503;Danielle Douglas;Female;2001-02-02;Therapist, art;932017;2
75912776199;Monica Keller;Male;2000-01-01;Publishing rights manager;345899;1
03000385336;Robert Ramirez;Male;2014-04-23;Oceanographer;296157;1
11272026413;Shannon Nelson;Male;2006-08-22;Publishing copy;661754;5
10648277859;Alexander Hicks;Female;2014-04-25;Civil engineer, contracting;257876;4
11125337797;Jamie Berry;Male;2007-03-12;Water quality scientist;363748;5
05641786407;Alisha Rhodes;Male;2020-05-04;Scientist, research (medical);816392;4
94393897127;Steven Burke;Male;2019-01-09;Education officer, community;792553;2
16904140475;Kristie Deleon;Female;2005-12-05;Network engineer;556624;3
16081002007;Jason Robertson;Male;2023-12-14;Pathologist;37304;4
30692429851;Diane Poole;Male;2016-10-24;Video editor;13262;3
27665593766;Kathleen Whitaker;Male;2004-09-23;Architectural technologist;819493;4
25464825492;Jeffery Mcfarland;Female;2004-04-01;Research officer, political party;221471;1
84167542347;Kristopher Johnson;Female;2016-04-16;Optician, dispensing;338367;2
95840152113;Kimberly Zuniga;Male;2007-09-25;Nutritional therapist;755888;0
81800468851;Javier Parker;Male;2015-09-09;Seismic interpreter;266101;4
23328637298;Joshua Rose;Male;2017-04-09;Music therapist;441620;0
58717518534;Christopher Humphrey;Male;2011-05-04;IT consultant;256767;5
35232260555;Christopher Beck;Male;2021-03-03;Fine artist;88079;5
98809385362;Carolyn Brown;Male;2013-10-14;Geochemist;550915;4
07569763698;Kelly Kelly;Female;2013-10-01;Systems analyst;670448;1
41603426547;Arthur Archer;Female;2001-11-12;Theatre director;967285;0
66504064318;Daniel Caldwell;Female;2015-04-03;Orthoptist;644778;0
79539928338;Anthony Griffin;Female;2007-03-23;Research scientist (maths);349760;1
69414472560;Dennis Clark;Female;2005-03-03;Dietitian;909966;5
54342734676;Tiffany Johnson;Male;2011-11-15;Engineer, petroleum;423578;0
57696676292;Christopher Arellano;Female;2008-10-21;Advice worker;88046;3
36462041362;Ronald Ochoa;Female;2013-08-17;Tax adviser;54050;1
27614036734;Megan Carlson;Male;2022-06-17;Secondary school teacher;476891;3
48908478994;Michael Ramirez;Female;2002-11-19;Engineer, mining;188039;3
61419872168;David James;Male;2005-07-28;Photographer;739929;2
29561341158;Jason Miller;Female;2018-04-19;Technical author;573174;0
76417568767;David Lopez;Male;2022-01-26;Secondary school teacher;501855;4
76042007460;Paul Garza;Female;2007-05-24;Chief Marketing Officer;778127;5
90317237439;Derek Reyes;Female;2008-02-05;Education administrator;329640;2
25232459634;John Bartlett;Female;2017-02-10;General practice doctor;470390;2
08613255455;Darrell Fry;Female;2000-06-27;Radiographer, diagnostic;530080;1
70444036611;Mrs. Alison Stuart;Male;2020-03-14;Astronomer;806448;3
55093331723;Tristan Williams;Female;2018-09-22;Scientist, research (physical sciences);773547;5
70880976798;Juan Henry;Female;2000-04-18;Seismic interpreter;212094;0
75243817115;Corey Hill;Male;2005-01-16;Dancer;384525;3
72581201646;Rachel Boyle;Female;2003-06-13;Make;18752;1
11171532872;Heather Young;Female;2007-07-08;Warehouse manager;747662;1
35395592282;Sara Lee;Female;2007-12-11;Higher education lecturer;242935;3
99303930348;James Bryan;Female;2002-07-26;Catering manager;96434;0
07724244952;Todd Miller;Male;2014-04-15;Research officer, government;456763;3
41666840094;Debra Williams;Male;2010-01-22;Artist;760518;3
11145101123;Jeffrey Thomas;Male;2016-08-03;Orthoptist;180652;3
69228131784;Jason Esparza;Female;2011-01-13;Aid worker;496708;4
56800267239;Lindsey Wallace;Female;2012-03-11;Administrator, Civil Service;235703;0
17306631101;Alicia Wright;Female;2019-09-08;Fashion designer;595835;0
11726055285;George Villanueva;Female;2000-09-12;Mudlogger;221808;5
23261540264;Stacey Huffman;Male;2016-12-28;Psychologist, occupational;363390;2
62342769017;Brian Hayden;Female;2017-06-25;Electronics engineer;677213;5
62510588872;Jason Butler;Female;2012-09-17;Psychologist, clinical;811866;1
75126768613;Laura Mcknight;Male;2018-09-11;Scientific laboratory technician;692935;3
19656944998;Cameron Cruz;Male;2001-11-10;Chiropodist;904368;0
09089304515;Christopher Martin;Female;2009-11-16;Administrator, charities/voluntary organisations;97848;2
63958052770;Paul Shepherd;Female;2015-04-13;Secretary/administrator;372766;0
26451587345;James Hill;Male;2023-05-22;Engineer, materials;65961;1
05443575581;Dr. Matthew Schneider Jr.;Female;2002-09-08;Designer, industrial/product;855159;2
56330607348;Julie Mendoza;Male;2006-06-20;Producer, television/film/video;521765;3
41765127629;Pamela Huber;Female;2005-11-19;Lobbyist;155323;1
94013334850;Sarah Duffy;Female;2001-12-10;Dietitian;762271;3
95775238517;Michael Conner;Male;2009-10-28;Investment banker, corporate;279852;5
92997459180;Justin Yoder;Female;2013-09-13;Engineer, water;929244;4
21779364521;Stephen Maldonado;Female;2019-03-26;Building services engineer;638632;0
25441243909;Rachel Nash;Female;2000-12-03;Furniture conservator/restorer;352417;5
38860568894;Matthew Smith;Female;2003-10-28;Building surveyor;117972;4
72379170444;Ashley Greene;Female;2017-11-08;Animal technologist;609837;1
80526791097;Scott Frye;Male;2013-09-14;Engineer, automotive;104077;2
44566987032;Laura Lee;Male;2008-11-18;Administrator;961099;2
76362968638;Mrs. Karen Sanchez;Male;2006-06-20;Ranger/warden;19406;0
80986933510;Michael Guzman;Male;2001-08-19;Surveyor, building;78528;0
85853515212;James Gutierrez;Female;2000-04-15;Horticultural therapist;333064;4
71168333589;Andrew King;Female;2023-02-15;Advertising art director;467176;2
61260187965;Daniel Martinez;Female;2005-06-17;Health and safety inspector;804967;1
80462572824;Jeanne Jenkins;Male;2008-07-09;Oncologist;389190;5
31707198569;Brian Cole;Male;2018-09-07;Chief Strategy Officer;96594;4
73289071856;Robert Horn;Male;2014-02-10;Product manager;641947;3
40229022088;Dakota Ellison;Female;2010-06-11;Fitness centre manager;460885;0
62480879611;Andrea Smith;Female;2016-12-27;Theatre director;626005;5
86120923271;Alexandra Fisher;Male;2004-03-27;Adult nurse;541616;3
19726354662;Sharon Aguirre;Female;2003-07-18;Engineer, chemical;856514;5
86571757104;Andrew Berry;Male;2022-06-24;Hotel manager;487836;0
19199356425;Maria Chang;Female;2013-04-16;Furniture conservator/restorer;230185;4
68501760890;Jeremiah Duarte;Female;2013-12-06;Risk analyst;990886;4
12151775060;Stephen Morrow;Female;2002-02-13;Animator;261332;5
93396684075;Kevin Diaz;Male;2003-01-12;Fitness centre manager;512136;1
90968635594;Sara Martinez;Male;2023-10-14;Catering manager;755516;2
59429042095;Ashley Willis;Male;2007-08-09;Conference centre manager;862037;5
81596958343;Joseph Strong;Male;2023-12-19;Programmer, applications;792488;0
80018149252;Jonathan Roach;Female;2021-03-13;Engineer, electronics;921680;3
17426097737;Tyler Boyle;Female;2000-04-25;Graphic designer;763579;5
17607979194;Gerald Dennis;Female;2005-09-13;Commissioning editor;782891;2
33052875586;Laura Rangel;Female;2017-12-04;Hotel manager;348734;3
21252032785;Nicole Mora;Female;2003-09-11;Tour manager;215884;2
85116833867;Brett Scott;Female;2005-08-26;Management consultant;173755;0
89410920693;Jason Nash;Female;2002-07-19;Merchandiser, retail;960985;3
72382379049;Anthony Stewart;Female;2009-05-05;Chartered management accountant;653385;2
14792750949;Ashley Gonzalez;Female;2012-06-07;Pensions consultant;252096;5
44124750892;Wesley Gallagher;Male;2016-12-11;Planning and development surveyor;446114;3
08892814863;Brandon Smith;Male;2004-04-15;Architect;582303;1
40796593609;Jillian Cowan;Male;2016-01-11;Tax adviser;36728;1
91695600338;Mrs. Leslie Clements;Male;2002-04-23;Secondary school teacher;331342;5
90945814109;Rachel Myers;Male;2022-11-02;Management consultant;485470;0
26378889473;Ebony Choi;Female;2018-07-14;Technical author;712659;5
13910348222;Christian Patterson;Male;2018-10-09;Museum/gallery curator;992360;5
11170179356;Sharon Green;Female;2003-10-01;Materials engineer;175608;2
65550906979;Nathan Williams;Female;2020-11-23;Information officer;213341;0
58933480404;John Martin;Male;2008-12-19;Therapist, speech and language;80202;4
40785013770;Felicia Smith;Male;2009-09-17;Exhibition designer;398656;3
18613248052;Robert Harris;Female;2012-05-02;Animator;434415;3
02414173657;Tonya White;Male;2015-08-13;Designer, interior/spatial;675210;1
11671532750;Victoria Mckay;Female;2019-03-15;Speech and language therapist;217541;0
92468498238;Ann Hoffman;Female;2018-03-20;Agricultural consultant;792507;4
64680607848;Andrew Gutierrez;Female;2018-01-05;Secretary/administrator;366524;4
41634380997;Jason Moore;Female;2003-11-11;Proofreader;595153;5
16471810877;Sarah Robbins;Male;2006-03-28;Chartered legal executive (England and Wales);37531;2
26624936045;Scott Johnson;Female;2001-09-15;Occupational psychologist;494781;2
94214380109;Elizabeth Garcia;Female;2002-03-22;Chartered loss adjuster;886886;4
26624804121;Susan Cook;Male;2004-09-15;Designer, furniture;905782;1
67885004153;Louis Williamson;Female;2019-04-04;Curator;605201;2
04328454997;James Potter;Female;2023-04-06;Pharmacist, hospital;843455;3
56835492669;Billy Cruz;Male;2020-08-28;Environmental consultant;84733;0
54443476195;Corey Morris;Female;2006-05-18;Programmer, systems;427394;5
53352700905;Natasha Baker;Male;2001-04-14;Rural practice surveyor;43621;2
27572620512;Jennifer Stanley;Female;2011-07-23;Bookseller;291221;2
59731951741;Lori Bridges;Male;2008-02-24;Veterinary surgeon;167305;0
08380497234;Patricia Lawrence;Female;2020-05-07;Midwife;607083;0
79583423726;Eddie Gutierrez;Female;2003-09-26;Physiological scientist;14981;4
87700882225;Kevin Elliott;Male;2016-05-07;Psychotherapist;442383;3
00135600051;Lindsey Juarez;Male;2022-06-18;Animal nutritionist;147260;1
28469498870;Laura Brown;Male;2011-12-14;Editor, commissioning;732927;4
61931108336;Joshua Powell;Male;2018-09-25;Holiday representative;337581;4
47281864663;Trevor Moore;Male;2006-06-10;TEFL teacher;392472;1
14161475793;Sierra Carter;Female;2004-08-22;Hotel manager;805849;1
79125519958;April Anderson MD;Female;2013-12-17;Surveyor, land/geomatics;900440;1
15401182488;Joe Moran;Female;2004-04-20;Editor, film/video;651314;0
87872746247;Eduardo Murphy;Female;2009-05-08;Nurse, learning disability;982175;0
56083276552;Danielle Barnes;Female;2016-10-15;Risk analyst;820670;1
65534384491;Hayley Hernandez;Female;2013-04-17;Designer, exhibition/display;386845;1
50770479229;Deborah Young;Male;2011-12-16;Homeopath;674270;1
90969023511;Erin Fitzgerald;Female;2014-12-26;Teacher, music;907482;2
23773819499;Kari Cowan MD;Female;2023-11-13;Trade mark attorney;671342;0
93475673794;Karen Nash;Female;2020-10-23;Radiographer, diagnostic;474498;3
34469022429;Lindsey Mccarthy;Male;2018-09-02;Engineer, production;818185;0
46876924884;Marcia Stevens;Female;2018-05-22;Print production planner;562524;2
63299053144;Bryan Duncan;Male;2012-06-19;Farm manager;825698;2
03116234504;Jordan Barrett;Male;2013-03-16;Meteorologist;467433;0
46362731463;Timothy Patel;Male;2012-10-02;Magazine journalist;234465;4
44619540910;Donna Miller;Male;2004-08-16;Arts development officer;117522;0
79921963152;Kenneth Lloyd;Female;2010-04-20;Airline pilot;773926;3
31245174768;Ryan Rogers;Male;2014-10-25;Administrator, arts;203230;0
52292596941;Patricia Lambert;Female;2020-09-23;Clinical embryologist;33381;5
41422762572;Christopher Simmons;Male;2008-05-12;Fashion designer;5865;5
41056798856;Amber Burns;Female;2007-07-22;Administrator, arts;918491;4
72769678745;Jesse Harris;Male;2014-03-25;Advertising account executive;952170;4
74480794895;Cindy Abbott;Male;2009-04-07;Community education officer;174883;3
39298890846;Michael Huber;Female;2001-07-05;Clinical biochemist;237886;5
77452242309;David Irwin;Female;2007-07-23;Air broker;433799;1
97999158059;Adrian Watson;Male;2022-10-09;Publishing copy;402754;0
22538138202;Stephanie Fernandez;Female;2015-12-16;Exhibition designer;209279;2
70650978542;Thomas Wallace;Female;2003-06-13;Volunteer coordinator;315194;2
34304336071;Andrew Santiago;Female;2002-07-27;Buyer, industrial;520570;4
67779624808;Jeffery Burke;Female;2007-02-24;Volunteer coordinator;534725;2
21976077371;Amanda Miller;Female;2001-06-14;Warehouse manager;820703;3
83073924611;Stacey Davis;Female;2017-07-03;Occupational hygienist;783921;1
20916487508;Miranda Reynolds;Female;2022-12-27;Engineer, energy;107489;4
64834751344;Sherry George;Female;2023-12-21;Building surveyor;598933;0
44200480638;Christopher Moore;Male;2009-12-07;Psychotherapist, child;353217;1
94938473500;Brian Davis;Male;2012-05-25;Education officer, community;771631;4
65942421167;Dawn Holland;Female;2014-01-12;Marine scientist;355060;5
92962824003;Raymond Bowen;Male;2023-10-16;Pensions consultant;203624;0
41052079085;Gerald Miller;Female;2002-02-18;Environmental health practitioner;9064;5
54032771279;Alicia Rodriguez;Male;2020-12-07;Media planner;956120;1
96433099688;Connie Garrett;Male;2008-03-08;Geophysicist/field seismologist;356256;1
24354251254;Erica Bean;Female;2015-01-21;Professor Emeritus;337428;3
87965353135;Kelly Copeland;Female;2014-12-05;Higher education careers adviser;732048;1
50101560424;Michael Fernandez;Female;2005-11-13;Charity officer;512816;4
14617308074;Edward Richards;Male;2000-12-04;Teacher, early years/pre;466279;1
72469679418;Christopher Ponce;Male;2014-04-26;Accounting technician;863151;0
69653149249;Richard White;Female;2006-07-25;Dentist;639650;4
66593209696;April Abbott;Male;2003-07-17;Horticultural consultant;578262;1
37389350622;Donald Perry;Male;2008-11-09;Warden/ranger;28026;1
09445329700;Samantha Reed;Female;2019-05-25;Careers information officer;712265;3
56719507779;Deanna Atkinson;Female;2015-01-26;Hydrographic surveyor;789191;3
23492675405;Angela Brown;Female;2002-07-23;Chemist, analytical;228544;3
44294730807;Jenna Salinas;Male;2005-07-24;Financial risk analyst;502518;5
00798932815;Christy Jones;Female;2010-07-27;Clinical embryologist;939209;5
32961758983;Patrick Cervantes;Female;2012-09-22;Loss adjuster, chartered;334256;4
59652115981;Angel Hale;Male;2015-06-27;Designer, fashion/clothing;405496;3
31003171526;John Herrera;Male;2021-08-14;Data scientist;345975;4
61301351042;Elizabeth Raymond;Male;2014-07-23;Veterinary surgeon;849647;4
17753801690;Caitlyn Brown;Male;2019-11-20;Designer, ceramics/pottery;526871;5
57337377043;Alex Foster;Female;2016-11-24;Patent examiner;439118;3
99072054341;Robert Stone;Male;2002-12-13;Doctor, general practice;390978;0
96321321280;Anthony Boyd;Male;2000-03-17;Social research officer, government;560508;4
55941060504;Mathew Johnson;Male;2010-11-03;Designer, exhibition/display;31243;5
90517212691;Scott Sloan;Male;2012-11-24;Librarian, public;228259;1
65086070032;Tina Martin;Male;2008-02-11;Furniture conservator/restorer;98442;0
71582368544;Wanda Hughes;Female;2000-06-17;Medical technical officer;533798;3
37377524533;Leonard Giles;Male;2008-01-12;Network engineer;203125;4
84115904325;Robin Beltran;Male;2015-06-06;Sports coach;722766;2
14164905208;Mike Clay;Male;2000-02-15;Medical secretary;743940;3
02991647613;Nicole Marquez;Female;2008-05-07;Armed forces logistics/support/administrative officer;602697;4
66488745522;Renee Roberts;Female;2022-12-03;Adult guidance worker;682211;5
76462674868;Stephanie Dixon;Female;2001-10-08;Haematologist;285029;5
73620789503;Stacey Day;Male;2016-06-10;Regulatory affairs officer;680509;3
04480381306;John Sherman;Male;2005-02-07;Commercial art gallery manager;172765;0
93154269066;Benjamin Holt;Male;2005-09-02;Veterinary surgeon;472866;4
89259491530;Laura Jackson;Female;2023-02-04;Hotel manager;651781;2
31077922956;Abigail Elliott;Female;2005-09-15;Emergency planning/management officer;481188;3
27391003443;Laura Smith;Male;2013-03-05;Editor, magazine features;438116;0
66840881482;Miguel Hester;Female;2016-10-10;Advice worker;427205;5
38696949082;Denise Gonzalez;Male;2010-04-09;Producer, television/film/video;82055;5
57509508325;Karen Beck;Male;2018-06-11;Phytotherapist;456453;4
56412649813;Dr. Kimberly Sheppard;Male;2011-05-26;Production engineer;837687;3
06558772507;Javier Jackson;Female;2011-07-08;Accountant, chartered certified;175270;2
72656032977;Jason Gonzalez;Female;2015-02-28;Conservator, museum/gallery;12922;1
68551644535;Alison Ruiz;Female;2016-09-20;Dramatherapist;454543;5
02726870818;Nicole Palmer;Male;2012-04-23;Hospital doctor;114241;0
71879102987;Donna Smith;Male;2008-11-20;Chartered accountant;33708;0
13128469655;Kevin Guerra;Female;2014-02-12;Freight forwarder;14667;5
15808741003;Thomas Cooper;Male;2022-10-12;Production designer, theatre/television/film;378537;2
69384385076;Rodney Cherry;Female;2020-11-17;Scientist, forensic;340811;0
93221726039;Alicia Thompson;Female;2006-03-10;Field trials officer;224308;4
76708297386;Kathleen Johns;Female;2001-09-11;Psychologist, sport and exercise;201760;4
83784421273;Stephanie Sims;Male;2007-03-11;Designer, furniture;749023;5
92473820060;Elizabeth Perez;Female;2001-05-07;Radiation protection practitioner;575036;2
62189339630;Anthony Oconnor;Male;2012-11-12;Risk analyst;720365;0
00461755213;Pamela Hawkins;Female;2000-02-21;Investment banker, corporate;607058;0
58385469640;George Kennedy;Male;2020-09-05;Manufacturing engineer;428058;0
45187360430;Christopher Rodriguez;Female;2022-01-25;Physicist, medical;737497;0
17482639534;Jacob Reyes;Female;2005-04-05;Curator;312428;0
00743438827;Justin Fox;Male;2015-12-01;Dancer;418560;1
96789893201;Brenda Kline;Male;2007-10-16;Regulatory affairs officer;840652;0
49541136370;Joseph Randolph;Male;2006-11-17;Dramatherapist;140907;1
07369042452;Clifford Warren;Female;2018-06-17;Passenger transport manager;895612;5
65482512790;Jackie Wilson;Male;2003-02-07;Chief of Staff;745994;0
09637014105;Karen Romero;Female;2013-05-27;Fish farm manager;242650;5
27451356057;Justin Sanchez;Male;2010-05-05;Journalist, magazine;467025;2
96650286865;Matthew Freeman;Female;2002-04-01;Research scientist (life sciences);336885;4
67320518370;Laurie Mitchell;Male;2002-01-08;Doctor, general practice;16225;1
81014250226;Michael Campos;Female;2021-09-20;Forest/woodland manager;29798;0
75387615795;Sara Patterson;Male;2000-11-25;Fisheries officer;262222;5
29285666048;Kelli Ayers;Female;2002-10-12;Intelligence analyst;543135;2
77903681104;Nicole Cantrell;Female;2015-07-25;Research officer, trade union;14408;1
53112274002;Glen Sweeney;Female;2015-08-12;Programme researcher, broadcasting/film/video;986804;5
28213493169;Laura Ayers;Male;2010-05-25;Private music teacher;450181;5
48758611402;Jason Meyer;Female;2007-08-25;Magazine features editor;669098;4
07062414554;Tracey Warren;Female;2023-05-03;Forensic psychologist;9554;3
00326649403;Susan Cain;Male;2021-08-25;Transport planner;568471;0
85324919373;Mary Cordova;Male;2003-05-11;Information officer;982815;1
17624865845;Jesse Lewis;Male;2020-09-22;Equities trader;926033;3
42679748531;Heather Jones;Male;2012-04-09;Communications engineer;889689;5
89608690015;Ronald Torres;Male;2012-09-05;Health and safety adviser;820046;0
09334298031;Jodi Nichols PhD;Male;2002-01-25;Television camera operator;764792;4
86502618283;Andrea Walton;Male;2018-03-03;Textile designer;292501;0
63267978786;Randall Gay MD;Male;2015-09-20;Glass blower/designer;943273;2
44445141179;Miss Danielle Johnson;Male;2008-10-14;Computer games developer;583318;1
90499686876;Hunter Schultz;Female;2005-07-18;Police officer;530622;3
86456822401;Jeffery Lewis;Male;2018-03-28;Environmental consultant;839752;2
28750127129;Ricky Johnson;Male;2003-11-08;Technical brewer;641226;4
33938870680;Jeremy Young;Female;2023-06-10;Arboriculturist;429573;1
66943845035;Wendy Allen;Female;2021-12-09;Commercial art gallery manager;239899;4
64673549688;Donna Williams;Male;2004-06-27;Nurse, mental health;863821;3
41935195024;Margaret Barker;Male;2003-05-25;Loss adjuster, chartered;444939;2
30521645768;Brandon Price;Male;2010-01-02;Research officer, government;147317;3
43310506704;Mary Armstrong;Female;2006-02-03;Psychologist, sport and exercise;777302;2
13080753976;Sandra Finley;Male;2008-04-09;Banker;114814;3
11384283852;Joel Paul;Male;2013-12-25;Occupational hygienist;430837;2
07386490386;Amy Johnson;Female;2011-08-23;Therapist, sports;19863;3
09381133038;Richard Ramirez;Male;2004-09-09;Location manager;273058;1
65483825326;Veronica Walters;Female;2023-02-05;Legal executive;258588;3
50194069388;Debra Underwood;Male;2008-08-27;Embryologist, clinical;782299;5
77734116554;Kyle Horton;Male;2018-02-16;Games developer;163894;2
93817051623;Daniel Rodriguez;Female;2012-05-17;Prison officer;517923;0
80859485965;Jordan Arroyo;Male;2008-08-15;Financial adviser;10559;4
98656124547;Alex Moore;Male;2009-01-28;Estate manager/land agent;351575;5
62485947527;Robert Brown;Female;2000-08-08;Analytical chemist;508116;3
61073635020;Samantha George;Female;2013-10-02;Pensions consultant;933958;5
47425766299;Karen Patel PhD;Male;2016-07-06;Speech and language therapist;678758;2
43760012360;Mark Martinez;Male;2017-02-04;Ranger/warden;197778;5
31111651429;Jason Wang;Female;2002-10-06;Web designer;710388;5
62201375150;James Ingram;Male;2013-04-12;Site engineer;941075;2
05799121565;Allison Vaughn;Male;2013-07-23;Oncologist;786864;5
97761223257;Ashley Collins;Male;2021-01-06;Journalist, magazine;857931;4
48270425094;Erin Cruz;Male;2006-12-18;Legal secretary;245887;4
50157587212;Russell Bennett;Male;2023-02-24;Presenter, broadcasting;56220;1
98606658795;Erica Nicholson;Male;2012-03-03;Purchasing manager;690322;5
37239235221;Brenda Alvarez;Male;2008-02-25;Teacher, primary school;706853;0
75397075015;Daniel Russell;Female;2019-11-25;Location manager;163658;5
88661437132;Christopher Smith;Female;2004-08-10;Pharmacologist;3846;3
79113763658;Kristen Turner;Male;2019-10-18;Programmer, applications;799459;4
32999565647;Willie Davis;Female;2017-12-10;Operations geologist;50844;0
42767085412;Monique Garza;Male;2005-06-02;Teacher, special educational needs;137558;3
46619557508;Christy Woods;Female;2013-01-12;Structural engineer;807431;2
19351641292;Timothy Salazar;Female;2000-03-07;Dancer;30274;4
03482411680;James Gibson;Male;2021-08-02;Diagnostic radiographer;245938;4
98830109702;Stacey Morgan;Female;2005-09-19;Community education officer;259994;4
31594324212;Kimberly Buck;Female;2001-08-09;Surveyor, quantity;210579;3
99190924693;David Bond;Female;2019-04-05;Accountant, chartered public finance;128475;1
58933089483;Jacob Garcia;Male;2016-12-28;Chief Technology Officer;41927;5
64085742479;Cory Castaneda;Female;2005-07-28;Psychologist, occupational;341366;2
84474702592;David Henson;Male;2010-01-16;Electrical engineer;663218;0
02345315896;Alyssa Sherman;Male;2022-02-26;Clinical cytogeneticist;991039;3
27744997406;Tanya Perez;Male;2014-07-25;Scientist, biomedical;949440;2
46940727395;Evan Padilla Jr.;Female;2018-01-26;Editor, film/video;663484;4
23435854828;Devon Watson;Female;2019-01-16;Public librarian;720609;1
09243117404;David Murphy;Female;2001-02-17;Aeronautical engineer;489793;3
21504010061;Julie Lopez;Male;2008-12-03;Neurosurgeon;573163;4
49367140092;Michael Maxwell;Male;2018-02-18;Copywriter, advertising;743641;4
40196579678;Bethany Diaz;Male;2017-02-03;Podiatrist;218472;2
30544399498;Ryan Rogers;Female;2012-08-19;Biomedical scientist;478100;3
93050943278;Tasha Patrick;Male;2006-01-16;Video editor;447032;2
10999442649;Zachary Bailey;Female;2014-03-02;Tree surgeon;295438;3
61154080807;Sarah Mathews;Male;2009-06-20;Chartered certified accountant;284511;3
17314443026;Mark Watts;Male;2008-01-18;Historic buildings inspector/conservation officer;742061;2
80759786660;Vicki Thompson;Male;2005-02-05;Chartered legal executive (England and Wales);739327;5
20812495925;Ashley Edwards;Male;2023-07-01;Nurse, adult;131118;4
15971525522;Benjamin Wallace;Male;2001-10-06;Building control surveyor;242142;1
92739278491;Ann Sexton;Male;2013-12-07;Warden/ranger;568679;5
00218202038;Jillian Marshall;Female;2003-04-18;Sales promotion account executive;223628;1
89626947542;Adam Burns;Male;2001-10-09;Tax inspector;555215;2
73995879398;Kimberly Clark;Male;2009-08-13;Scientist, biomedical;473903;4
36547736390;Caitlyn Gould;Male;2022-03-11;Charity fundraiser;244226;3
37587602849;Justin Lane;Female;2009-04-13;Museum/gallery conservator;498729;4
90782341642;James Roy;Male;2023-06-25;Psychologist, occupational;306735;2
16056811445;Jessica Reid;Male;2018-10-08;Personnel officer;167823;4
70575271994;Tanya Barry;Male;2015-12-25;Development worker, community;461914;0
32529661518;Christina Miller;Male;2003-01-23;Psychologist, prison and probation services;26915;2
44080967814;Christopher Hendricks;Female;2015-04-10;Jewellery designer;594502;4
64370610828;Robert Lewis;Female;2002-05-12;Multimedia specialist;641006;4
36685921348;Regina Knapp;Male;2022-05-03;Programme researcher, broadcasting/film/video;562591;5
37948655481;Shawn James;Female;2011-12-24;Cabin crew;58625;1
29078458593;David Logan;Female;2007-08-02;Interpreter;446007;1
25664744061;Alicia Nash;Male;2001-11-08;Curator;597647;5
21899349499;Jacob Clark;Male;2017-02-10;Nurse, adult;46564;5
88590834632;Keith Johnson;Female;2000-06-16;Social research officer, government;643117;3
48767827059;Anthony Clarke;Female;2017-04-04;Translator;744421;4
12861161912;Amber Watson;Female;2015-04-10;Software engineer;88025;3
21026618499;Chelsea Macdonald;Male;2009-03-01;Acupuncturist;474591;1
06778435867;Derrick Foster;Male;2006-11-15;Print production planner;238290;1
58665298501;Adam Delacruz;Female;2022-05-14;Senior tax professional/tax inspector;639941;0
12798583682;Jessica Scott;Male;2010-04-14;Retail banker;706928;5
35962091864;Peter Chapman Jr.;Male;2011-05-26;Engineer, civil (contracting);605437;4
30396777933;Tracey Rodriguez;Male;2008-07-05;Hotel manager;178916;2
25451306593;Amanda Gutierrez;Male;2021-12-19;Printmaker;580794;5
57573302104;Patrick Mills;Male;2019-05-03;Medical technical officer;507631;1
46314172475;Rebecca Perkins;Female;2003-12-21;Regulatory affairs officer;804929;2
35668069518;Lori Mason;Female;2003-03-09;Therapist, nutritional;174690;4
09216374356;Ashley Harris PhD;Male;2006-12-03;Warden/ranger;821912;2
03681421173;Timothy Thomas;Female;2008-05-26;Agricultural consultant;515489;2
29434626735;Ryan Eaton;Female;2010-03-27;Economist;590795;3
96609479853;Jessica Freeman DVM;Female;2019-08-12;Investment analyst;309176;3
24361243852;Connor English;Male;2016-08-07;Designer, blown glass/stained glass;295643;1
98651900511;John Miller MD;Male;2010-01-20;Designer, jewellery;255257;2
03277314414;Shawn Donaldson;Female;2017-11-25;Dance movement psychotherapist;460023;4
97537436614;Kurt Olsen;Male;2003-03-09;Nurse, learning disability;152347;4
74409836333;Timothy Allen;Female;2023-03-26;Chief Executive Officer;504729;5
47373467895;Andrew Brown;Female;2015-09-19;Textile designer;587330;2
10254855782;Michael Yang;Female;2003-02-07;Industrial/product designer;566069;1
90865896117;Daniel Hawkins;Female;2000-04-20;IT consultant;133218;3
36897901716;Ashley Doyle;Female;2000-11-10;Clinical biochemist;909843;0
08006837247;Benjamin Howard;Female;2003-06-21;Teacher, music;736696;5
68102339542;Charles Mason;Female;2020-09-17;Heritage manager;359099;2
60982272518;Mark Bruce;Female;2008-06-23;Arts administrator;97829;1
19827796398;Sarah Myers;Male;2011-06-15;Broadcast journalist;483482;4
43293032537;Gina Gray;Female;2008-11-03;Biomedical engineer;921631;0
62295699267;Mary Reeves;Female;2007-08-01;Fashion designer;772375;0
03377555537;Daniel Phelps;Male;2003-04-09;Waste management officer;930319;4
30095948754;Adriana Hodge;Male;2008-01-03;Landscape architect;842259;2
24640751358;David Richardson;Female;2018-03-04;Geologist, wellsite;500512;1
73899641596;Terrance Robinson;Female;2013-08-28;Development worker, community;737433;4
03814464487;Lee Knight;Male;2009-09-19;Teacher, early years/pre;171154;4
83381135017;Gabriela Smith;Female;2010-03-03;Marketing executive;124552;2
22076983464;Nicole Hall;Male;2009-09-09;Comptroller;383878;2
81406745718;Roberto Lewis;Male;2014-02-24;Market researcher;746922;0
07113610215;Christopher Poole;Male;2015-01-12;Buyer, industrial;820978;5
54361633842;Emily Jones;Female;2012-02-23;IT technical support officer;928953;2
98856635590;Brittany Alvarez;Male;2013-01-17;Veterinary surgeon;667292;5
32100892500;Christopher George;Male;2010-10-07;Armed forces operational officer;873709;1
86886335442;Tonya Mendoza;Male;2000-03-09;Public house manager;649115;1
00707362051;Erica Howard;Male;2021-02-12;Housing manager/officer;384465;2
91616448381;Kevin Robinson;Male;2004-11-24;Oncologist;265267;2
58846995054;Fred Coleman;Male;2012-02-21;Dispensing optician;171250;3
78432323154;Jeremy Ruiz;Female;2012-12-05;Ambulance person;490533;5
67644102218;Kim Miller;Female;2021-08-24;Scientist, research (life sciences);188536;2
47975036712;Kristin Werner;Female;2003-10-16;Higher education careers adviser;849145;4
34527920258;Joseph Sullivan;Female;2017-01-05;Public relations officer;949973;5
67751977437;Scott Grant;Male;2016-12-14;Chief Technology Officer;97034;1
54118747980;Eric Myers;Female;2023-09-18;Copy;522169;1
33128590804;Charles Moore;Female;2008-09-05;Proofreader;962500;5
32360145148;Julia Pennington;Male;2003-04-08;Editor, film/video;794500;5
24342011016;Kelly French;Female;2017-06-09;Hotel manager;687080;4
35696944702;Sherry Melton;Female;2011-04-24;Conference centre manager;291048;5
77801774270;Michael Roberts;Female;2010-04-28;Planning and development surveyor;225044;0
94469606770;Stacie Pittman;Male;2018-11-13;Horticultural therapist;38649;5
14133529466;Andrea Doyle;Male;2016-12-25;Conservator, furniture;901926;3
29813293296;Abigail Fisher;Male;2017-09-15;General practice doctor;516246;2
38527771884;Manuel Pierce;Male;2012-09-12;Banker;977141;0
08257049553;Patrick Jackson;Male;2018-12-08;Museum/gallery conservator;398969;3
20802262872;Seth Mendez;Male;2018-10-27;Barrister;128138;0
40271812973;Kristen Jackson;Female;2004-07-27;Surveyor, building;171545;4
66237401506;Jessica Larson;Male;2014-07-06;Retail buyer;566608;1
29909009348;Crystal Rodriguez;Male;2008-11-28;Arts development officer;715295;1
37592484004;Rachel Mccoy;Female;2022-02-25;Higher education lecturer;554358;0
74574557266;Kevin Campbell;Female;2022-01-04;Fine artist;515628;5
16447130103;Eugene Carpenter;Male;2005-04-07;Psychotherapist;458481;1
55994591068;Michelle Harper;Male;2004-01-18;Teacher, adult education;170785;3
00671610965;Sarah Collins;Female;2001-10-12;Insurance risk surveyor;169860;1
20312483797;Marcus Nolan;Male;2000-02-11;Engineer, water;162413;3
40121582117;Catherine Tucker;Male;2006-09-11;Chartered public finance accountant;50240;1
62627027118;Julia King;Female;2013-08-03;Designer, fashion/clothing;60009;1
83421312221;Alison Armstrong;Male;2005-10-21;Tree surgeon;393444;5
05661952111;Anne Lewis;Female;2017-02-19;Government social research officer;184131;1
99358541791;Ryan Watkins;Male;2011-01-04;Hospital doctor;747819;3
33740040185;Joshua Fisher;Female;2007-07-06;Minerals surveyor;719600;1
90858059783;Brandon Escobar;Male;2001-04-20;Freight forwarder;913461;5
40409875922;Jon Hernandez;Female;2022-10-12;Field seismologist;21995;0
38263364785;Anthony Monroe;Male;2015-01-01;Land/geomatics surveyor;547254;0
18180135293;Juan Bennett;Male;2015-12-07;Merchandiser, retail;588993;3
96288344753;Craig Horton;Male;2007-04-13;Newspaper journalist;908178;1
94624226856;Sharon Collins;Male;2001-01-24;Emergency planning/management officer;894214;1
92954584010;Douglas Moran;Female;2016-09-09;Barrister;827421;5
33060016793;Victoria Wood;Male;2017-01-18;Claims inspector/assessor;859717;3
00059659314;Patricia Hill;Male;2022-05-08;Presenter, broadcasting;646212;2
33507859152;Danielle Williams;Male;2000-03-05;Engineer, technical sales;48423;3
59946422940;Shannon Hamilton;Female;2013-05-18;Legal executive;673034;2
28459219031;Michael Le;Male;2016-11-22;Music tutor;43557;5
83719960650;Julia Russell;Female;2018-03-16;Site engineer;106346;2
25012263188;Robert Davis;Male;2022-09-04;Media buyer;875113;0
10127786224;Erika Heath;Male;2015-06-13;Museum/gallery curator;712788;0
97415368989;David Walker;Female;2019-09-11;Make;975603;4
50206636982;Chelsey Craig MD;Male;2006-09-25;Dealer;164991;1
83985384287;Robert Bowen;Male;2015-11-26;Materials engineer;104377;3
34130880507;Terri Fernandez;Female;2015-07-16;Accounting technician;768109;1
60563122265;Johnny Sanchez;Female;2006-10-22;Science writer;3047;1
00292108218;Tiffany Rodriguez;Female;2004-08-03;English as a second language teacher;339547;4
67665317483;Dr. Brian Wilson;Male;2006-07-08;Oncologist;890915;1
53146816449;Jim Ayers;Female;2004-11-08;Animal technologist;794244;0
66933125658;Wayne Watson;Male;2021-03-27;Sound technician, broadcasting/film/video;447652;3
01849648318;Kathleen Reed;Male;2006-02-11;Energy engineer;397963;5
34055693332;Jonathan Garcia;Female;2014-05-03;Theatre stage manager;475867;3
95719864450;Michael Hunter;Male;2013-04-02;Animal technologist;406164;2
04270976909;Janet Ramirez;Female;2018-12-25;Brewing technologist;658954;5
54657449434;Rhonda Schmidt MD;Male;2010-08-12;Designer, industrial/product;347751;2
18570948276;Ryan Barnes;Male;2021-03-04;Emergency planning/management officer;21849;3
19121047656;Jerome Yang;Female;2008-07-28;Scientist, marine;264893;4
91139051688;Martin Schneider;Male;2023-01-22;Financial controller;556854;2
92173526441;Cassandra Meyer;Male;2015-01-19;Corporate treasurer;698320;4
92048517185;Madison Nixon;Female;2012-04-25;Technical sales engineer;938938;4
02810455317;Jeffrey Stevens;Female;2004-05-27;Insurance risk surveyor;20004;3
54479609135;Krista Mcintyre;Male;2021-07-25;Company secretary;758586;0
44083462970;Travis Hart;Female;2004-11-23;Librarian, public;690013;5
17853356451;Matthew Coleman;Female;2007-12-01;Logistics and distribution manager;438471;5
54240601496;Jason Howell;Female;2023-06-17;Medical physicist;907247;2
57140570272;Andrew Norton;Female;2013-08-24;Hotel manager;5585;5
36025021611;Joan Marquez;Male;2020-05-15;Secondary school teacher;196593;0
36566673514;Jennifer Odom;Female;2009-07-25;Chartered management accountant;810972;5
36097415319;Kathleen Jones;Male;2002-06-22;Commissioning editor;599933;2
22604147978;Michael Ramirez;Female;2012-06-03;Translator;792911;5
83827452588;Allison Martin;Male;2012-11-17;Education officer, environmental;413358;4
24077643329;John Howard;Male;2007-02-02;Designer, graphic;457259;2
23702830708;Leslie Ray;Male;2005-08-02;Engineer, aeronautical;244944;0
58307547496;Nancy Webb;Male;2000-04-14;Environmental manager;195591;5
92298165250;Angela Wagner;Female;2013-10-01;Fish farm manager;847879;5
91922579545;Tiffany Garcia;Male;2016-08-26;Furniture conservator/restorer;919683;4
50245683324;Kenneth Washington;Male;2012-07-25;Medical physicist;45304;0
26264968054;Amanda Rush;Male;2011-10-02;Financial planner;890716;4
63458322414;Jesus Cook;Female;2008-07-13;Field trials officer;200083;1
62717417222;Matthew Weeks;Male;2001-10-16;Financial controller;328717;1
54045986766;Phillip Nelson;Male;2009-03-12;Psychologist, clinical;336378;0
83697567248;Megan Montgomery;Female;2010-03-12;Conference centre manager;683063;5
16055596624;Stacy Burns;Female;2015-06-09;Cytogeneticist;277880;5
59124308157;Felicia Lewis;Male;2003-01-05;Ceramics designer;481437;3
31655264975;Jamie Williams;Female;2019-04-24;Air traffic controller;264873;1
47992648829;James Andrews III;Female;2012-03-25;Stage manager;95201;3
93368044871;Donald Burns;Male;2009-07-04;Market researcher;842913;0
57487853445;Brandy Davis;Female;2014-12-01;Surveyor, building control;891512;2
57173612766;Ashley West;Male;2003-07-03;Armed forces technical officer;849890;3
82711430986;Victor Sampson;Female;2005-02-12;Architectural technologist;478864;4
68594832103;Michelle Clarke;Female;2010-04-19;Trade union research officer;893064;0
50300599056;Zachary Romero;Male;2011-03-28;Therapist, occupational;229475;1
40596454175;Angela Bates;Male;2008-05-16;Pharmacist, community;896913;2
14255277288;Richard Hunter;Female;2021-10-28;Scientist, biomedical;245809;1
50265864423;Jennifer Smith;Male;2014-10-19;Surveyor, building;906344;4
09934099817;Scott Young;Female;2011-02-16;Patent attorney;134574;2
87944074127;April Gomez;Female;2009-10-08;Research officer, political party;523731;2
80540810178;Michael Smith;Female;2000-09-22;Teacher, early years/pre;688814;2
22293094645;Chad Roth;Male;2021-01-26;Associate Professor;376759;5
59082290415;Michael Barton;Female;2001-08-18;Teacher, music;749296;2
90939230077;James Peters;Male;2023-08-26;Youth worker;441883;0
55312319759;Veronica Juarez;Female;2019-10-05;Surveyor, building;359966;5
79216888679;Michael Drake;Male;2023-03-01;Theatre director;549911;3
00923119623;David Moore;Female;2011-06-22;Engineer, civil (contracting);109239;0
89195433307;Rebecca Hicks;Female;2008-07-02;Restaurant manager;707695;4
10016789189;Kathryn Newman;Female;2006-05-24;Museum education officer;29726;2
52721454666;Tyler Johnson;Male;2001-07-18;Civil Service fast streamer;999081;1
41699126748;Jacqueline Williams;Male;2005-07-18;Archaeologist;427765;1
25009428542;Bradley Robinson;Female;2018-02-02;Public relations officer;722593;1
29382345305;Robert Wilson;Female;2002-08-14;Higher education lecturer;695085;4
86922213455;Alec Williams;Female;2015-03-11;Camera operator;317753;0
65534092766;Michael Mann;Male;2010-06-05;Heritage manager;716720;0
19742989238;Jason Mayo;Female;2003-07-06;Animator;93202;4
92779546146;Jennifer Moreno;Male;2021-06-22;Health and safety inspector;221768;4
68129072249;Rebecca Leach;Female;2005-01-07;Accounting technician;735854;3
32384696704;Karen Vazquez;Female;2021-09-06;Development worker, community;407136;2
24512311560;Michael Cameron;Female;2015-02-07;Ambulance person;756869;0
75468852076;Daniel Fisher;Male;2016-05-11;Research scientist (medical);862695;2
73305743210;Peter Braun;Female;2000-05-20;Merchant navy officer;830119;1
80264422429;Bradley Hernandez;Male;2018-08-14;Journalist, magazine;521420;5
37881544646;Tammy Mcintyre;Female;2022-07-09;Geophysicist/field seismologist;36777;4
67022225953;Amanda Hernandez;Male;2019-02-03;Therapist, music;763181;3
94254874147;Daniel Spencer;Male;2009-08-04;Careers information officer;916653;3
06189497836;Candace Massey;Female;2016-03-05;Chartered accountant;571553;2
58134027728;Felicia Mcfarland;Male;2020-12-08;Air broker;951649;4
33520615058;Jill Schneider;Male;2009-08-27;Dealer;67354;5
05338168592;Anna Wright;Female;2005-02-04;Physicist, medical;455207;0
28425088415;Stacy Shepherd;Female;2015-07-11;Editorial assistant;974130;0
90648059967;Andrea Patel;Male;2011-06-05;Psychiatric nurse;544147;1
98338667502;Stephanie Roberts;Female;2008-08-07;Museum/gallery conservator;554749;3
63123084379;Cheryl Arnold;Male;2018-01-21;Visual merchandiser;17521;0
63589525982;Linda Stewart;Female;2013-03-11;Fitness centre manager;224048;3
30295535648;Kara Mullins;Female;2022-11-11;Editor, film/video;155856;3
54659711781;Hector Pham;Female;2004-01-12;Paramedic;197423;5
19998330033;Garrett Quinn;Male;2011-08-21;Furniture conservator/restorer;859440;1
16650851872;Christine Moore;Male;2002-02-10;Insurance account manager;480309;4
13720658292;Samantha Frey;Male;2010-08-27;Operational investment banker;870390;5
55722518598;Alyssa Porter;Male;2011-08-18;Teacher, special educational needs;554331;5
45237797572;Kimberly Patterson;Male;2003-04-21;Audiological scientist;609872;5
28649288713;Larry Acosta;Female;2001-05-11;Brewing technologist;294949;3
13262492550;Patty Norris;Female;2009-02-14;Research officer, political party;94920;3
24576968346;Eric Carter;Female;2002-03-23;Designer, blown glass/stained glass;910419;3
08508784276;Rachel White;Male;2004-01-03;Chartered accountant;996381;3
11322984383;Jason Brooks;Female;2015-08-27;Designer, exhibition/display;459261;3
97979107752;Joseph Bell;Male;2014-10-24;Production assistant, radio;930872;3
30418634369;Jeanette Graham;Female;2023-06-08;Landscape architect;701922;3
61097023199;Kelly Warner;Female;2014-02-06;Public librarian;502778;0
93896206743;Shawn Davis;Female;2018-04-03;TEFL teacher;567666;3
14388355524;Carla Juarez MD;Female;2013-01-08;Risk analyst;167901;5
05312084463;Evelyn Davis;Male;2001-06-26;Architect;424858;0
09776591276;Kelly Jones;Male;2013-07-22;Interior and spatial designer;975314;0
40260924324;Luis Rodriguez;Male;2001-03-03;Secondary school teacher;512236;4
75583796107;Karen Solomon;Female;2017-01-25;Biomedical engineer;639005;3
46691514193;Amanda Sandoval;Male;2006-08-17;Professor Emeritus;280156;2
77227031317;Carrie Morales;Female;2016-02-25;Communications engineer;784540;1
76411435071;Joshua Johnson;Male;2012-11-19;Immigration officer;619027;2
65024296082;Amy Mckinney;Female;2011-03-02;Engineer, water;526233;1
63699087366;Shannon Perry;Male;2011-03-21;Water engineer;382166;1
31211949109;Cynthia Fernandez;Female;2009-07-19;Multimedia programmer;761526;5
76865837785;Maria Edwards;Female;2005-06-03;Careers information officer;658014;1
18344761656;James Everett;Male;2002-07-11;Clothing/textile technologist;973817;0
73423066979;Garrett Turner;Female;2023-10-27;Architectural technologist;530660;5
49318295770;Carlos Ho;Male;2022-02-12;Lighting technician, broadcasting/film/video;332038;4
40454399065;Ronald Simmons;Male;2005-07-15;Designer, industrial/product;133695;4
67896598869;Stephanie Brown;Female;2000-06-15;Scientist, research (life sciences);664440;4
03586930141;Shannon Anderson;Female;2002-04-06;Hospital pharmacist;717355;3
67988158053;Linda Martinez;Male;2008-03-18;Ecologist;284079;4
56539275361;Cesar King;Female;2023-01-16;Fine artist;675720;5
87005598204;Matthew Parker;Male;2005-06-05;Presenter, broadcasting;978606;4
38346726560;Raymond Lopez;Male;2005-02-28;Charity officer;32848;0
32939236422;Jennifer Morris;Male;2016-05-28;Designer, industrial/product;684692;4
45194098404;Susan French;Female;2015-12-25;Associate Professor;53460;0
42330403465;James Schaefer;Female;2023-05-07;Careers information officer;512843;4
50353175861;Daniel Cabrera;Female;2002-08-24;Metallurgist;599998;0
77504796069;Robert Thompson;Male;2014-10-07;Police officer;159050;3
54201775684;Eric Beard;Male;2015-10-02;Engineer, civil (contracting);874665;0
65351050755;Shirley Hall;Male;2001-06-21;Illustrator;834302;3
10499348124;Megan Johnson;Male;2005-12-15;Homeopath;719876;2
27724534341;Sandra Wagner;Male;2013-04-21;Presenter, broadcasting;823170;3
36063025426;Christopher Morris;Male;2021-02-03;Tour manager;48723;4
06802423450;James Lee;Male;2018-06-12;Psychologist, counselling;427404;0
47749414620;David Moore;Female;2004-11-02;Podiatrist;665543;0
09992750187;Ethan Lee;Male;2002-03-13;Counselling psychologist;461745;1
31884472643;Gary Lopez;Male;2012-07-06;Passenger transport manager;758325;2
17218083401;Travis Green;Female;2012-04-22;Research scientist (maths);289819;0
02570936769;Laura Frost;Female;2013-05-04;Learning mentor;261020;4
54473506568;Kathryn Maldonado;Female;2016-03-05;Multimedia programmer;222739;5
80672501289;Christopher Jones;Male;2009-01-10;Ambulance person;216360;5
16397844962;Deborah Green;Female;2020-07-19;Translator;858107;0
44901453614;Jesse Salinas;Male;2015-09-20;Phytotherapist;824322;5
02039117573;Randy Thompson;Male;2006-07-28;Mental health nurse;743857;0
89602610838;Leslie Nelson;Female;2003-07-15;Veterinary surgeon;370544;0
09290758014;Miranda Berg;Female;2005-07-23;Retail banker;776270;0
81330180690;Elizabeth Carr;Female;2003-01-03;Public relations officer;373589;1
42117814266;James Barnett;Male;2008-03-04;Clinical biochemist;630447;5
51313979390;Erin Vazquez;Female;2012-04-09;Arts development officer;555675;5
93276821809;Jeremy Mcfarland;Female;2021-08-18;Podiatrist;693965;3
20070638461;Scott Chung;Male;2006-07-09;Optometrist;885590;0
98766589909;Omar Gomez;Male;2005-01-17;Surveyor, mining;696327;2
23361710298;Melissa Black;Female;2015-07-13;Arts administrator;756801;0
96568987405;Rachel Brown;Female;2017-06-05;Tourist information centre manager;299891;1
38462786693;Tiffany Cruz;Male;2009-01-07;Scientist, product/process development;611575;4
36137131242;Veronica Brown;Female;2014-09-12;Claims inspector/assessor;327660;1
74709973135;Kelly Lopez;Female;2013-05-20;IT technical support officer;122198;0
92440706327;Stephen Holmes;Female;2016-04-01;Engineer, manufacturing;481538;1
02833433502;Justin Miller;Female;2004-05-21;Mudlogger;20183;4
31375867426;Kristine Hansen;Male;2002-09-21;Pathologist;230381;5
85066761856;Michelle Chapman;Male;2018-11-23;Meteorologist;338733;2
31589046089;Anthony Blankenship;Female;2007-04-28;Air cabin crew;95778;4
53799440104;Sheri Oconnell;Female;2019-12-26;Toxicologist;195145;4
42160652429;Mr. Justin Shannon MD;Male;2017-11-21;Legal secretary;341461;5
87037327992;Teresa Park;Female;2008-03-18;Optician, dispensing;421255;5
42521570108;Sara Rice;Male;2023-07-28;Textile designer;236454;0
94858964058;Raymond Nguyen;Male;2002-10-03;Theme park manager;585409;4
79780098672;Valerie Hebert;Male;2016-03-14;Purchasing manager;407872;4
19833717630;Krista Perez;Female;2018-05-17;Hydrographic surveyor;704875;2
49302438496;Keith Phelps;Male;2018-03-04;Pensions consultant;41171;0
41038695335;Haley Ferguson;Male;2017-07-04;Medical secretary;271362;0
70317495301;Stephen Huang;Male;2011-07-07;Armed forces technical officer;988817;5
61250052881;Rebecca Whitaker;Female;2015-04-18;Arts development officer;365803;2
43986411797;Casey Scott;Male;2022-12-20;Psychologist, counselling;907902;3
30554348872;Ralph Kirby;Male;2002-07-04;Hospital pharmacist;557258;2
80873026146;Timothy Harper;Male;2015-01-06;Chartered legal executive (England and Wales);737690;2
06941608536;Pamela Tucker;Female;2001-03-28;Sales executive;262869;3
28328372692;Brian Wheeler;Male;2003-07-28;Air broker;572254;2
92697568331;Debbie Mcdowell;Female;2008-10-13;Engineer, maintenance;591001;5
74092066305;Megan Taylor;Male;2023-06-06;Journalist, magazine;288150;1
47772652961;Yolanda Rodriguez;Female;2009-12-15;Financial trader;928358;5
32196900900;Jackie Martin;Male;2012-07-25;General practice doctor;465299;3
92294191079;Michelle Tucker;Male;2022-12-19;Airline pilot;235531;2
63003532905;Stephanie Miller;Male;2003-09-09;Art gallery manager;866920;2
63297750147;Roger Porter;Male;2021-11-24;Lecturer, further education;18215;0
17787403166;Tanya Williams;Male;2016-04-09;Archaeologist;603490;3
23041822283;Sarah Pugh;Female;2006-06-20;Exercise physiologist;254466;1
22476972145;Olivia Graham;Male;2013-07-13;Development worker, community;793952;1
17163846668;Lacey Rogers;Male;2004-10-01;Publishing copy;425983;0
08369383921;Justin Medina;Female;2002-12-28;Pensions consultant;891187;0
64284574152;Marilyn Reid;Male;2000-09-21;Medical secretary;700279;5
63138817387;John Garcia;Female;2021-05-08;Chartered loss adjuster;968219;4
68587099568;Paula Fox;Male;2012-05-27;Chartered certified accountant;12928;1
30412684245;Anthony Butler;Male;2002-10-18;Mudlogger;531239;5
86971840132;Linda Evans;Male;2013-05-06;Mechanical engineer;109549;3
10867984623;Micheal Davis;Female;2003-12-11;Forest/woodland manager;626419;4
80598684617;Ashley Lewis;Female;2019-05-27;Risk analyst;770482;2
04407521477;Donna Choi;Male;2021-06-23;Television production assistant;841594;2
79238806648;Sarah Small;Female;2010-04-01;Colour technologist;797758;3
99676646384;Rodney Phelps;Female;2014-02-11;Embryologist, clinical;451738;1
11583715006;Nicole Brown;Male;2022-09-19;Scientist, physiological;114626;2
56281597589;Jason Erickson;Female;2011-11-26;Contracting civil engineer;763247;4
91024086708;Carlos Reynolds;Male;2018-04-14;Surveyor, mining;348105;5
11188713709;Christopher Miller;Female;2001-07-18;Careers adviser;229525;5
62730690761;Jacob Ortega;Male;2016-10-24;Patent attorney;443993;5
49605074072;Heather Roth;Female;2001-01-22;Insurance claims handler;672659;3
02732133798;Patrick Anderson;Male;2012-01-02;Merchandiser, retail;745190;2
50061589043;Sandra Valenzuela;Male;2009-01-11;Arts administrator;850906;2
17498041361;Stephanie Tran;Female;2008-03-13;Therapist, music;589584;4
15410060936;Jennifer Soto;Male;2002-11-17;Insurance risk surveyor;308431;3
81568283462;Erica Bell;Female;2015-12-01;Production assistant, radio;272867;4
39581941852;Steven Moran;Male;2018-05-20;Chartered loss adjuster;676433;4
86417781304;Emily Johnson;Female;2018-03-11;Lawyer;705158;5
29209479532;Dawn Newman;Female;2019-12-24;Engineer, site;789245;5
10797099084;Emily Wilson;Female;2011-11-06;Teacher, early years/pre;483837;1
06478148835;Desiree Rose;Female;2008-06-26;Retail banker;721040;0
64871198864;Casey Jones;Male;2022-10-17;Tourist information centre manager;375534;5
81766093526;Charles Perez;Male;2019-06-03;Producer, television/film/video;178731;1
91267787636;Michael Hill;Male;2023-02-28;Environmental manager;964260;0
30366581322;Ashley Adams;Male;2022-02-19;Corporate treasurer;240163;3
97932274847;Becky Ward;Male;2001-10-18;Theatre stage manager;939653;2
96043802071;Thomas Powell;Male;2000-03-08;Podiatrist;821515;1
23576071095;Jeffrey Benjamin;Male;2018-06-04;Naval architect;446820;4
86653405410;Stephanie Schneider;Male;2000-11-25;Administrator, charities/voluntary organisations;422680;4
55362379865;Karen Johnson;Female;2001-02-16;Engineer, chemical;824206;2
30719862376;Brittney Peterson;Male;2013-11-26;Scientist, research (medical);667823;3
96951045163;Tamara Dunlap;Male;2022-07-02;Geophysicist/field seismologist;819517;0
30066215762;Megan Fitzgerald;Female;2023-03-10;Camera operator;502169;3
26492879930;Bryan Wilson;Female;2007-01-15;Geologist, engineering;972727;0
00568679178;Jamie Alvarez;Male;2000-03-25;Animal nutritionist;683708;5
49280197757;Carlos Crawford;Female;2013-08-18;Production assistant, television;402174;3
16076456808;Thomas Waller;Female;2018-12-27;Lighting technician, broadcasting/film/video;488941;4
89043538243;Brittany Noble;Male;2014-04-21;Land/geomatics surveyor;53788;1
57949583752;Denise Kelly;Male;2008-07-12;Insurance broker;340502;0
08822835203;Devin Williams;Female;2021-11-01;Soil scientist;865260;0
03449532523;Dustin Diaz;Male;2007-09-23;Wellsite geologist;232046;2
49340679238;Shawn Villa;Female;2019-09-12;Community education officer;126297;0
79908844531;Julian Reyes;Male;2009-06-03;Technical author;919171;4
44482938033;Gregory Villegas;Female;2007-11-02;Mental health nurse;385795;3
15188891626;Richard Jones;Male;2007-01-19;Personnel officer;337381;0
11906274750;Jordan Henson;Male;2016-04-14;Medical laboratory scientific officer;886706;3
80455492867;Cynthia Hernandez;Male;2006-06-12;Public relations account executive;100092;2
87645789285;Alicia Villa;Female;2002-08-16;Hydrographic surveyor;370278;2
63486281869;John Thompson;Female;2011-04-10;Fish farm manager;707145;2
33575780363;Lisa Flores;Female;2014-02-23;Aid worker;565705;4
90977731647;Erin Price;Male;2003-04-25;Museum/gallery exhibitions officer;827653;5
98322337411;Theresa Martinez;Male;2012-12-16;Farm manager;485726;1
18091930729;Carlos Huynh;Male;2011-11-15;Commercial art gallery manager;421018;2
92820365083;Christopher Norman;Male;2019-06-13;Ambulance person;781763;0
82210377672;Whitney Mcintyre;Male;2023-12-20;Horticulturist, amenity;48440;1
49762630155;Jennifer Salazar;Male;2011-09-08;Professor Emeritus;932508;5
46177279814;Ryan Coleman;Female;2013-02-04;Charity fundraiser;311858;4
35070277490;Timothy Blankenship;Female;2002-08-14;Theatre stage manager;24111;1
40582815597;Susan Smith;Male;2016-06-13;Games developer;379674;2
26717209714;Erin Bray;Male;2005-10-09;Lecturer, further education;832156;5
68127891912;Devin Dominguez;Male;2010-12-23;Retail banker;854703;4
09683717285;Elizabeth Adams;Female;2008-11-27;Theme park manager;308628;0
98273260559;Matthew Jackson;Male;2021-10-28;Police officer;598442;2
87832659834;Robert Macias;Female;2020-01-02;Personal assistant;14629;3
95176822108;Alicia Young;Female;2013-06-06;Operations geologist;374157;0
99358610149;Brenda Ferguson;Male;2011-04-14;Financial adviser;673716;3
23469717223;Amanda Martin;Female;2008-12-08;Armed forces logistics/support/administrative officer;690051;5
15929068921;Eric Tyler;Female;2009-12-19;Make;504070;5
12355663416;James Riley;Male;2016-08-03;Archaeologist;788024;1
30341498300;Mary Walters;Male;2021-01-21;Materials engineer;568876;0
94542572295;Deanna Thomas;Male;2001-01-28;Accountant, chartered management;518241;4
36309760308;Kathy Harris;Female;2007-12-10;Chiropodist;525834;3
65750630697;John Ferguson;Male;2006-10-26;Curator;409046;2
06687832872;Dr. Tiffany Camacho DVM;Male;2002-08-09;Leisure centre manager;707080;2
83203558461;Terry Matthews;Female;2011-08-01;Copywriter, advertising;858791;2
11594450095;Tanya Moses;Female;2002-03-08;Market researcher;619873;3
03625077432;Mary Smith;Male;2011-01-21;Designer, television/film set;702551;4
81775724525;Gabrielle Jenkins;Male;2020-03-19;Engineer, communications;765101;0
73205269138;Henry Bailey;Male;2016-05-28;Tourist information centre manager;477432;1
72286935441;Benjamin Sanders;Male;2013-02-07;Surgeon;796693;3
32547410011;Emily Coleman;Female;2003-07-09;Web designer;711584;1
09328894648;Andrea Rogers;Female;2004-08-13;Psychotherapist, child;972532;3
52092528176;Samantha Fuller;Female;2014-03-17;Art gallery manager;13020;1
95199976115;Carl Baker;Female;2017-03-12;Probation officer;516150;4
70478542565;Chelsea Lawrence;Female;2006-05-09;Optician, dispensing;56989;2
00381213594;Daniel Mitchell;Female;2023-11-17;Publishing rights manager;360873;3
79146184254;Alyssa Dean;Male;2000-04-04;Town planner;279011;0
72752281025;Anthony Perez;Female;2023-08-12;Fast food restaurant manager;481854;3
24962811637;Kurt Acosta;Male;2022-02-17;Press sub;699089;3
63873461835;Samantha Bell;Male;2002-07-19;Quarry manager;867199;5
71832750721;Kimberly Johnson;Male;2005-07-10;Production assistant, radio;833082;1
31924884362;Robert Franklin;Male;2017-01-26;Records manager;739615;4
89981036290;Karina Mendez;Female;2019-08-22;Accountant, chartered certified;561178;1
06906258677;Theresa Jackson;Male;2008-04-09;Therapist, art;402222;5
73520898219;Chase Garcia;Female;2010-11-28;Mechanical engineer;526795;5
30164271169;Cody Chavez;Female;2004-04-27;Engineer, petroleum;238211;5
53145565815;Thomas Duncan;Female;2010-07-18;Publishing rights manager;552341;4
99206888184;Megan Davis;Female;2018-07-16;Editor, film/video;491479;5
75314336567;Amy Carrillo;Female;2023-01-17;Heritage manager;599766;3
56075157610;Austin Wilson;Female;2013-08-06;Higher education careers adviser;251784;4
35295613832;Melissa Bauer;Female;2013-03-02;Engineer, production;7835;0
29342328020;George Wilson;Female;2020-12-28;Physicist, medical;972861;4
49422927472;David Walker;Female;2002-05-05;Financial planner;730075;3
96998552949;Destiny Clark;Male;2020-07-23;Nurse, adult;475826;0
25768489887;Nicholas Berger;Male;2000-12-07;Minerals surveyor;190702;2
80474571207;Taylor Dawson;Male;2005-03-03;Psychologist, prison and probation services;466323;5
58944210613;Dr. Curtis Wallace;Female;2003-04-15;Nurse, learning disability;966987;3
60379788109;Daniel Glenn;Male;2021-07-23;Stage manager;925958;4
33235784560;Christie Ramirez;Female;2013-10-04;Risk manager;571711;0
16311339260;Heather Fields;Female;2014-06-19;Electronics engineer;874780;1
87391370081;Tommy Rodriguez;Male;2019-01-21;Engineer, materials;150287;4
53580599405;Scott Garrison;Male;2005-10-08;Health visitor;30424;0
73985165620;Mr. James Smith;Female;2013-07-05;Legal executive;766689;4
12605821679;Lisa Dickson;Female;2005-08-15;Psychotherapist;872182;5
45211004788;Amanda Cole;Male;2015-09-08;Museum/gallery exhibitions officer;333244;3
02131421902;Linda Mitchell;Female;2016-02-07;Chiropodist;79135;2
05045935808;Troy Thompson;Male;2001-02-13;Surveyor, quantity;671448;2
37241816345;Jacob Williams;Female;2014-12-11;Archivist;370205;5
96903773122;Jaclyn Bennett;Female;2008-08-02;Music tutor;242261;0
25630697587;Matthew Clarke;Male;2015-05-16;Marine scientist;570307;4
35133449923;Dalton Davidson;Female;2020-11-20;Architectural technologist;195948;4
93309466798;Stacy Avery;Female;2009-03-18;Nurse, mental health;932943;0
01187125057;Sean Walker;Female;2004-09-27;Television camera operator;67273;2
67592576196;Devin Collier;Female;2018-01-19;Careers adviser;337753;5
27285519385;Monica Ford;Male;2001-08-24;Designer, blown glass/stained glass;200757;4
04669295127;Katherine Roberts;Female;2004-11-12;Health and safety inspector;791992;4
25874412562;Haley Beasley;Female;2005-12-07;Educational psychologist;43572;1
65239367997;Patrick Johnson;Female;2023-04-19;Ceramics designer;473391;3
56340569299;Daniel Smith;Female;2010-09-18;Radiographer, therapeutic;999035;2
88529172234;Phillip Sexton;Female;2012-07-06;Engineer, agricultural;784194;1
68062604328;Alexis Santana;Female;2021-07-05;Lexicographer;481337;2
67514978996;Lisa Gonzalez;Female;2013-12-18;Fine artist;240604;5
12355952750;Stacie Nichols;Male;2017-09-08;Armed forces training and education officer;699497;3
36612111529;Derek Robinson;Female;2020-02-03;Arboriculturist;233763;1
95435128395;Ethan Boyd;Female;2014-01-20;Engineer, communications;335541;3
01240130001;Darius Ross;Female;2006-08-14;Location manager;54945;4
59277021574;Daniel Stanley;Female;2017-11-22;Designer, ceramics/pottery;587169;5
77053071401;Dennis Glover;Female;2004-07-18;Teacher, adult education;380905;3
36494383302;Jodi Koch;Female;2010-11-10;Retail merchandiser;124803;2
59658469078;Heather Cunningham;Male;2018-12-15;Clinical embryologist;975210;4
72772201812;Bonnie Donaldson;Male;2009-03-28;Chief Executive Officer;168849;4
39286403660;Ann Perry;Male;2003-06-03;Leisure centre manager;898140;1
45642722971;David Wilkinson;Female;2023-05-28;Clinical scientist, histocompatibility and immunogenetics;9513;2
20805013651;Angela Flynn;Female;2023-09-21;Interior and spatial designer;356712;3
95652316555;Jared Ward;Female;2020-11-05;Sound technician, broadcasting/film/video;129853;4
96400159622;Rebecca Montgomery;Male;2009-10-20;Trade mark attorney;824512;2
17123298882;David Butler;Female;2023-02-25;Chief Technology Officer;104569;5
94165602475;Samantha Rivas;Female;2023-04-12;Youth worker;431598;1
99742866778;Kathryn Nguyen;Male;2023-03-25;Civil engineer, consulting;498284;5
74145610912;Kevin York;Male;2009-11-05;Dietitian;908484;2
57055605504;Lance Bird;Female;2013-11-21;Pharmacist, community;882547;0
02785775568;Dr. Wendy Hart;Female;2018-06-12;Astronomer;389051;5
49087353001;Angela Williams;Male;2012-12-20;Primary school teacher;466968;2
79176810060;Calvin Montgomery;Male;2014-12-15;Teacher, primary school;524183;4
71524963216;Deborah Love;Male;2001-09-03;Manufacturing engineer;17350;0
08521729124;Erik Walker;Female;2021-02-20;Financial risk analyst;190619;1
93123515665;Carolyn Gray;Male;2006-05-06;Outdoor activities/education manager;464333;4
92207727135;Sandra Watkins;Female;2009-09-26;Immunologist;559266;5
53909229720;Amy Shelton;Female;2010-09-22;Animal nutritionist;955394;1
55383799945;Kimberly Daniels;Female;2000-09-08;Research officer, government;258093;1
33445639969;Kristina Lopez;Female;2019-12-09;Records manager;323159;5
24163180180;Dana Bautista;Female;2010-02-24;Advertising art director;399455;1
84029970439;Crystal Taylor;Female;2017-11-10;Optometrist;334159;1
87294047874;Chelsea Yates;Female;2016-10-22;Engineer, site;876008;0
42603084583;Nicole Daniels;Male;2018-07-03;Medical laboratory scientific officer;980887;0
37641456139;Andrew Little;Female;2005-12-24;Armed forces training and education officer;716140;4
41967661808;David Taylor;Male;2018-11-28;Conservation officer, historic buildings;754342;0
77148429309;Adrian Lamb;Female;2015-11-18;Chiropractor;957752;3
96314252958;Aaron Davis;Male;2010-03-01;Occupational hygienist;346771;4
97075884845;Jonathan Reyes;Male;2019-12-17;Television/film/video producer;587905;4
45355443912;Melissa Jennings;Female;2013-05-17;Risk analyst;621608;1
59297945986;Gina Irwin DVM;Male;2018-01-23;Medical physicist;930118;0
04928832742;Phillip Lewis;Female;2000-12-01;Intelligence analyst;868313;1
73890831785;Paige Melton;Female;2010-05-01;Engineer, broadcasting (operations);773934;4
25753816877;Kari Johnson;Male;2014-07-27;Neurosurgeon;823513;1
74777876396;Carl Salazar;Female;2005-10-10;Broadcast journalist;585726;2
41676684565;Christie Rodriguez;Male;2007-01-03;Academic librarian;146512;2
52890673290;Nichole Jensen;Female;2021-12-09;Surveyor, building;105837;2
85422637293;Elizabeth Kelley;Female;2023-09-04;Product/process development scientist;943230;5
03235504903;Emily Nelson;Female;2007-08-21;Water quality scientist;113241;2
56543217719;Valerie Vargas;Male;2016-01-14;Senior tax professional/tax inspector;531142;0
65752397712;Brian Thomas;Female;2012-02-14;Geochemist;875342;4
49476146740;Kathy Barnett;Female;2006-10-28;Location manager;912459;2
56985675903;Anthony Hunter;Male;2002-05-14;Product/process development scientist;758506;0
35901253796;Crystal Mckee;Male;2005-09-14;Intelligence analyst;69479;4
64178356213;Kevin Jones;Male;2021-03-02;Analytical chemist;329967;3
78867728832;Sean Davis;Female;2018-02-01;Travel agency manager;965757;1
39738509694;Elizabeth Cooper;Male;2016-01-17;Charity fundraiser;821160;0
14961094315;Jason Rivas;Female;2020-09-24;Company secretary;631657;3
84537145247;James Smith DDS;Male;2003-09-21;Herpetologist;364421;3
24161199849;Diane Wilkins;Female;2022-09-04;Freight forwarder;741898;3
16457007960;David Bauer;Female;2017-08-16;Passenger transport manager;302312;4
50956875947;Bethany Williams;Male;2001-02-25;Engineering geologist;455628;0
11980037589;Lauren Brady;Female;2003-09-28;Fisheries officer;333448;2
04757579746;Cole Miller;Female;2022-05-21;Surveyor, rural practice;495361;3
99343548225;Ryan Wade;Female;2002-12-22;Software engineer;334131;1
07462440857;April Yang;Male;2010-01-23;Medical physicist;691736;1
52765037187;Brenda Richards;Female;2003-06-23;Fashion designer;337242;2
07922040915;Robert Garcia;Female;2023-07-16;Geoscientist;576780;3
34674482161;Dustin Goodman;Female;2018-06-02;Surveyor, minerals;52829;2
60066128827;Gregory Jordan;Female;2019-04-13;Risk manager;656099;3
73055010910;Tracey Young;Male;2002-06-13;Sales promotion account executive;423163;4
35618298774;Bob Porter;Female;2018-01-24;Producer, television/film/video;552145;3
51779106970;Richard Smith;Male;2003-05-14;Multimedia programmer;365036;3
69406186091;John Harrison;Female;2002-04-02;Engineer, petroleum;706440;4
69565232701;David Smith;Male;2021-08-25;Lecturer, higher education;989936;2
48008296473;Cameron Smith;Male;2019-03-10;Media planner;974211;2
04812575367;Bobby Rose;Male;2006-03-05;Barista;747967;1
93194667896;Tracey Savage;Female;2001-11-03;Scientist, biomedical;546795;0
83117151637;Willie Walker;Female;2010-04-02;Freight forwarder;289615;2
85306256895;Richard Carey;Female;2013-12-11;Early years teacher;760429;4
51382577176;Carmen Delgado;Male;2021-04-27;Marketing executive;453837;1
42632056306;Kelly Jones;Female;2017-11-11;Water engineer;970137;1
17648574608;Madeline Torres;Male;2011-09-03;Gaffer;202091;2
10678926067;Kayla Cooper;Female;2004-05-06;Financial manager;534218;2
83605979780;Richard Carpenter;Male;2012-03-13;Product/process development scientist;939573;3
38122303647;Heather Alvarado;Male;2018-03-12;Gaffer;845621;5
77030611030;Mark Alexander;Male;2012-11-13;Musician;956845;1
07422611093;Laura Ross;Male;2016-03-28;Dramatherapist;142745;2
33148437275;Rebecca Freeman;Male;2000-12-23;Town planner;802402;5
21477334244;John Johnson;Male;2009-06-03;Graphic designer;738353;0
06032129646;John Lutz;Male;2019-02-18;Research scientist (life sciences);787343;2
62278996333;Terry Brewer;Male;2017-04-13;Editor, film/video;715321;1
60476878416;Elizabeth Thompson;Female;2001-10-23;Homeopath;260688;1
02084096544;Mary Murphy;Male;2004-06-23;Accountant, chartered management;534652;3
16018619028;Leslie Phillips;Female;2009-07-07;Editor, magazine features;660108;1
72851418167;Melanie Garcia;Male;2018-03-15;Insurance account manager;789593;0
68840347665;Autumn Foster;Female;2016-03-27;Education officer, environmental;999232;2
42954412175;Amy Walker;Female;2014-09-06;Ecologist;573440;2
06283349075;Patricia Dixon;Male;2001-03-08;Community development worker;358312;1
59388074825;Glenn Ramirez;Female;2023-03-05;Doctor, hospital;466787;0
91475049068;Michael Leon;Female;2011-12-07;Fashion designer;391083;3
08561632753;Joe Guerra;Female;2011-10-06;IT trainer;612958;2
97841998825;Mark Liu;Male;2012-02-06;Tour manager;631979;3
12996684503;Robert Hawkins;Male;2023-04-08;Mental health nurse;604665;1
87058963839;Heather Velazquez;Female;2014-08-21;Hospital pharmacist;338061;3
75534281441;Tony Casey;Male;2011-06-24;Personal assistant;694110;4
67828429498;Kristy Day MD;Female;2008-10-12;Drilling engineer;714734;0
59543621466;Kyle Smith;Male;2022-10-26;Tourist information centre manager;799729;0
39154817384;Cynthia Hopkins;Female;2020-01-18;Contracting civil engineer;255190;4
75284039680;Cody Clark;Male;2003-07-05;Housing manager/officer;186807;3
52387088582;Brent Webster;Male;2012-04-16;Scientist, physiological;711693;5
73170166180;Brandon Meyers;Female;2016-12-16;English as a foreign language teacher;265350;3
70136728301;Seth Andersen;Female;2013-01-04;Therapist, occupational;320835;0
35984173275;Makayla Taylor;Male;2016-03-22;Sports administrator;492669;2
24867961681;Tracy Lambert;Female;2000-10-10;Neurosurgeon;476026;5
15202561102;Philip Arnold;Male;2001-08-25;Cartographer;101831;5
29713982422;William Morgan;Female;2000-08-12;Surveyor, building;511214;5
02390724336;Shannon Fisher;Female;2020-05-23;Conservation officer, nature;519615;5
22338032432;Karen Brown;Female;2008-05-01;Journalist, broadcasting;486162;0
64248122444;Mary Sherman;Female;2008-05-10;Engineer, mining;814600;5
98723548492;Dan Ali;Female;2002-04-26;Television production assistant;402382;0
32938617293;Trevor Williams;Male;2000-06-22;Journalist, newspaper;637503;1
16798561674;Justin Jones;Male;2015-02-25;Fashion designer;160220;1
28031659242;Lisa Smith;Male;2000-07-09;Engineer, manufacturing systems;398774;5
71045200213;Paul Cruz;Male;2000-12-14;Education officer, environmental;94047;0
84345185979;Adam Jones;Female;2007-09-15;Charity fundraiser;494138;4
31336292446;Nicholas Velazquez;Male;2021-11-12;Television production assistant;609116;5
86613316538;Ashley Willis;Female;2019-10-07;Make;33669;2
90242547254;Stacy Evans;Female;2005-09-01;Therapist, sports;217302;1
67734978613;Christine Hebert DDS;Female;2017-08-16;Comptroller;178934;1
20468985943;Xavier Williams;Male;2023-12-18;Exhibition designer;495105;0
33524455281;Shawn Davis;Male;2009-04-07;Holiday representative;682202;2
76132701981;Benjamin Craig;Female;2014-11-14;Engineer, biomedical;565449;1
76643911698;Troy Buck;Male;2011-10-26;Programmer, multimedia;772206;2
85080590406;Stephanie Zamora;Female;2016-05-01;Logistics and distribution manager;347195;1
06302699338;John Banks;Male;2010-02-19;Research scientist (physical sciences);792586;3
52593378678;Steve Wells;Male;2002-05-24;Copywriter, advertising;694044;4
87019231218;Jessica Krueger;Male;2003-12-12;Press photographer;892949;5
91777438818;Mark Montoya;Male;2017-06-22;Engineer, manufacturing systems;299610;2
23302196906;Shane Brown;Female;2021-11-02;Landscape architect;363178;5
28506613733;James Underwood;Male;2017-07-20;Armed forces technical officer;936764;0
11551111126;Anthony Cobb;Female;2008-06-12;Insurance account manager;158268;3
34917210701;Barbara Williams;Male;2012-11-12;Engineering geologist;445068;4
85878340138;Nicholas Walker;Female;2018-05-26;Brewing technologist;605233;1
62840441979;Charles Baldwin;Male;2020-07-10;Education officer, community;928942;4
00228314313;Rebecca Adams;Female;2003-06-26;Fish farm manager;216539;5
39031667822;Eric Austin;Female;2013-11-19;Public affairs consultant;454165;5
50018741574;Jennifer Newman;Female;2006-11-14;Acupuncturist;908747;0
92979034764;Russell Caldwell;Male;2017-06-09;Advice worker;774234;0
03035269734;Sharon Gonzalez;Male;2020-06-01;Nature conservation officer;908725;2
32146908910;Paul Rojas;Male;2014-05-25;Print production planner;362263;5
35402216766;Rachel Estrada;Male;2015-04-18;Psychiatric nurse;841249;3
69213181810;Kristina Hart;Female;2015-01-08;Designer, television/film set;239361;2
70334474344;Tanya Roberts;Female;2022-06-04;TEFL teacher;521131;3
28429961727;Andrew Wilson;Male;2021-05-14;Higher education lecturer;516557;5
40585733893;Timothy Elliott;Male;2002-01-23;Charity officer;190325;4
34265993982;Andrea Young;Female;2014-10-27;Human resources officer;188190;4
10133090776;Eric Bradley;Female;2017-01-01;Private music teacher;467942;5
99978625563;Nathan Alvarez;Male;2020-05-13;Producer, radio;466682;2
30053279631;Carlos Pitts;Male;2000-09-08;Merchandiser, retail;399729;5
38832271882;Patrick Ruiz;Female;2013-07-24;Exercise physiologist;484160;3
29692546387;Courtney Reeves;Female;2001-10-16;Pharmacist, hospital;357211;2
31172454531;Christopher Delacruz;Female;2009-05-18;Building services engineer;552609;3
99099419837;Dana Taylor;Female;2002-12-22;Field trials officer;33790;3
90005876409;Michele Jones;Female;2009-05-25;Emergency planning/management officer;842788;3
94769100367;Barry Powell;Male;2000-01-15;Copywriter, advertising;409317;2
65181805873;Caitlin White;Female;2021-08-20;Engineer, drilling;293093;5
54237401086;Holly Fisher;Male;2011-10-06;Editor, magazine features;675617;5
93515265245;Cassandra Stevens;Male;2019-03-22;Fitness centre manager;2063;0
52765479084;Peter Vincent;Male;2004-06-20;Drilling engineer;52604;0
12208129243;Lisa Gibson;Male;2013-04-06;Engineer, chemical;352435;0
83424854378;Jeffrey Robinson;Female;2001-02-25;Ranger/warden;642609;2
44800318025;Chad Gross;Female;2000-10-14;Broadcast presenter;326095;1
78999391300;Paul Brennan;Female;2011-10-26;Engineer, technical sales;18430;4
85506489738;Jerry Jenkins;Female;2016-10-17;Video editor;170867;5
82341924035;Joseph Rodriguez;Male;2003-04-11;Buyer, industrial;471994;3
95529168814;Rachael Beard;Female;2015-11-27;Arboriculturist;487903;5
87752267335;April Torres;Female;2003-03-04;Air broker;404822;3
39276574056;Donald Francis;Male;2005-06-22;Tourist information centre manager;7238;1
83072979277;Ann Page;Female;2022-05-16;Lighting technician, broadcasting/film/video;250445;3
98310597793;Victoria Burnett;Male;2018-05-28;Research scientist (maths);484152;4
06391693089;Tristan Williams;Female;2023-02-18;Equities trader;654446;2
09422956974;David Ashley;Male;2007-12-23;Advertising copywriter;532941;2
43359839134;Ashley Acosta;Female;2012-07-15;Dramatherapist;324159;2
59910344241;Daniel Harris;Female;2020-05-27;Sports therapist;938502;3
41223694453;Cassandra Avila;Male;2003-04-18;Proofreader;363353;2
90029603805;Timothy Smith;Male;2018-03-23;Firefighter;112407;1
76188672680;Charles Ingram;Female;2011-11-22;Product/process development scientist;556172;3
64775531102;Justin Miller;Male;2019-08-23;Secondary school teacher;873735;5
87346351013;Dawn Gordon;Female;2023-03-24;Multimedia programmer;371994;3
13384645052;Alicia Hill;Female;2023-05-08;Pilot, airline;500147;0
93997013286;Brenda Rich;Male;2009-01-09;Minerals surveyor;588279;3
01043404433;Sharon Daniels;Male;2005-08-07;Research officer, government;680131;3
53862205165;Anthony Orozco;Female;2000-04-25;Land;218484;2
26880431880;Mark Gates;Female;2019-04-09;Nature conservation officer;839508;3
40638960785;Timothy Davis;Male;2015-04-19;Financial trader;311377;3
02467440043;James Spears;Male;2012-10-18;Pensions consultant;243155;4
64312158985;Andrew Adams;Male;2003-11-17;Ecologist;590042;5
12787950418;Timothy Davis;Male;2008-01-21;Chief Executive Officer;445677;2
49611315152;Frank Reilly;Male;2001-04-20;Nurse, children's;774657;3
30624855444;Misty Brewer;Female;2013-08-04;Control and instrumentation engineer;484613;2
62007989735;Ms. Julie Black DDS;Male;2008-12-13;Phytotherapist;449561;3
18639350790;Kevin Nelson;Male;2014-06-07;Tree surgeon;9268;0
96422434929;Kathy Miller;Female;2019-12-16;Automotive engineer;223891;1
90183020265;Alexis Ryan;Male;2011-01-17;Education administrator;88020;5
05123501289;Michael Higgins;Male;2003-07-27;Interior and spatial designer;801054;0
71311012572;Ann Watson;Male;2012-03-26;Research scientist (physical sciences);283482;1
36216358396;Lori Wiggins;Female;2003-11-21;Commissioning editor;395606;5
20029981318;Sheryl Shepard;Female;2003-01-18;Public relations account executive;408754;3
29348580948;Mr. Henry Kennedy DVM;Male;2006-11-05;Research officer, political party;98742;5
66567825343;Joseph Young;Male;2005-02-10;Engineer, broadcasting (operations);122317;3
25586499557;Carol Turner;Male;2010-08-13;Corporate investment banker;742768;0
29411155247;Jamie Day;Female;2007-10-20;Retail manager;703954;1
90981092268;Lindsey Pierce;Male;2012-04-17;Clinical psychologist;917392;5
86624427448;Andrew Jennings;Male;2004-03-26;Surveyor, land/geomatics;528605;5
09913778745;Matthew Acevedo;Male;2006-04-10;Agricultural consultant;494621;5
04641919797;Angela Lewis;Male;2012-01-10;Chief Executive Officer;102984;4
43160687061;Charles Walters;Female;2019-07-11;Bookseller;896911;5
90611401226;Kenneth Holt;Female;2018-01-15;Education officer, environmental;762311;4
86069996491;Dennis Wilson;Female;2023-12-02;Commercial horticulturist;498051;3
07189571966;Teresa Hernandez;Male;2004-01-15;Immigration officer;581278;2
83039054246;James Johnson;Male;2002-11-06;Chief Operating Officer;679621;3
80792981018;Sarah Williams;Male;2015-12-18;Actuary;964003;1
47828004755;Justin Hines;Female;2016-08-24;Teacher, secondary school;846527;3
46357574878;Vanessa Lowe;Male;2019-03-20;Engineer, technical sales;16226;0
61386634980;Sarah Wall;Male;2003-06-01;Research scientist (physical sciences);852699;1
67287851661;Michael Hall;Male;2018-08-18;Conservation officer, historic buildings;388241;3
77038477137;Benjamin Gonzales;Male;2022-09-10;Therapist, horticultural;400944;0
32209439251;Paul Page;Female;2021-09-03;Administrator, education;716208;5
76855998641;Justin Bush;Female;2002-07-11;Academic librarian;482938;2
07133344312;Cindy Fields;Female;2004-12-03;Pharmacologist;68070;4
64431966816;Chase Walters;Male;2021-09-15;Sales professional, IT;121357;3
79201251700;Leonard Miller;Male;2010-04-26;Interior and spatial designer;863526;4
51214129746;Brandi Garcia;Female;2020-03-06;Prison officer;844165;0
56277238544;Vickie Kim;Male;2009-09-21;Psychotherapist, child;191571;4
34238426881;Clayton Schultz;Female;2016-03-24;Horticultural consultant;312913;3
77462767242;Jordan Campbell;Male;2012-03-17;Senior tax professional/tax inspector;669732;4
11335318305;Hannah Scott;Female;2008-12-20;Scientist, research (life sciences);232986;1
49513110098;Howard Kirby;Male;2000-03-06;International aid/development worker;470525;2
75617156902;John Lynch;Male;2018-03-01;Armed forces training and education officer;849397;4
39768442267;Amanda Hartman;Male;2007-11-20;Buyer, retail;687853;5
48623674185;Sarah Mitchell;Female;2017-04-02;Theatre manager;13853;5
59228634214;Tanya King;Female;2018-03-05;Engineering geologist;987449;5
50557071781;Stephanie Flores;Male;2001-05-12;Phytotherapist;680589;3
63532717575;Johnny Jordan;Female;2011-09-09;Scientist, research (life sciences);441478;4
78050536941;John Mitchell;Female;2006-03-27;Editor, film/video;754981;5
85491597246;Jennifer Green;Female;2016-07-25;Printmaker;219148;1
85384087622;Susan Walker;Female;2011-03-04;Engineer, materials;691245;2
58251674067;Brian Watson;Female;2001-10-03;English as a second language teacher;104746;5
16828805527;Joshua Brown;Male;2014-06-21;Emergency planning/management officer;90354;0
46103644399;Elizabeth Zimmerman;Male;2017-07-11;Osteopath;525235;1
72200691368;Scott Lyons;Male;2001-11-11;Analytical chemist;19016;1
44337831054;Jeffrey Tran;Female;2002-04-12;Facilities manager;831762;4
64728485480;Linda Hernandez;Female;2015-05-20;Designer, jewellery;96631;2
35006672479;Dylan Burch;Male;2018-02-22;Musician;546322;0
83745984432;Tyler Wallace;Female;2003-01-03;Radiographer, therapeutic;468464;3
20263175157;Maria Malone;Male;2008-05-07;Teacher, primary school;316965;3
00993499232;Mrs. Dawn Richardson;Female;2019-04-06;Midwife;602288;3
55826514781;Ivan Hubbard;Female;2009-12-07;Health promotion specialist;262054;4
41491426996;Julia Friedman;Female;2018-01-19;Television production assistant;885977;2
11088068939;Randy Mason;Female;2014-12-27;Accountant, chartered certified;591834;1
10546438128;Megan Morgan;Male;2023-05-02;Accountant, chartered certified;29587;4
80951067710;Linda Adams;Female;2014-04-21;Geoscientist;682773;0
85897075678;Dean Gordon;Female;2019-02-20;Occupational psychologist;310712;4
04244793994;Anna Rogers;Female;2012-12-18;Psychologist, occupational;963507;3
44813411555;Matthew Parker;Male;2012-03-21;Marine scientist;636969;2
44101742642;William Gutierrez;Male;2001-02-16;Conference centre manager;829745;4
08000063241;Donna Cabrera;Female;2007-01-15;Air traffic controller;407241;5
83378747114;William Turner;Male;2006-12-26;Interpreter;826686;5
15920028533;Andrea Davidson;Female;2014-07-23;Emergency planning/management officer;62576;2
17003023366;Scott Jackson;Female;2017-08-26;Contracting civil engineer;833699;4
22555913620;Melissa Jordan;Female;2016-01-10;Surveyor, rural practice;221735;4
44255397184;Jeffrey Alexander;Male;2020-10-14;Engineer, communications;631754;3
69449840985;Caitlin Dean;Female;2015-05-08;Technical brewer;772922;4
72025559151;Carmen Moore;Female;2002-10-03;Metallurgist;32417;0
62735573332;Andrea Hunter;Female;2003-07-01;Statistician;482386;0
26962580375;Jason Mccoy DDS;Female;2005-12-02;Public house manager;816556;1
04161452504;Gary Freeman;Male;2019-10-28;Community arts worker;298459;1
10372445347;Joy Klein;Female;2009-03-16;Ecologist;30547;1
44260099843;Nathan Ortiz;Female;2001-09-10;Commercial art gallery manager;990658;2
80999559691;Laura Barrett;Male;2012-09-05;Regulatory affairs officer;67280;1
59168022007;Jimmy Greer;Male;2020-02-12;Energy manager;898381;4
83850371671;Amanda Crosby;Male;2004-05-09;Scientist, research (life sciences);893104;5
80637500698;Michael Herman;Female;2011-11-11;Paediatric nurse;77453;4
94989636346;Robert Ryan;Female;2004-09-12;Commissioning editor;146534;2
64491142598;Angela Brown;Male;2014-01-17;Minerals surveyor;287239;3
32238504647;James Patterson;Female;2005-01-24;Field seismologist;512841;4
27494011458;James Ewing;Male;2000-06-15;Police officer;87625;3
26597738886;Sarah Turner;Male;2006-09-25;Camera operator;328823;2
49197904259;Wendy Fields;Male;2022-10-02;Photographer;563802;5
67115464145;Dawn Johnson;Female;2007-07-05;Publishing copy;673793;0
73028428451;Richard Hernandez;Male;2003-11-15;Psychologist, sport and exercise;787997;0
81734954771;Timothy Ryan;Male;2019-10-18;Environmental manager;517652;5
40365031085;Matthew Vargas;Male;2015-03-15;Trading standards officer;469844;5
16282965867;Jennifer Diaz;Male;2001-08-17;Ship broker;285304;3
76997883718;Nathan Contreras;Female;2018-11-04;Field trials officer;322513;3
20790843530;James Murray;Male;2023-11-04;Engineer, technical sales;119392;3
43960207066;Robert Johnson;Male;2008-05-28;Administrator, local government;689117;0
53970730931;Kristen Lee;Female;2001-04-18;Medical secretary;236318;2
35607944968;Adam Atkins;Female;2015-11-19;Commercial/residential surveyor;577467;1
52167185773;Joshua Whitney;Male;2015-05-08;Surgeon;295325;4
55998820237;Logan Moore;Female;2010-12-24;Theme park manager;131666;1
63012357645;Ryan Brock;Male;2020-11-21;Audiological scientist;934434;4
17556493649;Jonathan Lopez;Female;2010-07-17;Aid worker;776237;1
15059378103;Robert Tapia MD;Female;2012-03-06;Therapist, music;308890;3
44571021012;Michael Watson;Male;2016-09-16;Community education officer;514322;3
21328841586;Tyler Molina;Female;2019-02-09;Architectural technologist;385114;3
27827225375;Erica Gutierrez;Female;2011-11-16;Accountant, chartered;505904;3
62222659973;Melvin Perez;Male;2009-06-01;Gaffer;757251;3
77847873942;Vanessa Ochoa;Male;2000-02-17;Land;610164;3
32751280816;Melissa Cunningham;Male;2012-08-23;Maintenance engineer;590179;4
90373118729;Katherine Rollins;Male;2013-06-28;Comptroller;384871;5
78674218773;Ryan Kemp;Male;2014-10-15;Designer, jewellery;693362;5
50017684706;Norman Smith;Male;2019-02-27;Clinical biochemist;703440;2
64814165287;Sara Baxter;Male;2014-03-08;Sub;761526;2
34054784128;Teresa Walker;Male;2014-07-02;Herpetologist;894987;2
38251783738;Michael Rose;Female;2000-06-04;Water engineer;256550;4
43312080266;Erin Smith;Female;2019-05-05;Press sub;608541;5
84624557349;James Griffin;Male;2017-12-10;Sound technician, broadcasting/film/video;472802;1
32136112344;Rebecca Briggs;Male;2008-08-03;Operations geologist;683821;4
03541930549;Bradley Stewart;Female;2018-11-23;Contractor;859056;0
72785649242;Kaitlyn Page;Male;2007-08-25;Engineer, materials;555106;5
37316682516;Samuel Harmon;Male;2005-04-26;Geophysicist/field seismologist;706632;2
65305534707;Ashley Phillips;Male;2019-04-03;Administrator, Civil Service;719480;0
83529409773;Jacqueline Clark;Female;2001-06-01;Diplomatic Services operational officer;286700;4
13917648393;Jose Smith;Female;2020-02-15;Advertising copywriter;935080;1
15201303829;Andrew Rodriguez;Female;2012-02-26;Regulatory affairs officer;663754;0
62683828742;Troy Barrera;Male;2005-06-25;Estate manager/land agent;60802;2
93330858400;Felicia Mcpherson;Female;2001-09-13;Chief Financial Officer;267480;3
05626999676;John Harper;Male;2018-09-06;Occupational hygienist;114376;5
33837800594;Larry Ryan;Female;2003-07-10;Occupational psychologist;695276;1
89017823788;John Gonzales MD;Male;2017-04-28;Sales promotion account executive;868083;4
77875548582;Christopher Parks;Male;2011-04-25;Broadcast presenter;882173;3
53651567739;William Davis;Male;2021-04-01;Medical physicist;862725;5
46365210380;Rachel Simpson;Female;2015-07-21;Ophthalmologist;567858;3
74592710515;James Fuentes;Male;2009-05-24;Ceramics designer;459774;4
50040141832;Dustin Fischer;Male;2021-05-17;Scientific laboratory technician;32725;1
51950230482;Mr. James Padilla;Male;2004-08-04;Equities trader;251293;4
75342009885;Jessica Garza;Female;2015-10-04;Buyer, retail;995378;3
52421262099;Sarah Hernandez;Female;2015-08-10;Special educational needs teacher;811506;2
10406464377;Melissa Williams;Male;2006-03-18;Early years teacher;108942;1
75389790985;Kyle Price;Male;2020-03-15;Lighting technician, broadcasting/film/video;759476;0
14166433803;Christopher Ortega;Female;2012-01-09;Investment banker, corporate;944845;0
79560220824;Brittney Martinez;Male;2001-12-21;Higher education careers adviser;101925;2
48090501527;Jay Mcdonald;Male;2012-03-11;Toxicologist;85223;5
34866234657;Justin Young;Female;2014-06-04;Engineer, maintenance (IT);885172;2
62307988107;Jordan Lopez;Female;2012-06-05;Freight forwarder;822042;2
98152680772;Patricia Ryan;Female;2016-04-07;Civil Service fast streamer;365062;4
64158837514;Jesse Brooks;Female;2006-01-15;Phytotherapist;322414;3
84951755969;Valerie Graham;Female;2020-11-27;Accountant, chartered;998142;4
79455530702;Tanya Fowler;Female;2011-05-25;Research scientist (physical sciences);619718;5
13143435276;David Beasley;Male;2023-08-08;Community arts worker;662528;4
58677418341;Chelsea Green;Female;2012-10-07;Lighting technician, broadcasting/film/video;493555;2
56144955423;Diana Anthony;Male;2005-07-22;Engineer, manufacturing systems;103416;0
58899424658;Tyrone Hodges;Male;2001-02-09;Armed forces operational officer;301485;5
92765682543;Margaret Jones;Male;2016-12-04;Games developer;927833;2
06750632985;John Stout;Female;2016-01-25;Medical physicist;691713;0
42661985428;Patricia Medina;Female;2022-06-20;Civil Service fast streamer;606557;5
90043346036;Janice Bradshaw;Male;2015-03-07;Lobbyist;328926;5
26934919701;Alan Allen;Male;2001-04-28;Intelligence analyst;229111;3
20885405810;Joseph Sellers;Female;2001-08-27;Orthoptist;307669;1
47775652514;Jeremy Johnson;Female;2004-03-25;Dealer;580261;5
88403241981;Emily Collins;Male;2018-11-13;Paediatric nurse;300167;5
81352439413;William Kelley;Female;2021-11-23;Advice worker;85782;2
51639937256;Rachel Armstrong;Male;2016-09-26;Designer, graphic;613105;1
76895794967;Alejandra Wilkerson;Male;2023-10-25;Air traffic controller;371509;2
44567663665;Dr. Robert Coffey;Male;2012-12-20;Investment banker, operational;81816;4
54993576468;Amber Simon;Female;2023-10-09;Radiation protection practitioner;219689;3
60861115409;Nicole Simpson;Male;2013-05-22;Bonds trader;188741;1
71044899641;Billy Perez;Male;2017-10-18;Medical technical officer;265412;4
01923172817;Austin Gutierrez;Female;2000-07-25;Accountant, chartered certified;138752;2
96418909096;David Walton;Female;2003-12-27;Historic buildings inspector/conservation officer;687442;2
74116758578;David Bright;Female;2011-08-11;Air broker;638484;0
19606138076;Derek Soto;Female;2011-11-12;Land/geomatics surveyor;589178;3
22783245409;Anthony Dudley;Male;2021-06-14;Structural engineer;328477;5
14060059037;Austin Murray;Male;2016-11-14;Administrator, Civil Service;187342;5
20822759586;Thomas Fox;Female;2006-04-27;Systems analyst;781071;0
95956740094;Dr. Steven Hernandez;Male;2013-07-10;Chemical engineer;912771;2
70128309354;John Sawyer;Female;2001-02-27;Illustrator;74745;1
52696019718;Katherine Allen;Female;2014-10-20;Tax inspector;611810;4
89872138252;Jessica Blevins;Female;2021-06-09;Teacher, adult education;618660;3
59231062753;Ashley Larson;Female;2023-06-02;Research officer, political party;64820;2
27702384469;Nathan Williams;Male;2002-09-26;Teaching laboratory technician;23739;4
21905923372;Eric Henderson;Male;2007-08-18;Further education lecturer;105000;3
27677620037;Deborah Huber;Female;2000-09-15;Engineer, control and instrumentation;154037;0
29928118105;Sarah Foster;Male;2010-04-03;Designer, multimedia;963463;1
69642901586;Jesus Delacruz;Female;2012-12-14;Contractor;268272;5
85408547910;Michelle Chang;Female;2009-07-18;Translator;84625;1
27788630680;Travis Mercado;Male;2022-10-21;Lexicographer;338291;0
37715994045;Lisa Valenzuela;Male;2006-04-05;Water quality scientist;788525;5
52457084214;Karen Mayo;Female;2005-05-24;Television production assistant;858504;2
31502311228;Elizabeth Adams;Female;2000-08-01;Radiographer, therapeutic;21926;1
50796097496;Marissa Edwards;Female;2023-11-08;Armed forces training and education officer;716510;2
93899084924;Anita Miller;Female;2007-03-03;Ranger/warden;564908;1
33862054625;Brittany Jones;Female;2009-05-05;Hydrogeologist;943663;0
49742088895;Micheal Thomas;Female;2001-03-16;Solicitor, Scotland;499924;3
50333534759;Kelsey Matthews;Male;2013-12-02;Technical brewer;40423;1
64662487677;Samuel Compton;Female;2008-07-21;Surveyor, minerals;242753;5
01742756806;Emily Rhodes;Male;2006-07-09;Lecturer, higher education;991179;2
31306830925;Ashley Sullivan;Male;2012-04-23;Electrical engineer;550340;1
45539433678;Linda Hubbard;Male;2000-11-03;Sub;491131;2
38598356677;Lindsay Taylor;Female;2017-09-27;Production assistant, television;294201;2
87541146319;Nicole Johnson;Male;2003-05-14;Civil Service administrator;84604;4
80326883199;Kayla Cochran;Male;2021-10-21;Writer;44685;4
97543741117;Donna Baker;Female;2009-08-03;Armed forces technical officer;302372;0
13889132278;Theresa Taylor;Male;2012-03-25;Brewing technologist;338358;5
99198262202;Julie Lee;Male;2014-12-01;Actor;537624;2
35054830513;Holly Norris;Male;2011-08-11;Actor;845171;1
87267541451;Sara Le;Male;2017-12-06;Health physicist;102445;0
49436355078;Jacob Rodriguez;Male;2014-07-02;Engineer, control and instrumentation;344715;1
90750758295;Karen Adams;Male;2003-04-19;Psychotherapist, child;905008;5
32298157560;Shari Manning;Female;2003-09-23;Contractor;183238;3
53709069174;Kenneth Whitaker;Male;2009-09-14;Education officer, community;131190;3
62714035430;Kendra Bell;Male;2021-05-05;Public house manager;138762;1
38387274462;Tracey Davis;Female;2012-04-17;Estate agent;13073;4
22049924084;Deborah Moore;Female;2005-08-08;Television production assistant;149953;3
96417743961;Evelyn Peterson;Male;2013-03-25;Sales executive;160483;2
79621005472;Laura Holmes;Female;2007-11-02;Publishing copy;696681;4
11461245716;Jacob Potter;Male;2016-09-14;Music tutor;707637;0
22261657780;David Jenkins;Female;2004-11-06;Paramedic;540781;0
48962631092;Pamela Williams;Female;2000-08-22;Barrister's clerk;517620;0
69667071198;Kenneth Jones;Female;2002-06-08;Administrator, charities/voluntary organisations;548347;1
11272328609;Diana Clark;Female;2004-12-03;Hospital pharmacist;495096;5
49518764843;Wanda Patel;Female;2014-02-14;Teacher, early years/pre;589478;5
25791852918;Joshua Johnson;Male;2014-11-09;Counselling psychologist;111151;2
81722567195;James Wiley;Female;2013-06-25;Recycling officer;365631;5
67553703854;Tracy Hudson;Male;2007-05-07;Rural practice surveyor;910506;5
20238319584;Michelle Gray;Female;2010-06-13;Psychotherapist, dance movement;322870;4
39481504645;Joseph Hammond;Female;2010-12-10;Contracting civil engineer;568132;4
57932841204;Felicia Smith;Male;2015-06-18;Research scientist (medical);651585;1
94968650191;Michael Ochoa;Female;2005-03-08;Therapist, nutritional;41595;0
08155880093;Michael Smith;Male;2023-04-02;Printmaker;946281;0
53883901067;Denise Webster;Male;2008-03-10;Geographical information systems officer;830932;1
79192017039;Christian Mejia;Male;2013-12-02;Volunteer coordinator;585918;3
65847347829;Stephanie Harris;Male;2006-07-11;Geophysicist/field seismologist;509397;0
47116674029;Jeffrey Frederick;Male;2012-11-14;Geologist, engineering;183159;0
81871690463;Deborah Smith;Female;2005-07-26;Forensic scientist;487616;2
46883512385;Russell Cox;Female;2019-07-22;Programmer, systems;83007;0
15471490088;Roy Gallegos;Female;2006-11-25;Exhibitions officer, museum/gallery;587736;1
38447549037;David Rowe;Male;2014-03-27;Pharmacologist;791063;5
19785891966;Shelby Davis;Male;2011-10-24;Designer, blown glass/stained glass;193425;1
47393107630;Seth Schultz;Male;2001-03-02;Designer, television/film set;920147;5
14795499620;Nicholas Brown;Female;2008-09-19;Medical laboratory scientific officer;111642;2
70559628224;Lauren Davis;Male;2006-03-25;Public relations officer;29975;1
13436468036;Anna Simon;Male;2022-03-18;Chief Strategy Officer;653383;5
35464095753;Philip Lewis;Male;2023-09-26;Air cabin crew;879600;5
84986144765;Eric Owen;Female;2020-11-08;Magazine journalist;588868;3
96986827433;Tammy Richardson;Female;2006-11-12;Risk manager;547307;2
41106197212;Ann Stafford;Female;2021-08-07;Personal assistant;89327;0
79307663058;John Castro;Male;2007-05-16;Ship broker;100080;5
89213888902;Jason Fischer;Male;2020-10-23;Editor, magazine features;801873;2
74003780912;Olivia Gomez;Male;2007-06-14;Designer, multimedia;280358;4
04927414867;Laura Cervantes;Male;2005-05-10;Engineer, manufacturing systems;36706;1
96121282815;Collin Lee;Male;2006-09-21;Youth worker;916244;1
54180727039;Jessica Cruz;Female;2005-03-17;Midwife;566450;3
79660310458;Dr. Elizabeth Cervantes;Female;2006-12-15;Scientist, clinical (histocompatibility and immunogenetics);808599;5
14216350372;Steven Martin;Female;2016-09-28;Special educational needs teacher;417053;5
68265626834;Michael Sosa;Female;2000-05-05;Trade union research officer;545417;2
57606771151;James Conrad;Female;2022-03-18;Tax adviser;736663;3
40206911217;Margaret Pollard;Female;2000-02-02;Arts development officer;158772;4
30041510847;Michael Lopez;Female;2018-11-03;Camera operator;263752;0
53471833608;Mrs. Laura Kelly;Male;2015-03-14;Database administrator;666789;2
43214257017;Daniel Castro;Female;2015-02-23;Engineer, agricultural;534056;4
32288321260;James Jackson;Female;2023-02-22;Radiation protection practitioner;286021;2
74596495906;Robert Jones;Male;2023-11-19;Graphic designer;336420;1
19557988417;Ashley Johnson;Male;2003-12-11;Acupuncturist;204445;4
81961098014;Benjamin Rogers;Male;2009-07-14;Pharmacologist;506693;4
45214895646;Amber Mendez;Male;2013-03-24;Research officer, trade union;27125;0
62531547943;Douglas Brown;Male;2018-07-27;Theatre manager;241854;2
95858412333;Stanley Rodriguez;Male;2016-01-17;Heritage manager;168192;3
86960148585;Adam Robinson;Female;2004-10-28;Lighting technician, broadcasting/film/video;729877;5
30148031956;Kyle Farmer;Female;2022-07-21;Engineer, water;754624;4
27700953889;Jesse Lee;Female;2001-03-12;Curator;475794;3
03510105433;Christopher Barber;Male;2012-03-21;Further education lecturer;867238;1
46391862294;Derek Martin;Female;2006-09-24;Computer games developer;331003;5
01533691241;Justin Rodriguez Jr.;Female;2008-01-21;Teacher, secondary school;78911;0
57029868024;James Gonzalez;Female;2020-10-07;Operational investment banker;532492;5
78440052535;Jennifer King MD;Female;2017-01-18;Pilot, airline;803375;3
75535033925;Nicholas Baker;Male;2009-07-01;Psychologist, counselling;432056;5
65031885616;Brian Torres;Male;2005-08-15;Actor;81449;4
69650241592;Felicia Howard;Male;2014-10-23;Nurse, adult;216115;2
81229333104;Kathleen Rosario;Female;2000-09-24;Field trials officer;342845;0
24784526158;Michael Nguyen;Female;2020-09-16;Government social research officer;895298;2
86186496775;Troy Phillips;Male;2002-11-28;Producer, television/film/video;509614;0
75384540749;Mitchell Diaz;Female;2002-07-16;Librarian, academic;350352;3
35218652172;Heidi Mitchell;Male;2003-01-04;Development worker, community;702630;3
05142553608;Dillon Larson;Female;2022-01-01;Industrial/product designer;173749;4
24215131810;Scott Williams;Male;2009-08-28;Engineer, biomedical;783736;3
03050671711;Kristin Willis;Female;2002-03-19;Event organiser;960751;5
54860211601;Tamara Sweeney;Female;2018-12-11;Structural engineer;631738;2
06518685143;Karen Byrd;Male;2020-10-14;Medical technical officer;301074;4
90486676709;Brian Nguyen;Female;2016-07-19;Restaurant manager, fast food;799102;3
71240216494;David Rodgers;Female;2006-03-17;Therapist, art;707426;0
51187058755;Sarah Brown;Female;2006-11-04;Broadcast presenter;311362;1
82137704576;Joseph Smith DDS;Female;2009-09-12;Ranger/warden;614098;4
47258228182;Mr. Jaime Hall Jr.;Female;2022-05-23;Sports therapist;23255;1
41389338726;Adrian Stanton;Female;2022-08-27;Building control surveyor;2377;5
97844271318;Sandra Smith;Male;2013-08-18;Scientist, biomedical;273422;4
63759472886;Ashlee Meyers;Male;2015-10-23;Ranger/warden;565189;4
09529934959;Jonathan Anderson;Male;2013-11-26;Secondary school teacher;395644;1
94852117074;Steven Molina;Male;2000-05-08;Financial planner;518897;4
27818557071;Robert Wilkinson;Female;2005-01-02;Licensed conveyancer;30614;1
02824804964;Paul Harrison;Female;2022-11-06;Public affairs consultant;505192;5
96224921983;Jeffrey Callahan;Female;2004-04-24;Contracting civil engineer;882070;3
41762827365;Michael Rivera;Female;2011-07-12;Fisheries officer;514977;2
33852185260;Joseph Murray;Male;2014-05-19;Science writer;484683;1
35279576090;Tracy Reynolds;Female;2013-06-10;Statistician;556832;0
02161591460;Reginald Flores;Male;2016-11-03;Research officer, political party;142893;4
56357822564;Angelica Watson;Female;2004-03-20;Research scientist (life sciences);483929;0
59481130282;Elizabeth Anderson;Male;2012-03-10;Geographical information systems officer;608047;2
96863272068;Edwin Flowers;Female;2022-12-15;Horticultural consultant;376367;5
12348884672;Timothy Williams;Female;2021-01-17;Editor, commissioning;404426;2
08274095949;Raymond Calderon;Male;2022-12-25;Horticultural therapist;915206;4
27214040017;Wayne Morris;Male;2017-02-14;Commissioning editor;649394;2
20250797388;Marcus Alvarez;Male;2019-02-07;Charity officer;903510;1
55427029984;Rachael Lyons;Female;2009-02-21;Designer, exhibition/display;846675;0
14729658356;Samuel Buckley;Male;2016-02-27;Chiropractor;840296;3
71471325149;Susan Miller;Female;2003-09-07;Environmental health practitioner;951472;4
13698289944;Lauren Roy;Female;2005-08-21;Seismic interpreter;86051;3
29405553574;Sandra Munoz;Male;2022-04-09;Chartered loss adjuster;445470;5
81628607079;Sharon Alexander;Female;2019-01-21;Building surveyor;618140;4
83891718346;Keith Carter;Female;2021-08-19;Metallurgist;642291;5
87652266562;Jason Green;Male;2014-03-23;Local government officer;446901;2
93661271894;Gary Cooper;Male;2016-11-19;Sports administrator;866583;4
12357305861;Janet Martin;Female;2010-11-13;Health visitor;483628;1
85128345059;Tristan Grimes;Female;2014-11-27;Press sub;66627;2
86311629398;Richard House;Male;2021-08-27;Psychotherapist, dance movement;78350;3
38461641563;Paul Pena;Female;2012-09-18;Chief Executive Officer;521471;4
15860824304;Jordan Robertson;Male;2002-06-03;Acupuncturist;761463;5
06299811298;Lindsey Garcia;Male;2020-06-07;English as a second language teacher;93474;3
09780097055;Cassidy Mcguire;Male;2023-06-14;Information systems manager;827123;5
18437834048;Jason Allen;Male;2014-08-28;Scientist, marine;308606;0
67130796607;Courtney Hahn;Male;2021-12-11;Solicitor;718716;2
07438641035;Willie Roberts;Female;2023-05-22;Broadcast presenter;524559;5
18855122133;Margaret Acosta;Male;2006-12-07;Scientist, research (life sciences);440428;4
77963067541;Nicole Potter;Male;2021-06-20;Media planner;595839;3
29358468795;Rebecca Simon;Female;2015-11-25;Air broker;767224;1
44002590152;Dustin Williams;Male;2018-03-15;Higher education careers adviser;833251;5
66245315325;Denise Hernandez;Female;2022-07-03;Financial trader;394341;4
37405012763;Janet Carter;Female;2013-12-28;Make;265388;0
89878807276;Dr. Allison Johnson DDS;Female;2012-11-09;Geoscientist;270316;2
05128308469;Mason Smith;Male;2015-03-14;Editor, film/video;822352;4
74894009901;Jessica Green;Male;2021-06-12;Conference centre manager;141156;5
08480989566;Robert Hanna;Female;2016-05-22;Location manager;454917;5
66574869102;Melissa Evans;Male;2021-05-10;Animator;642761;0
72031622856;Keith Bender;Male;2012-08-02;Contracting civil engineer;909666;5
43858672166;Robert Hansen;Female;2004-03-02;Physiotherapist;403790;3
11473509734;Chelsea Johnson;Male;2004-09-16;Administrator, charities/voluntary organisations;985607;3
82444805347;Amber Davis;Male;2017-10-03;Forensic psychologist;798140;5
56142783962;Ashley Perez;Female;2023-07-09;Education officer, environmental;592864;5
26912113362;Dustin Allison;Male;2009-01-24;Veterinary surgeon;796555;1
11376606881;Heather West;Male;2012-07-16;Administrator, education;435857;1
88189410694;Julie Cooper;Female;2018-08-18;General practice doctor;772392;4
65192712729;Mike Kaufman;Female;2013-10-06;Conservator, furniture;885353;1
94041409809;Beverly Jenkins;Male;2020-04-05;Marine scientist;632386;1
82686428984;Nicholas Benitez;Male;2009-02-23;Recruitment consultant;229103;4
08966126828;Julie Richards;Female;2019-11-23;Research scientist (medical);441955;0
32650783062;Terri Harris;Male;2000-10-19;Advice worker;697670;2
94046463357;Kimberly Patrick;Male;2011-02-08;Drilling engineer;863048;2
74444516100;Jeanette Bryant;Male;2006-06-01;Public relations account executive;984337;1
21606035628;Samantha Sutton;Male;2013-03-19;Medical laboratory scientific officer;980564;5
45540417345;Gary Moore;Female;2005-12-21;Psychiatric nurse;195865;3
79271883375;Jared Weiss;Male;2021-09-05;Scientist, forensic;635290;4
84155626940;Johnny Martin;Female;2021-10-27;Health service manager;497179;3
49702832468;Amy Romero;Male;2004-09-01;Chiropodist;829272;2
47387346426;Kathy Meza;Male;2011-09-05;Animator;929785;2
88875678372;Amy Hooper;Female;2015-01-08;Oceanographer;461046;1
64375997379;Richard Oconnor;Male;2022-09-07;Town planner;893252;5
49892026749;Charles Freeman;Female;2021-09-17;Psychiatric nurse;128065;4
58281328213;Denise Ferguson;Male;2001-07-23;Learning mentor;611207;4
93991874139;Angela Turner;Female;2017-03-04;Arboriculturist;623584;2
99744612054;Carlos Ho;Male;2022-03-21;Administrator, Civil Service;97068;5
86081880395;Mary Pierce;Male;2013-12-27;Insurance account manager;138296;2
66724210406;Daniel Church;Male;2016-04-22;Fashion designer;431022;1
04789172749;Richard Mcgee;Male;2020-04-17;Fast food restaurant manager;115268;1
03449949240;Kenneth Cline;Male;2014-05-07;Conservation officer, nature;346007;4
07156800530;Maria Johnson;Male;2013-06-25;Research officer, trade union;655606;5
45163976358;Calvin Romero;Female;2015-02-15;Colour technologist;549410;5
22710698644;Ronald Hart;Male;2013-10-24;Furniture designer;58998;0
32457734772;Theodore Shaw;Male;2013-04-05;Designer, exhibition/display;559665;2
62848973092;Lori Greer;Female;2016-11-14;Sports therapist;215376;2
64469532367;Andrea Jackson;Female;2020-03-19;Physiological scientist;515088;3
89150323637;Dustin Barnes;Male;2020-05-17;Land;666808;0
66098087798;Kimberly Moore;Male;2023-04-09;Immunologist;442618;0
27186856387;Richard Turner;Male;2015-09-19;Designer, ceramics/pottery;991207;4
05128344337;Steven Jenkins;Male;2004-10-15;Amenity horticulturist;462039;3
33849206108;Mary Powers;Male;2002-01-18;Teacher, English as a foreign language;177134;1
48844757721;Joan Douglas;Female;2013-06-19;Tree surgeon;546320;3
20831169212;Tammy Thomas;Male;2019-12-26;Microbiologist;864143;0
72844660924;Kaitlyn Adams;Male;2013-11-16;Barista;366874;2
51494787790;Terry Jones;Female;2013-02-05;Therapist, sports;617983;2
43001280645;Susan Ramos;Female;2016-04-20;Claims inspector/assessor;12959;1
85440013163;Sarah Chapman;Female;2011-01-17;Special effects artist;239492;3
59929592082;Lauren Lee;Male;2018-07-11;Adult nurse;279421;0
51614229227;Jonathan Young;Female;2019-07-28;Engineer, civil (contracting);370728;1
58750170479;Timothy Martinez;Female;2004-11-16;Metallurgist;469763;3
81972597589;Stacey Brown;Female;2019-03-24;Maintenance engineer;7848;2
76093578722;Elizabeth Wright;Male;2015-06-11;Clinical scientist, histocompatibility and immunogenetics;194147;2
67195191166;Michelle Howell;Female;2013-10-15;Government social research officer;667805;4
49222471381;Daniel Dixon;Male;2023-11-07;Oncologist;265994;2
74543256409;Alvin Aguirre;Male;2016-08-28;Hydrologist;641158;1
89238365139;Kevin Carpenter;Female;2003-05-16;General practice doctor;481636;4
72950925271;Jennifer Barker;Male;2014-12-17;Education administrator;615357;5
95560436221;Christina Mann;Male;2011-08-23;Financial adviser;170965;4
13373871281;Beth Robinson;Male;2016-02-15;Occupational hygienist;467078;3
61186230650;Jerry Barker;Female;2012-09-16;Environmental education officer;868176;1
07398876212;David Taylor;Female;2017-04-10;Community development worker;411343;2
32374780955;Brandi Jackson;Female;2006-12-04;Runner, broadcasting/film/video;244259;4
62945186339;William Williams;Male;2005-08-16;Cabin crew;711430;3
14367126967;Michael Duncan;Female;2018-07-01;Sports development officer;321720;4
19679664302;Natasha Craig;Male;2005-04-21;Writer;117470;0
16103716349;Eric Ramirez;Female;2006-04-28;Customer service manager;657796;1
61901118640;Brian Ward;Female;2000-11-24;Ranger/warden;752986;3
58500206938;Jacob Nguyen;Male;2021-11-09;Designer, multimedia;667550;0
86662398025;Jill Farley;Female;2004-05-17;Colour technologist;43015;3
73513970091;Brian Watson;Male;2012-04-15;Radiographer, therapeutic;141004;0
43838443682;Brandi Serrano;Male;2014-01-15;Designer, graphic;409687;0
94115745434;Emily Burke;Female;2003-04-02;Naval architect;726670;4
28206105194;Amanda Taylor;Female;2001-10-11;Accountant, chartered;686834;0
98163253398;Sarah Cunningham;Female;2005-01-17;Medical laboratory scientific officer;620230;3
70067408718;Carrie Collins;Male;2000-07-16;Sales executive;55290;1
69900099099;Steven Lopez;Male;2000-03-24;Horticulturist, amenity;524445;4
21416028363;Yolanda Miller;Female;2009-12-08;Research officer, political party;549292;1
39854038589;Robert Potter;Female;2018-04-08;Geophysical data processor;996043;4
19814583492;William Hamilton;Male;2010-08-17;Surveyor, mining;794567;5
22836637112;Sandra Espinoza;Male;2006-10-20;Ship broker;423437;2
49706892818;Taylor Anderson;Female;2003-10-12;Writer;891617;2
86895883573;Gary Robertson;Male;2019-10-19;Therapist, drama;622391;1
22282980278;Dr. Jennifer Santiago;Male;2011-09-25;Financial adviser;976022;4
19383222200;Christian Richards;Female;2003-12-17;Transport planner;966133;1
79777385911;Donald Small;Male;2016-03-05;Retail banker;830761;2
94211496952;Gary Reynolds;Male;2011-07-26;Education administrator;846668;1
95879165208;Eric Bryant;Female;2016-12-14;Geneticist, molecular;508767;3
34750146393;Dana Wallace;Male;2023-09-06;Sports coach;40529;3
13559285065;Jeff Taylor;Female;2018-11-19;Conservation officer, nature;440993;5
86011654652;Jennifer Keith;Female;2019-07-14;Restaurant manager, fast food;331363;4
63606934118;Lonnie Murphy;Female;2003-02-10;Warehouse manager;787645;1
32549319482;Michael Nelson;Male;2022-05-20;Farm manager;398747;0
63226387252;Stephanie Hayden;Female;2001-03-28;Physiological scientist;457671;2
60396461911;Amy Garcia;Female;2023-11-18;Operations geologist;741012;0
31237115941;Alexis Morris;Male;2012-05-09;Loss adjuster, chartered;696877;3
23463774537;Kelly Gonzalez;Female;2006-11-23;Commissioning editor;793047;1
57176707744;Jessica Johnson MD;Male;2018-08-16;Recruitment consultant;412779;4
18419762792;Angel Riggs;Male;2002-07-27;Dramatherapist;102717;1
67532416471;Mikayla Ruiz;Female;2010-01-12;Youth worker;97774;4
51838727569;David James;Male;2019-06-01;Scientific laboratory technician;951741;3
03547445369;Sheila Carter;Female;2014-03-22;Proofreader;13103;4
46014888234;Michelle Rogers;Female;2008-12-07;Civil Service fast streamer;571007;0
55198331793;Ryan Campos;Male;2005-05-07;Cartographer;338791;2
15519890279;David Rivera;Male;2014-09-08;Hospital pharmacist;164799;3
70823590779;Janice Ward;Male;2010-09-26;Optometrist;221502;0
82902392772;Charles Rush;Male;2001-06-05;Ecologist;722022;4
10069043308;Charles Barr;Male;2003-10-09;Camera operator;998446;2
39017518286;Jessica Reed;Male;2008-11-24;Communications engineer;500840;4
84341927575;Rachel Jones;Male;2015-09-06;Special educational needs teacher;728724;5
45226285275;Andrew Weber;Female;2017-10-14;Production assistant, television;88143;0
28608014268;Christopher Howard;Male;2003-05-21;Insurance broker;192031;4
72688392960;Sydney Mason;Female;2000-04-17;Surveyor, mining;137102;4
81362719308;Olivia Turner;Male;2009-06-06;Chiropodist;829650;4
40732272871;Julia Kim;Female;2009-06-01;Clinical biochemist;277154;3
42170492375;Mark Ayala;Male;2007-01-26;Computer games developer;340758;5
37344392348;Shannon Vazquez;Female;2007-09-17;Teacher, primary school;757430;5
15552845253;Kristin Fernandez;Male;2016-11-21;Maintenance engineer;344870;2
73508981349;Jimmy Romero;Male;2002-07-16;Loss adjuster, chartered;103144;1
24942748021;Jason Williams;Female;2007-02-06;Community pharmacist;543942;2
89902057162;Heather Kelly;Female;2000-08-23;English as a second language teacher;160337;0
29126322273;Daniel Strong;Female;2005-06-04;Forensic psychologist;775547;4
52352972067;David Hansen;Male;2023-06-26;Recruitment consultant;751248;2
40283996774;Meghan Hernandez;Male;2021-09-20;Intelligence analyst;550924;3
77287619740;Billy Hayes;Male;2017-07-21;Textile designer;949757;1
79395105936;Cassandra Cohen;Female;2002-07-16;Presenter, broadcasting;213849;1
13932492494;Kathleen Diaz;Male;2001-08-20;Facilities manager;71517;1
46152339440;Keith Young;Female;2006-10-14;Civil Service fast streamer;335635;2
