uuid;customer_id;type;summ;created_date
51661e4b8831a473a79300d7f7f95ac06a97170eb01ba7551993e768a48c1363;3033;Property;969544;2009-06-02
e5ac68b4f5261367ba589bf7ba81d6b83670468766ef8967b089158f9e3a99d6;5081;Automotive;881220;2011-08-13
47a0ae004ca4d54fba6e02851a2a81bdfdc1506c49d8127c0895f7783d6127c7;3466;Automotive;563753;2010-05-12
633b1f1f8dd17eb034e3865f82d41f0f564553332c23ebf9e2fea89c00a79583;7012;Life;648130;2015-11-21
65e32227c8d87c6a535010c3acf7eda29c06934801d71ee7beaa80b1756e90a7;7290;Property;477319;2002-10-17
7061333553eaf3ae9dcb0acfcb0fb1adb82134855a301f1447f41eb96a23b3b0;3898;Automotive;755604;2009-07-07
2b24c1104b7e5351bfe57d8ec277fca29a23f3c2818d45d0c551e98dae3fd235;7710;Life;914379;2011-02-28
35ec2054e4a942f89837dc3d154a492d3deff6fdc202ea8fac7284e413f90dd8;6516;Property;636804;2008-11-08
64ff665ea0de571fd8d28e3caafbdbf4c3c085c30a806a7aa8ce2050c3b2d00b;4607;Life;805674;2019-08-19
d079010429baeaf6b59f23d9b06684eece04f9800b0e3ecefa75d14c56137878;2418;Life;381753;2021-08-17
04c53cac9c02e43b9f95453b5a1f1448f37cceaf791bb161882207997ebbeca6;3514;Health;518182;2015-04-10
f1db740b31a2deeb47542866bdf48486221c05b614ed4b3cf3dec79e926dc643;7040;Life;244662;2002-03-04
dc663977e7a89660b8add430b883ed73274aaee21f8a54e19d340be46c623387;9267;Property;412190;2011-07-03
bfc011930b216f1ec40a69fbfe732b90e714f1342004e025a0806537fb2501a3;877;Automotive;124240;2021-01-03
314167b0480b61d71aa08c8a487427183bb1d77ed2c67cdf8b55ffdf8640060d;9829;Health;696273;2020-08-28
96c5919f93a6cb173261d2bdbcb7bbd03f430b716e8b18f66fb1aeffca15788a;9320;Property;288806;2023-03-15
d34503f76487b072ad22a598ecaf488377e0f24cc4965cb7a3151299045a8c76;7925;Property;80270;2022-06-14
2bd04bbaa2dcdaad5e3daf6542f8fe87a14f5d0e19b1f502a5af475f179fd29c;8704;Life;882891;2003-04-14
74d8c633ff5ec2a1509c70dbaa5bfff3f4fac46a8a026c93d4ca8acfff89ae21;9397;Life;361781;2019-01-08
0b971c580b95570a64364e161384d2a2019a58e93b923518fae5c52df277c454;9414;Property;723631;2004-11-09
7db91d8589840a00d0777522b1720a0dca0e975d3b8682aad22da4657f822b91;354;Property;928132;2001-04-28
6e7b1f75b2d3a98f01d87613ef5a2f3176365f732eec98262ce4ef1bf796510b;7960;Property;558271;2000-10-13
e61e9ec62bd1d01130e4137e9a9291f8b4ff3ae9bf0d9ff01d1c86dda36c5dca;8051;Health;152380;2001-05-24
3026ccde8bed823e9532ff8b86d2f45f84bdaa9b9463ad61bc00f930f06f84f8;8268;Automotive;912769;2000-07-03
d4249d888ab09064a4f12047a7bc6abe53f0fe17631f543494dbd951cbb21769;8611;Automotive;86375;2006-02-27
f247e0ff471a4dc8a849e4db2bdd4680efe25460cb184eb621d9d06271eb6ce4;3805;Health;654199;2012-05-24
f3a7622c55a7259455c842c758c03032da79218dfed30cc458c8a0c829bcce8c;6378;Life;680042;2010-11-27
fb645ef76436db469203d77ed37ae410e276c0149cb457b1bace8445aa186883;8479;Property;257321;2004-03-14
7540e9c581f4df08b41ccaf5cc73c2c0ca4328489a07758883abffbb6abf78a3;6667;Health;271705;2019-10-26
a408baef7ac6866ffe08964030262b2d842e9207da066635545267bfaa48e07e;4773;Health;914995;2020-07-26
344e7ff018bb876f90276c32042d25be91a506d73330118c38f360568ca3102f;8137;Automotive;709620;2006-03-25
e545a55350c9e9db266a139b8cbcb093e321c412a12fc30127b6c0171e0a6dc2;2484;Automotive;352281;2016-01-24
b2e5de040810ea4949fa2089e6feb82026b91852d0c2472981c98e70f85d0db9;1604;Life;332370;2023-12-22
75aebc873e2d590b09796bb8bc1d7dd541ba90ac4b1eb0939681d579881d2d1f;8638;Automotive;428603;2005-07-11
d7b5cfdd70052eb240fc312df9797c8b338b87c9263351a1af6b3a4048572e06;4108;Health;917026;2021-09-26
aa2670a62ea34571011ca979bc7ff039fe29cc8beee6e3560112e29fe59528f8;386;Property;238252;2023-04-09
6018862b808c637d30be32431590a17536bec264debf9d7a6774bbc747241ff6;9766;Health;907477;2004-01-01
702aac53258260846f758a1a8a7a4bba9bc6f9b5b11fddc10da1823cc81b6fdd;8228;Automotive;295956;2006-01-13
a485ef102ca27658c874c36e2cf3693c0e9b4ab3b4776104e6d1bc1f6c06bd7f;1820;Life;860227;2006-01-26
9d3415ab02d63a1dbbaa596d7d3852b35abba0681b270fffb2cbb8c0cfb8daa5;7641;Health;819063;2000-04-25
fd0a030a878a2efcc5e75c02e538f22c211195586df548e5ebacea7e6ed968d2;6516;Property;360619;2022-05-25
e903c780b12d2690da118ab690f82d9dabb0b651bdbdbf0d0a97a36efab60e64;4306;Automotive;647926;2017-08-02
4fd4c6a2e603a270bc2aa213be8200c27e21a3754412b0e01b7d9a79625045de;4140;Life;723373;2023-10-10
4300d57e4cb52149f8a6520d5c19398e591f976ca69085f58acd7d726d35e1ca;1698;Health;263901;2023-04-09
a2584a6db22138734c1de23e17fc1d7218b3278a7b56eacca4a92e8a46248f6a;6434;Health;65219;2023-09-07
2c8d4de520729ff8707de59e3a009f9a18080fae588d0eb813b19ee548537c74;4126;Life;66911;2011-03-28
d6e5ac83c4518f53581f0436064192f95d97e5fb1f9a2db154cffbc72f400f36;7907;Automotive;928491;2015-02-12
bf3f3563277f8aa4aa0002e899e4762c7a1eacbf9be220289026195be07f3496;8304;Property;938464;2010-10-09
f06ebf3c94c841ad7bab3ddeabbb605c223cece2a25eb66392da82fbc9ecb6a3;781;Health;740865;2001-11-01
750fa0b5814bdc43fc8cd582b0db9705776e55688d5b9b19a1b81c7b0d17f869;3065;Life;70841;2012-04-18
4c0fc3db0876e23828bab9f1a259230aeef7d58f26ebe5e4fd03af9029d7075f;5210;Automotive;410333;2003-05-16
e57aa49816c41204e3beb7bdd1cfd0dd4e65953fbe2f9a73908d2fccc8df081a;231;Life;144559;2001-09-28
215eefa93f3ffa9a5678d2040312a0f12750b1c497b63882c3224a23150545d7;5666;Health;902601;2014-04-25
08a9d91d210cb1504f8c2c0b948e4411cea53a330987084ddd7a21943415799a;8030;Automotive;693396;2005-01-09
8d4c11b1243c97f5070149d06aeeae26b5f83e197b9670efbe3e8ad20fede12d;3858;Life;322007;2006-03-20
664739266b5f16f7001ab41558616909c76324419a8ad6deb269b352dee43bcc;9393;Health;87766;2022-06-24
4cc42a829137fe1babc04605e7c8f62e433da8fdfb8a5d901dc42fda6be0c838;3203;Life;339946;2022-04-11
7953cdc5aae9f8671f7d1e12cb9e6b1d2a9fbd5fff1069e48003699449285a19;8699;Life;932560;2003-06-25
7cd65c8973e9f28c5255672170161d22828f19d3e2de1e4b19daecbdeb02d099;4431;Health;671676;2011-01-15
fabdbb1ab73c36755a87eb067e76a905edb7f89d9f4251460444db5c91167461;7716;Automotive;563844;2014-09-07
2d18d05f1ecd267b71c39fa6be763e03b0042d37f8fd804265b20076742d9a49;3811;Health;956262;2013-11-12
baf7049cb2a5a9fddf650c7405073c17fc4bc2fb238a06b3e6d0918c848e6967;5292;Property;942705;2012-09-16
f6bf0387aa732cdf66a85222706d7c4e05d594171d4153f6783fff77649b6508;2439;Automotive;434543;2004-12-04
45a682b137e6ae53a99ecbaf56653b4bb9d7249486522434e7442e984dbc7924;457;Health;281414;2011-07-03
31de0e38decb89f99d15d2650153e044e3392b2c276fd9577a8fe64dc2bc2e10;2307;Property;788638;2009-03-07
2da961f5dd1d6f9997a60b49d058641b26c9186e82a7e550a52fc71f4ca0bce2;3926;Health;523449;2017-10-13
1b5ff963df9711af5af0e602dd3f9b6c86a2ac2683c3546a14c9dbd478f0d146;8361;Automotive;669650;2013-06-09
bf8b02352ca95b22a87ef7c9daa93b365b04d16a4e0bf31ace964546645cefaa;739;Property;406951;2020-12-15
74bf31af49240a4f9c04d28a6be4aeb26d7cf1f6ec00ed817900b14f44b40489;8301;Health;881520;2015-02-27
a56827328a29c48591141a36a541f9a0c032accc6118e312916394051ebf1c6b;6093;Health;283372;2021-10-27
bdaaf16b2f25dce7b729f7f48aecafbd87fe1556a22bd68b50ed8f4caefe331e;401;Life;195273;2002-12-10
480b54c4a287e09e29098a28ff12e128608ab817bdc29ea355c5c4d63d9dbb22;2491;Property;61587;2012-01-27
23112818ccddc219899add13269cc09c14d5573b55b4d9d89d0fc5dcd0d6babb;6387;Automotive;198577;2016-11-16
305f10feead98d7ef642fd2164c81e57cee9737d235b010482ce118896cc8337;9356;Property;693287;2018-07-13
917cb34f27f1063640bbfa75c79161ee50945d91fb1537d39465e5c085b6eb99;1266;Automotive;812198;2007-07-10
80588375eef0e69bdcd4f0882250ed9517bd2036a25a21a31c1162dc2da9261b;3363;Property;296236;2009-02-12
9ff5249f19b3cd35b1a73c1d7e34a5a00578439569a0f0c7a91d49f2ce5af155;8123;Life;35414;2022-04-06
6bc65e00e96913f4f2a928b8ffd502bb1dfd9ee4e767b0800969834bae1443f7;3409;Life;817106;2022-01-25
94c5efc4e34a0140d5c0e1a6e0e72df360428c884fa8004c49fee877f0254ade;5475;Property;477628;2022-08-18
302c941365ccdcd9f20fc5a6bf41aca435d079b215d1eea03c7211922113fc73;2595;Health;612253;2005-09-08
1f90e9b736c8194838db46d3ab23e5293a399ba97b8680667ce31437facc80e2;9346;Life;537637;2001-06-21
e3971358167d201b9e5fc17a16fb63f0d97b7b15077b3de379fdbe8d3236fca0;5621;Property;830058;2019-12-16
906660e0f17006514c670821b370e5863bf76e2f04d17c88a8b0f2e064d82c9a;6104;Automotive;431710;2015-09-16
4d83fcb3f37bf5b353a21bdcc66ca4b81695429768965682a4d000365e748498;3181;Health;781772;2019-07-15
c786715dc0e22d517d5102d74371bd5bd2e11dcd2e3ea8387ca5915c1b4bb4cf;8997;Health;453305;2011-10-03
7d9fad69ca6d724f0118012c3a80c17560b1be3279ddde806e5ccb7cfa0743d0;7141;Automotive;852864;2002-01-14
b31229c4260f62ee27a8e573b0a1a63b4be08c1541c2962f598e7dba7eb70729;9143;Health;539257;2005-11-18
e9eb82b22dd0d126e44a01417cea1d5b0fec0be85b00b4b4213bad6b9b05c384;2616;Property;523004;2014-03-25
468e3afdc754a860738550a11d9a7be6ef08856dc3320cd6b611ef5e452bcd80;8594;Property;945822;2004-12-12
70f28aef5fcbb629d8491829c45b01fc6636af9c580f54d8594fd6ebfb9f10a4;3745;Automotive;866983;2000-06-11
e7866a1260a136485658bd845fc7a523a816bb1e79555a522db0858673bc00a9;9208;Life;401217;2022-06-07
4e7739de7d21738341b42e67057bf573e64e0e336f2b7b037b9cd7ae02a92168;7430;Property;522665;2019-12-01
5ac9c999d76b6ddc376ca683f290b5d0703dec0976159019bdd6a1d04eb46bb7;2043;Property;209408;2011-02-25
1bfd4407ad037371820eef92dfe2f96ed62293009f6f0109140d84b3a6d8bd95;2552;Property;992274;2008-07-16
bab4bcb12abadb443836969fbf11c6c27ed129aca49066927bda742ea4bd5370;5603;Life;32117;2010-01-25
06ab4661762ffee2fb7ca0a710df5f2671d338ce99d81904d2d5803964ac1c79;2654;Property;538224;2017-10-02
be256519ba5b16723b3a3a21f0d4a7f41c17230d657d296f3a83c27428c3bcd2;2669;Automotive;460105;2021-02-23
a310beb794f3e44fd42701be55c0f4e4fc5cd229c8dcc7266e51316869b10b27;9015;Automotive;818907;2007-12-01
af937368dd6bb7dd98fda616f83223371f3f72bfee6ebeb57f516b1e864ceaf4;6076;Property;311156;2003-02-11
da791567a480f40cf6ded9a84191765a482f131e08811da0637d6f705640a06a;7975;Health;938034;2010-03-16
4cebf3728ba599f6af0d37ca90469489c7d6a31774139b425adee319ba66aa78;7787;Property;791374;2009-01-23
ee6d0a347d5713cff9efb2b2fb8c3599baa9555e86726e660b1defea33f2a734;3727;Life;745349;2000-09-12
54098540b312cac70ca1303dc66969c8dc4dd1d75f1a89209e955c92f6250ecb;8912;Health;19200;2006-08-20
d3f86908f11e35e751f1404c0bc04c350a1f4064a32af922d8da6c1767aa5cc3;2214;Life;917094;2008-11-13
2f4141d99e90b6131501bd9ea79f2a2ee110f5590f92e87018e4628b37b967e0;6899;Health;755460;2022-12-18
84a6bc89b541e1bcea51c076c5a0a4d2cacf67ca30932dd9d998cec2cb1e2cb4;1429;Property;706544;2018-02-04
7eae58df02beeae0219488633ecc96828017c13982aa17c278a9ef45294606f0;8060;Health;566724;2001-10-26
b153a44165ebb34224e945996f8145030bc54686037e4cb93d808ca1f8bcf182;8675;Automotive;931014;2001-06-15
651d4d7a19d803f936f5a2d890b0bf01bea57d003f2bd6c2ed67ee125eb93eb9;5981;Life;673008;2008-04-12
2d98eb54c0b6150458b3556a4676203f678bba2c299203d2787577e4b84beba9;6981;Property;136357;2003-09-23
355ee4cef776d88b14c775c6ff85491dfb006d33858a86abb105a16a592b6b64;6241;Automotive;874188;2008-06-23
46d120dbca6108fe3585463587f2f60cac35770aeda0edb8379843100062107e;7720;Life;20658;2002-10-28
0c154fd1071f17d8b9c91dbedae853eff700efddd8a7b273dc3fe0a960d013d0;4422;Health;439057;2015-11-06
b8e64a97318fc00b60e1ffebbf6bb8795183bb3631bdc762891d4a4d8feb7e81;9700;Automotive;245280;2017-09-03
b30399f5172dd31e3fb9165edfee1b35264517f199fb467f165a4b029617dd27;2792;Health;271555;2009-12-10
664e99b207e9cb26c7e8c4f6a486715ebe9a754507f9da950233094862e06cce;6612;Automotive;260576;2009-12-16
4c6769361c85406ee9b0c07ac88c27ff98572535c4dca390646531195a2709cc;5106;Life;829096;2005-06-26
21ece2821dcba003edef7b4cf63d4297281121dd14a6218b0c4c8fceba7014be;3797;Health;276187;2010-02-02
d9aa1c32e33f453a7c8068b3933df1dc4317476b60a132db12e4c74aac300102;4352;Automotive;128752;2023-03-14
99d6df1bf38d1c77c31c59362023c98019a31606964502cab7199ee17f4fd368;244;Property;669833;2011-02-22
083ae3409ab02e933ba70bc91512ebdffad4275ea9bd9833a52c1e96df1cdeb6;4431;Health;871185;2011-09-15
f153d5c6102c5a3cc2123f16f4ff2c8953cb71aa04620d835bd7f56e55991f43;6227;Property;612959;2005-10-01
74de58c7184e0dff42c1bd22b4b9e546e1df499457ff98eb46d817430d49eb3a;1613;Health;257772;2006-03-26
76860de3201216d9bd03bcf693dd6d56a82bca7098980cffc7e09445665b0152;9726;Automotive;794535;2014-09-11
12c219f3de94f538bd9218c73a9130ba09905b3b296f3b71e6ccdbcfe3ba127c;7995;Automotive;217949;2000-10-09
9913c05ee97de7cb6bcc1f4451cbf37db6cba7a4850a0bcf2ad3a447dfc8a5e0;5753;Automotive;662855;2007-08-02
a088a1c294db68dbb93a8f12af39ca375f5b1cc3c9f4150978f57a1e160f353b;9640;Health;840832;2015-05-21
22c0e5abf3c1ec87a9d41dab51c0edeba9b98a15c45e0fa9398b555757b12493;6876;Health;101114;2023-01-27
60200c076796a7118f1313140bf710e3dd735cad0cdce105e235221889d454d4;1958;Health;925530;2005-11-23
649731246488ef0dd0188e6f83af36defd0118e82427a8c9e2cb7cf6f6740bd0;7461;Life;606692;2006-07-14
1ee5094dadf20c93d4863a2d0ca9ab36432a29490f4d10e898e71142a76755e3;2001;Automotive;341750;2005-01-13
e134b7cb7d62969969b987f2bb5c754405ac03ae59b8871ca1aaab7d828ff36e;5918;Health;981646;2006-02-23
7b0a9f561c451a3ee8659aaab7637b8ba4e363b94dc99b33bb06c8be1a7c6a45;3010;Life;290748;2005-10-04
419758cb0586fa152c3d32589aa0bd28499fc126ee4d161c5ce56301331f6fd7;6482;Health;538976;2021-06-15
0e1e508ec0f058a6a23943d064f41c6fa5b3de0ff829c22060ffebcd8cffcd15;5063;Life;266906;2010-09-26
154040e5ce6fbce7211bfa24d1136ea2415898221b9022f4422ee148c41f1c90;1573;Property;63584;2005-06-03
9bd82543551a47f8cf8835b8be0768ae061728e967592d14728c1d8ea28f3a4e;4634;Property;287573;2012-03-19
e85a5be9766dc566e04bc7cbde1e3e41e7a3f7e15e8fc8a10d5e6034d77b1c57;3207;Automotive;895597;2006-08-22
00ed74c419115ae86ea2bb272b2444ad542f1fb4a348cbe2ff0075a28ecb704b;6491;Automotive;244727;2012-07-18
e16140dcb09fb9b15dd174e88c4a2b8c6d0e2080f958edaf38361e0a87523799;4605;Health;437061;2004-01-13
141429c2b8e2ac23c5956508604262c4eea7c0942313d1ef4e29a53a70343496;3265;Property;67272;2023-09-09
ddcbc0ca444dcc3fa8c9fad798e064daf4a492f0f1ff96bc68d50bb86e49b439;499;Health;92205;2006-09-27
1b6311a9a781104cffcd98bcc6e37ec09c08aa7592ad17bc26ae7e11c987cda8;8943;Property;476701;2011-03-18
1674a6e8dcc5d407f4a67a82bf84137333ff4c3f2f2f5104ba258d2f22ae3ce1;7874;Property;573966;2007-03-19
c3176b22a040006c406bc791540c2826b891ee97ac0315fedbb994dec18e3687;6319;Life;350193;2018-10-02
2ba1183c498397ea6b33d684e172c5c9ed673d832cde11242cbc6a3f9ae04207;2093;Life;662080;2003-05-22
e5c1d33fd949c7db22b981a3a22e206e02de4da069ca4c7705e6a9e3afd83dbb;542;Life;580860;2012-01-20
fba6c6838ec1a960d982ab11bac52cdb16d5f3145137ecfd69799cc017942bc5;7336;Health;717052;2022-10-24
06bf0175b84895a5710ecd2f90d78415dc7722ba3c79faf1248100dbec234cd5;2471;Automotive;772610;2001-09-11
eeee4f212a9163d8d5329e9b145000941c7584548d61436d9989e7729f503d0b;5125;Life;219865;2017-04-08
b5d935d3585a98eeea93dab80c7966cc0f1db08f5b3a35d7954c939576b24c22;8267;Life;511735;2004-11-26
fff5b6cd7645721a3514ede9c1f326e08a7167c205ceb3140d72fde3ab11c06d;8826;Automotive;376031;2021-03-05
a902fbec59b58513eba20dc11c822ebf290a536e2b2b2bb8412d09c995e883b4;844;Life;775509;2002-01-17
21ee07f61858b103971185f47288b2c4f2246f9435d4a82de4e4be13756bc86a;2214;Property;414749;2017-11-23
994659d312d2b648b64c26caa0e44a5b8acf92a62478debabe21a57029aa8985;7134;Automotive;572909;2003-06-10
19f1540b131b02da9b6a3e1ee8bbfc8754438c24e6dec9f6e9b3c6b631d29dbf;7127;Health;775050;2017-10-15
d105083cbd58795a3509b871be8ca58547a6169b4410f3bcd3c0ae1ca4770ab7;9913;Automotive;744128;2005-05-06
b7075e7b3c2f4e2508b7e1dde01514f30ebede9667520c416388a79ba8f612ad;1008;Health;808421;2010-06-05
2b82392a3f485480a9967c57a4f051415eeb9a443da5f4d4b6c59fd0002a2e38;348;Automotive;15006;2000-12-26
b294feaf57c8447083d39fc440d02bf41863a71e4634a7e4da55aac54820c67e;5529;Health;111801;2017-06-27
c416fefcadad77f2ecc04043dde38742a37a7dac4dd209515ac4a5e88fd23127;8451;Property;122083;2014-06-11
492832bbdfccb24a0e2402cf67ce6e0ec4645a2f211ed37e5fe16cd709f35925;5286;Life;750235;2004-03-26
05d870b7752d08580a227aa69ca3f3e3ec0c5b9205e504cb5f2e9ad71a7ad9f9;1235;Life;862601;2017-08-11
5a8e1760e02a66e338ccb50e96467f537e562f5e7e035a48d16ede0f73d0546c;5432;Property;545768;2010-01-27
7baad492cc541d49d39436590765e607ba5e8cc15a425b53560169f9c73918cc;3228;Health;295476;2006-10-07
666a9d77a3cf7d336f3ea07a8a9e1e8c01154eab974e7ac8c07ce15488a1e53c;543;Automotive;435501;2000-12-09
3dbb6b0c8ade6ee26a5936cfb04198246066934ce5c70a7ec5b3fe13658ca214;1834;Health;926913;2017-01-27
a61ea28617118b57290d94dc9ec5c2a00793326219e699a8b566a785f1e9e450;3272;Automotive;715128;2010-04-16
84a04dff5e1b4154153c87a1509aede361f4049e4988000bfe5f38b8f6537ef4;7298;Property;925392;2006-07-02
5c1668d5c5eca4c5d3d1491e4ca90e462bfc105fe218145997eabb61698e4482;993;Automotive;771809;2019-12-20
82fa49c56b3a58481316c792dff4926e66291dec72b7d214a795924bebc79b1d;1524;Property;771457;2023-02-26
e1c97a9f59565ac26dea1663f2bc717afcfabdedf9016cf28a2c2afbcc7321a4;3947;Health;73073;2006-05-26
4e0feac18ed4e4684e6f470589e300a86d3e5fb5016d15a31d89be53eb450814;3391;Automotive;861908;2015-04-16
8b8d966fae44f55fe25745ffcdd0f2338dd209ad499b23f6f5c81bc8efabaff0;5571;Property;865108;2000-08-16
0c22645779990a0757d8fa67769850c1b8cf0644f72e00ccfa3cab23230af719;932;Automotive;214977;2016-12-23
d18d060c2ef08b9e250b656e4d29a1ee005b7ea3609ac1146e81ac8f3049a931;504;Automotive;218403;2016-11-19
8b16e174043060925827d5608705acc679ad86ad849df2725dc0a21f09764666;556;Property;487713;2016-08-01
9d6fa493bb787f87aeca084cb54cb0fbcdde898c66c00714d19f6a3bcb69f2a0;2370;Property;924751;2023-08-18
b43ae9b46ab29f724054aee4356658326096dae28fae38a12cf5ead270f35127;740;Property;444413;2022-05-16
2d0a0e2d815b203bfdf09e56e3f0866035b69264a6fb73baaadb7b2ebc978e23;6073;Automotive;366090;2021-01-21
96a59a0d9323b3cf58637b94743b5e8624bc052e98906a56f7d60595b70a070e;3571;Property;917339;2005-09-25
871cdbeb0e40bdf05ad9653086c6f2b391fe4107cfbd4b9f07d948b613effdf4;9950;Health;718213;2018-06-12
c2ca2976dac77ba21583c94e7a882e214d4173f9f6b3cf4e9a1765dac1219c25;1390;Automotive;697789;2019-12-28
19d95667278be7b4f1db496201206da0eea6ddb5be9ce0ed824b538beaa32efb;6378;Life;126556;2006-10-13
7136433bdc699a070a8bbd7a848ab0ecfbf6cee9fd8220084436a6dfe88f046e;196;Health;268099;2006-05-23
ad0a5d98c1e5ba5226bb04771c36beadf5e759f2441339fb1d5f3c82e7702f61;3604;Health;863113;2021-06-18
665e81da75a72562e88f601c26c395dcf2a3c46aea7fbf135276d95ef13aeb1d;3453;Automotive;876168;2017-06-22
8736885ee4d07cc18e414ee58be5d6283b4529b233e055f1ae4ea0379629cfa7;7526;Automotive;274603;2019-01-23
efaf8aee88b18c24d3f7c3bce2b40572facf95ec65bd2f6a400d94f780426d80;2561;Automotive;442351;2018-02-15
a491aaaa05b2ec719eb4ceaa66997f01e6c6d9c91f1d82df13f0c2dac16f73bb;5288;Life;143912;2007-08-03
a07748232fbdd6e841b4d4f883e7a57a2bcc82d79475c6a630094716568116b0;4472;Health;721822;2021-03-22
716245f303bb63dff77c077469b9976be79178a082e5286b8e270a403d9de3ce;1750;Life;297159;2003-08-24
88b3f9122d1d49438367db819d019a015611ecaec50a19db4b41d1996cd8dfc7;9065;Life;576845;2002-10-05
13bbb1b9e389668ddb46f13efb2ba5f6df07aadc35f9965a3f68cf6e855b3ff1;4038;Life;414103;2007-10-01
3103440649b3dfdbeabd32d45c79602cde8786d8ede8b72338306edcdb0a5391;3151;Property;767362;2002-08-05
1ebb83ebcf3c71e298866016f742fb2e50dae9b55809c97af74b1b3233257c50;1197;Life;142873;2005-02-28
a90602689ebca14103e3fdd5d6954afb5b58f7fbce5d25310b056aca8f4a387c;7127;Property;626115;2018-08-03
dbc2f0fe3c52f30d54a458743b3f819c11600de5e6f54cb173a913c45f65935e;4504;Property;735275;2017-11-22
8b5c3c1df322321d1692fdc96557fe4a35566f17137b7ac95dfb30cd728bc875;7594;Property;264879;2018-01-11
c983770eea8c5e2b0b0e36e2c721c4e83ab2d221fbed3af982e1773ca116c8b3;6874;Property;593971;2023-01-14
07584459ddd5bc836639403661c8c9c572ea443ae5b02c2bbccf5543075ea4f2;2243;Health;155225;2015-05-24
9704f6eaea3fd957cb13015193b5b435fde8873b93793d9c2b0b7c372a91ffe3;9980;Property;644900;2015-02-25
47d3e5c31d385473798b684b43950e3149e6af7f98b136d9a0b343f1d0010cc3;8520;Property;658034;2011-07-05
a760d282efebc5cd065a33a39e0b7c15914b80d3ef972f871014014b5d5e3c23;6037;Property;239871;2007-01-17
1fc0c07a0a3ed7e83fe860fdcbbec85844dfbfb36c50927344101fca2566d3e7;2039;Health;614514;2018-03-11
aebc5074e3d4fea14a562ab542d200d2b67db43e5c4ee995f14b3c3177e7e6ce;5630;Health;920965;2001-01-22
ddbf47c6aee8904879b19bdd6839cb87e8b75c9427b95d1fc216ede1bb14bde6;9891;Life;516821;2012-08-21
39f8271c00a47036db219ff604fff8e943ffa919e955beae58979de021369a7f;4099;Health;11726;2015-05-25
55fc7372db14ff064c40b7d3376e26f352e92958643357fcd2509a2643547cc3;7247;Life;351033;2013-06-27
876cefa2189c7cb8c4276acaf33434d8c9817488f093084396f5c216a7f15a12;4648;Health;990125;2012-05-24
9306561cf6ca1874bb1cfccf6ad9bec45b65d0b3c8a07c21e4fce7fba61acd48;332;Health;606477;2020-12-18
bd8dc56ce73120ac4292a19ce751d8a8de0e5f15bb3557f1fedb6ac4199140ff;6919;Property;148553;2023-06-23
beea9c32a6e119e7873a1eb5974837db325be8dfdd8e444797628780f23a0a08;2779;Life;54511;2001-04-12
6246e89374ab6f55d6bdbb79b0cd1019378516539f700770a15718afc7cf14ef;9528;Automotive;687836;2015-02-08
87d852ffb3a0c90dc7a074e985efbec773c666fd7d4077487d00dded06180d2b;1060;Health;719030;2018-12-07
8020ff225a3f2e51e0df43b3dabb9e290e658223f0e3aaab26fc1f9597c3aff8;8647;Life;476628;2013-02-20
b4150e72b8780f4875cf120c75ba648b5fd43bcd06b5b3e278cacd148277782b;6129;Property;297825;2005-08-21
3cb4234d5638779e04f0ab670772c1f7a7b4aa8506fb98300822b3c9661e7968;6992;Life;911123;2001-04-14
1b95015aee2415b671d19576831045bbead5b1acaee03bd8a15783cc8cae9ad3;2262;Health;754208;2020-11-11
890cef2f3d76e8827d44f7c0dd48fb973466b5f108fa33e7dd7828baae16253b;3795;Automotive;186997;2015-10-25
14cfa601a19b5f7995ecd5a0e1bb7379797a8f80bca9fec73e5837841293dca5;6272;Automotive;681491;2020-10-12
42e7682fecf113627f33b5db3f3f1ccec126e30ffe30baac94e1616ee96bd44f;8170;Life;22519;2013-02-03
17260105c48f95f631ce16fd2043f413310f114e15788ea70626cf8c9c446a7a;4609;Life;213422;2012-10-23
03bf4cd628caa3f7b7d9f42c485e0fcf7edc29221387ff1061f1b72d26982313;4728;Automotive;473448;2022-05-01
a6c64592916489711a943d31cda31a7f42eb93a9712afc73fa7cf7fbd32c9f61;4737;Automotive;221380;2008-12-03
4f2fb3db0baa9a222ba65ddbf9263ada09c1f787784dff294b75d7f167401b16;9584;Property;769540;2013-01-21
6899e440a4d74a6ef3d55149a3e1e2f188bc0e246f1a1e899978407f75cc0644;4055;Automotive;542158;2004-09-28
382f07d29e441290b11df330da987d9a74627d92637ee85075f791d1e1a3c58d;8371;Automotive;156611;2017-12-23
910661b96811e08da99b2313df85bcf2a51352f729a46205577236d8eab237e3;5976;Life;776307;2008-02-17
8a15c732be9bb783c2b29b77170d0fa1c5c11d40a3025c5af2371d22ebbd4e64;4875;Property;78298;2009-10-23
988d9c091a08c4bffc62f8542d0d274118db8dd09e1a244e236eb2779d3acd09;6250;Health;484500;2020-04-08
99cc01463c47c095f0fef973c69213d7ac4a0982d014a4b7fdce73f2f0cc133d;2770;Automotive;285859;2006-05-04
50ede94fae1c041f33a3fd682327a5892e05ba21bd394a36e0c91c96878f48f3;1290;Property;546546;2016-01-01
0b8805ab312410a44cc21218ce2d3b453315ecd58712faa28ea5ac79541cf683;1864;Life;970315;2008-02-23
277559d7bc451901ce469b3db870c292ee4fd55468df9a914ab30efe98b5e4bd;3611;Automotive;467992;2014-05-14
eec73127ad0278397b6f19579714f0dd1eb5e3dfe3f3159768b6cf721e464ada;6069;Property;526277;2014-12-18
dc111dbd7e02a91cf07e548d0a8831f9a2ecbab02f24a5996012f532e1269a38;3475;Property;639865;2020-01-01
2e91f90092317a48512a871670858c777a9af4f0aa4f50cffe8f71b804b3372a;5447;Health;839434;2014-07-05
3ee88995ccb5d808c127acc16f49be9d95ec3aeec79cb13378cd147d626f063f;5056;Life;406759;2007-04-28
7745d6105cf269d4d20ac4ad3e9cc6aba71e9eb8ce34ac77605c2e39b8720e5d;6638;Life;288183;2001-07-19
43f2ce9e014d989684f311be5072e02cccd9d9493e85b824515b1ea71f0ffd6c;4857;Health;806277;2012-12-08
3ce0e7cbf509ac63ebaf73619f72c20ea02560b88bd1f2e53356a7a5dae8e728;5605;Property;171446;2006-09-23
57d882a4872dd2579e74528482e1180bacb4128abb8d580dc73bcb0ae94a71b6;9895;Life;630165;2001-04-22
a090c98624db8f975e14f5e00ee1675ef7d421ac56b4f4be93fbf4f039020af1;3378;Health;975002;2016-01-10
dc74684195373565d6b66a9f2e8fea21987e7681b9bdba5551d55837c33baed7;7700;Life;245170;2000-02-01
f2963cf9ff93195bf449c58d1c14b4a3a357e2f856d780ce5ac5e997a83b081d;3147;Health;645334;2021-10-14
7e1511058c8f81fd62a72fa70728be7eda69e5d1fd5e138f7adc7ad7e3ac3e99;9270;Life;975786;2004-04-18
876965e96732f642b653c6b04bf22e14aa60e19597791c8ec5cea93252475930;4652;Automotive;566974;2000-06-24
0ab3b690f0f4c0e8555e4c44c59505139bd7555e382f89a1fde12a766411c266;2846;Automotive;901079;2005-11-19
1a76efae8500da8b7177c94c60433fa3e14ad92c64aded0b971b305c04924718;8623;Health;152947;2018-02-04
4c7e7444a786420b0eaf1b154b86acc10bc787d67afd99d7735018f62fd2ec4f;9553;Health;767279;2018-07-27
8d0a2fc1ca40ff5e538f14a654c6324e64433992b017d249645a8124c6d2b1eb;3081;Property;92948;2000-01-08
e6627354b7c3ef77cc30b1c262ab5d88b212305d086e76b6f280324d1e0ff74e;512;Health;169880;2020-11-19
787df9377f40a8175762b2d48cd42ab35a2de6b7d15b742253ef08ee97df4003;1260;Life;213936;2009-11-16
0af2a20707508c17e6582591e9a94a4ce86bf28cccfdce56f3270b6d745ca6fa;469;Life;974290;2017-08-28
dad2f8e81a78764620ee4b7a60c9c1f19e36a7836d9f9c7b445d39efda21af44;6444;Health;439900;2005-11-07
7489205b9b55de462288654098cd1561b8c921786674a568b8f8c8083a24e108;244;Life;923082;2001-02-25
012d3312638c8132432f9b693716379a4f340bf9f986337d1cec8cb2a17b26d0;728;Property;783856;2007-03-09
4bc09f1f1affbb5ae6d7776dbe8150a2278cc30c81324462f5306f3f826559bc;5479;Health;870746;2000-12-01
ada774cc0af94c1512519d24c7394bc0527f45dbe79ec66aadf0b769cc95f933;8377;Automotive;990224;2006-07-16
9df6538effbf883467bff53b2946ea857e7e3b1856f285f6bc6461cee45c6709;1924;Health;85754;2001-07-09
5d8d34f5fa311f217238a6001402765f33fd6f19ca3412c9c458a9437c973c3e;2571;Property;880369;2011-01-01
134181bab6df97f422c5eb7bcc8b228cddc429e2eee09fbd5a4ac8afeecd6fa5;1408;Life;146763;2011-01-16
aa52d46bbcc040cbbd8f3407d75e5bb010f2dfccad0fb6fd7ea17958abc3471a;1281;Property;616252;2017-03-04
f877a3f2e9895f5e2284dc410b3b7342a2c721b25ee40b2e3bec42c28ba39503;3432;Property;863604;2019-12-01
d0c047fcb586a2cc484a9a6c4c2eb43317d9aefe9ada973c8911932caeede6a5;5880;Life;751756;2005-08-24
e9fd119ecb547d747b427f2f98054e05c1246b3d6f759a4842514bf023d2b872;7857;Property;223206;2008-07-05
b2d4f8741312d46c8f9ab80c5733e54d6d7ef97a0fac592831deff823739dca5;4316;Property;709435;2023-02-12
f856c0d4bcbff6d9042ccaf397ba63dda1a0692eafb80e1cb632687db94cd2d6;8506;Health;505862;2004-09-28
4b4a8fce825bed61275961242397d94116984e407d39978899338cbf91dd8580;4094;Property;108903;2021-06-02
9087b7366664365665fe1577f08afa101f45e9fd9fa29672fbb75956d58fcff4;6544;Health;658477;2009-09-28
904f41c0c2dd7cda0ae3045b7dbe52500f0625d28faaf9f86d35b951e014774c;2892;Life;670511;2003-03-11
39ca1c3f9ad0674c13dbd0f55945064300603f728aa380e3b8230e0c21a6c438;9219;Automotive;695218;2001-08-25
d3add87c18814c191c95b16d5ae5d124743702ad6ee416960abdac7dc7b83902;3595;Health;487550;2007-03-12
c7f8b421fe2c8cc39d380dc02125d3b3731e2277e050f57f8cba52db6c2bf5a3;2775;Life;404981;2021-05-16
10406b81287a2537326143f63f06e77176b2781d7a502088f22a78be3636e861;5768;Property;442481;2007-03-14
8570eea40b9e43bde9b90b0715492764d1736fddab351ca0f9ef9d77ba6978a3;318;Life;911881;2009-04-09
1703412505f4241a817f5b477c14c40b0a067647ead4d776571f0ecc441f7981;3051;Life;647756;2020-10-11
57f726037834fd2a3390967cbb40724e9d59a6328955e42712312d8d323c4b9d;1767;Health;864060;2004-02-25
53274730e8c4c99159e0cb20ac67e578a59e219f8938f80f3e1fd2fd97ec4a75;3286;Property;21952;2011-04-17
52fd9523ba9f63e5d7f6e39a31bf600ab5e0bfe26cf30068255f577af327e115;5948;Health;453331;2018-01-13
c6faefb8480825bbe74b41281ec599a81fa24e8453545bc17f8d70294a81d20f;5784;Health;464524;2012-03-02
c44b4a8b3dc1559df74aee2a3f0c48b297138be251333039c36cd9c120672514;5923;Automotive;689136;2001-02-22
4c861094ad36962fa6725a720d228f7efb5693d8975a482550352eb694986cc8;110;Health;919874;2007-12-28
029adc1fd8e4d5c676704e810de6832d23d378f9a6059b991820f574580a3f44;8142;Property;123765;2018-06-16
1c5e46e090b771a18a20e90aeb88944ff9d0693bb329c97d1a5d7a9a572f9a44;5717;Property;969503;2018-12-14
571e074f48f726e75a99d92505b80a813970147d5884f8aee78a1d4a78d5e9a2;2101;Life;175260;2007-02-07
ed372a307eafd67eb1b13278c514174964a73b3473092e7406f90eef2eb3af23;3104;Life;66669;2023-03-28
f9370e9951756fceeba10aaa534863df2ad5a7bb3f65e138fbbaa1cf0be7068f;6435;Life;116005;2006-09-13
b2e41725f294efd0eafbcb6f4c0d7bbbee94c7094cdf337c60f6229868fa65b5;6388;Property;34625;2000-02-10
ee1d44bc5478bfcbdd376b3fe88542ee92c7cea578d107d070c73f92ac1cde04;9187;Automotive;121846;2018-03-12
c80a7a95bafce4ec7c007add519c3ff0b91241795664ca92369b163889ff01b7;9963;Health;788123;2007-12-03
e094539f8c04b770145502ba3f4aa2fac15015be2107df302df8423d775216c1;3530;Life;782043;2007-04-24
5ca525c5f6427aa0640a14041eb791bf1dd6932ecfc55b81a9bc015c94ca7666;3068;Property;326737;2020-11-10
545181ce8f74c3ad4a05ef839b92c7d8dad427170e82f3d1cfb0908fdbb35a4f;8580;Life;996716;2002-11-26
384ee0a586307dd8a1067e05e805d749c19389305458e4c0e47df7657f8f14c3;7934;Automotive;952938;2012-09-25
bdfbaa74be83726af44d30ab4248cc5159f36a7c4db9b64aef8356542cbe8943;2797;Health;802593;2016-02-22
ea2d27106071b4aa3f04baa95fbe028ce892f7a09f7abc6f2f3e5d0124fbeb94;1332;Property;320597;2016-08-05
8964726758c34af422dbdc70a020453751f801bcdfa8667acfc76e2ef6c36321;3577;Automotive;733093;2011-10-02
66cc0fe7ddc16a851afbe71ebc96a89e8f75802e7ae0b0b051ea2e9f6977bfcf;5265;Property;631335;2023-03-02
64b4492550c3ab33cba4a2202d6454cd098b4d8cc53ddf11a18959257b40ed1c;1413;Life;4488;2013-01-18
da997ad6ab70dcf8178c4c6a5cbede6989704421300159326928b010026a0fa3;7861;Life;725387;2020-02-11
418465f6f8079d127362e04e1feac8558fb2480441e19023801f63ec01594ca6;7815;Property;915593;2012-03-12
061b37df1ba3ae31c5b42ad49c5c4f17fb151c48ee2821fd7e1d39cacdf7bb46;2980;Life;939879;2004-02-18
cac89558755fa3d5dae695c7ae4b147b56d7c3b9c60d66d07f45698200ecf01d;5213;Automotive;234915;2007-10-19
26c9412c0c2fae90b3bc3457ebfa58d2d7555aac655a4b2234771230dd09a53f;1280;Automotive;904764;2015-05-05
00431e6b07f6093810f5cb88310980d93d9dfe7b33a07457cdeac6c5b9d032e4;1576;Life;775149;2018-09-24
112045e7ca9befa5c44267b3b54aed27363602732ed617d88e05baacdbdfc100;1094;Automotive;128539;2008-05-02
ac68f53c8dae64a32e1f8fd8022ce8928552d5e6ecc3dcc4949d19ee6ac81abe;8274;Life;762610;2006-11-05
52e08c846bc671027f0e7ce604cfb7acdd619d135d08e0524fc1969039c8758e;2064;Life;411669;2007-01-27
99d6f1e344b3c4bbc332872255ef62c1bac1620614467d1b8bbfb4bc54489121;2050;Health;556106;2007-08-15
76e0481f8c8b526677a96918fc5e1b6dfe7003e5cf02613f036f6717a5ee5b50;6054;Life;877671;2011-04-23
2835f184fdb1d8f7790d7c42ef4c50f0eee6beebdb9a9a0e176b1bccfdc6fccf;6036;Property;709922;2018-09-11
aed27aa7d9b09da4c715c5b7158caf914b76701e034cde09c464e926a5efbd29;4380;Life;767838;2012-06-05
34189efa46ba1cc65e014056828c694312a67757ff68af9d64b36e132967c5c0;4874;Life;699559;2022-01-18
c26af54da629d0413e09c8c6ed943b10677f44099270600a8a4d26f67bcef36b;4847;Property;882826;2003-05-11
517c614ee4dc2b318b33804ba3ac5820f06ef174e44e6f3c837b609f69fe624b;6241;Automotive;143257;2004-06-18
155421d20e03c5f1c3049653e21f8b93d83148f447eef89b10e126c92d87d08e;4871;Automotive;90111;2007-01-19
49c7225cedaaff6879da8c70c66ec18e2b7ee2a3b11da6c340b65fc764c8ad83;7040;Life;429032;2009-12-13
375f9110e56d781bf93536c7819957b6d479d4ff2a4c4999b9eb3ec807bbecfb;38;Automotive;50526;2009-10-18
4c1585512f9c05bfe6b10e709f3024f52587f4e68de1223b10c511c6cdc9efdc;923;Life;97377;2009-07-18
b829bc5661a7d1b8162db158a90d487e447f950f573d1c377017ab4657354461;1158;Automotive;936496;2011-07-09
969132dfd20a58d40c3f681ba900ea2f6118ddbdd7c6d6cef4cb4ee4260a7808;9185;Life;609248;2000-11-08
22ec7b6a86ba30e9c32483c274a7af3b2351fe9a604f1625dee80eb1d446b57d;986;Automotive;135754;2011-03-19
564768cf72120df48e98d7b831e29b63b17a21ead7a3b216753099e38c197e3c;4251;Automotive;529627;2001-09-11
1bea9ffa9730abdfadee039636ec1a003859e03c55b7cf202dd79164f1f0eab2;7863;Automotive;853907;2023-06-25
d9e9b756238e40e10b44f7c363598020754536b0615894da29856685adc9c34e;3047;Health;93428;2007-06-17
dba1ff2af1e9020b41c244a0996bcb63b8a6153ec0073ce201b124e191e665a4;2836;Property;82164;2022-01-21
ce24330b7d61102ba294794bf0b238d0f12224cd75f8c1e0a216edf40378175c;6927;Automotive;178615;2008-06-01
5b68f0c079b43510865721cfaa12617978ab77c656a8557bfdc6a63432eadff4;8009;Property;145531;2022-01-22
0c925b3bf497a8aed7f224d1d5ad275fb96e7b98037729eff4ce4dd57472c282;5033;Automotive;657671;2012-10-10
a0527e6d6ccbfb73b040a3876567e3f7110c1c5d907b8296d4d8fa25952ed0dc;5986;Health;226513;2004-04-19
0a8c3923315598eacd297d6a4fc8c0c478f9bf529d5876d807dfb07ffc914ef0;7360;Life;592496;2012-08-10
1ada62c32b29db7cefb4c185ccbe7de7cedcc67869a1ed9f23e6ba7af91e649e;8499;Health;645326;2005-10-03
7339faf3a94409bdbfaf2552d9165f04fe47a294b020a77a202dcbbdb030c55d;9176;Health;548153;2004-10-12
2a0ad800aaec0d5e45a51d536afed5a9d231d40eb29c5c16f575b02ab9c9e789;4199;Property;357655;2017-06-25
e0cd204bb0f70b0bd65020d7129edf0a19e4e9e7b38e3d69c070075936659903;4628;Automotive;339121;2009-06-15
39e4768c98b233e706fdc3ae36c8654c5c6f87fdbd06b44b824aed9c71dba2a9;3921;Health;638411;2020-11-17
b58261c5e3731670ae675725ce0e66ab7267ccdbb9941e3a0f63168c0f22265e;605;Health;891654;2002-10-03
8d924078f758a75d275bc50e3bbf07afa55430286b8b90a25fc1cc39dc1de424;4279;Automotive;520512;2002-05-04
ed532f59843d41abd47b69d03fc2a3e3267987c24adb98a23574b7e35e986ff3;1819;Life;582995;2013-12-20
ce3f847fc05673e37d5fdc1059233ad555369bfd006f5909f632abc9e7a3a114;3921;Health;50297;2008-10-05
c4baf2fd86db13ce079a3f722eaf7bc9cbbdcc0037ff5d9dc762f2244246b6bb;8312;Health;781267;2023-05-01
e15edb603c489b6525b52e9900139b2cf122a5c22cc5791761187f344a375388;9201;Property;900919;2006-02-11
e9d2a2eaa88d29122224eae607091224124764f7f6e4479af77cddd02d2fc3f7;9068;Property;427624;2013-04-02
c07a55851828fe2292e572bade16a7a936af4b981ffd688dd9db858f01076af6;2142;Health;124278;2006-11-07
029a705cec1ee23a5f9a7d32fbca148124aab6461d75be15f4347bd9820329d0;508;Life;9987;2012-08-19
4ea397e9b6a303a3948693dbdf75b7e8f6459556e828e0786259950463727a45;7055;Life;628217;2009-09-09
1897e63ef6a661211ba0ed33d4984a2be9dc31842cb04f2b563ae8dc76c14a75;7543;Life;639205;2008-05-24
df04e385406214f6dbd6429b4d0bd7bab86418e5b94690921c0d95e2ec9c03a7;4005;Health;167860;2000-02-18
3581f1ad6001bf29d7c616a56e3ebf5408e56d11507c9266fc7b143dbd8b2bc4;6791;Health;361761;2022-09-09
203a186430731ce1e92a19106d8ca7cd378991e3ad5361d44b87a9edfa61c89a;362;Life;81260;2011-10-04
e080158565f1d29795a177379c238010d0f419e0ca5a5592323b249d1f31f604;924;Life;668037;2003-04-07
f85feea82c8146d448dd0f66eff54bec2b4dfe6457f97b78b3fe959790ae4932;5946;Automotive;852537;2001-06-22
0774c3761ff21586380d504f141a507dc334add96bb187d350e7628627479ae2;4111;Property;734116;2007-05-07
de62482544731bdf88d3289196ae5ad7eadd2d46b5e93d4a33014b612f27ec23;1396;Property;555370;2004-08-25
ff35c2b8de544f0ac23100b3aa0482c5ca5572e042f4d929e468a2eb4e4bad78;6821;Life;912783;2004-12-24
f2552e7b90638d4ed41c7a1ec5d1f2b4bdf52f0f7d3437e87e561d096612b467;1442;Life;628251;2015-02-03
7e2077812c51628a66816b5186b72a820ec434f769be038848113374979c918f;5476;Life;7111;2020-01-11
8bffd89bbae3c86fd311394d347418a98fcb577776c0162589ef2b8d9c90b1b3;6066;Property;289683;2000-08-20
47cc61fa128d1b827002e5c9b5681d16e7ae6fec4986c5cf266dbc4997750da9;1364;Automotive;662662;2023-06-04
e54420a6407977ef8836e8431b0a788a6d1ec7d94767d88880a8560bcb816159;8832;Life;49639;2010-03-09
8eefe66a62237dedc3338a6c290f7f33faf0768bdbd01bf6b393892694e5d0e2;5946;Automotive;102712;2011-01-14
6f91dea95d763b55c8a79b1f3c01d07c86b90c59d3149789d63174dec70dee00;3022;Automotive;244933;2023-04-06
8eb2062dd84bdf30726eeac399b08fb8133c0954439147ba93a769921d180f5b;6549;Health;125961;2006-09-18
11c5cf54a98ba953a796b5db3e9b1c4c7a82ea8d2b000857e8661e37bdb7403a;6542;Automotive;918802;2006-08-09
a56c2f83b98373baa80582f3414b7fc30e51b3d08fa7be8dfe25a216b2f257f2;9658;Property;509222;2015-10-22
420b2cbdc8c9e22d210d128e25d8aeb1b55a4c2d9a45899a84f4075dd11e6001;3316;Life;341323;2011-02-25
cb8cae6fb0d73df6bbe1a95c0c99d3efd982bd3d970a68a3a9f014eca901504b;7831;Property;196003;2018-02-18
8798629e73eb74b61de4b0b657154a3cdc48f5a2c207d146020a740bb5099e6d;5434;Property;783249;2000-10-23
31627197953dc3cd737e0a1597f3d0abcf1eeb1729550d9de7b8ca47b1452eb2;924;Automotive;895485;2011-05-23
b1887ba828b615cb33538ff08d8cdca45183e53e17712cb61d88797904029987;8801;Life;311399;2010-05-08
5366345ac40293f91357c4df296fc7f82312fdd1d8649e904344b8dfa574a03f;793;Life;763726;2008-05-12
d89b7e9094e63dd67e6d36b48bf0cefa9623fd932617982f1fb4820aee5a04cd;5699;Health;676161;2014-01-24
1755b81b75f661e8699bc9c324c0fd0aacbacb869782d6c014ad10df4546c7d3;8498;Automotive;5979;2012-02-26
ff07a6893d1625d394fff89740d947f131403434798c6638a77ab566b13299bf;5214;Property;311727;2008-02-27
5d419b1fb27de586f70f289b1c8bcb51e368d5e555af53d055e6344508021e1d;4448;Automotive;886057;2022-10-04
7022a57163dcc2938574586feb772876f2a1abd0635419c6256d47a402bfd6bc;7677;Automotive;551661;2017-09-04
1129150baac4726b57b8963e7c898e3c8b34f7d044ea2d0da7703fb878618c91;2966;Automotive;760217;2012-08-21
700cfe283f25d42a2e44c96977cb8e9bce68784092d6f04e24a4befb090f3293;6621;Automotive;884619;2002-07-21
a2aac4bb5147275b7b9e67e7015aae3bb86d163f3cfe0b9550591397d0885439;6589;Health;680787;2021-09-27
8a6810fdd9d75425e54d82414d9b463a2d22a0456605ebb72f1fb903e1d540b2;9206;Automotive;310162;2019-07-23
95a35c46bff329abfb782248752af48bb605188c3384f90831259923cc60bcfb;4647;Health;693481;2023-03-20
c0acfc15419506f90a1504aad9ce0da1b95758e2bb2130f6cf007893be4a404c;5978;Life;581577;2005-04-20
76f71b942f9357b319dd6592a6143018115242253f027e8122d7178578b72f93;6471;Automotive;61420;2003-09-04
d5cc58c3128438914f6df8c56cd267072cd70658524ebb9457a37db66a942b0b;4618;Property;870221;2012-02-06
be5c9fe97fc1eec62a1b6d777897d69141175b8cb3a77df659c8e3f416a4b494;1657;Health;879538;2002-06-06
01ca701fda3f59024555cb3ab372352464fa5bdc6cff1b7d2970ad3b09b8f0ea;4038;Property;87327;2010-01-26
694ba109608e600013370b8485fd0f7cfb29b300400d5b80d44e039443c0e22f;4058;Life;128958;2006-07-01
556b3a3fe937b9143e84a3f1a05f7e16404801f8f329bf68744677ccc01dee40;5290;Life;75480;2011-08-01
7592bc27e28806b47e4b0ffe94c34eef78d4464241de493e686cdb7a662fda2e;2357;Property;721634;2002-07-19
b513b9b534a49030e7f735cb001cbce7c772a3378ee641baa3bb108db8b2e6ed;525;Property;675193;2021-10-28
7da3db76894a32941575dd963830bcaf926b276d1721d7f7f92e652548f9b068;8009;Property;654313;2004-02-27
d1d65bdde4c7ac6f6ba6cca7e2d3ff24d9dc23017b7bc53996e089c74c269666;5609;Property;128550;2008-03-17
4f7956bfe5857ffd59ab7b04c3ad3dbbf71c56f2214f30861c9fcce97eb0ac8f;7962;Health;28637;2005-04-24
f6ef2ba3125b202af82fd6cc4b2a4df9b077c7700ee211de5bb01e51cebb3949;2857;Life;431306;2016-04-26
5225d2cdbf29fef6fa0fa1742461f8f154dcfb88b6eebff822e6b94771f814b5;7321;Health;433938;2008-01-26
4a95ca4d1d27bb92dedafc62cec4dc111468f0f118669b1f1022a20b9f00450b;7957;Life;251893;2011-03-17
b4de19dc04e4056cc152093342689990004e748a1e1c867ad7a9bdb0f377b694;5277;Automotive;950027;2016-10-14
46cc8a64edaaf9f6cc979affbbb8311f37a16eca25b7805a27ba4951199e8fd3;6285;Health;975595;2003-04-26
e14bb0626ba29ba379e24a243e86f4a9bd9a8226910dde3cfcf14debdb684e6b;8491;Property;956265;2011-05-04
110f9be77e3a4ba71d69e4991a94f0e4cf65f47c60e20b93e1a7b516c69ecae5;101;Property;989963;2022-06-18
81b84609c78c06b4865abca421295a1962256d0695f5c3fd075f74c87dbb2dff;1957;Property;19076;2004-02-16
2babd2bd30a38dc4585b485a90b60ff34622e4a946f6d3c516d66890c9223ea9;6106;Life;35165;2000-02-17
b84f7614492a10697e023706218f982d9b7c85f511a8f8e8e09af09c89a8c511;5287;Automotive;329488;2016-09-26
e1c49848c9582f7d9337f2d770b71a85582df5900c50d02a9c7d10347fa37b2e;3823;Property;586860;2023-08-23
5630a729c7136d9c74ea436c03d52ce8888d4bd2aeed42ab70df4cc207a4ed3c;331;Life;287893;2014-10-10
e2f7f1792972787880eda6bd91d1f68d681e254e00c232fd4fe62366ad572369;4823;Life;743951;2017-01-26
df6b02ad259bfef6533a6a0ed1a7c49e7a9c313516728c72f8da1e0cfaf70c11;7509;Automotive;10273;2003-05-11
6dcdfaa2965f1b72cf37308bb6dd4df835b7961ff3a938cb93121bb7168da42a;2011;Property;921130;2003-03-14
df1b0a832c85bb09e03141d108a4cf606e5847b6fcad2ea5d7547c7b8ced44ad;1300;Health;399197;2014-05-05
1ee4a3bf2ff01eab3c55a90651ff79ec362296da249e2a864b04819634fc83e0;6875;Automotive;151400;2009-01-28
b30abb4fc59c1f33e8b6bbb2bbac0e6c0781fb136f3edcef4057c6c7baa39bfd;2408;Life;888970;2018-05-01
a020bd4098403586aef394f94450f8769b40dbed6f00b6bb90edd0913a289e6f;4966;Property;350547;2018-09-17
d7eeffe0d80f980da4ffde7f37d41fb787bf1a9292fe838c054f3cf1d8d26489;6507;Health;625151;2021-05-16
01de353e8d776cf2b014e6985e2ad6a1986bd4ec8ddb09f0ee7bf7426815fdbe;2106;Health;687511;2015-05-24
198395fc3b79c026341096c147cc9b89fe47a0b198d8d523f61f03c32b85218e;7735;Automotive;454885;2020-03-25
c97c8c9665ca021f4e4007b5ec4621020fb24a162a9a5dd2af5d448be6bd07c3;1568;Life;149645;2002-11-27
087743573c58f5f78be0d145e5af58e152808c1a736075b8fc0fa592e2c94b90;2787;Property;134200;2023-01-24
4d8a789c9e4cb455b94eef21c8ef1725141ff8c0011f700777ebdadf053adda1;4811;Health;785782;2010-03-12
ce160ddca461cdf22ef200de8d256ccbe6b50df24f3569e9a06abf28d13f2824;490;Property;335194;2016-09-09
da68334b261e9e68c86207c7fd72fe73b409800b4a8a9ae865a104d72b802eb6;9534;Property;507518;2019-01-01
c0f64b40274b076646ca6d26fa6f4f00a701bd8a6ec1e57ee98d7b7f35f571e5;1932;Automotive;331196;2013-02-06
2a0c2a9791ab942f88f65f34500f866084e37e486db487038c04ecf6a73a4c35;5060;Automotive;504852;2017-08-04
85876d8b177274a6eb9e651f9fb2f84cd0b4c95db33aeb0ca3eb89b40c565586;5190;Health;901406;2006-12-16
e60ab918675fa1af116bc3551e40900c7b32da814a0fa3f3fe733e614e63125c;4251;Life;931341;2019-03-07
d29ae86ad66192251a73830320931dfab2f2265d5321798b5291f77e08081468;214;Property;966192;2007-02-13
d38ec3be6d8f25224f8223dee288823011d71c9ffb7d342db15f86c543ddd4ee;1360;Automotive;867282;2020-04-06
6cf12b56e2fba6bdde5d76096a74e46bb21a03285b7483ffc5c0d7504a9ae3ca;4817;Life;199985;2022-04-09
9ee8760353d5af8965189a45f72c2418645001c33a2494e7db2cb9d820e8b8bb;346;Property;547795;2007-01-26
313097bd2287efb8c5d6a968e8d18ab87df023c41fec311c506af741329431e7;7073;Life;167662;2018-06-23
b713bc287b540c5322099bd1411b6cd17c4fd9c220785bf5eddc2859ef927542;8156;Life;646553;2016-03-21
bceb763690c55c260baadcde0c8cfbce79d239dba3572452ee2652c881b634df;6774;Life;247476;2010-04-23
abc3419ed46485216640cf3614b1129926bb90029c13f6f6803f3bf3bab62cd7;5796;Property;103829;2012-03-18
48f943a4743299130b2fb534d6270937fb96d7642e6c261cc17bcc1b92f063db;7478;Life;888359;2020-04-24
7801ed578126a1c1a2527a66de917ef1b55d2a4ba517ee891a4537daf5c4764d;3304;Health;43639;2011-01-12
958e3f5e921502588847c2558ddd6f575bf2587693cb460e2f00fcf0c0f0bdb1;1624;Property;455079;2008-07-06
10423798cc3f088515ba6a242380c37da22cc8507a893d0841a29ac1d05fe83d;688;Life;723494;2015-10-06
9080700ff4ea69e0f81ba5c7fc961af171af91d3c6edfadcc5c626ef2a7f5ddf;191;Health;162716;2019-03-02
807294f362b83bdbcadd713b2cd013fbe2bb20c2d2067cffbdf4ddc37edf5d73;3417;Property;455600;2020-12-25
c3a6255751b9f432dec92e62334792c5c6803458dc3abc48f5855e4c70de5924;3587;Life;803514;2007-01-23
568658aee1c1e6960ee16812e76d7f2ffdcb0767b674a951680ba529fae55178;1030;Automotive;819833;2019-06-10
1693c768b54e0c4735c9b39b3f6595708318e9e9b5ed334f4a0c3c9d32c76d2b;5154;Property;399003;2019-08-15
bc05c3e88a048a420b15fe7b37c8bc60c9086320a5e0f4e9270f2f4d82ab3d35;1621;Property;807662;2000-12-24
67c7cda60ee09e725583b97837750d2255f8e5b0228bd87be8991cd3195a4491;7131;Health;223992;2017-12-04
b4ffc40f8a277c0331f31dc40229c3d18c64d0273ae77c613ee98c74581c9f63;5191;Life;288547;2016-03-18
c43e002a3767563db3bd91da228be9d51cd274bc40f018bd5b531ad787dfa9f9;7800;Automotive;644942;2006-07-27
f988da2af78789fcb4a56b700ceef3d6528fd232590adb7207ad440f2aef46c7;1576;Life;857136;2016-06-03
f0d71c65bc5113ce06add62e561ddd4012fbf36abcb7bb2d352359388e82f08d;1995;Property;241398;2002-08-21
70fd1f16052b214699b2926b32ba883e9b6b6f61904eb1ec4e212c5ea8ea2f03;8797;Health;183357;2022-06-18
9c9cbab92ef7f06b61caa1976ceeafa2bd618a097e8bfb9808e3cf53793e18cf;9068;Health;585809;2021-09-19
a29d9e5d995d2d749143e7649bfacf2548e7af4c443cd5d7216670c2644b51b5;5468;Property;677079;2023-02-03
1d8dbc2f0256a8813a19eb1382e08ed5e4d2ff8299e07c0f497edfd7eea6eb5e;8815;Property;453087;2009-10-02
89135eba05fa2767eb684ce8161ccd1eae745493f640da5ed5d42174cbd59907;6987;Life;625718;2022-11-16
a02813541706d0a7bc9cd9a2e1a37f9beb5e51d026e7bd446500fdf4ac15b9d8;1319;Automotive;29920;2007-08-15
606402a7869f552e02369a91942b0f476e590e12f0f5bbceb2872e7b35dae6c5;3479;Health;75971;2021-11-16
ab20d5b6443b5fccbc5367247cdfd0be164edf17ae5632577f140c06402f04d7;8651;Automotive;813049;2013-03-18
59fe783f912959d0c3ea505c72ad3264e1966493886a25e4532415e153f79921;1677;Life;454565;2015-06-10
c20cb46e6017b41e665ef8f89c499befd4fdcfc2c3df11139953a9e312c23329;2028;Life;918865;2010-05-27
94f929a9d8728f4b5620acbadd1563838bb82ca45cd4e48b095e688f0c6361d2;7139;Life;670419;2019-07-24
b9123b0b4d53e8db4b5b2adf571de1e8ad4504e013ef53867d47c98cb5ea7aa7;9711;Property;991284;2017-11-02
b689b9f5f272b87fa4e5ac6936e40975ec12c778f17db41611f05c4fd37c3401;2997;Automotive;855144;2006-09-22
6bafbc71c0c6b51a394aa7b3d01386e6e9f1e7ceebc6bf928fb3e3ee91bfa2a5;6451;Health;19665;2016-11-18
884873a4c9cabebb1dbd7c706364928b87d53bcf978b1b2478d4b2c643a97488;3009;Life;721655;2010-12-20
602d61049951c42c7bf90addf4c2d66c8c9ae0af03d0997305da238d5bc9548a;9087;Health;217699;2016-07-04
6315cd829abf01d3300d115e4202ad6bff7f4dfb69b6bbd79a462ed2f5e7300e;4338;Property;439563;2020-07-22
122ed5806541d7ccc533bebc8fbe89ee7e06fbb9319e3aa0224ccbbe7c8b4c1c;5688;Health;797857;2018-01-25
f9a5cd353913a3124f7c530fb6af7c415027ea6d9c88aa49a67f9583e1e6a874;866;Property;949194;2009-08-21
aac16cac5e0972d15f2a12f2c41d8bc17579f0c25d3066fc86b5b4daf9e9da8c;3716;Health;365807;2002-07-06
525afc2e33efc2a9d42c9872c6f81d3d1ac9532027390e930f356d41cd9d37ba;9577;Property;263560;2015-09-24
2fb90da3be92d130239265acbfe2b5c80f5f646cceb9dff5171088b212140bd5;4021;Health;623142;2018-04-10
abd404851de3aad9b5ad296ff4e9e7423abc654385e587368c4b6ccf72dbb9d6;5565;Automotive;840942;2019-07-06
fc8271e4491a7824e079a3c3b5b3b11b25b7e54e87ccfcdb51147b7cc413a4ed;6041;Property;130304;2006-01-12
f70f884e213ba52eb56c1a24ba270e15f54904f6f08d9b9bb3a9f9c108e65868;1786;Property;124686;2023-03-23
4c117d48c202fa603ab61300a9d04d02b022c3ad72683e4a316bfb70dae14597;2846;Health;772902;2023-09-19
016610cdff445eb0ada0fa01cbb306cc979f03fd8295d9297fcbd3840cf44141;4791;Property;837702;2022-03-19
40db9fb726d23237a0dd8d4400ad4cb68414a2ac045611d122645e816acd437f;8489;Automotive;1956;2015-05-09
9bf708ba4fe8554d3c576be2ae85e4b0054b682f40550b303178dda55ae2cc43;1621;Health;91029;2010-10-04
0627de936eca22a93261443243d0e1b85de7110afb458095f6ac54baa4c9c1ee;2555;Automotive;398973;2014-04-19
fb0d801a10b6c465ccf3cb0821de20827f5422d2ae73c4ab1a3bcb864310d498;2437;Automotive;473822;2014-11-03
e95bf6a3f4a1be24d6652415f31b9f7b44f937e7c4e96d0d083093001b2a2e38;8409;Life;793328;2007-02-03
37a0369dc9e6d8d73c736e4f6091f259c90b9a4ca999a61bedbfdd744b715c93;9751;Property;688029;2009-05-05
53ea0df9a6d85f1b86847ea35c59b50cf3523977376ea7850bcee7c75804c313;3466;Property;129258;2010-05-07
7f064c649e28f7082887d641385ab149249068c78f0bf23c454038e64b2f377d;9695;Property;6901;2018-08-21
808e4b5d1c3cd69e526462f8a94aa68eaaa97e89cf920e73ab94e5ffbedf55ae;8902;Property;360021;2014-03-11
cef1278aeb9bf1bafd084b2fe9fc188c2067f94b74f3e4d8bc53791749b946f6;3416;Health;689993;2013-10-19
f48b414163a466053427fcb3ce52cb155d6e65cade80f9e697a1ba5e78876e13;5665;Health;338157;2009-11-09
0af6925ccaeec3aef5f51660ac7a3ced78bd90a22bcac60852ce4f304d239f46;731;Life;991797;2023-06-24
978061aea12ca5ed6aa2f2ae303fc21572cbe7dc0d9f196ab41b3f046b89a5d0;9753;Health;24515;2017-11-28
963bb4e2a367c7af4aef71e54b45022181eccd2aac7ab6caeec07d9bb7ef8c19;9503;Automotive;134093;2000-04-06
1c736ab2e89a075c1aae38333951c579caa78901c07bc02d4d586a2c66069f79;2422;Automotive;922847;2012-09-06
a363fecd7dbc666b771465385fd88543e761ecf99ef8a33f78cb7e221c86b9ff;4889;Health;331528;2023-12-20
d04ca4e36ca7814c111023f4fd21753171d04424dada79bc19b2947f33428567;1572;Life;777042;2022-12-10
e2d790ee7988fc3c3d92cfa5c0c1d6c920fc30883d9677e841858e0b68c8c242;7374;Health;429302;2002-04-23
ebd2fb920a5bb1bc432eabc0580db6ebd76218a28ad83e3f11fa67d6e72da89e;6757;Health;755665;2001-09-20
64f55e087634e10c9916104558949c702e3147a7c557d9df6f76362c71a32b5d;3358;Health;88789;2002-01-18
56f08de436c7e4e9233438b849db7339176ffd251408f86a751e191c7b4b277d;6030;Life;844931;2015-08-16
7d6c29fa1e6458b80a84c623de34339025e0dd91cc14bb42550feacf4f16f8e9;4196;Automotive;303943;2021-10-22
aba953504aded565c57505d4f3072ee227a2762539a3a5b4d81e0ed496f25cf6;3927;Property;189663;2005-01-20
5c1a1c3523f9aabfffeeccbcd561ca3fac59339593ecbcea042d55889880b617;5487;Health;701955;2009-11-16
078dc9def7917b6873cf4fc5005d6f4f724190a129eca3258035ebc4e0ceeaa7;6331;Life;663656;2008-11-12
ffdb3a1dc2be9b30678e6e353f41c2579d03c64b3547c1cc7e60d059c0ab4680;5725;Life;56844;2002-08-22
232e2ff214468730835e1a86a95335d3c2c35853f6ef77532c8385a047e06703;136;Health;336012;2014-04-09
c1f7b3cd986983e03ee2437dc685f4c4445747a4ac71533892a89677fe8cb458;165;Automotive;10673;2015-07-25
61e389993dbf9df26e57ac9499cb91fe370d4a1a9e5ea4697ea795daf2e67e39;4120;Automotive;196183;2002-09-23
d125645e81ed8ace2f4a215b8785a29e468bb9cb41f6e2c448a4ef4b0ba879ef;2574;Property;135456;2021-09-13
abb4c7565b1217c6c9048fe18271e75e4cfad8e1275d79366a0c7ea61537a775;1346;Life;586927;2014-05-06
7332e6f6e35c7f65e7adf64f4150dec0663b593fcc0f0191aef91925b9a5af46;843;Life;53221;2018-04-10
2e3ae9002f463631c3e981b1583661edbc8e942c6cedeac875db2009d88537de;8738;Property;464349;2002-05-27
fc87dcdf633da15d3888a5bd6b8fe38eb469c2ad32e3b1ac15b63290a4b1bfd9;6453;Health;408304;2011-09-27
71d5696d263b5814c9087af174fdfa8e4be2d38f954001f1450847acec35bc9f;3062;Property;33705;2018-06-14
d0ad033f840613b29311c2bca6907c13aeb474eeeb648da92766c23f880bc7c6;6489;Health;447927;2012-01-07
2913f815e7dc82ec5b402a279b8180c4a230f97599deea24da019980d53550c9;3520;Automotive;111799;2011-04-24
465c5e1850754a5d035416c1075a22398513797fa8997e53b2743144754c0c87;8000;Automotive;458463;2016-10-12
8d17fe19a31d9193c8f681adcb456ee349a5f4c91da067f7f7d21e2f747c8afe;7141;Health;944655;2019-01-24
d5509b344b8c6bc7ef90a3b136f8083e09e61f344d761c643d491cd8eb2d29da;8105;Automotive;817331;2011-01-02
21988d26e1a207eaddb7307f871d284bc3b1837fd0dfd5db047cbd94cf9741d6;9747;Life;822074;2008-05-08
b30460c2903c68e854e4a79fc70720e6e9f6530a97f50291dabeb94b27477dcc;786;Health;220506;2004-12-24
dee530617cc7636b665951c18db22dd173310ed6c70cd0984c9cc660f18fce73;109;Health;974072;2022-04-15
8474819165d5eaae1cb372787de38f4b505e6c5f8330561da52222b4a9ac9af9;2635;Health;354834;2008-12-06
2eb482243bae452b8205e306779c2472fd68fca312c598d4f699898ae243557b;4906;Health;831123;2011-12-14
46fa13d6a8b9502e6a22dd36422a4584d781ac6a59771157d82ade8789ddd39b;2911;Property;840072;2023-06-15
be61e5b62f162745c298f0a944ed18f593cd81f309541bd5059e46dedd4cf4ec;8772;Life;298180;2019-09-26
368d763ccd50e2ccb47b73f32a138c59a5e4538fd8a7702c06a9b487ae4562d9;1850;Property;426131;2012-10-17
4325ddae1e486b4425c5909ae51f43aa97374a7b7f7fdaf945465b3c1594f07d;28;Health;200189;2010-04-21
d1727a4b6c8bf38fc7e348d2efda79f2a0cda5b4b3e4e5aa87fc4d1665506246;7107;Health;644746;2000-01-11
177f5b584a1ab670c508be7af11e6a1cabd77ba785ae304ba461af3ad991b51e;9612;Automotive;34922;2020-06-01
ebbe63382d297d37b95cda029119226390f29187777be4bc7a442895049a659a;4094;Automotive;95480;2003-05-07
2c93e94c2e7f5be604eaf6ed97d83f24baa4f93094117fd06a1dc655715d0bef;7196;Health;506580;2003-08-22
bd47049b10f403e1793e1b0dbbb14521d31bfd8cd38a3f41ffadb85c2a0d7f9c;6957;Property;631364;2011-01-26
914e2af66c3cfd5d614e3d9df7fe4d3d92af574475b1e5079be537df1783a216;7220;Health;436548;2003-02-27
4bb8f9ec81e9706cedfbc0d3a5eb585830f7f749a34ae98de39ef6fe2e10197a;7040;Automotive;902697;2010-11-04
07ffd48a935d967319d87ea32f512a0441ee2575d69215333c9f8a00f24e42f5;901;Health;536829;2013-07-08
cb119e605ab568d1fb200bc09a483a7054e42f8a13a8f7136d3b62f7bc2bf6cd;6050;Life;604558;2018-02-21
b0f6742a1db951e4486d68cf9e30b3fd1b5cf7cc88320363e5aeb243423217aa;1623;Life;132580;2022-06-16
de19e8c8698599039e9c008b3e8c79ce71ba711ebc8f70231f8e76cc99c561f0;782;Health;748690;2002-08-05
52cc4cf3bc85d5cd656f73e040ccbc347c12ca88bceaf55302b17ddeebe6866d;5172;Life;792255;2006-06-13
370ef12c5cb9c47caeff52414e1177464ead9457af9fb009399637454ceba7e4;1199;Property;148186;2004-11-01
561b70033a987fa47480090da259c5cb7b98b7bfbd89ad6b0ad44a4698844a6a;6687;Health;516710;2014-09-26
ac915f85336a7dab49dcdfa7f272d06a7c62d95842c83581a152ec0f694d4e41;9709;Health;703627;2022-01-05
b6e3e135e98590994f277a6c63603c620c2867103ad400067c8b541bf5f279d5;2458;Life;604340;2010-11-15
9415e75804bc05661fb3105295e5ef38170092c337652760c921d46704eac365;4693;Health;372217;2020-07-15
fb1eb128d822edfde18cc046710e4070e6987a0b5dfcb987fe67bca1ed99779e;1865;Health;4717;2002-10-09
9f8fe32f2aef9e9d5a2d023b673d8e8615ad86518445c388ae1f63096328c84d;6189;Health;695999;2007-10-08
f7b5fb22925c11db69dca01a82686ee33b80b31199c41090a86ecd35b7ef5175;5914;Property;554356;2002-07-24
84ab7ee4375f3c236840fcb1cc905d01a57c4e5c025a2a9ecbc75f985539a00a;2590;Life;244847;2009-05-17
c597684243c34eb6512bc0a6c252e968eacb04bab166e1da94b9a3398834ad4c;6603;Life;786792;2004-08-22
049f5d3172ba0af1f994f1677f43fe406d7a06b1645ecd7c7e78043e157d5e5e;6984;Automotive;215783;2002-11-25
0e815dfa3619058592de151343bdf068637f15dd2094e9be31eb0eab63b80303;5427;Life;427744;2021-11-14
f0aeb2285dce8314d704f072e9e131f2b004880fa93a7b5656a29b5b70f71623;1652;Life;918769;2015-04-11
a3d6856f4e23aa3e4870f1c2fcf721e54095ef60f8c7034c28b3385ad3eb6399;9016;Property;779969;2020-10-11
74b2b2407a6b39cb0505d74e7145a9ebed4d43800b2f8f7ac10346d3daacd566;3986;Life;857058;2014-01-19
4af0e1b9d35a7569bd917b0a1bd12f1aed16357d900cb086b0ec6b0741183746;86;Property;624125;2020-04-21
09d149ac26f427de4709300ff825204f45d76f027102a210a2de7cc458e834a1;3638;Automotive;63844;2012-05-17
6d742ced165b494fa24001a3f05e229539665b0f2634585df770a2a2e601e3bb;6977;Health;648071;2017-02-07
71162e59b051ef3a3d93502976f2578c7a28bcdb33b36d9347c869a6fd8d2f39;4236;Property;831727;2006-10-09
f31be39e80cbae0d30be0de6c6b8f5e5b48a32f2e3bc11025f9072d9b3612622;3801;Life;729232;2008-07-27
897f0f9cb25f37c238671c35ac595ccd319e87751fd1e2ba98cb09fa024e4084;3083;Property;228648;2004-06-19
b330c629d1d92a0f6ee8b747439b2fa5fbfdf9d25669e6d23244f4e2ba7fda62;5640;Automotive;392864;2014-03-02
edfbad1e28af7682d0c99ede4b2b70977974036bf485693a97ff16e8d191852c;3819;Life;648544;2017-02-14
d5ed60beda3029ba665319bffcdc21d08a1d39220ed54f0a2a1a52d5010eae81;6147;Health;246624;2010-09-12
29a40f396230b0e3a543ddf2b7c6da1846277c535b66aea84eec88c5fcad5bd0;5564;Life;417755;2004-06-28
d7375db40a1b8fa9f93214c7daca48be202711219faf7a7e3395c05fc93d049b;8413;Automotive;63465;2017-08-28
fab2e2dfd881e3c890e852a5928e6f74f1a1b38c8b8c1ca7594c9bc34a651c0e;7422;Property;475584;2022-05-15
042d9b5f72fbdeffce2ce3f05c1cce58f71b35e62fd8eea25a4c20fdb0f205f4;1412;Automotive;317146;2005-10-03
62f7e1522ff3ea762e495467d36ac688ab46ae2864685d495b39dcf74be89286;2004;Health;113351;2001-02-23
d23bc6f0ff0e5596b9bba97ae02fadba76473f293bdcd1ea7dc0471d90fae95b;235;Automotive;636449;2006-09-12
66b417540a7f22c4d76ebe576a48906a3895a9a109442c5174f43981abaf330a;5988;Property;304660;2016-05-01
4b9c017840ad46e6703dc3f312bac2a5a9242a95be9813ff79f53d9345179318;9829;Life;466432;2016-09-13
236b733661e9ab8adbfc8c535ef12afed91ae5e049dfdf0bfa7a5b4d3f0160ac;5613;Property;290671;2009-12-17
30262aff1b6ffd5105bd90424291f0371bd8ae24d20074d75d61ac4419904724;8142;Health;27929;2019-05-12
c1ab6613f3de42a86e6b8b5985e8174a38d59299cf57194e67c4197da7de1ff4;6882;Health;176948;2001-03-26
0011cc484a8cfacb50f6ffbf9875542a4e5606265e269b0033c9260c3fb02acd;1392;Health;188124;2003-05-14
a39ecb3cb7219779e56d07a586311c5d13409a9fde2b0cbc9d004e7aa39dd7e3;6506;Automotive;321979;2006-05-27
41a3ebaed2d738e169e40eb467332364e0c4bdd312a1fa195d0ed6d82a1b9b29;7389;Property;236184;2015-06-14
f047d62aff8c53a547f5ee3d650c81644670d728e629c08d19633165577c8d8a;9640;Automotive;279276;2012-11-23
d653681750abc954bc0b07f86e35d3ecb69ebb3f7e391b2a7d6db2318841c5b1;6496;Life;999237;2002-06-02
a69a7109f2adc47ca1fb8a46f0b7aea690fac5ef2177799f893e6bab63969802;6750;Property;445751;2007-07-19
26f5404307c3971e4dd14f0064a2360e7fef0835cef45c3996d06f558ebc5b46;4778;Automotive;106412;2020-12-07
07a4bfbcfcf387cfce6531a0125d97777f316095a04aac3d54806962cf435d2d;7585;Health;858188;2023-05-25
a067ac45f60f0ff382db836329a33b7af3c44552c895e9c9e655ff59641e224c;5327;Health;641040;2017-03-24
5ed44c278ad337841a3d640507aae26d979a610ad4a6254de30460a25a3577f9;7761;Health;268753;2021-02-02
86b912aa9bf560775362f5c5096beb293ca418383e5f54690a885025fa6cfb75;7761;Life;41971;2021-07-14
0ad7ad9e886a54478aafffecc22c630ee1d94db3f23e17c5e1fcb1fe7105ef8c;7463;Life;475272;2016-11-15
1b4a2f07a60c5a945af3b0456c2c1a8f4c85593310e583d5bf61a693538f4d80;4069;Automotive;594601;2005-01-17
b8f3c5a111487ced08ee27729502646d1d6579d617d06a7e74325fb4e3c0b136;7945;Life;164687;2003-10-05
5988c520b0e4c51182113aff056fece3a9fddf231cb24dde3d8ee061360f2f9a;3743;Automotive;883962;2010-01-13
45c899ea9e14ca5a76fef1648a728fb15c746d9ab3348a772985eb6b97140550;1749;Life;415425;2010-08-24
5543635cc9463891703e6b14add72bc37718fd425de3f4646a3e1771ae0a118d;7243;Property;44304;2014-01-27
6257d7333efb37d73da429a33cc0bac2782f24f6f63fd526da884868b2f9a894;7866;Life;484639;2021-05-18
e5c81ff38eeb95bd78468a33b4cedb539a2e35928793ad708c102980a2df31bd;1482;Automotive;902232;2013-12-02
6b6791a1371b591f141e32b7a276c41cbca4ee0962302555d99f9aa7110a2f93;8347;Automotive;402940;2022-02-17
fb3ba806c28c4540d0915a16cb83ad6088ef320c0a1769d2fbcd5d07e64a3113;9436;Automotive;177297;2004-09-10
bcd21cd9f0b8041ff723bfeccde1e41a9e1c36e2d7cfeddd4b7e28ff9500a479;2062;Health;629182;2002-04-26
8877fab04ddc592ae6dc06abc92b82ff11a6bf72b0d58f873ffbc9a96b4a3852;9802;Property;445881;2012-07-06
af78b7eb01d5bb0e8fd43d94ae1edf8c07bb97ea93a318ed3d638a1487dff9b1;5595;Health;753748;2022-09-13
f31be012bdc8f87e2b1307bde308d802c07e40cdca2a338271cd71cf4947cd79;9735;Life;49665;2010-12-13
438a79cb643c57ad3d37250c8cceedccf55fc8c0de2932db54564908d2077efc;2731;Property;619419;2023-05-17
8eb9bba1cb3e1b45e6e63e67c4cf3f236fce81cc947a14e72fa9e4f169333b04;2801;Health;262358;2023-01-24
2b4534c9fd29b7f54d02c412de08a9a7be76fbc92e344492769aa206cbfca78b;6636;Health;356776;2005-05-03
6cd82bd2ca5685cf707f177cd27a66dd7c3afcabab465e2e158145f14192ebd4;8294;Health;102632;2012-02-23
8ca1f68ac8cddaccb2262493ec651f73d8729245718a68f3e253f5346d5ebce4;1644;Life;99046;2011-01-07
5f8c226b9f8723fb3cc0efbae74e85754a0831c5d3911e26db0393eb6030a649;1010;Life;537484;2012-07-24
ff993f5f83627a688b2fd45d1096d61fe31585b1695ddc576d9f7b18883ae892;6120;Health;145658;2008-12-22
7bdbcd6dc54a9e38c0be3cc035157543fd6040c0a15bf7ac4e45d81cdea9572c;6394;Property;177313;2017-10-25
b55d03e44f60244f7deaf65e37c4d239889aafbdc9e7fb7ce41c63263d750531;711;Automotive;141554;2023-10-12
a9c4f0dda8ee3a5b3a1cd373a81a213b38b166818e8ae1e55893cb692a97b46b;1286;Health;340070;2007-02-06
fc111482264d84d526ce80c89d3a8bdc5a92109ea8a33d3916c32d04983d0bc4;9088;Health;978990;2020-07-28
14e24b74cf92637139fae2de1f267fe7d686234fd8f06e4d74539a14d7a2007f;5353;Life;281072;2022-07-11
cd8e25da955ae9196c903d6694935237eb75eb1d0dd3f4c51a2aa2f24290b583;6195;Automotive;516994;2013-02-22
f82af0c6f0e65da3cd9aeab56df9f74fe3875a2d0338b12d53272d442395c7de;5641;Health;215542;2023-07-14
3cd018835abf352b172ad4348b89d46fd6234773bce23254961070169849e1c4;314;Automotive;355591;2008-04-02
5cdcd2a5d3b3dbbd52466e49a916871c7ffa59d9d027e366dddab99d45119099;2700;Property;780658;2022-04-20
72812a29dd6fcf962a0257a466a54d85394d7090ffcfb4aac6fe44936b21eded;9910;Health;383924;2003-05-12
9540ce65519bc45c939311f6648ffcfe68cd4ba3d91e9c1ca47c4ba63ba94153;1189;Life;586471;2000-02-05
f88e75fbe28cba7e266e45ea7b7030e70a9064420e04f49d379f50f2908c2c26;9069;Life;947420;2018-11-18
c6651c9a50ee089e15fdf3c29aef16bd55d686f250b8bc6ed3e7c4f52ea75ea2;60;Automotive;570872;2004-08-25
a524611fedd803881919e4005e1d09b1946d12179dfea7af5c530281f81fa25a;3516;Property;191136;2023-07-01
b834cb100ed1485042d8ed072ba7f51246746663d583f2b8b5a398c990906e8d;6615;Life;118542;2011-11-07
dac871a552749908eb9419203ea060230e0147749975c75648e2686ef5d576b5;3911;Automotive;41727;2004-03-04
91697e02b02471a6f5b0a4c057af45048c39e1953720eed2b7424c4f8e6b41a6;9312;Health;500635;2015-01-13
e0bbfcccd6ecbefa973c453592fcae59cabaa0be59d9c8b92ea9cad571128bc2;733;Life;280279;2019-06-16
dba0dce03b0396af46e91c182f18bcaf92a3f7aeb876006d5f88c6ba8360d1a8;6225;Health;755183;2004-04-19
5a09d576bf36569d03c7561418efcf31253019ece81fec8e8f3e51163ebd36ae;4436;Life;300590;2005-05-27
5811cdf73df421efda41f8741067c5d263d4a5b59999d165793fb9e06bdd3046;1699;Property;54580;2000-05-11
9c6349e77727eeadd4254f92671e8900b56b530aac4d58e6ec73010caeb361ce;6725;Health;751424;2007-05-14
d89f73be2dbd8a644df63e6185ce9c92af20f5a803711996fd2d39fa4633b045;822;Property;769174;2010-10-12
4a0fa711278a527a32939ab3ce22cf68651920316cb963dac8169ceae7c6ba58;6174;Property;424092;2023-08-12
bcfe3df460d851f55e6b3e27a49ccd97ef5689e879a5b55662e3ab3d3c9fd19f;736;Property;258981;2013-05-04
434bac976a8a7d47b9205cb460c330be47efd5cacd259df176c7f412725be457;821;Life;720747;2007-07-13
1a3804d0a05274dba8681de7a276deabe5ba798c42c4c796f213d8559983fa72;7902;Automotive;322732;2015-01-06
821fa16a535113ed3ba7d4f072f42ade314df76fdd77595113acd3eb6f7f330d;415;Property;176146;2002-08-08
d9a9fd973cf419b067de195106a22ee27a59b9b3ea566e349131153350c5cb0b;5687;Property;185439;2015-03-24
2d387f67d9633ab883ea3d99b87520e7d6ccf5267528445d2181e2c005d4f9d9;2390;Life;273857;2013-01-18
615901cb5f62e6d202d93db27515df22f8c10c62403c8e181999feaddff8b759;2471;Health;242464;2009-08-22
411c658ae00e05e72f96cfcbad4ab94520c6344d2bdd43bc0fd06d75167c7764;7003;Automotive;101961;2009-06-26
1e6d1043a5f98e9ddc771830cc75e2bdbccba62f98e72d9cd342a3afef3297d4;8240;Automotive;606290;2018-01-17
2c5782eb2907d2c05d6a5380a975ea764616f888840c0f4de1d2e8ab935c7760;9150;Automotive;174878;2000-05-28
c8fb0ac153c931cceaf570fd464def98ad4a94482ec587cf9a59a9d77442fe8c;2511;Health;399564;2013-04-11
86a6b236747072af160e6a2ffb3d3a1dea77ddd9d2e37c0451b8f89f91dc0173;4446;Health;884786;2023-05-08
cfda3d5844111385000b3b0f6dc4545595f53ea929b3d3d61da25a84ef4e0e75;3549;Life;803421;2001-07-22
d63f2c49f007d24b0f53cf49549cd5b54c50bc245c24e16b6b92e326c3a5e71a;1444;Automotive;860734;2018-05-17
00cb9716bf0cf88873f8b29a0eb17ff1ab0e703a03e4013d6ea8aeb8a762127e;3058;Life;633508;2012-01-17
83bcdc1c39fb43a11de0500d8e6940b214d276c80bb6ea7833c8f3f8dd34fb03;4882;Property;206679;2023-12-14
4976b433ab2c4178f74ed30a80a0950a82d09e3e1ca0dae95a3dc455cd611d44;7072;Health;850848;2007-04-10
f8e1c6433256642e40c489ed6bdcd5861f3c24deb3d8204ad7d425c67b879d6b;3740;Health;391815;2019-08-07
5bcf7f07697be8f0484837eec462790df39dddf35ecdae01b1f527c068a54783;1964;Property;392709;2011-08-25
7533d852c1bccab475dfe89bba75dbcd7e6acb273d1ec857b8d7ea64d1120cb2;5939;Health;599434;2014-11-20
939fcf33aaa70a2286fa180813693b5484dd2dd2cdf945861df74ba5808c10fc;7587;Automotive;324272;2001-11-01
6315570ac3a221674a9744f18267e5279906ef7d3e467b4d71d2fa94dc4a8400;4894;Property;772605;2006-12-04
cd745338a1503b817dfbb53c8f27e16e7238ae19f750c00e5623b2fa7055186f;7997;Property;539527;2022-02-28
967c1cfdd85b1b5d01b83bc7c0adec6287a055b79c64da08754fa881cc905051;8035;Automotive;842748;2008-08-21
d0f21ec7cbc2006bc9cdb8f48b0a412dae50b645bc2c5effb7f8791967933cdd;7983;Health;468374;2002-10-24
d0f7b294b6851ca15788c1089e7e2463d9252b8d169424c53846417880f92ffc;4876;Property;659090;2018-06-17
2fe23582c683c7ddbc9f072e839503a8b910ab96262738fdf0ae209681934bc5;4553;Life;652553;2022-08-07
0f832c8f65246c67ea2e9aa5a4246bf937d44fda7b4066d381352834bc850fc2;4570;Automotive;52865;2004-04-09
87cac4c909fdeae706398304b46a2e2ab9df6a01096996ff590f60ac77465083;7961;Property;742090;2002-03-27
23256fbc81176b4978ea45653e37a4110d9af39978bc5dc2b54f1c8868696f47;6254;Life;972763;2016-07-11
adf98c29863b67fbad43535e85847ab1239de4fd6c584ddab93fd361165b3f35;5132;Property;386680;2007-07-05
d1c6d031f0ddb118cb3030b092459110dbb452476a0c31929afe033bef141b48;9324;Automotive;133523;2020-12-22
969834a379984bf256ebe3cc94c6d5a8a17329c8541e479bd8fa02fcc42c4df0;2527;Life;964483;2002-02-12
014ddb5b9c192e58cccb18fd67465f7bd5e395c0633e84eb7a33e95c2f7adf02;2332;Automotive;765212;2023-01-11
5d53cba5a2c707e2d2d944dcbb6dd9c39d0c3200dc97cb79b9ceed70557e759f;2727;Property;753327;2007-10-14
ead0b6237377bb9b6c720386d1d982c8441f006b914166f32845611abb4a27ec;7970;Health;77910;2017-09-03
65a338ea7f98e468c4129b224ea4027daad6fcee80a758f34d4ea9e9e8fca0f8;9420;Health;793429;2007-06-07
9fe4515c2d6a39cafb909e638f70e9d27c7e81c6033fb3762c847db7d999d912;8865;Health;797638;2009-03-15
7f8ca85ccb35bd21aee61fcf8589e32479791bf5c45c872c8a2140ea7ce1f509;3711;Health;881913;2006-12-02
34512befefb6fd09dc170a858691ea3b328b3505e61d1a8b23a073265f3f926d;1139;Health;126707;2013-07-11
3741104f7b5f6facf7df4ddc53f6eb59438a5a71b52689d7f518fc9bec020a44;2666;Automotive;620270;2019-02-23
90a34b242dd545bea776531a19fddd63822d5d4a0b70c57a85cc6a98b42e4abf;7764;Health;910856;2020-08-23
26093a5edcb88d4648a42993fe1374d968f1a0417a42e2f586601d7c49c222a0;4578;Property;592400;2006-11-18
9c1823082ae05b547ab42389bd3f5228d97c7bc075a021b4de309430f710547a;3870;Life;500617;2014-09-16
6af5fdb048d643b4777a257c4e4a7a2500695a8e24784d7ddc02fd8598b99678;548;Automotive;724280;2018-12-04
eb6cc1bc72e860e55a2b405e449918d4c8eaf4c46d648b7459a4a178f5078a02;2874;Property;265645;2009-03-01
fbe8659d5b98732b058245edce4fc853e0ded788b2b494a5d53d0acb3ffb4d03;1486;Health;266070;2006-08-03
9e43ec6fc45ba4a42fcda66a976ab2b0ed61628c3e041b93eceb0cb8cb84e4a7;7594;Life;420765;2008-05-15
849463cc97be778bbf071b3912a0adbd4f37787b57d87eaa32e8df8bc0f521b6;8019;Health;197298;2000-07-26
cdb3ee7acf9f391c817ccd28d7fcf0d2a0c2c3aa08b61834938905f7f865c387;8238;Life;287486;2016-07-26
b7757fddc00eb4fe6781f9760a600ed7ac52229f14e0a6c9a1665247573da6f9;206;Automotive;835871;2001-01-21
b621c782db4da977a6b88eeb467ecb500d3efa64da8a265d7a0b1f51e5efa625;1929;Property;40424;2023-08-25
9be596bc9c4d2ea91f425b89a3048ec841166e350998789bfc45a60393f2cb2d;7741;Life;90667;2008-02-15
af5977822e85930d45a5bea3bbcae74ee881ca8da18bd67c90247e88beeb64f4;7877;Property;397612;2005-02-05
c785fd344bf5df1a457b1b50b198a3bd71db24d4e445455040a514ea856d9904;6853;Life;690645;2014-04-11
233ca19666a77c8721991779f326d2d452f9e3cf6a1a122d6afe25213bb66419;5192;Health;657469;2005-06-06
8d361921635a5eefef7a7cebab1cb7c68331df17036d6b3ec5730b21f455da72;7886;Health;807288;2007-03-12
e8d724bcf65ed531106f58a70f377958a1f81699ec1d3a0690364b6bf814aeee;4148;Automotive;578016;2011-07-04
b0dac038d9f15779385554fea6b3e73d9eddb17b9155f50e9488c0ae45dae0f4;3039;Automotive;955115;2013-02-07
9d8a68865c08815222814aaeff4ab693367be92979187035ade96c3793359414;4870;Life;87971;2008-06-26
5332c21ed277fa5af4a8f25d4dd1dde7330747243abe4058d4659aa5c9845efa;3343;Health;65511;2023-07-24
3a0775e8063c77c294c45d9f028490a8c98a6c841542bdaafca0911cd12a87ba;9568;Automotive;868605;2013-10-09
f16c330b557cc5379fb0403930d27b4085e1e55e9216433eb0614c1e67d0a791;8299;Life;433341;2004-02-10
030f51b392c629c3d91c21389bd2080054a8bd27eccb4ec58a700331fc373955;8093;Automotive;131348;2010-05-05
045bd20dd988049da8d85b0b99b636093027a922f6691da2c68659df6266a53e;5225;Property;575389;2005-08-20
c7987f54a83c34d4881064ffcd4cbb210102c3673091f731ecc6d0fae7cc28be;939;Automotive;476538;2017-07-01
c64e4892879484fe5df231d7f6727f6445e9ad86f242f9d1156767049c21269e;4631;Health;592866;2020-08-21
25f19dc906d3ed2616ec064eb69a52df11136cec06cecd24cdb25de3106b6245;6841;Health;133918;2001-11-05
1ec281be436aa038d4db49924a209a55686c32d488f8a54fe5bfdc1cef8ef1c6;6835;Property;431603;2011-02-23
5db41540b2c134f4469ff94df65530be45b79133481727b112bcf9f1dbda93c9;2919;Life;474053;2013-10-12
a7815e3395daebf28d5c1a813cd719818d9d408ff13feb75c0fa7f9337b14678;7833;Life;541762;2011-11-28
ece55e1a6e86a6e1751c39a158a9f15b559572c71618bd8c0e3d943324cbf67e;3381;Life;479637;2009-10-04
29d6b8c13b3136ccff816282303caaf1aa9e5de5fed070354f9cde94d555a370;8514;Health;570007;2017-12-16
82e7edaa6ecae06a96f90accb5d866e8a09ed46306cd3d343acdd4fd8c1b486b;9715;Automotive;432987;2000-12-20
caa976ce23f08d3dd2cacd41c6f75b068c5defe6d714503029eb44559f615649;8461;Life;65098;2009-03-24
2458c8e68698144c8b6430a3da92881c7fe06262a5fbac8a4ae300296ad31deb;3927;Health;728317;2009-04-14
bd070d09e8b7f7abc02d30ec56feb641e3e46939de93140d1d0c1127a897c46c;7086;Health;538625;2004-03-07
8867a1bac0d4bb1daf0230677e0e7fba35a9c08c0791ed4cb49aa142683db8db;4777;Property;182487;2008-10-08
a8b74bc4268470c66ee6555dfae76dd6abbfdb1b424cc958d22ac007f0b97eab;5063;Automotive;877318;2012-09-01
24d92aa74fc9c8c62739586330f6e25fe0f9647b8879dd1baca5d83dfde72734;1250;Property;660104;2008-10-22
47243b382d3cb8d939984b08a0194b17ac07d90fddb62d14825cf766b41a73af;4891;Health;918598;2008-01-05
6e387c060bfbf812307bdab671023bde5931472be9b003bd20ec053360ba5f2b;6017;Property;878434;2018-01-11
b9a1728303bd3a939da7d927cb19726efde1bd4d3a64f559e8f37ea92d717507;3565;Health;702357;2001-03-19
b4dec2ff8fb83d96fa780100c809653534d432c9d26352228ff5153ea8d166d8;1041;Property;480863;2023-02-20
b7fe3db29b4863037c8812ddd3a326b0eab89c2ff031edcd4a469219ef88ba2c;3435;Property;976041;2022-11-19
44c370521e25fcd735bd08076c55a076e397dc0ab40f065142302727adc94bb9;4159;Life;162814;2013-10-06
dcc25cb50f3f662720a3ab77aa809ee3f55b81bcb24a7679f4a08892cb519465;4661;Property;641152;2002-01-14
826663eaba7e24e5f22807161b3da23d8e9e5ab18e4d76dd156a5721b2ee3a7a;9270;Property;182153;2012-01-24
653418bacc4268181eed4a3942d2cc377e368c0a428386b062be09fd5e8e2b0f;3440;Health;325146;2020-05-18
c297646d28ac1205fc7aadf82ec3c3a64cbc19f7a2db6750312dced70159a653;386;Life;961341;2017-10-28
f9d8297636c94919a9c336cedf4a2bdbf32e447083240eda8de5fd688cb425dd;5090;Property;479334;2017-10-24
54701e9869c024f6ef1daa05562edb3f0b06de082272995c4ffe2778a7b505cb;3699;Property;792058;2010-02-24
18c5af3e3f1bc029ab8ac878c6736cca5e781c359729819ea3fde7965c9b4ee3;1899;Property;573236;2004-10-09
f4078029383fe8bd1e28c435ba1baa5b31e2e44146b458c15963f34abd4f13e3;8493;Property;868033;2016-07-17
a810d072fb1910aa81250303d2eda5ce2810d583ba078b8bff8d016866cdb1ca;9403;Life;202179;2000-01-13
1e7221902c0d99ea71916a2247811c5fa486c69541aeb484b5f1885c90ceda87;4759;Property;811113;2008-09-13
fff354fdedd50f4c6a4cf7723b9a55e692755cd5feb39047be13a7d0ad267375;6532;Property;880810;2019-01-10
879bdee3843a1b7f42646ee870845059f1f4eace326e749a761ebea740f3c778;4655;Health;626818;2010-11-07
4348d9a8ca9f21a3c315e71c59b822e1c63c65760f18c6fe8169c3f0d918d706;2578;Health;260169;2015-01-11
d441565268d835b5ab66784f7d55b67d869a4a9dc13f4e29fad71865d369fffa;4064;Automotive;14469;2004-02-03
ea478fb67b1e3aababe2fb060dc26324e9db08b174daea091c18cccc79ff4742;8181;Property;678568;2014-10-15
ea4c624c90ef43d2a9c0e18f598d3e096c4984e6327c50b407364b7604340fb5;759;Life;146566;2003-12-03
4bc3d2470a564fa962bfb62070a1994daaa6aff96e8a34ad126d55251fe89c41;5511;Health;457520;2000-05-02
ee0526ead51287f1e990cf25e2197935b1a4c06b39a04aa36adc29be3aa7f930;4205;Automotive;285327;2019-05-24
ce6a316e188cc04139380c60092e7d7b8abb625ed288d537d0c0303b3c9ef4d7;2591;Automotive;440178;2015-10-23
49d8601bf642ffebd46cfa90520572a07e9986c12fdb8ef20362e532e62d64e5;2635;Health;945614;2009-06-27
510905b411f613750d99f1905467c02ddf047ce80436bf284491cc7dff805cf7;9686;Health;627106;2014-01-11
a40d266e3b7bdea33ac364b37db00e72d921d8d5a460d786edc658c0a7df5c7e;2063;Health;852867;2018-10-20
a6588b5efc9734c63db4f2faa9e87a9f054e1ebeca72685731b819d4b8b55f01;9171;Health;241827;2015-12-05
02ba55ad735874fdc273d336b9f4699afad423f969acc22de99c75b983cab4fe;293;Life;787516;2001-01-06
6754fde5f69317aeef2e3c73de05dd1ae7054488c8c6b8ac27497c4a83e9b484;3626;Property;165778;2008-04-21
c09cd7b094505133bfd6726601b9e376cd1a2686164505df9275981bb9fe4f15;4159;Automotive;821331;2023-04-27
4dead47ea0ff16b6788daeaafad3d252c3e69ff58275e1bb2dd0dd5faff69784;2970;Automotive;9624;2000-01-24
e38fc13d5bafc370e183d9c5ab86bccf9035b70009af7b6660499259a1951ebc;794;Life;922114;2022-08-07
6f6e79b001ca467d6a0997bb1ab1d4d1caea87a506d74223857295986519fffc;282;Health;210648;2000-07-16
c6731cd447ccb6fe9dd7c375c939e5b7da90b8f636857f2c2f3fa9e19d666216;9240;Property;971690;2000-10-04
aa3575658a1cb8ff826000fc68403d5cde4196cd98bdec0390def239df27e184;6558;Automotive;316336;2003-10-17
2bf202fdda3d2f606b832d70e8ec45179b5c262367c5fac79213e40fc438d4a8;8965;Life;739083;2021-07-15
dc5f0838be73799898f03221fad65a9493fc54b1190ce511230215cb8b880ab9;5444;Property;928629;2011-07-09
364a85e1074f7c199c3e42794dada3cb80e0e7d0d8e8dcdf1f8eab4134f04890;4215;Health;219361;2023-04-27
48378afc71072c2a5a175a9415b417d5e9ab91f5bba261b67c61ab098c521b46;4679;Automotive;480684;2022-12-16
26fa785f4768ff37719ca7003495f3fc01e313cea5e0e75de6e0bb85fff89936;902;Automotive;613673;2006-02-27
c518f8d25f9ce0cb832209097510d6afc77eb86f646463b5d55e21bde67b903c;9406;Property;528403;2000-09-13
fdfba6ad11a35d166c7643f87e77b55984d347432114ce36ac0a92eff04e621d;2022;Property;661836;2011-05-15
857746d8becb1a149ae773caff4ef5b0a0ee93780c0cd8c6cca80c649a8c1226;3514;Health;262675;2004-08-09
11a7e89eefde8f3e33cf20b05206c501571a47635dcb553aa29f50293092189d;4679;Health;621328;2022-09-01
b663615f5c385bd18f68df01b899ac4d3d536f810c14cbb41b2c71b357c66f67;3431;Life;280061;2010-02-20
686c6f56fba4a48dadc301d59e78981f38963ad987cea04a9fa3ba331b6c523b;605;Automotive;55731;2004-08-28
f14ce8096474853e6addbec0f06d02a6bfbdc5d075cb239485920d90d893433f;6443;Life;4530;2022-01-26
30e3fc5da106c6acd15b9545f5000f52151ce6fdc78c014d2ee1677afd6e0c8c;4540;Life;205225;2020-01-21
987852f01711600b0024ae9b3e086b2c52ba10c0d99f853855c6bc4704584ece;7263;Automotive;22451;2019-11-27
035719da351561683c5490289385000030c7cd7e4de5bf76990ecc6d88cda12e;3806;Health;95050;2006-10-03
acbe0e18f9d9fa4b10fff0c5642ecd110104b721955e1068ffcc411608917306;5960;Life;736973;2021-06-19
734983ee2c7e73d6da8e5087c6350bfaca0cf822c0a57053d4d389fcd4c5c22b;9479;Property;244883;2011-08-05
d1ecbebf1ff989fa8bb6a38057462db6311a98d5b006315de7ad3fc4213eca74;1537;Life;380514;2002-11-24
f10e67a0673bc2a7260fd9746e12ea735447ca99144933bed7dc39ad2f04d20d;5912;Life;724208;2010-11-03
2001ccc5546ad22418925112a7b28b6fa1016f7e8944e70a9310169b5553dbb6;7608;Health;239084;2010-04-22
7560574261dda6d033831c4af5f108c5304ed16d77f14c0e2de2b89198467e31;7223;Life;697858;2002-08-22
c0efbcb988c8e837f6b8d0258da619eeafafca603be46e89b623d2733e1a9663;5394;Health;172212;2004-03-10
bd5f737154fc65de71370366b7e89d98da0eeb9583a981d4205f8cdfc60424eb;2100;Property;730670;2012-03-26
f7e353060714c3af97e8b0e57cdaea8b7a934d67428edce1507fc624d3776f80;7558;Automotive;143130;2015-04-16
a5fdee461049ffeda078456736b26e02b8ef6a72f55c803733fe6fa45f58a8d6;1272;Automotive;331136;2008-04-09
a8231e7aeec2b78a70fa3d86b736b1a371e2e4b0b8d842cfe93c75b3b6bbc5e6;9717;Health;156132;2017-10-07
acf8301608e2553a24f9ca00b5df95423ccc13e1abf72d3c2091715918af526a;7980;Health;451775;2018-01-03
cc5011c55500db25af16f1915c0a946b08f004234bd7f0f64abe60bc3e3f2164;325;Property;854466;2006-07-16
d0e03e2f1e5b386db6a2d4f1798e45e17d60c3252f93395eba384c1dd8a9ca96;1884;Automotive;803543;2022-12-25
3e133e656d9aab1e59b267a6012e5cffe85ebbef9e03a59b7d0bbca41c5a4ac8;1376;Health;726215;2010-05-07
df032296d040a2d70865c79821777100efb5833e1cc7afe19224f6b2f879a568;1426;Life;921960;2005-07-27
e7de16eb080a3053e45315957b23aacb7af2e21f983a880bba648b97efd83091;2482;Automotive;404090;2006-11-14
660764fb0631e97323865ae7487f73fdb604afb9069afc40892dc24d0fa2758e;2791;Automotive;126666;2013-03-02
e305bb4b78d672d0afdaeb0c6e3398e9f419fd1075920f647a039daad1bb5ceb;6198;Life;456848;2010-08-15
d61ff7bf0d982872182299e52b67c4dc7f6ad14228d0154968ea81be2368b5de;4216;Automotive;435493;2004-06-20
233912291176e02681e40adf8d43e6735624608253ad72e9b5fcdb629386c8d4;4747;Life;744794;2019-05-16
5c44d611bdd086fc5ddd51dc2f0895f89a12e4dea3700d09d5318af941b9f66d;4058;Property;843552;2009-01-18
77627370ea72527bb011063ba823dc4e5b2efb15b1ff7af9563158624718e1f7;6970;Health;314810;2009-09-12
4198c4e080726d1ef7477b7ebeba8d0936d7a764f46d4faaffe522a37962c1b4;3755;Life;404318;2015-06-12
c0683d42ad2b8f014ad250eb3b0d79ef40d07a54f8c46ffbbdf328cfdd43acdb;1791;Automotive;672937;2001-07-17
56d2117d4d3083fa13f5fbcee423a5725874dbd47a77e904a29e91f6c67a96ec;6475;Health;796504;2014-01-16
f789f6c4e5b4878c087f912d30e5f4bb61a5baf587ffb3c2c1524b908c50f641;2436;Property;716271;2016-12-12
1050a51e743565fa49ffce39d7d42c6cb1318e6d12f3a838f6eec779d4cb24b6;6359;Property;684209;2015-08-20
15bbe93fdc248c58f56cf6336e5537af643e30ca473ec4abbc47783963299752;6924;Life;402120;2013-06-23
8827cfa5ca82b14ac716c1ab49f0ffff17a816dcaef812a988f8aff49d6e0180;2460;Automotive;508041;2011-02-27
5079c87252bf711aefff2ece9d3ec214963392aa432f96757098cc5d31f9b13b;8163;Health;301351;2021-08-11
ba4756e596c8c94661f9232aa074e6ca2ab846a8cff45436d3bbf52235aa5d1a;8875;Life;56612;2011-04-15
ad4fbe210d57a8bfa06b25512586ddc64db17bc1c8f1194e4133822a477275f0;1642;Health;422022;2022-07-17
28e0f36a5b286af9d34b3733a0e80dc11248550ef1f32c0d4bdbc449d24e116d;9270;Automotive;481962;2013-03-03
d6bb3fda6fc5ef792790646ebe9fefea9140071010ad32240f68e9aa0ffce4fa;7304;Health;569693;2015-05-23
636469718452745ea6b1c427880668db2c5d02c1f55c18c23c15895fddce4148;9738;Automotive;945181;2016-01-08
5124e1352a58f664e9fd1c06f71f5a335a8f764e92a2ba9c0d0de96845b0f342;2595;Automotive;22127;2012-02-21
8d3597c31adada5d4a7361d84df5ac834f0b914dff4ae1ca8f22a3d127f03979;5900;Health;374096;2019-01-11
1b3421f62690303f2de7c15b3e6749ec7643c60b9431993120b399899362d253;4738;Property;356276;2010-04-16
6d64404747975e50b88f91900bc0c6a353d9fbce8f8d4a170480c09f447381a6;359;Health;725086;2001-07-02
d42831f6f6fdbf5d326c88998807a3f39cdb038e3aff9cfcef4045b723ff2827;2725;Life;857827;2006-11-20
0640683e7a9a68e57a77becdf56bb54e0ca072257014825596d627c0df63e868;3007;Health;116852;2007-08-26
9156bad345b6243f790bf578849e3df2832f2dfcd7e2042762424b4865e8a6dc;9105;Automotive;681553;2022-09-08
8a897f3232b8fa0d5a4e543e3248bcaf6f2bede7ef298097472131f5df6e5ada;9012;Automotive;446842;2002-05-04
bbf4a97640a418d0dfab339e14469afb7b6f5e34544150e3c625ca8f1cb07270;9474;Health;64351;2002-08-14
2e7c72e3c73a80fe9b79cfe42ac789b025b0d8d5ef3fbef4be673cc1933572e7;9583;Property;859222;2014-09-05
f24fd343667432def136fa33e9eca522f4f75c0e03e9ef70c0b5adeb58ed5dce;5325;Automotive;358867;2014-12-22
e96ce52513244d40e3e747c8d05845797833c33654ad39daa439408449e323fe;3007;Health;710857;2015-07-26
6db5f11f20ac75f56cd13301f7654bafdada736b7d38c66a16ac463d27e354d0;7052;Automotive;135705;2019-09-14
e961fe8736b9aec0e87adde1c80fd0fbac9a592649f17bef7033b7b0b5817695;6033;Automotive;844972;2019-04-17
10678546d5ed5d704e64e266270ff4b3f6684bfcb4ae21a4a03cd88adf83045e;2941;Life;301442;2013-07-15
8c25dd054613fbb35b87508b4aff08534ccf03e947ed0e44166ecd460659df2d;6799;Property;979308;2001-04-16
04695ca277fd9e2d75a2f59df36ca4349c03023d7b82fa34d01711a91dec4e74;1270;Automotive;602595;2020-06-24
e5aa28e93573f48975b63699f041dadbc2757860a2837bc7ad3243e0066a1017;4802;Health;393145;2011-10-09
6e04d20ef32ca10ea23439af8394c3e1bccb40fb6ebab1d2b5918706b4c702d9;7502;Life;310787;2009-11-02
b878cbddccef4ecb6a1330f26647b66e24fc4b5847f04621fb31ba1ecca8b909;9196;Property;541990;2009-12-07
7bca9b816551f1de098eb8acddafc8fd6d3a6e7e23b8d9a46112177c4594fb7e;7465;Property;577900;2022-07-13
40a1cfbf0092e97cb3c8a6d7f4e272620ec545664e61e272a3031acba2c61e90;2879;Property;237977;2019-01-02
e0eae5b5df3facc1a5b7335f7045c7f8a2886883e87e729ab2c6890950bf3df6;744;Automotive;651206;2020-12-10
ac091069cdf0b5ade9ee23214397c54a7b40f24d858f438d858482c304af298c;6043;Life;929973;2012-11-21
db57bfa6878ea1cba6af267f6605f5e2cee656c70feeb9481dd599875a1c9a06;3524;Life;61527;2014-05-21
f86bec50ae33a58b8b483dca8849249eeadcca6bd39b033622bb0ff1579a9d69;7569;Health;121901;2020-10-15
d08a1468097b633f334e54feda3b0d50a5f4a072e5cd5cbdf59b953330712101;6310;Automotive;739829;2008-05-27
dbbaa51782325dce79725045856c3341935e8fbef50afa61a34422e0df38d37e;6630;Life;448036;2000-01-08
7db50d4ca2766412139ced044c925b6b611a21c807c36d8ea45f40ba93f5e6e9;1215;Life;403607;2023-06-25
f84edb47479db417c97b158e8eab3be1e449d659c91ab87bb4843035c9a15e15;6802;Automotive;501548;2000-04-28
cc9bd49b6bc4d24484b45eeb5513ce5c733d2c5b5ea9eb385bf4010797e9766b;1024;Health;246822;2011-04-20
bd1dfdb118f72272403437b7379fb0e3861b72104f4ca630be1b9abe19406614;7503;Automotive;983270;2007-11-15
26e50df9afc5a7bd029ce9d0e7d11b5a3c211cd560d2fbde40cdf774b43c4639;5896;Life;384798;2006-09-04
35b1f7b2fcf2d2c8f5cafe64fe10fc25c0ac4adf7c186552172923c535f3f4c2;6212;Life;733709;2008-02-09
929cde6a30eacde58396bd162127724a42405f7c5bdfe328c46c506bcfe92f8d;1305;Health;23297;2012-03-05
408f613db9493687c7e834575f2418da328d995a8830e4a0b1e98cdb4965b086;8673;Life;936875;2004-07-27
691b095574c7a89c9d303634dc57425b8146e247db283f34c42b426d97df4666;2402;Life;374891;2000-10-08
b24d9cd3c482cea0fb980d932ea36398541bf93cce3ac3e7464657b749dafa9b;6539;Health;813305;2020-04-14
17957da9d1ad453385b8b4cd4c6876a8cbadc2f4790cff601982d9fecf3f9def;5665;Health;41429;2005-08-23
d04145f9eb04e3c77781c5c9315c49930a4d8dd9033ca81cb44347599b37f42c;7652;Automotive;4125;2012-09-18
c086f5ab924e1ace83d245a21009625a3ab17346ba92e324858c8c9f0c9b91ac;5161;Property;994002;2002-07-04
0bd072b6efee6d18215c3b7239184d677aa55bd2f9ae93eb6ca2778915c91a8b;4145;Life;324888;2020-06-02
0487825856f4514f2062962cf7476aa5dc8bb3b40a9f4be94d77dfb8113fd4fb;5985;Automotive;945712;2011-06-21
befa7a47ce713213d9204bb7bd5a336f29cb804664a1bf4594781eb7c61c0360;8766;Automotive;926998;2018-10-08
65138330d84ed7cafe5c2befce91ecc0ec45a16d1a54e51783eb75fbda490274;4869;Property;968340;2019-02-20
bec99c5a87440a6ffff3a5d987a3c3f39268edfdcbdb5ad5d413a152fc06aea5;8227;Automotive;132914;2002-05-11
2e157e611c9fb8f6741d8b9cd4494701b57e209c1aacee045d29fe20478cb724;4572;Property;485061;2001-04-15
83a6ab9249932a4026d1e4f9dcfd8ea95c6f20163c4bf17b8cf772112fe4f8fe;8776;Automotive;152799;2020-01-24
afade721a690920756568d3b3479716e88a24fe140a44ef61c7197706f0bf272;1502;Health;137923;2007-09-03
c37bf56f550940b252d8d1b87fff1c580e041d1363df1754c96ef72fae790a86;9112;Property;116011;2009-07-02
ffcdab5843d72559c8999c5cac71e6e9fec0504a4c2449da2dea70670fe5a9f0;4377;Health;143519;2002-11-22
fd3b18e8a920935870658cbed3a561db0e4bf875f5110bb3db67df6ea46f8bee;4019;Property;574051;2019-02-28
3983739ad0c6df0c554c9c563bd233168384d1173c18d901fc8192b32889396c;2805;Property;693856;2005-03-26
c3c2a1c2649d4d887fb737c29c6957aee2be6f35912cb4c3f3487668870575a4;1574;Property;577072;2013-09-04
a4589bffb1cc7f19206e7a8e27aa488fcf4935f17f9a3184ed70c12d961f7f30;2510;Life;601819;2006-03-15
1a3f51862039e60d5962a1e24ad7de08617f3be3c5db8f8b9c8217d9fe48e33e;4722;Automotive;312622;2006-04-04
c026fed072b2e4afab3155334a55e0a7c07bbc6b556acba72939c1b9b39cdbc7;4541;Life;967070;2005-07-26
d231bf943584c24bdb5fa54c58fbd5839a76103fe7fad4d91726a6ebcd165874;1218;Life;424748;2013-04-05
8a6ef35f9be4cd525664235d209546978678d9b36a7e655b508fcfb0e11d0bc8;8470;Life;49074;2004-04-08
ce312424cd8e725bb1085739fd652994a39f7de9a475263d5a07bf3ceebfba71;3586;Health;73482;2014-10-02
6081323a20c74775376ba1bcbb429c3861a4564e40a2e424ec71711ac80be731;1750;Health;468621;2020-10-02
5ad3b43ff1178d7f3052f80a8ee56db02315b07c917ca4b6d9dbd51c63c5f491;6406;Life;181223;2010-10-21
e27770b7d09b4da25ce81bb2781f924d7349455aa249ed1fa4972db025247108;66;Life;388839;2001-06-18
298fe848a8aba7355f0fde340645e949ebb11e906b1ba82051983795ce4f0e5b;8420;Life;260860;2021-11-19
42f513c3764b0d1054cbca3f19448d14f037849adca19bfc19080edffbc196ee;6932;Health;546217;2018-05-04
f455bc2a7498e7b294ec09e728a22df6eb9024a82140e697f42fc26e87aa8fa6;3430;Health;410661;2021-06-10
cffb9f9c0dc86edf0a18b4baa72c6fbad88786b0dfeacd15b7c6a51bebd251c1;7754;Property;977891;2022-06-18
4d849b9cdda95c10c115479d187d7ca31a913dafd28685d763249991d90d744c;2430;Life;688014;2020-03-26
40aad7bb9b105ac5e3ea6faf549d70f84f4c3f2b10680a009967376b2621d2ec;5961;Life;205390;2019-06-09
edd4d16ded5c5f776c9a3b3bb38917bfcad222479e01f7e24b543529287ff64c;510;Property;826977;2010-01-27
7953f32240f6e2619815f35e562ce18fd05569efba7c44139b424128448e678e;7013;Health;405644;2017-08-21
8911099bdfe688c5bd0d1b2f0d7e0bc5a1ae617239804c42842a783708689cba;262;Life;402731;2010-09-06
00e88ea0f8f80547a02877e23f02eb6f680a696423dda19fef45d3b46c9242a1;528;Property;762245;2010-01-08
c4b5ce634ce32efde8dd93b48f58c184262f1a7154523cfdc34f3c234d42e5ac;1503;Health;67547;2018-05-02
6c7945406d77b9489ba240fb192571750bff477edff5ad64065ceafd3336ff22;8018;Life;238243;2014-09-18
29f0b27a4882b62cf2b130049a792a17234e08a69856c6a7f825ae89c495a125;2262;Health;569500;2021-05-21
177767af87b434f1515599ddb2dfbc01850e9ff73afa6deb9a74a99f39eee125;2771;Life;845990;2006-11-06
05e879ac658f7ed9cc7b8f51c05bcd369c955cfd6650478ffeaa309e72989b14;3174;Health;49008;2005-11-17
4257e4c20b1e69413b08ba8f116a44cc61ddd348be396bf6a7037b416fd74026;629;Property;294484;2003-12-07
42551000740b7ec4892e9f31fd31659a2532ecd66e4529a8b0cdaed8a783b38e;5902;Health;846809;2000-10-26
e1a1be8d5eb3ce530b8770c72fa4ff212e2063feb04c249494e2977833aaccb2;8630;Automotive;525334;2014-01-25
6604203c08187cb2ce6c99c3d8a9cf17d4b5eb10fbc97f0eb1719bc12eeef461;715;Life;961103;2005-01-11
2b3601bb1b07a405e9d4034f7527577c6789847151f9bf5dba9f1f5ecd1925c3;9916;Automotive;595166;2013-12-10
49e2d9bc415bc25f368e243634a1a366b0d846ce2049a670cef0dc2a5c1aeb34;804;Life;209668;2021-08-03
cd5fb1df5901b50984fe621f842a3337eda1ff1077851e0e386fd8e2ecdb7be7;9430;Automotive;13507;2015-11-28
327a28b021c46c1704be273b813030709fa8610c1abe62dca98323c4433895ce;8401;Life;48463;2008-12-27
4cbea2e27f8dedd7346ceca19fae957667b772f8fbd1218cf81ee8850e33601c;6264;Health;306829;2015-03-13
deefa4804862bef50278a51a29dd9ff3f9cde9f2b098b2dfab8d8e5ca33d926f;6514;Property;77505;2007-12-05
c069cd2435d603dc72fede2e35c287280233e32789a8e0e0b841099948310432;1411;Automotive;683750;2015-05-01
8540f2ad6b93b9d132735feb800364accf96f71ad3adbabedd337eadda199c2c;2891;Health;119242;2020-04-14
986537ef29ba1ad415ef586db40dfc8cb91ba6a8f984c8ae9b46410c7e3aaaf9;5050;Life;522138;2002-03-12
83573b2b1f5586d1fb30bf86aed35d635ac37d146d501728a3d5457c15e0b8e5;3341;Life;69302;2004-12-19
c9cdf229b822de3dd225d0a6dae4d55ff2b2d2c8136ca1717443f43a11e94383;5602;Property;345000;2012-11-10
a930fbe04c0f1ac75a9b8b1ae6cc4e455cb5c7413bcc70e6c6945c6cc60b2b12;5572;Life;459379;2017-10-09
f2460a27037c10b8062356efbc048f06ee7820f383a2e39fe8c9c6cf5107e0e0;6177;Property;440225;2017-10-25
d874d2bf11b1fcd29139e57bdb35e0ac9baf619c3f95b7d3ff504d62e4ec39fa;4168;Property;23032;2019-12-18
08cacdc10b9464e27882993a7cfa111a613c438bd2ffd90ecffc96c7452d65b4;3922;Property;75150;2015-09-22
b007cecb9279c3fd4521ba7ae63a5bed357a31b123684dbc51fcf413e5d6a4a3;3263;Property;283782;2020-10-18
fb941f823c6b9d75493ae024b2cdde7b5934c875a5b13faeeee8892d72a70398;2094;Health;382093;2013-07-08
83545136669d9249ff5298860e5e7c852e23120e305c0188da1cb27fcacdde21;8128;Life;809810;2008-03-02
07b31b355137d9e2302634066f3426d24bf6aede78ca2c2bc97b8074599bc318;9332;Life;650913;2021-04-09
86b5478327bde7c53fdfb84e81dd4aa997edd5252e8fd1b713747f6a45237de6;6172;Property;496009;2002-12-05
842009445fcb42f0b96832d86a23cbefa86fc3f8b3192232b216e6cb8d1bb889;9466;Health;667253;2005-07-10
e4472b3def67fb8c06c5e58ab2b33e1bcc9d579141e7430ac8d37ec28ff8cf7a;7855;Property;445593;2013-02-18
e8a0a16941846ff30cfaabc894687351aea9a69058b93b29e055bd3d077949ef;390;Property;239104;2023-08-15
084d38d8377e8c42398b61ec053a2efccfa386aba339b6c5227abe4da0c6c4ca;391;Automotive;937399;2013-04-23
6895597d9f0fee529b6f2ef4da51247cd6b1051f3953421d1661ef671a583509;1310;Automotive;766335;2023-07-08
ab7bb508c8a9d6bf591369d6c6c74d910b82b16070150ac50742801d106a24fa;5008;Health;938579;2003-10-06
961556c22d8ce625ce7e3fdf10cd1c465bfd2a1ff25b68e41b39182431789f76;42;Health;613115;2013-12-18
c2a3d7860edc14ccae976a6f9b3bc90051b76cedce1ad95ba2a4c839c3e28486;5264;Property;264302;2001-03-25
dd4b78df7a3496998f5141a7b1c0941277c23c2e6b5df18a9407d14fac40c9b5;4274;Life;615230;2016-07-26
d5f598b0f44ca3c339f3bbd43573eacedeca25cdb5e552c3dae549dfe977b56c;2356;Property;299985;2023-06-19
3fca40e199afc1af84fcb72b444b201b65a42d8f08b511f370f04bc532ae64cc;3634;Health;75128;2009-06-24
0df06e3bbfd7b62cda47e51160b35ab1631fae8d850bc547638e345926abc4a3;3266;Life;472890;2011-04-25
84f2b3af42b13aa3337c58084ef946f7733b532fcb6f2c5ade7a3b57dba494d5;1186;Property;339420;2009-02-13
e5b98104bfbbc6c73faa072b02dfb53c29b93cf9231d878d81137840e05d7dcf;492;Automotive;593031;2002-08-23
04ef38e8781caeeb6b30a679713874b8612c665c2f7d3713722da8e4854b6dd8;8986;Life;234277;2019-04-15
beb22de2001ac2061f297c19228c19390337ddce3c2c1c1868fd336d507752f3;4332;Life;727697;2016-01-16
0af8bdba799b333cf293891b57e1617de26af49ef78407680122a5efbff9b92e;956;Automotive;935723;2010-09-09
27f135e5437c2d34fd071423ceb598802821ce52f30764d4a63877a2a695ad62;8927;Health;487846;2003-12-26
559afda0a3bbec0618e5d0a1f64a4da2e0ec693b9b0b374ed35d1de04c3f71a7;4582;Automotive;468352;2005-12-22
4180d14cff7a161dbb98a1859e4a00f6f60666c431ddb1400b197fa25f455adf;3058;Property;181054;2012-03-01
164cc122dba52a062ace8ab9cf9d1a31aaea3274949cfebebc2ea868a45a13df;1644;Property;218367;2012-05-01
2975e2ea2ebdcbe7fb0b0d55cef21c21d5a42c668a7149bd2470e912bab16b37;2560;Life;263215;2004-01-22
ddf6134061a5afc43bc66f8dd5932c955b097804346554ead2e40b8ff7aae1e5;4600;Property;972343;2006-06-26
67c33cc6b87305954025379e55a13643d6312d56cc2dc718eec37a150a9bfbf2;7002;Health;836643;2017-10-05
fec0cebf8f7ffbe18ff0c04a80eebb3364a146218fe94377bddd63e39b4f183b;8190;Property;902679;2006-10-17
a72a469eb54b057cf8344d6cbffdf252c04a46655d8d752db6330165b37b24ac;9015;Health;94717;2007-11-18
6516f14c5ccc4432d9ed69ada3d6a25b299ce3f64f7a91eebf95dc42f1f72b1b;3647;Health;416060;2009-06-18
afca2482f949c663cdebb5b155150b337326a024a044bc05253ffa8b62702079;8033;Property;270469;2019-06-07
419b27b7c65956e50c4e9357572ad30a261f810605c9c5a23280c4efd037299a;7106;Automotive;198078;2009-09-05
18dc8a2072cdf320904c2e80525bda1cfc78e9b0f9d96a28656a39502e4beae0;9153;Life;933401;2019-05-21
e8387efaa3f535e88fa53afbaddc673046d44aa4be149297a80783c77fc8643b;1899;Health;410320;2012-05-16
1eba584dbe6adc4e214dfafb68614a117846414ae0efc108cafbe86aa29249bd;3068;Health;635896;2015-07-03
e8e9404ed7e3cffc49ba67f3924fd665f53e66397828b59136422b2a451be81c;5149;Property;694829;2005-08-23
51d9c289d2069817435b7d1ceb2db8c9a6fc0c6f1d3f1697fc6707a6f2e76e3f;8753;Life;758684;2020-05-03
5758c8d35bc325c11f63a762c91e998381786369da828a9d1e5d37cdf71bb3a7;6325;Property;103881;2001-08-02
b85c81c3a63352a4861f9660989c0e141e3a712a575a7f90318843cc3ad2eb01;4189;Health;274039;2012-11-08
caaa78c77f3689dfddeeaf038d9057042c034b2dacf8059ec6b3af2ed7cd1bb0;362;Property;888233;2004-10-03
882f183e31b0d608bfb3993243e40b2273fa36ab18803562c07635bc4ee2c6f2;2130;Health;52473;2000-07-10
8ca167c1b2abd8d1720b74b6366ec1e7cfad73b19ca8a0fdaf6bb4d490bd2d81;1865;Property;786278;2014-07-05
070f6e530740e9e2bd155261d7c29be09edbc868a22baadbedbf524ca79c5556;572;Life;942312;2013-12-26
49250318cdc7afd98a0cdea30536e10040d3dc34b4e41a0dc547799a6a4c4e55;8073;Property;541323;2004-01-03
a77fb929e3a80846530974d14d1071b4433a2f159abffd83035739afb45e43a1;680;Health;216069;2014-06-20
ec73ba9cdb64bc2ff3097ae60c3e55499764a24d3fb32c8a6ab6fb6bf245679a;6137;Life;106664;2005-02-07
00b7c327b5b1a2750ae509209d687d281fce1f1bd9b4e24d1d37ea5409ba6529;9979;Automotive;385831;2000-08-09
9e43428ad99fdaf9d01b151c2946afe4ae2789e65b47ca7bc616a881fe8be929;8269;Health;272816;2010-12-18
7d1853f86ebb537820f0edf06f45488094820b1e9eb5e032dddf2418310d02a3;5172;Health;413517;2004-10-18
2fd710ffb8363714e60277000a246da4c04bfa4b8961c21ef92e5f0ad71af005;7068;Automotive;200497;2008-06-09
9c4e748f64affc4f82e7ff2fbccb5590aba92a826cebe930ace505095f977b92;5874;Automotive;663826;2013-12-15
6ecf9cd82b7c56fcf13ac08d3fc73a675e01add81b299df9134b7616eef37cde;147;Life;131658;2001-03-22
740ad68afe04f023ae6a6f00f02b7ad5ce3d7ae53d1296e21d2df8599aaff05c;1509;Life;684888;2018-05-14
7c2f450e2bb8d6af73abcb21816b9687c87053f9df27147ec3ec05f3ac1b2a69;9974;Automotive;36196;2003-01-15
da35f8d3fbacc020f44f1ec3c0d0daf7927c23deecb4f228cbf0729bbc2063e0;3334;Life;889272;2013-08-05
528e169141674c198864959b166dc7bcd3f98a991949c2e205f77057f38d873c;3970;Automotive;160971;2016-11-11
a0b39d5f7551686dfcc2c2e48e0c0da733910f0833b2551d8235bccbd59722bb;1535;Property;961047;2000-06-09
2534ce669b672450e7a2529577f50c8b6a8520241a54e28c5f9a4307b6418607;8303;Property;900964;2018-02-23
266d3b3f2669ae50973b9428ff72a2aa98adf6f3f5a9587d3599b063966168b3;3581;Property;898715;2017-08-04
2cd839d176d88309a6e93e3e40f1cc722f6c30f75d76dd4dfc3b29d693c80f9c;9326;Automotive;232318;2003-09-10
e6474c6f231742dd38b9375c76b7a73e142edfef744e361ad0f0af8fbea35d71;8684;Life;296678;2012-06-25
fa5b1adf8c554ca93eb877f6c1e3669eed72045d9fdc24fe15d98e078f4d8f7e;572;Automotive;959199;2004-08-06
fe24ce961efab3c2bb3bab30ed6c03d37acb63cd591c3f8840cdf54d7f33f5ed;5435;Health;453088;2014-08-12
9e52d945567fc2749750a53bbe2da6833def7d5b7b41c7f5039cb8feb135c3d8;3620;Health;659236;2020-11-05
2cb025f76b604b5642149ca8fabc6aef6644b66236683fd58ef03f31e6cc8253;9217;Property;921194;2005-01-25
e384ccf72206ae5cbeea126c3c8afef6afcc68eec541697f483aa93f64212bbf;5016;Property;96935;2010-05-04
bcfd7b8750ed1da16e52abddd3f7b580c0d5dcb6d49f2959b94a5cff20655499;6136;Life;980993;2002-12-06
c3c5882797b3706e76061328da37d373e8ea34134811e99abbde59bfcdab1d5f;4551;Automotive;773278;2015-06-12
9a284a0d2dca98ed1613d89706f5f9326ac6269f698a2f4ee09f47cc4f8fd14f;1184;Health;731610;2001-02-22
7a5c71e38f526ffa6df9ae8919dc0e402901875ccc68799dc05c2f196d7bfaa6;633;Automotive;586097;2016-07-01
7dd4ad31871da8bf019b13e6b834b029a7ff71bed6e29404f3f0c01ce1056782;1469;Automotive;128020;2015-02-16
66515671229ed86c714eb796674cfd0a0b438cba67b872086b08385b1156d50a;9286;Automotive;43516;2000-07-07
41f7d92608fab902cede9099803e73ef19fb128fcd1ac798a4da16aeff9d8541;2655;Health;515175;2008-04-19
81616432e2066b0473d388b7e973981382e2c35ddb166c4c027e7e927b2657d9;1283;Automotive;590033;2015-05-06
dbaa9f6767134471208ed88df68949b23412ef81b6306c1eea0546e05d1059f4;6738;Health;245864;2020-05-08
0071abeab3457dd0f455f2050927ea099d5e5f53a2befbae37be1ec4ecd23b65;719;Property;747877;2016-04-18
e782cd635a34c3db4476d513962a7b196adfced96764b683635ac15c7b190abf;476;Automotive;308949;2016-12-09
5986275b93bb220507378f47cf5cc68c08b6a7ad05ebb9a27836faf2f87a476d;1042;Life;787016;2007-07-12
b294f437859a3c1cbb0ab28b0049f485e8393cfef9ecfcf221ec5371a5b09545;5481;Automotive;805456;2013-08-01
78e600467488b8fefa484411135bbfcd6d4393fa4eb6745c43f0d0333c5f62d8;9808;Property;220551;2018-10-07
da1bb158876835018178df8e30360028deec93c8ef2d43862dc78c13b0912bf5;2645;Automotive;837525;2008-07-23
a3280feee96083398450eaec30a3eff7f69bd04410494b71eef852b14053d726;423;Property;419358;2006-12-27
87ce1e89f2adbc0fcdad094aadc62b60a8ece5454a6654419bf9ddcc8ad9dbd1;5567;Property;810501;2005-12-22
ef1dfbaf249d3296a579e8d458458f93cd372ab57e3f0484c883fa4cbc111768;8114;Property;775923;2007-05-14
b25955ed3285e4a2e707e38144f1df9851108425e3b5b20f73e8b74231f4bba7;5716;Life;787206;2007-10-05
5039855481173d93daed60c046e745e797f67d7107ceb8d0be2ea263601ecd10;2493;Property;312591;2012-07-24
b55bdbe315eff46c69065f0577fe6f6b7d6c96479500cb7178483bf1d09e5ac3;3144;Life;29468;2017-04-05
babd47438e33fd1c58d9259006794431859b3ad401f2637f3cabf469064070df;1937;Health;352589;2023-11-28
dad2da33501d18f9ed2ccb7d7071fa92a66aed0ad3ff1fb56099860d7445fff0;2965;Health;105483;2017-02-17
cfc7cc128eccfe3c9d3cf8f7be31ca1153a2f6eb0a01b40f651671b7709e9b3a;1270;Life;559754;2009-10-19
8bc398adf3ad87cb269d4132a271ba1a21cbe5895d0a7a292cd3816ebd75a8c3;2494;Automotive;363866;2005-06-09
4baf4eb28f8572d96d6d500828ee3ba04ab4df8eeed5867b3ae37215c3ea0dc3;5187;Property;853999;2009-03-15
6b809ba683830fb86dc567c885d357b53084e795fd77d8164acb5ec4f42d6bd5;6549;Life;925178;2006-04-19
b2f9f96031105480c3c25ba59d7e01ec3412e08f88701e73c8d9714028c235e0;5184;Health;657623;2019-05-03
9510357d9da6ab8b8c22105f24d2c0867cc76dfcfa54c8cc9cce3dc071275f65;72;Automotive;388874;2006-06-08
a16bf1a33c788cdf5690cef53674d7d85718c18fbee8c9ca9d6dc2029871e79a;4231;Property;747669;2005-05-18
22ecc1533c38688a639a0fc723a1b1f42aae1fd9e03d4bc2a7c3d28fee109223;8476;Life;188221;2005-03-26
358a67455a8038f9897617b1236eb321caec09996283e6b470a08d2fd34b87c0;5990;Automotive;568217;2001-04-22
a8f2049adeb74c21d79607b9840ba2acb72a688adf384f303f9853efe915ae22;3006;Automotive;420694;2021-11-10
bf62cc0312b38fef12f1e7ee11a362ec2b2c063da7054ddeabcbe6bbf78cc021;8345;Automotive;375535;2013-02-16
53818cbc80178c5d9b649d780e064071c035bf5c0ee5920f37427fb52034805c;6251;Health;745068;2018-05-20
8c830202216ce5fabaf1491f98d6758dfc46702c694d39bceb91d229492130ef;9088;Life;120826;2002-02-23
db03f1236da0b557e8de962c9cc6e78e6b9d48e16085e37e14f398887f06a3a9;2613;Health;268702;2007-02-27
3acf6d7d913246ed9e04baedda02cc639695528c6b6d5656c1770c2f690b48b3;3273;Life;488087;2004-02-02
11a0de05edff712d23b4d0a6e6fb2ff549fcedda0e227c58e2a13d21d8cea4bf;3584;Property;346372;2008-12-23
74b9198b96d9c27af682e74642e9225dd9df3985565a19b42a01181b60856d8e;839;Automotive;186358;2002-12-25
8276e3568552a6877d01e34fd99fd1cf44aa9c2e85ecab4ce52f5c621a37e110;9157;Life;601234;2003-07-10
ca6913d60a02f59a1940acc6aa05d099f63dfdb744e55ac08012dfa3fb173773;5242;Health;892879;2013-09-09
4639254dc45234386c55cd1f6af37df84992ac1020974d93e1917c3c63155402;1820;Automotive;849222;2013-01-04
133605401e5bc77f1d096eee80fd4c3fd48997d5d5427b8b413dc9421e3313d5;860;Life;488339;2003-05-20
43c986b1124074fc8a6668a90a0fbf5256da9ed74f52437e3b54950df4fc1d31;6671;Automotive;698206;2003-02-20
05e9a20464da0eb62a81a29f5e0cba375a658e0c6959deed73c3f3223ed0c87e;3113;Automotive;552101;2016-03-20
f388fbcd088b484640970a45b241324cccb1e7a4f24e04a4428f6ca4b1945f91;1396;Automotive;9416;2000-12-22
fc6c94e7a19cf6a055bbb7eb136bc155c92f9aea27c5e12afeb1e126bebf3691;4806;Property;822274;2008-11-26
f20d07a155d32c096f8e79be224741f09f3bc290ff4b6bfcb006bba7cb94fda0;7710;Property;832655;2011-08-16
100064db5010da6be19adfb1fbd301c4c46d8c3ccffd03abe4b3d18c7009b026;2426;Life;131603;2022-02-22
096b02198fef81151a2e671dcca2836ef23221c46dcb5e65cd51e0860da5702f;7093;Property;908147;2020-04-04
784a69d56a260b1989255fb283f076736f0bef27533a462de45e610ac4385efc;6024;Property;105910;2000-09-14
ddfe4cd88b7f93ff3f6c2fae3f90cbae80092dda289c03396d293aabb7903bc5;6016;Health;41119;2020-06-17
83d21e50b757e79e41152510ca43a715ee5a5e231fb5cc3ff5a30600680ef91d;9956;Health;338960;2011-08-19
b2402d5db0a9a5488ca80486773fde9f11c4de394dfd648983b122e7a5f235fb;3769;Property;328729;2006-02-08
66205f6499a5573c0a8253501eb715a1cbb537351b04dbdde7fd38a2b7c1e0b8;3011;Property;548544;2018-03-09
01411ce629dbfae7327dcd47d0434d064cdddbd885fb61f2b1ac6e825b5e8b24;9141;Property;270219;2015-10-14
ca8ebfbde9e1a1b7d095e9a7f0f0cde74c7b4c516663fec3f84381e7699b3830;7737;Health;589924;2021-05-24
c92a846dabf48d3cae8757b7c8676d9728d1e93aee03bfe689086ddfa97bb98e;3204;Life;752906;2023-09-08
4d8cdbddff1bcdd40b6226edc725eab361309fc114a76c731126b9f8458aa646;4978;Life;606321;2009-06-21
1920e9c219c501bf27152405e34582118587ea6812bfe29b910ab3923d5eb286;3501;Health;531343;2003-02-10
824d2c9043ab01ac952527aeabf40cefec2452f7b0be7adc364dcf697ccc0b18;5398;Health;44584;2013-05-09
28609b18f72a6563729050bb62869cf2e197e4ad4f5c9309976b6dcecbd24a45;5687;Life;719082;2009-04-08
8f270d65faffe33bc4019a26bb7d1899e7215939a3f17864e6b8fdf28db78321;7904;Automotive;384267;2008-09-23
a609773aab830355bd4876ee364d367ac78c206b5e2a1cd73bc34bfbdce57d59;4250;Property;975712;2018-11-27
4b082ab23f04b71c12170b3724dc3592f500b534045e20d752c8905bb9c981b0;3675;Life;445187;2004-04-16
8f29c6266c4eb9e6724929dc24506b169f97960551423a459aefab6240290be8;4740;Property;847930;2012-02-28
951d1282ba747c7f1ec2089d64be24a3479ba9c3587c7c582d4ace50fcbb5cbe;8400;Automotive;38333;2003-12-22
ac480731b6eef32a10d0a4543f603e61759fec14d2c78396f905908330031cb8;6465;Life;545080;2007-09-05
b7c43a4c192f6055a5bca0324956d4ab26b903d085021bc46e203863ff8db689;888;Health;500797;2012-11-14
6315caf0d2a8fa98c5201775c4a47122d24bdc55ac41753ca26d38a2ef38da49;3092;Automotive;964168;2012-02-01
4b6825490a63c5d6347ed543b50b25c66b6c2a45847092bc32bf071d05169727;6286;Property;329519;2022-04-20
16d9dc43bde611f99268a36808cd48079b95328f0bfa4ebae7783e4385958ab2;3252;Property;19204;2018-05-13
e6832b0a84422834e3571c5ca2f008fb746bdbc467bf66788843fd7ce9417c68;4175;Automotive;207729;2012-09-18
9ffc519d3787c96636ff471cee3154e84b23309c4b6aa85273adb5831b8fed28;5816;Life;753307;2008-08-03
790ecfc4c5ff32b8b0b8d2a1714104d76464d9dd11fcf55a3930834ea1802e82;6971;Automotive;26507;2004-04-15
2e2bd05bf8e6c2b330ad2cbbca61165b811210df3fe40e49aa81b0f204e0e27f;2617;Automotive;86655;2006-12-21
b492161ec9ec1d388fd988aa981810c250e85b319205c05d3f7af487e09258f4;1554;Property;913071;2002-10-20
ee365d1c4bce0c010c934f68e9dd81f5c910cffdc9070c570b677dcf7a972638;9584;Automotive;630497;2020-02-16
b277f53666236437a82a9c45d5129a98529f57a499c9801390ec1e30619da200;2562;Automotive;367686;2006-08-09
8243b0f3102b10148d9cb7e239ac4e0cbf67fa2835f30632880b8e2f557db772;341;Health;312288;2010-12-13
1f4d882723488a62b3d01796bbd888dd701db19f8dfacc02790296356e861ccc;8991;Life;493593;2020-11-04
439cb58eb36c2ce0bdc83ff9abd8625d268889d3d79f756c632e1d21c379b38a;8704;Life;138815;2020-05-20
179742ec4dc093d97600dd1780628f5bd761b7749c48c7a326ee0a748f5e5de2;8829;Property;868145;2021-06-25
d028ccd5be0649cbd4d2aa77ace222e5aeb9c4cc268bf55ce4d5ff5bfd68a548;5771;Property;90743;2013-06-12
dc2fb08d351d551e71a19f01df870b8435663c2cc8ca9109d4c434d1d14cd9f5;7131;Health;689847;2010-06-02
3c616233d4396ef9161c8de4d6b183e74031039ebd670907df518da3c4304966;102;Health;855714;2021-01-11
71b63e4c5b3a5ab880b3d0ca6253599c1130abc568d14ea6ddaef9147aeb87a7;7472;Health;995659;2016-11-05
eb44994107c5440eb1903133dacff85aec782b2ff3251d5a96d383342e7348c6;4446;Automotive;857853;2015-02-21
4c30d70535e990bfb103c0ff777cfa65680d42d32ad0beb5d2e95b49b8486bc7;1099;Property;798164;2010-01-21
268a87c7ea9c98f1beedce84d9005d3a1682c4f7883989394de7a01aa7f46bb6;7753;Automotive;519078;2003-04-13
4640173fed29e53cc8faa1d710ef8dfa7c87940e2e443fdbf63a402fbea01190;551;Health;866274;2021-11-12
7aca1cd8c91edb837b133dae3c421f1b2f79fd50b981cb8f3e81f6e67377633b;4;Health;701164;2001-01-16
15f596609ca1b9a900459bed266a429b306e250b06802fc179bbba40a391a931;9008;Automotive;227284;2002-03-04
e6406781e4645b107f28e57e4f9e8b20fad19017e8fb5fc37b1c7775615c2b71;1460;Health;237483;2000-10-21
13ab284f4f75523f54538247776a5339ff407e801d7dd945ae81f03d96a76352;1819;Life;649897;2002-08-08
a4c5e9edb15797e083c62807399311bd28565d5f7c273c4f14279ac8df234b01;5147;Property;561321;2004-02-22
be20eb894dfe24378dfaa0a2a7097ed29fda847134c91fef044ae1fe0d495cbe;928;Automotive;703569;2021-03-21
f7592ad4bc568fd0780f083a6fe9b43ed8c2b68817bc94185af1a1d92d794768;4980;Automotive;468170;2010-07-06
055c3682cd388b739afd23ce70da94d7db3f238c9ed32d53bc29049c64359d7c;9635;Automotive;562903;2016-05-16
840a73e30d291c92b168e8f13698090bef3b113f6d0b69a7b70fd680cde8b984;7344;Automotive;824508;2022-09-05
e2394399b06c2fb7c33ae901ec7b2b7b8cb1c1fb5f68f1ad71dfbf64ef701869;9627;Health;12123;2001-01-15
a6e45d1eca3ce495d307ecb8d7fb1b33b82e65fdd1400ba0d870fec03ade5c38;7796;Health;59099;2013-09-16
6c5b90af469efb0185e298615208ec854a2ea8764ec3f7fb1b382fa679749770;6220;Health;459919;2021-03-09
b753fa59d8c216227b98a352748b463a87b9f2845be98a64576a2a779019be85;9359;Property;830372;2020-08-18
94bcd6f9a717cecf7fda0fe823768d657187b2f3b2195967471f92d6c04764d9;2442;Property;139550;2002-02-16
749a6f61e11202aca728e0366a6bd817d24aed56119c11afa43726a242cbd3d3;2530;Automotive;928595;2016-03-28
ed465975d8274070e6b0f6e0e5330847ad272ab637f82de84e3bad1aebaa2939;4633;Life;245800;2005-06-09
584f239cbea936f35e590e53f8d94a8c6dd994ca311f60c13b11d71ab0c250c5;7221;Health;145114;2017-07-11
08053c7e875ad103abd90cf3248e261370b3975b6f599f6d57157167835bc953;1302;Life;93013;2001-03-12
e172ffda5e0e67ba1a54c4bc9637505482968e9f0edc47c697d11c342d18c798;9280;Property;46745;2015-07-05
4b9b5b0a597c89b49588cd35d9e1e5b97754468ab0f7cfcf1f81f17bb4c6e7fc;9615;Automotive;73511;2011-06-24
cfbbe98c3c39542c2a52b0a1d69aec76ed96c0a5f033cd7699430438e0bc961c;5410;Property;949355;2012-10-03
a8901a79ef77ea10feb73f8ce696bce41558943c3e307945b8bb92213619d593;9336;Life;808265;2009-09-22
a2fc93fa1c9f1365ea3332d9e2292436c833a228582cb9cb538dfff268090899;9129;Property;553175;2012-02-17
28cb5a47b4a11b36cde49d83cb9f07a8fdac037c3ae813fe7442543da910451a;1051;Life;11467;2020-10-03
556872de2bc0902de34096e608c4545e4b2be1357d08d9607c2c305c8b79f48c;4876;Health;899598;2011-03-23
b3243f55794697584cd923a209fbb31409d7802e24824ff530f5f249bdc1e034;2921;Property;633096;2008-04-24
cc1708f969163058e6470cd3402fd9d058d117f3adc0ffd65936579dc4f8be51;6866;Automotive;599651;2003-08-02
78af8d074aed86625e98b01ec80ce29ba48e5bab043cd0b9e57d92327a822581;7960;Property;140793;2003-06-11
a1b89591c5c9546f7f4b6277e32e433d265905df6f6f98bcdbb8c3815c011106;7018;Property;698282;2018-04-16
b2a064e053f563449f4a071c2fe092e7dedfe2b8ec5832116229f7e58f9e68b3;3730;Property;48623;2014-09-20
5800b0f5f07b83c37b751fc62d6c489651d5d8806514c47c9261adcb535a440c;2751;Property;707358;2017-10-04
0d52b25d1cf686d39d79611509adab1124cf4f54d3233242572579f9d0fcbe90;2122;Life;936067;2000-07-16
dde60ce706abdf2a70f196ecb801797c72de14c653317cd15e56238f49262c11;2251;Automotive;664352;2007-02-22
81605061a32e7e8e7f0bc45c05cd5cd8fe7755e9fbab316f737fe8715d872f43;5337;Property;222611;2019-04-17
484a318cf13d8071d4863b2d74a16da6f1a1910cc3b3ae1e566b266ced0b2882;3988;Property;192091;2018-04-07
b9bcc4d5d1400aa64e8d7d4d099fb65ac8ac97ab1c6f5b730170055ee19270a0;4526;Property;864742;2021-03-03
903302dc56da124eb174398b2c857fb5c684966fdf53c999327cf14a16f8274f;4340;Life;193642;2019-11-12
fd7e20a51c776761f342f931bd75715ddd2a2610590b54264a1e04847b27f9ed;557;Life;624808;2004-12-28
82a0e90e4ab39b138c2eef36dd843775792e097db35300ab1842e54e4272fcbc;1013;Automotive;417582;2011-08-17
6ed9e38ba9deaa2b9416840847daa3be1e20b5ab087c913d34af657f63b09431;6637;Property;111760;2021-06-20
0a44e895502f093a8210aada218d9bd9e9256ca4c11d00bfb3898c5979d9b15a;8008;Property;872310;2000-05-04
8fb2e30a0721c578276cc646dcd059e99b70d64bec7ee5746e7445cb3ddc4da3;6232;Automotive;439800;2012-06-28
10cc5803bc038a9478061995bff1cb19910fa283cc7374ec8be0da155c576749;9460;Automotive;42974;2004-07-26
4f42804694efaf39cf79218879693e6fbdcff2e9991b97cf347c13914eb40072;5222;Health;123137;2004-02-11
ad7d8ea8e4fa5ee7f5aabd622fe16e188524f961d73ce671b35a440abcd842ef;2264;Health;44624;2021-05-26
8eae00795cc7b98d8f14984f04448f54024856adfa2e0ee7122dff6057b46ac4;5725;Life;313419;2023-04-05
0a8e216586a215999eed51ecf2157b9ab3e5d852d7948116b06413f1919261a4;2301;Life;55728;2004-09-07
3f2622a4ec7354750e7811d51e8b5557f8e366c521d678fe0ac87df261d721a0;2156;Health;528436;2011-08-02
7b41e4d56b096676eb62fb364ef58a3da9515cf10132017cd01f6fd2f5141eaa;5980;Property;456428;2011-09-22
708162670e02e6fbcaa0d0dd2feeed53c23548b69b364d81181b07956d9eba32;9698;Property;870985;2001-02-24
216484697327f42308dc8dfaeb8cf6486f6fd1bf94305953ec5817939827739f;3859;Life;312824;2016-07-07
c3f576b21e912be1bfaeef7e82cb494a7e113f966f2b5a30a16b937386bcf52c;3857;Health;94583;2009-02-18
77c627a84bd86c958411ceac99307e1cdae921ff408337cee2be8dbc305b6370;8833;Life;862353;2006-07-23
6c3d5bcb22f5e0e21a319d987ace18bb6017433e609653be8c7e4501f6d20b71;9029;Life;60885;2007-05-07
9069928d9aa818e811c9840892acf213ff387b0e8015141fbb5186674b02d558;1588;Automotive;689791;2005-09-07
37af5cb6b5b63c58bace2ecae1506ba807c4e4b62d4bb47743500a0e67e9c7c2;7900;Automotive;569433;2006-08-26
bb795dc2eba26ff8096e46b6f9a91980124e927a6c06d983847825d573c7c228;5700;Health;962216;2022-01-08
be66f7351d3d8f26230f9184ef449c0fc8b0a9153d3a03fedf8476ba9056cee2;5039;Health;871078;2021-01-27
cc2334e970a735eb7b408e2cdc92f3ea601e8dc9e5da1448d55e46061224f4fe;2189;Health;686984;2007-10-06
e3d09a85c8787cbc61204b3fcc664091ec833a2c15e1d2656ebf926e24f815bd;4260;Automotive;254210;2002-08-07
bba29f778e522c4f0780286c6d0344fa254088c96923185f1721ff9ed9e70106;3686;Automotive;893891;2017-02-01
1276ada67aa81beeadf0d17bf89dd9175580be6bb2cb590581cb06bf1b51b973;1009;Health;736635;2018-08-10
217536de8d8a6bbfe42269c7135515c6bdac59fb8cc809a7d16f957eba024fa7;4900;Life;716142;2011-09-26
f04dd44cd10418a4b78475222d1656c1e6dffbf7d9a639b872338a0273c12d5c;5840;Automotive;907828;2007-05-19
a28995da3e3b3de5b804a51ff13534f594b5e9f12f640fe8b34d0a465d0f5d83;7701;Property;192667;2011-09-08
56dd8331ead9047fbba03e4d63e20a1a9a7c61788f8904608a9ba611fc590d5a;1539;Property;289060;2002-09-14
6c8c8a021d5c035dcf95ded2c7513bcbb86bb858581cfca400c6fc37f7a92ecc;8896;Automotive;642193;2012-07-27
87d7654952d1dce3ef46d182e0cfaf6da2b10ed06df6d278230a1f32033b2588;9735;Life;44933;2012-09-17
4382246339a70425e8b8a03f83559478036e68a0773242c57f470c798393f043;1303;Health;241605;2008-08-01
05e0292279b400c6ea2ce111c01b4b2d3d6c3e16e74d9cb5bf3009d51fae886f;5110;Health;753426;2003-10-20
2f86697449ab2544e806befc43ff6e5a68177820036d78dc5045abf1c8751252;8580;Health;325247;2020-11-02
b118fb229f37ad3ad388b31515895884e1d7332d45df650e1c154235e4a386f2;8744;Health;800751;2003-06-22
b173456a6a8b272abdc423b55a63e8313a908120f1eec0f513350d0d3a319b28;1821;Life;128660;2018-03-03
c91afe48740b1b052d6dd2690962837cc0618de63d88586d16345806c4a13bd8;9904;Property;177599;2017-03-22
3de0c80f663ba3764ffe8b7f342dddd59ad47dfefe518153d3ecdd66b4f07010;4447;Life;621517;2004-06-07
f3c6e479c8a02eab27a4887f11ae94efae6a5aa1291a6817e3569f0bde60345e;8861;Health;4532;2018-05-02
f99dfedc429ccd684d17bed62fd72590d2ca90195f95b9acb9f9a505c28ba40f;4686;Property;869042;2010-03-13
0f367b391bd545a0ec877d38f003e6574426d4d1f1bd105fac1f92c5b86898b8;1953;Automotive;637021;2004-01-24
9fc388fd452eab9f61b7df6935f3210f207014afc1ec4dfaefb697f8f7cc8081;6340;Life;541212;2011-05-21
417a11c7b29cdd84764eed0a337e459b8cf65bac89c6a06265422f7be13a771f;3193;Life;39368;2018-02-09
be70ea4977b3bb011a78844cac824f49e181b6d4122429d41c1ae7c02c614bb1;993;Life;164884;2002-09-02
4bdc968826a4c867c43719fb5118ae5c3e2fce5640542d03b0791fc3724483e1;1347;Life;162357;2002-06-17
bfa3878b32745fc1c2d5cb49a40db986061ec2d212f36ca6dae665b2dc555297;6038;Property;26333;2015-01-10
c88e651587a499d3b3df98dab3cfa1f943d5c998e4b2afbaa6cbc24ebcaa964f;1978;Life;887916;2005-06-11
c495b9942ac3f873959990f1c7005116b2acf37f0a849647ed55ee43814bffd8;8422;Property;588132;2007-01-25
17dc72e474dae60413d7a31ee16d4370369d577afd1da895d5e2e3ba762bc482;5924;Automotive;925052;2019-02-17
058ab9a0adb3c48825290b49641e7c79a6ffa88b315e1ba582d5491f815933c9;5784;Property;301644;2004-04-25
20ea8e69e74302f92ca51a7403e23fc25b94167bcc2caac07ee50147a5eba837;6104;Property;19813;2000-03-18
e42ea2e1cb8c13ee91e4b461468f4a9c42de7f311e7bec605fbc020a2d735a5d;144;Health;441464;2022-05-13
0d8c93332861f2965c32584bce504e358abed8b8dc434315d02d70507bb8f377;8445;Health;116023;2018-09-14
dcf16940b0cac2ecd83405943786118dc96ad64a5dd159e07e76d1431286c7cb;3047;Health;741191;2021-07-19
131d9c9b3bb8f4e37aa74752f4ec8a0996f466bd903bc3f8c7821e69416604c9;4841;Property;270477;2015-07-09
9f492e139f473abd54256d24c9129a70a2af00bdec36c982382bed1e26ec2183;4364;Health;923065;2007-10-25
7ab89381f6bce2a380a9a8313b641b3ce6714f7fe5f7199bec7a477fc057f858;8943;Automotive;879146;2006-11-09
a6f052c1c313c874b12df1a00b801404274de71bf869bc7bed34a1934e888a37;6732;Health;902001;2017-10-19
096c1e2a0aae287703f262a9cf47ae11d0b3c5b5eb895279e9d4425fa784db60;8707;Health;416908;2007-02-15
0097267b833e2e6641d9de1dc0c74d4489b37ebd00a10a4ba39a61f38ddc0363;7480;Property;138045;2013-03-23
f7b9f4aa6008d147771a3921e1d75f2c9fb42ff1bc636aeee9a647d59af2384f;2869;Property;962587;2020-11-26
59d92f1907f330332f319a614ab298760dc7013b6ad459b5795978de20e52aa6;417;Automotive;601195;2012-11-08
94a9e64ebd405ca7bd06583c968fe4dc027a492a2e21aa308ba68fe53fb89804;9257;Automotive;509973;2014-02-05
8946a5894d4a271d4e8d0c632e08711010ae61c7a7f2e8850c5b2c7eabefe839;7101;Health;689564;2016-11-21
888e9c2e5c67e9c13fac277aff0b1db6f003936f5d8f119db748501f9aeca932;7769;Automotive;395670;2013-01-22
a3bcad1cdc77b8ae4fb29412633c79383f2e3cc1fa8782fbe51a64ab99fab871;4682;Property;234538;2023-08-26
ff1ee640342414102a5b94335dfa8ed82f865b88b5ecbe26bdb3bd6c17c83709;4378;Health;70985;2005-08-20
13dec33dfe5894a3072b2227e7c81215336d8235c0a72f819b10ab3e641c103a;1071;Health;380416;2003-08-20
44e47831c011aba7f3e60f1d1db8222ea6dcdf08f32199ad1b9315094978d087;6536;Automotive;619669;2011-09-18
a4788740345eb015348b2c6f220aee6205a4717da6afc4b7ee7b98f0f110eefd;5834;Property;967078;2023-07-15
239f9ed8222d92ae00619cda12a8bbaa92366cf29c207e74023d67d2a1cf99ef;6129;Health;317521;2020-12-03
8399452604eb5da1cc9300945a7b7ef365044f73a5207d81f19ea3a74fd62268;859;Life;134488;2010-02-18
a17c56ffcde95e16d16059d7cf14adde92dd0cd745204a0297f5a00928d8bbc7;7400;Property;716461;2014-09-05
bb0570224ec2fa6e983b8ebab9aa09f808aa1c7676f6951c6223a0f5118f4669;1876;Life;671748;2006-04-24
a432cf54cfa8ab33b98e8a8c8a6854ba4cefeeddc38e0e237047a62e03c535af;530;Automotive;288283;2016-02-22
ade31cca4e1f2aa5b78d652885c67399734bc1e0b6afb3e91ad484fd37ee4ac3;8365;Health;966354;2018-12-14
5fe93e1e0cddb4a5c82e44d87ed0ef61c4b16e0576cf15a88ae1f5e28dcffa37;6845;Health;938923;2009-04-08
87997a71212c9302bf932c5316e0d0ddaa8756a1244034f94b094e429713df7d;9918;Automotive;59456;2018-03-11
29a522c1beff21cc3ef21930946ca6ad56fb8e1a962764f8a65b8ecd02ebf61b;7669;Automotive;674147;2002-04-19
cdee7c6fa791bea62fd41a505926563d0576e78bc5958ace0dca60f4cb5d0633;8195;Automotive;793149;2023-04-25
51458659172d46a67319dae04f046a4fbf361e538e0ea29ab47e35f6ae0248af;8563;Property;375891;2013-01-17
a5f0d8e41e3d09711ac10a93881d4888fd1d2b8bd3634692bf83de0f2617b14c;2743;Life;149968;2001-01-27
3838c524d81220216ec973dcb14fad919a477753252da197b6b626e37b8bf774;9486;Life;740040;2021-03-15
6d01c7f17b858a0884f2df1ee2de388296ca16bb22463a1b9d4aee82c1a81145;7332;Automotive;440244;2011-09-17
83330deb9eca2b605021fe1bdeabade7f35e3b75c9a205f62241e93df6ac7557;2981;Life;876997;2015-06-18
d47b63c45d74897df7ca7c41e638c5043243878206dd63342867a33717bc513d;5922;Life;691914;2023-09-13
27fc30cc1aa6ebf57e52712264cb7daee0aa98e856e71397b9f933bc50298858;2576;Health;795521;2020-03-25
fea41beed42ac123a56a890892902f8378da6193fcfe04469ee2708a7711d6a9;8316;Health;215905;2001-08-19
2cd7a0b948d1c7ff528448c1a7e7148f11ea51886e80eab4d01b3192aab2d581;9689;Life;565572;2022-03-03
7dbb5079f0b8827a590f8df562355e1d72a735a0bb88ef04d3329459feef0ae9;9671;Property;727894;2009-09-27
8b3d56f2b9901a4266765f4a69ae0c15bd211b50342573dc33dff13013100925;2709;Property;980844;2014-06-11
e9dbac526b56e02c2c5649cfe0d67e327e245e6902c01c8f3d7e717c87500ad8;4032;Property;325660;2016-07-09
2d742c3b2ed946667e7268103afa9b08e8291cae88ad9a06616036a50c6bf108;7254;Automotive;874295;2011-07-20
acc7e07a434061b5e57434b25f9531d0c08ac95ee12e8e283636a4ef3cae7a44;1570;Automotive;395779;2017-06-28
a2c603896c148ce8113f59dbefcac5a0180906bee385e30522fb8a28f845d839;395;Property;340029;2016-02-01
3508abb7dfef49def9786ae8f6e36ab2d97030f763201e92663cda1d5f5d72f5;7177;Life;354605;2001-04-05
477fd15b4afe930d2bc6d03287ae9505bef28fb7df64dd99d30277d5b00fb771;4299;Life;734631;2020-09-14
022f5a45b779cba68270ab5168123bb0898e55785435ac0026fd7d02e50c17dc;9757;Automotive;315790;2013-06-04
25602295e05f48a736c387a250d2342be50882d1675e42cff2add7b96ab5629d;7010;Health;663345;2006-12-22
2aae4c033f622987ef2c49b31faed8b0faccd50ac6cacdba6d31b069dfecf58c;9975;Automotive;647758;2011-03-17
e77de8ead6918db3aa220fbbdb56fc51c14b7c2d24477f9063284d136c377501;4646;Property;647251;2015-12-24
0b510539621bc38615262b68c402bf3a7f5d60cacd321ed723dcbfab9eb3006f;4758;Life;408805;2011-06-21
7bc86f8b4b54f5863ad362a69262c6a6abd1915e4926035bf00093372c0c1112;32;Property;125781;2019-12-06
f2e054ba86729e4485e2a9c43284e242b0d922576a3f06125bc3689737d97f1a;7190;Automotive;214716;2023-06-21
5bcc4bef8a997eba3d779fcb5722c2919405ef115c966f6c76d7527098cd58db;3700;Automotive;205511;2007-10-04
b3ec707e4c13eb8e7d88a35660b0326a539c4a918a4962dfff6dcfe42244ab45;45;Health;455004;2019-11-26
586fcd8b58024e0c98e54e04ba9d6c34f92e1fe9dd4c6117369f7c76058d0471;6398;Health;447238;2007-10-01
5ed0fe289ced6a38f62b26c3de58e452c21e6217721093e107d3e2c73f256283;3914;Life;592761;2011-05-25
988b8265580c52986aeeb43137463a5cf1aa08b8afc08d44a355bd0595386e23;120;Property;915079;2009-04-23
871f00c2d8c750ff360aec49169c7bc12513ec2ac53bd7f484fbf83dd85bad7f;8686;Automotive;312221;2007-03-12
e2b2a2520867c2f0c7fb58269543bd34be1fa109db59529f2c010f41941aa8b9;5735;Automotive;614143;2017-12-03
b98c4a7aa9bc49183196e930114b65d604af283f878df729dffc6eeffdf5484b;100;Property;813573;2016-02-20
0aa71f14136fbde4e64a4d86dc79b8e077f9c07a9549f7b59854402b7ee2b1ab;1656;Health;290935;2001-08-19
65c1c8de1704e2505bcaab15b1a8b72c67bb7504c075b7118e6cdd4b1435472e;3498;Health;261735;2008-05-15
0d84f925e7cda20bbe43f5de01f31a6eed1b719bdefe512c88ea30d0dc92bfcb;5819;Health;61447;2004-10-11
e3e7983eac8675a13f0d672de8d91fc152e484364b9d6d323c76d6d7e32b43aa;4449;Health;450894;2005-03-01
7f527b4579de8c27acdd6292eaae4d3e28885fe65c703d6495dbc347af8b268e;1135;Life;561705;2015-11-27
81f340270624faeee491100cab2c6f34dc66b629920d9a9af4dc9c0ac2c4dcd6;6062;Life;303078;2007-04-28
5d341613416d18657a5c629775beacee7b6d11de8311d75834e41a9a6ac8e2ee;7999;Automotive;809504;2002-11-08
cd9edc3795957b2124ecf0fa019c9743df8ea976f0beba115030359b3de072dc;5711;Life;46526;2022-02-07
69b569ead29a5751101360a8041b48a3bb6fb5a40ce879e583f15c72ff9eb686;4508;Automotive;266067;2022-07-17
70579b93e2d436911fa9e021e1d2b5627405bdf3dff53a27f072937dbb09941f;9092;Property;893450;2012-05-28
36012f0da735d549722e362245adadca59bd1a763dff9e9f0f2e145b43fc1e26;5941;Health;653416;2022-06-02
7f3990cfa04a93ca402798771182dc1bdbc01c7d52707e0bc47e7bd15f3b00a6;1230;Health;105502;2011-02-24
08d3f4a3214dbed98c85dd39e30ec7fcb3f3ca640216b2f9c7692fc22dc3966e;6216;Life;382596;2015-07-11
be9514cb63f68cd1c9da2fc60a49be0bccd6e52e43c7214a481ca61e4c5c4a0a;9063;Automotive;550642;2003-08-20
e3f97d2661ba2c284841c79135bda96170f390a6d11e6d7748e94851e098ee3e;4746;Life;109228;2013-07-14
73cc103a222305808c7e1048009496ecc753c4a195686fcb1e9faa1c5a8010bc;2877;Property;795424;2009-07-16
2537cf0519d16993dca877912f0234e0e2587f2df001413a2969a58214ad61f0;5176;Property;973697;2001-11-13
3267dbe6fe1a3cd3918117e2f200a74a17b0202662080662ce458092cbe61e8d;6845;Life;794798;2008-06-20
4e5f833f8eccafd7cbbcf5601f5e2c2f92e40bc6a9a571a877fc8fa36900f156;6333;Health;739928;2023-06-15
c8118ecd6fe7332ca9bc2ea6e43355472480016220aa4c8e70853aaca8159cfd;8762;Life;147682;2018-02-19
5a8e8a82efed6cbdb6e448adc586df651d56f42e37f7de9b69e21411a2ae07b3;8268;Health;373686;2022-11-19
ed9de555300fe54e2e4c8a3308f8f5666943b8ba27abbc58d0bfbde3bc04ce6c;8898;Property;136810;2016-03-21
1f68ad8b928031cac1eca90ba6b5cbd2c1e94e9dbe58df9a45172193e3bb435b;1160;Automotive;995395;2000-03-12
0931088e83177d085eaf17ac07d5284b04c4d348571cf982051692f9f65b7cd5;6083;Property;509569;2012-08-04
e7d5ee3508b4420019f051cb537a2ce2aa206922b340e9c8f871473ddee30dcf;6470;Life;693164;2010-09-26
31511a807b07012e8f6b9a981c10d56e2fc6ecc27d4a4bdbaa4e9d76e88c324d;9735;Automotive;663161;2022-03-11
276e26acd2410c1a55cb954a11454934319b1fdab4c79bc720ff359b2e403147;9678;Property;530493;2008-12-24
0470cc31c1ee6bebaca019ea8d231d98cb78428bed329f9dad4de08c5110c85d;4724;Property;247128;2018-02-06
ca3e3602302d33db7f2fd3771698d76cd44492560243049057dda21a9f81d5b1;9485;Property;953121;2002-11-10
7828e6b489f15fa7c552400b15ad9b51e018177e4928c6c4d8e7100dce9e9f8d;350;Life;522273;2015-07-14
ab7290c16dd0de4438299541b72cd41fbe23284bb3804b7ef58c27228991c196;4947;Automotive;312578;2017-08-03
0c40bb5079438e0d8d87268f5f67db5993de1721007885c5888b6504a833a08d;8064;Health;862607;2007-12-25
015ce122bfb5a79211117494f40ca1e76d169a8f15c1cf7a659ee86fb64d7fb6;4381;Property;975240;2016-09-10
be9f92f8e76637809cc917dfc9b52f4c78c5dc368b02ad1536fb5c1eefbb79de;8379;Property;290149;2019-03-01
2810f79a22c76161fe69e864aa4e85ce76c720c124e6f682256d177fb576459e;1309;Health;414758;2008-10-04
4b2f145aea70af92f4d27e29384941804b821d9a57fe38ffa967ebafed26422f;4361;Health;618547;2005-11-15
e1588182838e4d690885e94352d01fd3e46eb3eabb2ce672de6a5f66630ffc9d;9785;Health;184034;2004-08-12
42ba0896529333f7017f5da625a3c4ad64cbb0793c7a9dbfa9b13d1083db8194;9559;Life;20373;2003-05-10
efa0c628464e588997ee62aa92fdbfb8ab00c7d06423f11f3585e7584b7fc58a;8424;Automotive;931485;2018-01-21
7de2c5108c68e0551084f24047bb5ece219663daed347d4fd5c19c0c466d5ca5;7455;Property;694064;2010-08-15
7409be0cbf13c7430c620ff34933505e098b1e5460e15d8e4fdeeb71e49ae08a;7173;Health;59433;2014-09-07
7dfa7f4898625a046febc88a2012e7e2ba741c84ea9e6919001a5c8f0a49dc5b;5153;Automotive;480167;2003-05-18
794b67cf42503bb85269578c5e8f02365b62827c9671b50848f3b209c8e992c3;2236;Health;173470;2005-04-08
c879b6c8138377330ccb9ca7960b00405143a990fb1d6aa986a23a54d5914d5e;4693;Property;874351;2012-05-14
dff77c6f934ba0330b4a655651e299db17913c3a018f1675f9e242e740f9be24;4682;Property;723868;2004-09-09
b6a39aa6ba1d1903a1816b472db2a11df412b23e0bb7105d42706b448b562ed3;3434;Life;642214;2006-06-25
036085ca1ebff9d193180510a4fee42b6c264178a3d65e52fdf567f76b473653;8887;Life;582734;2001-06-16
f540a9c2224c717673375d7be8c0bfbfd0ae491960ac9bfc02443a8eddad5f5c;5899;Automotive;92396;2012-04-18
a60a025d20f0ba9e22c4e2d6aaf220e2f45aeacbd03294a4a62fb31c471f4b61;7879;Automotive;786762;2016-12-08
063bd0516dd82c7e705d87d255dfaeb2caa02360b39899078f95b8774585f7d2;2964;Life;100110;2010-02-09
b86efabbf47ba1b1bab864aedff4113bf2ed21995fd4def08565ff2cd691058e;6098;Automotive;449228;2005-11-08
08d915118d50cf2213335689f1a6f62258cf13eadaba45d9fe88c1df9d16647b;4366;Life;124798;2005-08-05
97c81e9a2f2119309af53c869ef5933bfb976d1008dd381f8860c90f7467f2be;1388;Life;522170;2018-02-12
8598bd260a3f3ad19f5762e0f4f1869b7c889520c30d693c3be1f9b7f8f39543;6146;Health;811126;2002-05-22
00eda497594a423e5e23ffaad9e952457c7019d454a48a7bf2ef189be7cbab6e;4200;Life;8184;2016-01-09
522c90c6c02d6ac5e72d637845ee6f89e321d2e303e36990478748f27b344bac;8586;Life;806709;2015-02-01
ecdea0bf4e61e17e1c029fe876386625401be6802d27149e3c013bf4d3472e2b;7057;Automotive;107341;2007-12-10
bc09cebe5008a4b3dd1d4ae0c86ed77e5a00572caa9cd633e285f0da38fa06e8;2916;Life;295362;2004-08-25
2c39adbcf76925f1b8e95bbfd793eb24c2f031c279163b97dab9f699dd87a23e;3727;Automotive;874932;2015-08-11
7f6412381628ef6f17c1c6c3a066353172834ecf6e0e14407e62700b5ee940a0;7559;Property;283917;2007-06-19
169570c7e9d08b8a71a155fd395187e94c63c548a6a8b6bbd4734446153f73fc;8407;Life;201746;2016-08-19
62559706a61693b16a3d5406b6f18b6d95e72d03d68b1d6bbb96df1cdf8e26fa;1221;Health;242891;2006-04-26
5bf7449fba3a0c85a243fa075801321152feeacfd5b3a3c7832b0524310229ec;3098;Life;541574;2010-05-19
bb72ec9abe54bc4aa013199ba0d16de594480f1058807dfcb3cfc873c9c8f83e;9380;Life;924472;2020-09-24
2aa9a7d22991c02a3135e272892890d7bfc81eddb7120bdb39e4af0dc50aab68;1193;Life;62682;2010-10-14
1a2676bcf9688d17a3177578c5fe73f904bf12122e21e54a5052e3b5688c7d68;9320;Property;701975;2001-07-17
da3b65c0478a1bc8e29e010f6268f5b07f9edf4f4f4e79abc7714a294e40775c;2292;Automotive;691397;2003-09-22
72e927710bfcd675a37c551d81f0d07d7b0b407a30032b0850c7aa887a3268b4;8182;Life;364853;2003-08-01
6ce2b428a81c789b771e55e95a8f9bf715cce0ad2bef24d1b9c68cffa6f73cc9;966;Life;439962;2013-02-21
03b59de2497779e784d2277f7f09b4e1de21dc256a0434240f97b89071136008;5265;Automotive;996375;2016-09-15
9b9ca41d11eff1d5ed01c979cb12f7a201077bb42fea47d7db53d11576383fee;8445;Life;783800;2014-02-04
e3c3f9c832eebac9dcd57e2f8b734bc752a09a54e7bab04e346b581ac6cfae78;9426;Automotive;763211;2010-12-02
04fd6f3001b9dc5e5bd3d1d11f18baa04ba9f1d4d00f8ef68ab61ac7604e2eab;87;Property;822086;2006-03-23
b49392c191b7ba969711760014d3321b1bb6ebecf75d6ee8bdafca824eb22473;8373;Property;266392;2010-11-11
baf28053857b207950274b6a5f31bb78960f48ccc48871890bfb5ee84401567f;8363;Health;774962;2013-05-18
496a75416feee8dbf0c802357758ba50a3152e74d31ee2b10b02b7b90b7527e6;1245;Automotive;112349;2003-04-11
5ace9ce16013e7daeb8ade71b263619df58e1d9b1ade472dcbd62120f6e6755e;1243;Property;890254;2023-05-24
4c8b3762c437adde0b105f1f0ef261a63a62fd30a697ba3582782598fa6bbb6c;3140;Health;498398;2010-04-18
600931881d9e16db7b1370f4d4fc3a6c2c1983c3e6b12ce47ad4fbc923802480;6017;Health;365919;2018-01-09
9486de0826a30266c62da579c0e1e51d11195a3d5d8755c405e27670081bd453;6242;Health;294100;2008-05-14
914e992b1ae5382c787ae0a47f91b344206e42468363707054555904fd798bf3;9629;Health;740328;2020-03-21
3eec4b811e5d8a72e912af7f77ff7bdce00fad1fd0b1fac3ba8728db4dc8f2f0;2844;Automotive;138016;2015-05-17
bf1d753ff0ad5bf6ad34cfe82267a8e9db9861f0e934f73eee54204f109c603c;186;Life;959172;2010-07-27
6e7020ff646e75fac2603fee0947c36f58c3c43e2aa269093fe64c9b919a3fd6;8407;Life;520106;2016-11-13
bbf58d3b653569c68401aab5288cde961ceb7d1a3f73a9a0e899c57120e92533;7520;Life;330895;2003-05-05
bcd9d3062f315a97cc24a2f92b9657dd0d2a3655f11efc3570328f5a7a9f953b;4665;Automotive;630289;2012-05-09
876f04be77dfc7c43356100c0a23396a51bc73a25e61be0f66e058d907d29b71;3066;Property;808418;2017-01-20
98c120210ac90d4f9a07fac123fbca29811b5f8e472df1f37d15b9e02b0821c8;1281;Property;603117;2013-05-22
727d52ff7a40ae2ef0cf803e0b905f54c848f63f3de212bbc20ea2e93f791bf5;2689;Property;358876;2020-09-16
efe89c281641f0c1cca262596cb052bd256cac8ac988f4a6fceaee4bdcb6da8b;4639;Life;692812;2006-01-17
385d0ffbc1619241d40d809e68ebf68fc4c4dd42136cf6403ccaf3af4bc900d1;5777;Health;453435;2015-08-15
4416181e510ef73cd87571aad8847aa7d93e03d20f8ec43d47f914abd78644df;1943;Automotive;151367;2004-10-03
0f77f1d78abf4da275b68e82f1fb57f91cce3cf2471ae9b41f3d77dbb26445fd;9944;Automotive;13690;2023-04-10
b21a2074e423d9b790a148abfa65af462c08d344275a4b27b8e1d3c3ec76e51f;8881;Health;46811;2007-08-06
7eec26c0624f16016bc5a5d24cf9b5f83fb18c026570273919e6d5ef1eac2744;6878;Automotive;748944;2018-03-24
17afc6eaf92edfd92d7e5accb70770df0d6f74a3ed4280461e1308a58edcb41b;7787;Health;571773;2009-07-08
cef57899a0d4bfebbce43a8f2868f17b67e863313170ebe2aedfc76c74db0323;608;Health;97638;2001-09-16
8701c14c7e7eafa5d9c12346f37ad56308898901289421f5f7ee5f11c27712cd;5612;Life;314268;2023-02-12
29afccc0b84c9383f3e27484e131c6cf25c64d89d072a9250b0c5aff3fbda9e1;8967;Automotive;170456;2022-03-05
5b57a60ae779c1dfab8d78a27b3e1385b16d3162bf3bbebbaf7a485800385e67;7385;Property;87406;2019-10-01
30fc6f1ed9732adedc39f6755f169761d781d7450fe28f5524c594ef89cad3a5;1118;Life;119955;2017-08-28
5d6e4e4a5461d66d750a41264e29e3f0f1d04505be8e876b54932ae043ee6d79;5341;Automotive;104644;2001-09-06
57bd501ffbd41e9e4553d3f2a7244407f84953caa5f9ca0c97e20a0258fdc9a3;2999;Life;84768;2009-05-17
a689e1320d5db80875be7b88ec7ff2bf15a9d1e17d123b5db71a187db6096e77;1924;Property;781051;2001-02-27
e36630a2406737e84c6438a5fd5f7cfb18220a6471674c3cc9092ce61bf9b024;8268;Automotive;925676;2021-03-08
18db7f5addf6516c041efda882d91960e197de9389aa40be44b089992ccc46b8;979;Life;587300;2016-12-16
f7b1b9dd9e8c992fa1170e405825e31b62f733c36c1be3ca19a95fccd9a44606;7756;Automotive;566253;2023-02-03
bd67478510cd73b2b89616aa67963d81c1ba27a5b5537c7e78e2ae08a305e6bb;9778;Property;697307;2010-04-26
327ec285977f1eb310031947bb9f555340615219d79b2190b184d9adb32d5cae;7525;Automotive;944558;2008-07-03
1c0f3a4208a8caf32e3f2c35ea1c21a4ffb6b383047b0b162b1b2ba97ee7e884;1416;Health;531106;2018-02-09
bf89107e0de3d267a9c98940d3639c37c65c8f796225011cbcc3c3bc6ce6b097;5014;Life;921006;2016-07-13
ed8a154468ca81f1f5905714428128c12c510f2d85f7361fc6ec3fb928d5ca2b;9623;Health;140236;2019-01-27
d8fd8347a417269b0131b831bebb0aa97d67a1cfaa2ebb72c6a89765c6a84f2c;916;Automotive;668825;2011-07-23
4fe2d6aeff4ee3b8f229732a2aab4db5a0a80bac62f02a096e1ad00723b663f2;4478;Life;914208;2023-11-12
fd5909f3499525c798a158591a49ff14ef2a676c785101e86b8091f65520017f;922;Automotive;608802;2022-04-24
6e378fec499f1d447b11bc44794ba6131c53325e4ee19e6732e415197319e847;1821;Automotive;353693;2011-11-05
a99008d110124fbaa4f7dd0b62b53274d5a56e4ea22b669f4ea107bf4467a50f;6982;Life;673995;2022-09-08
46e23606bd089aed80b9ec23706c1c094e65e881bde7dadae2448dd17aa073ef;3567;Life;989490;2007-09-16
95822b054aa5837c3b1a60528ffa0d6abf17eac361c15b2bd86e9f861f6a6dfa;6629;Property;923180;2004-04-05
a9a1a0f637416d224c8f438d190c021636b1ff3d374ca4c652b08b7521abf3d4;3928;Health;692211;2021-07-11
e655ee2a138fe61b81c7cf8eefefcb22383ee86bfdd0084b995f94d4a65adb52;4363;Health;270792;2014-02-15
555f18e5d5dc526103d6c5c7c851c2ad185c0a78e0a9230aadae012215bd60b7;9372;Property;250389;2004-04-23
691d170bedf58f232e537b35dae808a1448b804095e96229d2dc1c89c212f3ae;8435;Health;206577;2005-05-03
bb88287683e0d921be68d2664a316dbdf823c231382fea11384929a08ca51fcc;4092;Health;664402;2004-10-15
1f3dfbd4812bdb06566e56c73ec8024674a096ee16c7cda1649a72099a83c834;3036;Health;442148;2004-08-11
78f7f9ffb8b2031f5f4083e145db2d1a4a71d66fe68985905784db85d36ea07d;6601;Life;817253;2017-05-26
f8796eacb0e5f42de70e4cf60b1fc8872df0e4008a12feea859650452f382fa0;5959;Life;719332;2010-06-06
5eb000acc5e783f199ab6b43d337c53c96d3230cc7ba5095a3c9737a9e163ce7;7644;Health;757853;2006-01-20
a946ad1456b32aa10591a513ba5305c1e840b419c5c1253feb513f47a74fb198;2009;Life;143220;2019-12-07
981442abf76c9872941415598360aeefe42991e69e24bff2afc46b54570dd74c;9334;Property;578208;2012-06-21
330a9b82cbb89fb18db14a4c264776c423723362420b611631d796183a570b25;6926;Automotive;72538;2011-08-04
1f0d5b42e55a6414bfb1d6f215e3783307ca663b56cfd771693f087a23f0170c;843;Automotive;705130;2000-08-17
5e729032697cc5f29496b1d6420bbe20ad54c82f66b0b3538a3038e7b4151a71;1352;Health;168293;2015-07-22
56be7fcb8cba4fab98fd5449d6813ff0af493485480d94ff5efa4f4a7ee96fb0;8550;Automotive;192659;2016-08-27
33a3e3301269d532a76e18b0604e51f0d6e78ddae6acb4ed07bdd2e832da2e65;9874;Health;956407;2021-12-18
c7ca2aeee6b3b0fa85a5b3919f795a31ba489439d5dd0a40b95b8a796b061f62;8226;Property;446748;2011-04-25
b1c0d7e2ee61299cef35c91f2daec766ad5db0c518db41f8b8cf42c3b96844fd;8443;Property;696838;2003-12-07
9a206d4727f0c9b5fb12021cf4f6bf96ac0d7084a5bdbd3abdf2327d732aadf7;5325;Health;584778;2019-01-08
b73831d2b240685ac02c04064a839bc740f8bd50c4ce1635c16a12ecbe6904d9;4644;Health;349740;2013-11-25
7515f312b93c793a9d62d7ea47d08998019e46493be18311edffff928d9793bd;3495;Automotive;872178;2003-12-04
7105ad2437cc0859d214c9c3e086a87b7bfdc6be408058835a49c7c0a3f53dbd;3524;Life;517489;2017-09-07
35b801d85d754e547f96d6875b85c0c464e3e73ab59b55db99860b10992edc23;4657;Health;973732;2022-06-02
da4696d33f6a19b863d04339441d1e5937c4e2937e1965ffa91581ae23e7a13e;752;Property;519401;2014-06-13
434a1709a89fadfdef8d86b9180030b8e1e238148f64cd9a41791654b9e5b345;4062;Property;141441;2013-05-26
29092349c976d657f120e099f59d1c382e6f4658fe8c725c36e6861573667842;2915;Property;731446;2003-04-06
2082fb1549ad7e90e7b0734bc27ca96d78d07b6e31166d5ebef270aa2d089b41;8730;Automotive;441642;2002-04-07
efc05b3de6eab949b6cb47c83a7e0fac1bb01f6b7d2afef318de5ff4f34b3bc6;8184;Life;98002;2006-08-15
60f9636b25db1e106ed54b35292f49c1564a24f54e33abbdbf19ded532ddeb27;4640;Health;201765;2015-05-07
440a7edf90777ede3a9f8615fdd08e88788f9819f292a1d6fa8a684ae728d18b;5470;Automotive;52111;2013-04-22
f8602b8280b56e3f191151bd954c5856d122a3980d5cb9c5ec33ba392d09e290;5808;Automotive;342410;2017-08-02
54c0121d002330e7dc6c1c86f2d1f473696a91ecafbf94882c78d7fc571479be;1487;Property;700067;2002-04-25
58537a04e784cba928eb448fb9fc06cc46b595ff8c20fab7fa7504d2ffc1ffe9;869;Life;413409;2001-05-11
1715cddaf399f253b195f2d7c189ae03a03bf6a35d1516dac0047a4b13bd5a3e;3942;Property;74047;2016-12-13
478ad858030ac1fe3bd8ac960523ecf32cf0a7aa0653eecfe105e153f103477c;1521;Property;640295;2022-07-05
db6d8c208a08717437afd71c3e1dab1983a3fabf8c52ac050c439d1d6f29422f;3162;Life;230364;2012-06-04
0f0f08a8084d336bd779db31d2a7c9d9ddd33b979f6523e9613a107ee74be3a7;1563;Health;501685;2009-08-28
250c19341c9052d63eca5c97a8c21b701d0b8393ebdc2c8e7582baf660c3f140;28;Automotive;854017;2012-09-13
3e39d3734b9347c167ba9093ee215e6a7c25398f81f02ee07248417dfa43850b;8520;Property;251713;2021-10-11
dc703dcb879019c62282af984a86a35b28930e4dc7aa8b9ba53c7e0f38576daa;6250;Automotive;241649;2012-12-06
ab75c548a7f3b6b83199f17fe76a9f2d8ff280f9941b0b5172a3c15e63e63b60;694;Life;237535;2003-04-28
65131da84b4d91ba29d4e3f5933ebfb1c04a759d24a37f099d715e9065192da7;750;Property;130264;2006-05-03
095a62b211b6d3743f65d418222f471755b48d32ed74fc19d5ca13fb133d9648;1870;Life;293228;2001-01-25
8f12a43156e3ebbe8636ca8b75ed8ed8a557f1a0933f3036a866a7bcef4bc456;7517;Automotive;474096;2014-03-03
7ac86085825d1532b9969b82f0b5521f518ba7856f0cfce0c6ae45e5514f2f25;9707;Automotive;95304;2023-05-05
00d447ccb191e66e1987d4406423e9fecef9ec109f5ac1e1d348e371c39543dc;4553;Automotive;180301;2005-02-08
c0e1b043dff3c1e42ea0aff86f6d1d05960bada08855a36aa77334e48867e92f;8751;Property;757115;2012-11-09
952ae8a76dde485e091a583c1ffa9c1c7645c58e40da8ec4a9e03ed6a92e446d;9283;Property;76569;2005-02-27
da9aa5c251e74d0566782a30f7746420c9f26268790a92bc26749110e28c6cfa;1256;Automotive;405613;2002-11-07
911a32d6b4e973e0c0537ef6a94a892fd54631b04ddd92d066a8de5f59083eb8;3192;Life;188369;2015-11-08
983406fd09189d579a1173bbe01dcdd1da89509a17b7c138330fd47d56effde3;3083;Life;71961;2015-06-21
b98f78d8371c86c25bb66659e7a2a019126649d0b81a0b39bebb20bab140c5f4;8587;Life;484697;2016-03-21
eb55177e77aaba9f648e42f0b6a4e5e02a0967ab12f8325e08a68562032d8242;5092;Automotive;963583;2014-03-20
88a93d2a0870f49db8501816ae56f23817adf3b0bf8a7d85bc4d1d5363d33492;8441;Life;601667;2011-04-20
8f30c1d90b1afbc7a06d74d0b117e8cc2eecd50dd22272253df3a11de71cf918;380;Automotive;358082;2020-02-07
c516e8c8804d474c20362e03df6d43bcaf0ffcba8aba8717c8eb7bfe8e34888b;2514;Automotive;665975;2003-01-09
d83092236af3c9eec818db7081eb069d782d8cfbd23099fd1f607684fe492ef5;1194;Life;475845;2005-03-16
4ce815380a0055cb0d1f70cb68dddae6b133034f9912d1b6178f116aedc58478;5307;Health;740278;2015-07-27
e6ad4e19c07dd374682309146cb27877f18097bd0dac62f7e12eadd845b229b6;154;Health;762368;2015-04-26
101b1e17b4da782591fcb37d46164bfc95d2bacf36a92dff550783d9a3fb23ff;7671;Automotive;735384;2022-10-14
9960da77c5b6f4a3498ff2c8732957a8dc98cb8f148fdba37d20cc90c4e708c3;9895;Health;945187;2003-03-21
d61fdbef00f9163958b4f3285fe54986deaad51ccc64536e5a3a4eaed5588517;5334;Automotive;410482;2002-10-10
c8387d67c04ecc20be4415b79ffc1070852c4da00718f9b7ce49548bbd6e9033;5446;Health;947582;2015-04-01
414de40228588669572d4e234d0e5cb6f4a9caa661a4c251cbbf2d5a14e25d03;6784;Automotive;826976;2020-12-07
ce8b33153f40c65c64a3a6a94c939a06471986a061d895576784f7870b01f276;9152;Automotive;707174;2018-04-02
b251aeae2006062b3d0282c350430e48411b8c876e30feed29eab579aaaff2bc;497;Life;664047;2007-06-21
638adbb4a23683b936cec73bd6e4bf9e15ce16cc91b365cb341e8afb26c271b9;7487;Health;750673;2013-05-19
a3dee008fa0d451d8bb02b1b079a7c0047c8177a90326e5d430c44564bd66fc9;6782;Property;803862;2012-05-24
5e4e25d26a19661de21cdd1eee0ec49cb6767ce3d7ddde7ba6604b8bd98ed780;5180;Property;109435;2009-10-25
f8cc041701dad0b5dfec99976476a1dea76a1cae0c9dc833f9eff114c6b9e035;1079;Automotive;644825;2006-06-27
b562618cfa20dd819f90054405305886268f6334fdc19993d1e33ac70917bc31;109;Life;42737;2009-10-03
87c868fdb97b4201ff83cd6bdcc02d2f8b30fb1a21acf7270b406d3a765861a4;6871;Health;587308;2021-11-26
0a276ed2b3c2dfc1e1cb5b445a1c2ca32911d6715165968d0c85b3453caaec2e;2020;Property;382612;2004-06-07
0a827dda7b7236f5647694db154820b8e651bf11bb85a1d799be502fca5bf4ba;6066;Health;654751;2014-01-06
8ea7217139c0074a4299b42b4d7243d091e2a15f50f7270ff420c20dccf729b5;730;Property;660124;2018-03-03
3db1dff4c99c27a3da7ec4a68cb314bb2ad335744bb75a6e21a76d75a7a00258;5394;Health;647527;2022-05-10
3494aeb37f42ecb05edfd87cfb19c06bc6f9b2d9b3db027b926076221dfe402d;8373;Property;658307;2010-05-26
a8d56cd83931624d4d89887a0cd37c5b5f44d5819396676123aefbd6f6a21a26;2281;Life;274303;2021-08-14
7a16cc380bb63af802f9fcdb248e98369f3d059d6e426b8f68df81fe0d3d7f7d;9249;Life;429037;2022-11-27
26cfad34546d9c7b5b18e5000b6197706f9eef041f0090c22761e534f8a6dfac;2806;Health;286644;2006-08-18
d730f6b9dd19a184b604bec3b77fd1855bd1c2be26e5c64a83c99ffd2814e80c;477;Property;605939;2005-09-26
feb3f580513c541babd00e551c6db11bacbce584d8192ab583729f47b8c3151e;4420;Health;782242;2021-09-22
4d746de1a833d9723617c2307a417e9769fbb62deb32964c48b0389813a9f082;5024;Property;852380;2000-07-18
fcee494b007d18c795aec9c115d282c3185971b31738940445bd7b30da734d68;8758;Health;504404;2018-03-05
82ea847136d598f64cf3fb8cb17e07de61eece681c7d21149573918eedadf0f2;8203;Health;713921;2010-12-07
dae5a83090cb2c41732343d7896d111cbb30d8b5aac88d7c6fb940898203ec99;1050;Property;345236;2017-03-15
0d4a52d1ef9ef8ab53ace7c1e0d9f7ad564d5cad3f16faa7f0087c8f7496e470;4035;Property;704945;2014-05-28
1fec20010d9f4e2c0c4193b618e80f1a5dd7dd24d5f4d0ce5caa85e21cd966a7;9223;Property;408326;2004-10-22
dca075970ce6566152595996aae0124539250043d3410397d7373084ab22270e;8234;Life;615028;2007-10-27
83a46a5e2aab47b66755c44987b72727cc2e09fc3285ad73ac014d41a98c882d;1407;Life;966726;2004-09-03
db8ad16aefa5b7d334aeddd4745fc6ba2d5535d4f225e62254fa59bdf515027a;8190;Automotive;533193;2011-05-06
b884dcaf8239ccd71367924a52809cf29938dfcc490bcc8ddabbda5954b37478;647;Health;671523;2009-03-18
4de766d1a4421745ed672410e920965e8531ed4ab12264dc83521a678c898727;7335;Automotive;666664;2020-10-02
1b022c47d7f403531342857806f6e337804c658bcd29a0e6b5205ba776fe0026;4576;Life;541428;2011-09-14
cf34b982b9a9fe62614596d75d5abfda30d0ea0d0b4f431655baecc594b4cfe3;4062;Property;217271;2023-08-03
71188c3a119dcb0d025b4fb8f7048c0ecf2fe216fc7f20c6e678b612e6a437ea;2456;Automotive;783476;2009-01-05
ba45f401ce793c2f319c3282cc06072f43ce1fa8882402b43f83f54135241f0c;2690;Health;778721;2002-03-26
c09d1e205f6202ce0f7d99c6aed1a7946cf6522e729ff9763a50f2496cc05668;2957;Life;453957;2004-11-22
a6ec776eb59ec8237b1df57b2e4f21efe7a4e55d95b8808ce799a13066ceb450;8400;Property;324491;2010-12-04
b8f8e32a6c2ad504280e47f528fdce130e806163d9349f5406faa86a605e9621;680;Health;67070;2003-08-05
d858f0d4eadfa75b0ab956227865678154ef5ad06c344e53873cb1df7122c42b;7253;Health;544262;2010-10-08
47a41fafc799bcd93afac27f0acee89db647f961999291025ab0127a4c27190b;608;Property;615952;2009-06-25
b7586b1b1e5eea499e1041d25fdcce54061655faa92fd0d5f85fcd315daec79d;4855;Life;152428;2010-11-01
720b81672291ee0e1743f2159a0e287e1c98ddf522f17fedd31a8d6fee7557f8;9204;Life;627268;2017-01-14
e3f2a24d797f21d87c45127d5cbe3e4a7130ab6468142b0306f3328bddab17fb;7406;Health;959266;2010-06-25
6f80442624114a0127f22cdb114d39aa1849aa4b128884ab17e8d27cc1a1123e;1327;Health;269212;2023-02-05
581a5d8be1eb87b045973d94af30caa78a0f106149e15a009efcfc2480b271a7;5836;Health;696131;2016-12-11
9d4ec953ac281a0bdf968e0ccc84dc6405db95987a3bafe3d35de166ec00c20e;9219;Life;588803;2014-05-20
63f9f07a3c2594e46f2fb3363ffac80423906f37b6df7cebee00e854c2bd5f6c;9495;Life;57873;2010-04-21
9491ce6dfcbd29009972a88d637cb5af2e988126dac702140ff29807f297a15a;254;Health;809009;2022-03-03
6735f58b8e53885f682cdde343c87f1316feb02ec5adb88f59b7098498d877a3;1204;Property;899258;2012-05-28
56e41f83b703900f544d7e0aa1ea2d8e5c80cd648806150d37cda9b073989d21;6002;Automotive;65553;2003-10-26
e5e012f28c91cb36f6914b0465281912b4aaf785a2129b1d9a95ec0100807446;1820;Life;366993;2021-11-11
f19ca9e9ed6bad340dc05e9ee130a8c2b93811a934af0357925fc022f8f53b73;5568;Automotive;255389;2001-06-20
f193b8543fd196a4a2fd5a6b1aed53fa039de5ee731534a091c773a3a25420f9;6837;Automotive;206135;2016-08-05
f3b5039a8ec03a47907737e95522c06f6e4534e1ea32c42ff2b3c36550167534;6305;Automotive;837889;2017-09-14
6b48722d12a1114efb66957b3a7e05cfa15d99cb35a0f08cc833648035a8e536;9822;Automotive;464570;2011-06-08
d9f9fe38fcc2cf37483bf9fa102fe4efbc97960e6441f54d0e1766d0dbe46ee9;1359;Automotive;750241;2008-11-03
2f7948efceb9dec63ad3a07301050c44b69dfac7cc0a53f8ae5deb7103b4d27e;2042;Automotive;845789;2009-12-22
10f7c63a8e96f244e38e4cab62798d8d068b9cf2ea963f53c4d7fd3bb67b992f;9344;Property;52194;2023-09-22
9f7ed73af32cbd77a742306f9fa7287297b005ce575e4ec6f439127f8efc5915;1858;Life;797187;2021-08-09
7e40e9298f7a67e9f3bb071d99b934c47f2fc7a59dd303e30c0df39f3b458e5d;1626;Property;604300;2005-01-04
94c5e6c622f604e9d42c49209839c080c8614d63f59db4a56099891395459626;4444;Automotive;842000;2014-05-14
c23851c4c29e0be99ce4ac2e9bc0e95b912332c7c976f3d66e9e27de3a3d1fa8;3532;Automotive;742133;2013-03-06
c3db29c0f8497578949e3ae233be9363023e8687573d4b4c0845f7ee5548029f;3854;Life;597045;2023-01-05
b38327d5b618233a223374295ba75a9de67db2e2f34d18be65f9b1e93ffda05f;2921;Health;152182;2002-01-07
f5b4e93151f65c4f7f038ff0aa2f2bfcc6f462bcd9a8ffec8998ce7347750433;7955;Life;213500;2010-02-27
0247d9e54ae48fea7253ffeab847156bd2f98ef9eb171f53887ff827a55643b4;7782;Automotive;630404;2014-10-20
6b9a591adc8e192402b89525c7b78c151d8ea7a5b7a159994144f6e87e907291;9528;Property;480496;2003-09-24
91ddc310b77861ce15fc18176398e4aa09df0d2573bd5d042e8a0311041f9360;1608;Health;800643;2018-08-04
fe6e4e25aaa91ca48a89577fe72e6c505c1b34e61d378654848c4114fb8a63a7;6794;Automotive;466889;2005-01-16
5039ddecc516de3e69610b898844732af4fd373a012febfc1f4341beb19e5a23;7941;Property;307843;2004-03-16
cf44325a77e8718c48f1d52f73ffe45a91eb6efaf991f4853cf52a8dd26e4732;5382;Life;506325;2017-12-12
f32430bebb4055db6e1c664ad26498f7da5b76d85944e602b57bbae744ec59f4;9731;Life;376312;2022-02-07
948d3cf53769f6e7124356ccadc4ff6754b184c9871752e87741649880e48db1;5783;Life;20883;2007-07-09
868ce5f9385f474560714facc52eca901f8c83fd654e16fac4b46263efadb191;2760;Automotive;92825;2003-01-22
408eb90e7d86dc35be416841f818adc62435427dbf8b044297d986aafe36a5fb;679;Life;264166;2018-07-08
e73e4e6e2b0203c3c7eac2ea665c4b5c237510bdbf3caf1532b59b81f57eb9c2;6555;Property;891996;2004-01-04
fcd048ac23c68e6b0da65fabc692f6480b6fc423832ad9f4ac33264c379269f1;8305;Life;728096;2014-11-21
be7a4fb76392659f9cdeeee23cc7860a2fdd2691ed8910157ff1cd4dbac40876;5959;Property;432525;2005-06-01
25b650a8953a9d005af6147bab338e3c15e59e93602cb25ed3ecb69fb831fd4d;6056;Life;542228;2019-07-25
dc0fe4adc3fa194efc210fac841aa0e82a3128ff1f11ec1b0f32d432008bd5f1;2240;Health;993880;2008-09-14
94bac5b64e958b95c9f2607de31cfee2336f9522e371f86c40d6dec7975ca214;9680;Life;543235;2006-07-14
fdc63e95456ab31b2a4bdb5142876ca7ce5576cf19003d3c51e19c3110f4a3cc;2817;Life;330683;2012-02-03
6bac7208b219e3032ffaa895b177e1aca29ff9c1dedec1ce29b84e5bab2515cf;9316;Health;138164;2010-04-15
4579c06fbc61ea61e143355bcb42d0a57132d4007dfe11d078a10600599be3f4;8712;Property;765603;2017-05-04
3907bf29143841500a53517fa6ed4e052bf973485173c9addd6dac52c69902fd;6827;Health;540583;2007-11-08
e1bda6fc1a5d050fe5a6098d5e6c683986ca0a950e7cc95c6c543d05439cfb7d;2211;Automotive;337955;2006-10-19
17dd88bd14c7a7032c127c5025b0da7b3c382df7e279a9113369f73ff8fc6716;6169;Health;449097;2015-08-23
faff2f1e6cc2462b3e7c77c7f31b87e7e01141491791f67d58b479cf82266aff;4643;Life;324713;2018-08-11
3792b62c81f5f159ff18c4d7fbcbb3a169ae394f2df62b1d61b6eb2cdaa21b4b;5922;Life;632091;2014-02-17
ad1b48e0af09027a84f767e051d478b848893ba01b0029ace4a95975de78fe15;9096;Life;969947;2019-10-10
c1e8f64dbec92f8f4579fe877b035dbfb978ca0b19829ca7b15c1b2838f84fa9;8531;Property;975077;2011-04-18
a0acc86f8bfbfd5811dad4a4ace1da5af9d0ac520f5b00cca9c958bfdb3839ee;3054;Property;678816;2018-12-20
9ee556e233ec7e0fcf0e0bc6a3765ca171303205b1c3ca3c6e8d5f851ba8d1e1;9809;Life;407510;2018-01-07
775c8a351a35e08113c48beae855caada22d798265d35514d9e1eac88c9f1610;7185;Property;834015;2009-12-22
e7380988107ae9f53d5f2f8addbdc3367b9e9322b55edcdc83d4622348d70b54;1449;Automotive;681348;2020-05-04
895e28fb74e635315d5ef5921b9e67ef39a8d9e4d15d292f5f896111d5550592;9334;Life;876100;2021-12-07
6108a1a14fee9a2ff1d9bc8c0fef4a3c1a891069ed40560812c160207a908025;2798;Property;605037;2017-10-08
28ce9334cf2a56943637d1314bae9a67c20497a0858eb3966e84d4f6f8bd5fe9;6529;Automotive;67695;2014-07-27
b0a82bb2ce0afc790db655ce24e7dca284e2f36313a312e903e47473ed8c3c91;891;Property;400639;2008-04-01
6e57d1388a0ab875b1e3f010e9157ff58f7bbc69d993acb83d487e405b117943;1240;Life;685848;2016-11-08
290215e5736e264f7a2cad92897975c350a4f1cab84623f62f29d399cc45d09c;4496;Health;98547;2016-12-08
73486f7d37e3685869666be1f7e516f54d5c7054739bea325936e5d1a102d43a;5264;Property;7328;2003-03-19
ac759a24a9c5f2ef6bfc22c30ce786e7d2a59719a51fb90f9b1741c5c838dbce;2941;Life;644380;2015-07-21
ca337e1df51e4903eeaf1169595548736455ce414a9ea0641f90ce4a9ae07db9;9331;Life;606478;2003-06-21
d5a37d414110bcc72058f275c52e3999da6b59464451440bae578a6b5ee22825;1969;Health;158286;2019-01-11
735bc692ef4aeda317bf143b5202f458db9252c90a394e31f3a9773c1864ab95;6454;Automotive;472664;2014-02-25
fb4886ca07a592e587e8e357586e4cc205344ee3049fc8de84ca130250895859;5792;Life;57124;2000-02-23
ff5b5079ad38a555c431c4cae6869730ba87c625d8afd81e82fba7c60ae3142a;6091;Automotive;268900;2004-10-03
e8249cc9f431ffba4775ec27e28e68c00438966c03462f6ca633ccb451e10deb;4667;Automotive;765196;2008-05-04
bb732c382d31a09911388c99fb6f1035f1ecf5ffbef9506abf944041090d1b55;2494;Property;420806;2001-08-07
fa4c4a34218c0a02da7713f3187947b6f1cf9ce61a0047595c7a9f5fabc29ecb;6183;Automotive;330156;2016-02-07
8ccefd012ff5966653cba69f8c61690898cd33126393be40cf16cca17646b177;6485;Life;30242;2000-03-03
6ca4048db9197a758b27f52accf8cf4cc7b3967916098ab49784e5516f35ffae;1351;Life;572573;2013-10-28
e8433e9ac445783f217f42a0e84f031cad496073dbcdd91062de60e1c0af7aa3;5730;Automotive;813299;2002-08-17
131beabe7ab349b1f0e78c93611c41523578f206752cd97677428edd79bd9254;9015;Life;635119;2004-03-11
72019ca41aa29fa1666f1d0925a34229f35e26849a596185c6fdcaf894baaf3d;4252;Life;511840;2003-05-19
78fe2e1a83f6982029d6036643cd9fb024c3751fdaab5961f56caed3d44fe44d;4346;Property;664050;2019-09-20
0051ef2b7e639219c7db835e6c047e6fea541bd20eddf026bcea2c77518c4d0d;4715;Automotive;953481;2014-02-23
0728eb67736229c560a7764f0a78eb809fa09755aae7150e080881aa99f9c634;5281;Life;976874;2015-12-18
e0d08c1f7d30375400580edc05bc3c144b94ecbfff535da0d03b0e6e1102b6a2;3093;Health;65708;2018-01-16
a1b8702522ed8b87c545cec7a2efd54fffb7b65cd8deafdcea2e6c6eacba63e8;1309;Health;593416;2005-02-26
8a429ac962faa1da83263d3ce4f2edc2dedb28f4c83307f9f130ea7d1340cc01;5966;Life;137669;2008-03-08
9bf89102cd94bb87234d9f8b8e467d179560894f7c49427502a7b24ec3fca3b1;12;Health;255196;2012-05-06
a0975195f4aea33368cc4ba80bf9292a713486ee9323b49982c9a17fe02b035e;6289;Property;685222;2023-03-15
906c5ed902774c2305594818c2831632c1fa1f4c5fc36aaf04a27a70e4570cfd;5928;Life;738500;2013-12-07
3fb6a15c246c4193d8a68bbd7b6ee1f6ecc248a74839bff80f418e8e542a3178;1222;Health;948610;2010-09-26
fd8c0f80777630a8bc2197074d3b21037be233b29bfbf4f0c3dec7f383720d9f;8488;Property;637983;2004-10-26
9a175137c009c4d50ed5d0226d4aaba613bcca29e26042d0d10db9eb6b2e2887;2445;Automotive;680749;2006-02-17
3d891071c1d0631e9c031436619879d8ecc05c08618015ae205bc26a039699b6;77;Life;334201;2010-07-16
c222b18784c277eb45880adae73473d070b176aafb05c8725c83a2151df21c2f;7721;Life;742787;2008-09-25
d17e7cf0259f66b4c3a6b5a22e78a2375bb4df59dab1cb0aa1f274dace580bde;8456;Automotive;669170;2004-01-25
89ca42ab59ae3985d634ed7ddc9142f0f452666cb3ff6c2d51ce81b53daf6634;3416;Health;303142;2014-08-05
39fb993287f8f6ab862004a3f753854713cd54f386fd8bbe291d42064ecec56b;7102;Life;825457;2022-09-12
7ef174ecfa7fd3ca65e2d300fc088ca30c50e45672a93c67cce46309fb0e92ce;33;Property;540144;2001-11-03
63dda08b0d5358701ea0b47ed3f0d5c01e1073ea74e1676d77cce6cf222fb36a;7981;Life;387953;2021-02-01
dffa1a58020ea3e3075865d908d9914c8e6c7b3680fd55aa41d46a059425135d;3176;Automotive;63047;2006-04-26
c4db8eddb6c7ffbb448714dfb7e32b972244770d2567e0d7cd02827ee6c32d80;2299;Property;955642;2015-09-07
9e64c2ba51e9fe43b35d3a436685b753b0d5f99c0fc323ecdd21cea84d993e44;6245;Property;511483;2016-10-02
11e40d833b7f73d9a53cb7ce9d18bfbdd8c5ef4a2780beb3f7ad0b754fe0e767;4243;Life;32821;2002-12-11
2f6886690e1fc0cca5bd1ebeafeb2145fda983f4ef0539326fd8bf4ffe55da86;3248;Automotive;397422;2013-01-03
11cad583b23266d3dfa5753d24ba559e194f7cb911a9b0d1d31e3b679c1d0634;7418;Property;654656;2006-12-20
f4e14fdae6afa104fc4cba928b30486680f3b54094efd9e807111cdea9bcd383;6900;Property;232279;2008-06-08
0eba8445c0aeca824f8d1885223c1d2898f8cda53ead85076076cd15caf468b3;2608;Health;513632;2020-11-02
bd2ee421ffa404bbea9b14433da459e582bb46f45d23c848f3dd6a8ba52aaf2d;2601;Property;479574;2000-12-17
83548321553a7c040362663d514a6b4f029c8ac33d6b9f614e0110d41c78618b;5578;Automotive;242373;2021-02-07
d98368fcd77b04860a241fcf8f70b8d1ce6ed93e124b79623db88afd1ff99b3a;5623;Property;854207;2018-06-06
74052d72fe1b4e18d8be8625354619cdb49942eb7afe5af23365e91cfb685cfd;6033;Property;151770;2000-06-20
bb8df25d25219611a46580fffbb8bfe184b0aed8754d20631b69d3e6e4672a05;1212;Health;16148;2001-06-03
5ddcd6e2b1fb1aa772e2368b6236a6987e72912c6be3ef1ec14e9e1ce52b783f;3790;Life;800200;2020-10-05
821bf9c2a3807e87b17ca6b1e9b76604eb90b42fe5ec41298777e93518b80567;2957;Life;640121;2005-04-01
b95361aa5dc0c5fabef88261610b4f41fc18a9bd8adb176caeec00684123d5b2;3908;Life;19568;2022-04-08
0a1e8d2318952e2cafee4b06cec73138a2b229fe0c8dc28807faa8c2377bd794;900;Property;970797;2001-04-21
cb70e65889e1eb7e21a0972b49dbe96f247c0c543fc059520aa8edc9f8a40fd1;1345;Health;563679;2009-03-13
26ccc1abb3c5b95962ad831fd0b6164db37e95fd44f0028f6c6cd60d53f41056;5075;Health;695049;2021-10-23
a6e40f07a9153977ab4971119cb1bdff44ea776eafaef510de622efdeeacff08;5963;Life;872283;2002-01-15
ed2eb62a7164f9205360b6f081d9f3da2998e6b7c10c78d06b6897888b820a92;8820;Automotive;280374;2010-10-01
70862e1fcc6f9b59931bb0a228daa52321a37923c43a0e68ec81700dfde646ae;4946;Life;174481;2021-06-12
4e78fcec5943cc35876cf3b21b23703e9d2595e5b32c861154d648b3d969843f;8332;Property;290047;2014-02-02
a378200b25ae9a79c9e719fe57bb2bb5fa0018fd6c96e15c4e74f688be0cd06b;1459;Property;101173;2005-03-03
8efb9c05a65dd047ccb382ff2977b5c99f67b682ca6a9390134127663491d22a;331;Life;200857;2021-10-12
958b1e380b236ce5f0b67e8ddb4ee53c3e8d9f713f96860aff814361007b52b4;6041;Automotive;475470;2002-06-20
d10d05a87631d33446129074032f5652ce58ad13dd07bf3f0b3e2251928b75e4;4444;Health;256417;2021-04-14
196b1349fb644d80cdaba83ca225a0ab2a802a1cda5691230b20a4d5bfa4443f;536;Property;434721;2017-01-13
a849855719b8e1670473950e21018477c5f0037166b3b609accb1c481551521d;4069;Automotive;598286;2002-01-26
224386b8ebb42a337da4af78ef70a23da532561b670c17e1acb45e8b769585ec;5387;Automotive;295368;2012-06-12
f8e90ad1cf943160869d219a2dfa8b78aec878e54df2bf53214ade4b3634b41f;8835;Health;205316;2003-08-26
739f922371706080449962bc6a3f88ed69e0635de9cfeeaddac3feabd3da6d0b;8445;Property;822899;2012-03-27
8cd76365d3ba16e67225c94c7115b70ba147a486c3066fe7556865a3a191e6ba;5780;Automotive;483617;2003-01-08
0cd051f481744e4b98e8760ad44b3236c68a196dd4e31b36d1e4241c66721dea;2742;Health;534624;2010-11-20
05650ae8dbfda3d6932837d3c67eba51ccce1d0f6030714d352bd1572decef07;95;Health;462201;2002-12-13
63e6c88a8bfaa9a2b5e53ceb340aaa0b025bb786325e32d063532caa5271a672;3804;Property;925918;2006-08-24
272abb89babc9eca8d4b223b78676737ba81ec467f314af6347cb1c4ac11fc92;2691;Life;153425;2001-05-16
5cc804077add4437977f89148d1149312295916015c4bcd2340d0e9a1d8ab3a3;2672;Property;225267;2018-12-23
3783aed79d604d197751ac0ab75b881fdf5603b1b4715c4a142b53a4df062e8a;9531;Health;918241;2022-04-07
3784299efe7feb9ac80431d08d1ddd3a6ec01773a28e0f56261ba465d40951dc;7376;Life;963793;2003-03-22
40f784377a1a08a3d15ae495c89b3947b706d70eb68ba794ed7712c530a44f95;3808;Life;556027;2014-10-14
6c48db4b549269d1262819022cd138dff47ede3d01817641087c56c215dabf39;7713;Automotive;309626;2010-08-24
c5b7d5099407080c614465deeac0cc010db3ec197ff26fab76a7d093aa7e4f14;8157;Health;138783;2013-07-17
d4088ff903f990b7b3b4cc5d089d3922c3811e1248d5613212ca174c0c870bc3;6613;Health;219983;2001-03-16
f551a3bb79020f2b2e1c9929208583cd59c9418ea67caed88879dadb80f2ac77;2774;Automotive;798711;2000-09-17
7b40e285055cfc2569c670c4d906c7148c585796df04f084fd6053a48972dfdd;9113;Health;532299;2018-02-15
84750f94b80db9a01dcbe7bee551f170dcd534d15a8fa0a555b9757d3b0db5f8;4498;Life;71291;2019-07-07
d9adfdb2313424aea8d53a92d3fc15de63f9d33614d39581a27a9c7cc2c09033;1264;Property;309293;2004-09-28
c10d2b4407229036d54291bdd581e2e4cde204163782d7b1f90b13b6bd0ec214;5245;Property;736072;2021-07-27
8c5b7cff8ae4fc7c1b3fc55e9c68eca5e4ba52b3943153c0a4c992f878373ed1;8232;Life;941089;2001-09-11
c6c34f9d7b47b899a89c5f700d0f17ec0bdf35d11c16281652e97ca5a49745ee;1370;Life;367310;2010-10-11
330c0ce0431190efa458649a328c636e2520b13eb300a9458b71871cddc20e9e;974;Automotive;40303;2020-10-22
763a5adf198f75ff73cb070b659c57931ffeadab31402c6a8bcfeb213367a804;3380;Automotive;14328;2015-08-21
9682749d82426525dd839851bff5ceea1bc54b8e9e875f4ad5933b39baad9c46;5277;Property;400375;2007-06-28
6e0a6af59760ac668f7e49292227aaa675efafadcacad278371160753889d0cc;6286;Automotive;458446;2000-04-18
8e8343ced11e84263a2ec4cb2576614329555f1d0dd8b9b27cefcade1d049ebc;7533;Health;103958;2001-03-26
3ad3ef08349a1f52cb289d9382ef39f44a4290f53b3a2fc51e266ef893cb8fd6;6759;Life;937998;2012-06-08
e78277119a22f0b3d69ee11067a8d4007be7c47356ed8cb2e4fe6b8cfcb7a6d1;9157;Automotive;442427;2012-11-17
147b6ee9801ba23a284c1d7c184d149ba6a1ea65a91876dd441d3c388d8d549f;97;Automotive;708304;2017-03-24
ae35aaeada66296d545bf3d4a848eef90e6554caa42d84eef1bc6e62f68862f3;6749;Automotive;773294;2005-05-17
cfa14434a8144efd10482109d6fb08c8e306747704367845b7cd2ed1582afa31;7486;Life;860639;2004-07-07
8821bd22c03901c2d15a90ea422033f22de3e5e6c5f49ac2a02cc67943d71925;7376;Automotive;861806;2016-10-26
b0538370bb4c445437cfa6bbb1f3afc723431889325825cbe9d077e2774b1e03;7586;Life;195094;2006-04-15
1e40fec64173d451e50f609df3844606f47022c9c23024e3157a49355011d699;7258;Property;218297;2016-12-14
fdebfafcdc803a04e71ad0dfbd3719069b8d9eec3485510a7342f29a290e83a8;9306;Property;418979;2015-03-02
1950cf8072a647859facce81f1c19df6baf018158c64d5f86caab5bd6f72b718;7980;Property;936416;2000-05-11
64a78e020a0fb41ade21ab9ef30ac8bf841acb6cb5609603d943a367e38b3138;3715;Property;570404;2003-01-28
6d38a522b1027862ab0d8e16e48b40b5a6d0727668a5daba20b0921583a5aca2;1631;Life;961767;2023-10-23
ad0bd7a94ff0b7cc3f78e09cedd93999bc09716e8f057784f695301212848128;4698;Automotive;606985;2003-07-09
81f7f8ce38b9c3849aa899b85f4e319c6f151464044c93fb28290463c59ddba7;885;Property;630282;2012-11-08
bebf42ccc2b7f0fb5f414fb7ee81a85ede1105fe63d6f30997dbd1d539d8892f;9597;Health;885312;2009-11-19
bf073f133426393813d0bc30c94699a3753b5a84b3859d27e6e81bc78620f36b;1935;Property;71195;2017-01-10
0c8c7af1869df0fb077cc83007e95834e30e6388aa8776e1fb9cae953e0897a5;3647;Health;857564;2012-09-19
adc66d2f9c4c4e1afa3f6785e058cad44bcf00b17eee01e8487682e1530d4550;9609;Automotive;527797;2018-08-20
65394e5b2fd322973fa0805ffc87a5825fd6b419b374a9dbf006f07ef86fbc32;1269;Health;740617;2019-11-13
44ae5ef5258179b2a4e9b5154a5e7ea2532cc42951d46e62c1d04a438dec02e6;1917;Automotive;989534;2013-12-28
3c8095aa79197f9fc3e9945cd8ab01efc4af19dcb6296ef5e668e7145466a73f;9620;Life;890487;2001-10-12
3070814a8222d1edac073af4965750da754c457816e8110b52f0948a2fe25db5;9421;Health;713501;2018-06-17
1ff17da33057f8f37a5579aec5124d881460940ca7344882eb6f374fa5a36fff;4695;Health;211389;2016-12-08
06c90fb64cad93d121bd81a69fd6c498a98b0f06b8f568f36d30eebf27857d13;7145;Property;362;2007-01-06
2c8e0b002c5a04dba9936feac1d09b89ac250ce6e62921d84f31b91ab40568e2;561;Automotive;691391;2020-01-15
8ad6423c9b58a4110b5478caa5d418391ad098e920a133a832a02804ec35a063;5155;Property;36699;2018-12-15
0636752fb01120b6bdf196692bc8caed0465cb0b388b1a4d83829643941c6a42;682;Health;313805;2014-02-11
08753f67522cc3c814f820c8943f8892cd46aa59954171d288e9ae963a8f43c6;1511;Health;613545;2004-03-22
19f494dac94970d771b0b0db4576d4a7b77aa9fca986fd7ad81bad347c98e67e;360;Health;828482;2007-11-05
0c04a9ab53a62d2133730572c16f61fd579b64a26e58ee91a675850b201f0330;8689;Life;994822;2007-04-25
ae587cda25ccbee446683834959a350208b11dce44d672be3d345e1b278b3f61;7708;Property;501465;2021-06-01
566d915b9a0e92657262704e79946a3ae31886e9bf4004fa273d96c5ed207ae7;3442;Life;635994;2009-07-07
a648173c4d6565d98a5de80919f81ec13206618a572b7da145bf20341b8e4096;2336;Property;711355;2021-02-22
a3f45aa2c4b83c686f9ff40df9bff748c7ac3545e27a9e3b3c027e5c353ad5bc;4290;Life;223565;2003-09-17
50399775f7a7717125460ce4b299504c83ce4bb5eab16d6467ca96af37bad9fa;785;Health;290686;2010-09-10
b1a933df4de76f1aaffaa432cab46a24643a754fd29bc3b5fa1301dcadcb4e35;6992;Property;959422;2019-08-26
6bb89cd296a316da9471211a5d374e3fe08cf6656f9bfeff9e7efcb008dbd729;7663;Automotive;89303;2006-01-17
e5834fcd4a387577e454f441da56442b5b9c0e837cff6506e7f955d5284e6e35;5387;Health;913666;2011-09-23
c2f6ddeba92e68bb320cf28dd1a3b55e0ef33524474b2a67763736866941da5b;7739;Life;293462;2021-10-20
a5e82a2d5e77f4a68b4500510dfe96f3ac9eff7feae04c276ddef79985ac1d31;3524;Automotive;562323;2022-03-18
b09212db0d00d3db50bf9f212e3622b5e2b716b69ce9650a18e09383e5cd14ff;2550;Automotive;9192;2007-03-11
7356dc1c8fd33d19a0839881c196e944dcba7f6b74afec8d3ef3030bd430bd2d;3384;Health;496769;2023-09-14
1888a1dea09317f036a941262439138d0c34767aa749ab9c6898bc51b0ff557a;5667;Life;813097;2008-05-21
2c6b93e03447ec6ad5b07877d1004b63bc9ce676beffe72d09900b7bc3aaad3b;7465;Health;346967;2023-01-27
f662e361bab036058bffdf9b965ffafb6a6bdb77f1c3d7db40ce2d3a73c48fcc;6227;Life;438172;2009-05-24
d0b6fec0d2a3534218558f47054c907369523fedf56e5294e2c6fa67dd2be536;3946;Life;877249;2006-08-27
ba42a778ba2fddaaedfe845716d420b43959bf2289619d99d2c496631bfca9df;236;Life;370808;2002-11-11
e7e3a11780079898c33bdfe6f8bbdbd71bf431d24bc22a48fe5068139323664d;6141;Automotive;867088;2018-01-26
9513026afb0787b80290ac061542413836bc8f8fe09dd70868b27d0fe3679371;6034;Property;698571;2023-10-12
f4e825ed999e352445c9c9f02d8527f624ea5afc7c0d28936d51102a2468af37;380;Property;236863;2010-08-05
33f4070f850857030949ae0336088a25948f960f81c534ee88f8934459632e38;296;Automotive;812242;2002-10-10
460d4983a2fc7f6da0a9cea37eb50a2dec6e2e0f904858e97251fc8770032da4;8760;Automotive;835108;2011-02-20
eb15107a059424baa9fe64941471d652b517404eb955b0bbcd1cb7c4f5c55b66;7960;Property;291356;2005-01-10
6f87d6c28e10a551935d88c7c5e1462b075ddf8cc8ac2abc60f92477b7863098;1210;Property;472453;2021-09-11
d88b6740a649304d9d8a722fbd5de92f4f73d51754312dfd5a5df79457a0523e;3147;Health;967430;2023-08-13
bdb2fee25c98aff7955056cd02292b1114affcb96ddcca4081d595b986631f6d;2406;Property;657421;2016-08-23
da230f9f2aa65dc12a3f15e1d019e11af122a99d730d33d4cbc197ad3c99aede;2792;Property;292992;2018-09-17
1d0b72713f646b4f635316e267ad6eaf4dcf1fd323da6a137d23087661bebef3;9817;Health;376340;2021-04-08
c92d8346adb6b24ec65699deacba697aeb82e5fe455b990a101c08fd52cee60e;8453;Life;3575;2016-02-02
9eb465f5434ad303d0ec0c7d97be842ae678eef3bd51675ae0f0b93570ca45ad;1926;Health;78504;2022-10-10
2ec84f51b2f76b436b63bb88f7f678919ab99dc9ab635f1707c3fdd754a86cf8;5823;Property;834908;2023-12-11
b4d78bcbc2a5492169ce331af549b4427246136527e2bd8e81919fb79b67c770;8722;Automotive;98237;2020-03-10
f9e80541208548797448007a54b7d81f7bb8dd2041f3fd240f52ab8decbfdd84;5567;Health;964815;2014-10-20
1411b517dddd5da5b311eda12547d97c535d90a6dbbc19e0aa2960a60d9b6566;1036;Health;181012;2011-08-24
7b8d5c498376e1059ecdfafbb6ee09f21d2f13575258c627c0ff60dc5234edeb;6366;Property;547318;2007-09-17
ccca33a0b0bc5632bd7906348cc5e64c44bfb59c6fb1e369e9230b53220b9a8d;5534;Automotive;472095;2001-08-15
e0dcfc7f6df317ee33dbe81770a0f31488ab0ced354aafc325e71abfbe2c521b;3031;Property;982280;2008-03-03
54c3d8c10a97d60e0dcc3651b4113edeeafe47c9ebeee471fb6eeec8fd193739;9256;Health;787167;2021-02-13
e047bfaa48697ec92012e2a3d3c7d1aec1a963a6feceeff23ac6e4e59bce8b61;2869;Health;476937;2000-05-02
5ae90553cb4c5ee34cb4d92afe84ed2218639298cb751bf4790344482a4fff90;4188;Health;202048;2006-10-19
31d35cc07f260f72cf8399f1a8cc353c15c82f2afdcd97553f6e8502023b8a3a;1211;Life;130224;2009-04-21
01e8d041a27e83fbc01235fd06b9c794bb2a33100f23a25c4106130cf291e963;2992;Life;656315;2023-11-02
f2bf5ed94111de50190d4b506011f78ada0c841658862d7f8c74b9a72b263fea;5686;Property;836005;2008-06-04
bd183a344f5aa0a288b3fdb416ceb1754af69d1b1f78ca4beb1c0abd1efd8e73;1427;Health;866991;2020-06-11
85ddf0e353daf9bf9eb75a9525f61cf57101eaebd7ceb9aa9107d2d84f164462;1352;Property;243916;2003-12-26
2c960f2b19491801e489f35264cf7cca4a75614a812f6d8169b41bf1805bcf43;6395;Life;273551;2016-08-03
d1d0ed00f3cb86c6be26a986c7f56ccda575cfc185179fe68119dcc04689634a;9619;Life;157211;2005-11-25
990e2beb7f4a8f860e1ecfcb95131d84bd0277b1ff7f1139a8567e130b2942a0;4009;Life;305015;2004-06-27
af650eb8f62cae51230b8166aea3e51f43c9acfb36e4e3f2ec92d4d50361b033;1452;Property;871928;2022-07-10
2efb4adc1de99aff22d7f1340d99349eb7397d654a92f78eaca6608db64c88bf;1231;Health;217730;2021-01-27
385d8cc8043c57eaa6620f123e5a4c7f5c40cdf4c4ea74b2166a9b9aef394341;1321;Automotive;9312;2012-01-05
fd268d6e2ba81db0e4a6a8761fc24379c06146b0b421e4e5aa10118cf6e2ff40;5343;Property;360848;2018-04-02
248ef0e1e454c43a592383c60a7b3de99a30b85293a6d5e70159883df310652c;1972;Life;436281;2003-04-23
353d2f052c1f1cd57673fc9766d95922c38878812329780cf505d0064d6a31c3;2505;Life;562210;2005-08-21
4668470fef1755a86a64ffe66c2e3c24199c9d5008cb33e7c3e4f71b27b3d895;1549;Property;593313;2014-09-02
83cecca622e8d51650577ac72b936770c03985cd2bddc02ff620b6118e81c177;103;Automotive;602733;2018-08-23
db1bcb025886e76247c94562257b45b9204c0e554351a0f9eb8b6c40ba76593e;452;Automotive;740024;2000-07-14
05dff2f6e904f924746ea44c92bc94e9784b9e569a822904411da9964c02893f;174;Life;821247;2004-04-18
a4854734f5c616ddf5a8bd34fdbc7543b51c561b9df3c179aea823eb4d95a87f;6195;Health;108180;2020-03-05
3b02e31bf1b073557cf4b26c8c10b06ab7b6fa5b07b7b5a74a117f53fee92136;719;Property;65729;2001-02-25
72cb179c02e55826cc39c5bc7cd72c463ddbd80f2d9b1e0a5f047666b048ce93;5780;Automotive;74277;2004-01-14
c475919d85ad90a25064f7fd608668a55e5876bbc057845578a585c879817317;3166;Property;545082;2003-04-21
b299bb06cab06f4c5adaa6710f316eb85aec1d56be7a9a64be56637a046f9ff4;4685;Property;209976;2004-10-01
d673997a488cfb2ba80f95745622b5d78a6d5c20cd7ffcc08af73cd65bd9f577;3888;Health;493640;2017-04-15
54baa00584f7e8b2e84a02e78d0f0cb1862c7596bd5fe24e7b030b1ffdb7fd60;6773;Property;646157;2005-07-24
c5d835c75705964c0e18ca43c9467e0f155a6f402d2523cf4a5fab9c9dfb9b07;5884;Health;631806;2011-09-14
e45a7701d5a7ce3db822c532275b07c0c74f938900e02f1a4c5dcdd6bfb0e5b4;8409;Life;737139;2000-11-11
082fcdeb70a910a53b97d76dd797194719bb96bc308caab479bc19decdc2ff15;9552;Health;930976;2016-03-16
590e34a808ec8a99c024d4640d39d73068162d3f184a0e18b64dafe69966c275;7111;Life;439439;2016-12-18
c6f79e5aea3c2c52f390d426864685cc8bf8937715b9a7bd88f9992462341b47;7062;Life;442479;2004-09-28
e348409790e242eb4c69d343f7047abafa57e96d6c5367bc526747cf4f0793b0;6047;Life;328915;2011-01-21
f44917aacf794e17c9aaf22043ad708db3247e8d574e15ad67f29adc6b54f80e;7582;Health;205284;2007-11-21
1361ca1b943af0731785637fab74dc38494b9cd16ce24531a53b778283a8c5e7;8646;Health;427715;2002-11-18
a7e9c2dec1a38b2a980c0f8765ff79bf42664b45bb962304890f401aa278a335;5571;Health;183759;2016-02-02
44beb194c0097395c2557fd584ad2fa0deb54cc77a686c87b0f3f0e6ff6d2749;9645;Health;163821;2019-01-27
8c8952fe326921d3973a42029c93e47c8bb740c7e97b1f9368c97fd41a47eef3;5540;Health;59255;2012-02-08
c31d9f55944c3d661428c5de0ab6f82463d00d7736af6dc2edd1be42f6112d6d;495;Property;357623;2021-08-10
669d910c6c0b1dcc2702a54ed15a8540c23a3ec635cc56305c80a26241221cfd;9298;Property;241673;2014-06-22
14a00cbe0ff39f22fa93e781acb129d39bc2e98abb14641938337803f8784ca7;2013;Property;825442;2006-08-20
18ac8ad0d73c53556701e1a0a7b5f30a294ade1cb2b889e3c51ab5d74ec1b523;6677;Automotive;548712;2017-11-02
1c1dea2d69e22f51c7366c8092caff58828e8fecf6bc6c73dc5959b6f4239e32;2064;Life;350474;2009-12-01
13191dd5bddc04806ff007fe4e0bce8a8dc71c0e5077f647f663b9dd6610f913;6661;Life;580225;2007-05-05
fca512cf9a924d96fa208d4c7067266035cfa3dfa57a6d6a15f311e2d48c17b3;4988;Property;757382;2009-01-12
970c06c4dfa0e7d06e3284a85fbc1b6fe59a611dca68d081419b1749e25d65f4;3248;Health;838415;2003-04-11
b0df0b09cabbd36bd1d758fee18ac6b73d4958553d0b1f749583bca5391df207;2300;Automotive;657144;2023-06-07
f1f3345f7eb9c7ec6bd63d1bcb1ffa3c3d500e1c75992d99b301bf5888ab1df8;5333;Property;417095;2010-04-12
ad7c5864e943422ef1ce3c1167dca9d1c23a9f3aef826562bf6e5f787733cf36;5616;Automotive;34454;2014-11-05
a459036e1da7720da21dd4443dd42a7ea1fd8159d0133d1b04d8c5d15d322611;355;Life;599145;2021-12-12
5f98ee88b9cc22f00df5bcc7d52da1972257b0f998af7ae997ab9671e67b0f49;4597;Automotive;398604;2004-04-12
9f1dc95c94f5f1eed790e34dd342982ec856e39ec3836dbe1135d4ca8fc283fc;2515;Health;427197;2022-06-24
7b888ea17d166e681dde501651c39cb73d5f53f79063825e572c0861f38bde8c;7000;Property;859096;2011-12-27
4e9d2d587964535c00e81c20b74ad06deddf91807efe6dd635b68c67e31ff335;7623;Life;842701;2017-10-20
291ff3fb0c69f8a87fcf8e0f409676f3322505535243f85a010a358f104f012f;5935;Property;735757;2004-01-15
30edbee3da32b05fdfc8a4af1c8cb5f2d86ebed025b12fb461e29b9760fa30ba;2570;Life;25853;2014-09-23
8e8309ff9e2e23119c059ec592300dc69204546f1754f4b199ad8d978e2d541a;2861;Automotive;260696;2010-09-18
56d2c2cc154b16bbdf897aa65313a5d1f831681b01d23327a88b719d5751a099;8372;Life;143581;2006-12-06
adac6af2537f04750f3862f34185a9aa83ff83b18a1d3d7bd83036b059c0fdbb;8256;Automotive;151569;2005-03-03
8ee6eaa951655d1903e2c5a9ab3e75ceb2f8ed5a8b9c0667c0ac4f49c4b188e7;5452;Automotive;694191;2010-08-25
7419316fabfcb88f68016c26fffccc21ef5a3fe8c3a5519961ee3ff2759dc393;9676;Automotive;311968;2005-01-11
3d481523da366058e269bf1025d041a6aa9c5ddfb7b8e5491590f0329c537849;8888;Automotive;850736;2003-12-06
4b742cbd40c02b972aaf9a91a0a55edcbec457c736e48af089f1261fda2c8e57;4164;Property;81247;2011-02-21
15c098f2ab79f733161ccbcf896d871b45f8d350809b2dde49d0f91def4566ad;6835;Health;387366;2018-08-14
879665de30836ab48e70df8ac91e1e9ddcddd8ccf06c2ce59366e448d86da743;6221;Health;437871;2006-04-09
780147b7f175d104d3fb8e1c7151be1caebeb1a702645c796bb1a4776b2b8fc8;2631;Health;472384;2010-01-07
b906875f2f14d937c99b3ed8c04577325582bb03e32af3b7846fc6e97bd0a6b2;8355;Health;355032;2020-04-23
2457b7642405ed020f1d330cecf31e355be0369959dd9c56651f9c01eee0ed60;4803;Life;221102;2017-12-19
e0d79d9e9c8748458d0247f25894d5a45bc271b421227ab42b4f6c9f6fb12998;5962;Health;842885;2017-07-10
5b640964a15908a3c9fb40d5df3163b3a05523c8884d002f06b09ee3d6cd9046;9911;Property;471354;2021-08-13
b09c56ee5022722596329e7d53b67be634ae40e5f7cd039df54a0c2e0cfcd255;5250;Property;371182;2007-08-01
18771516b67af6de5b196b5f9908c6dee051d1066a850813aa40a0d5ed820b1a;5098;Property;786510;2015-10-05
cea4cad4d69b54760bc72100e2523b58fffffc5636d70aada1f2cadc9824b4fa;1391;Automotive;100128;2003-02-17
84055f84da209f4889270f812bdbeda991d298143e4d16f0702650e655cbf1d1;3490;Life;992140;2011-02-13
2c1a8371274a7f205b8f63c622a9c2de3c59b6ebd6457681ea7a2a3f7a11ff57;5341;Life;914143;2001-10-01
a54ab9fd4aced1e30128b65a0f10f3bbaab7f323dfd34d5140fb70a37c2f93d3;6101;Life;8639;2020-05-06
bd01cfdd1b8b2bfb3e989502144368b37096f4c8fa249bdcc9d8b1a9d693e66c;2806;Property;55897;2010-01-03
7ab42d6f25a73273ff2b38b9ea97bddd6458dfeb5d59cbb6462ce6eecd238a36;637;Property;407327;2011-11-26
6fe1cdec5d98c04042af58947323ca46184df23dcf207947048adea4cc76c2d2;4771;Life;912946;2022-11-04
149fecd85cd68cde4780cf1f28d0872f4d06b1f5e1fd386a8c1a828aa117d641;4656;Property;259831;2005-11-14
214944167bcc325a70e3ab108f0833e6b683705894e74f68dc5f442008d73ee4;6156;Health;447896;2017-04-23
36fd7799152e1d7215e7a98248f06a20ee19152fa105e43327fa95764c8b45af;9372;Property;326293;2003-03-20
d30850a126cfa305190bfb8b6ae666dfbada7f7c0f67ec5e96fa38d77618d0b9;8411;Life;643037;2012-08-18
3de2fc15e87e30dfb71875819198453b5c6f0dc4868475ac18296b7fe68b556d;516;Property;393683;2023-07-15
1a374d9acae4b6bb2751a5eb661298656e2da852ddf9d9ff52be0884e7d7374c;4326;Life;159277;2021-12-01
8383510dc4ffccf31f97251c8cce74a7774cfba1d65d5f81925841ea857a33fb;4805;Property;670317;2005-05-12
df7ed7a6cf87209f5eaec28d37d23ade282bd1fbcfac6ee89fde71897b99e6ca;2263;Automotive;97343;2013-09-01
6f0ee2059d63ec91f84f6de8d71ae08224037246d72b87b7f3953ba2d4122432;4787;Automotive;689132;2012-10-27
7f49f72301def29ae0fc02d644112d8f9ec5d30dcfdb2ec4caabdeb292d6f544;1442;Automotive;88911;2005-08-09
bbb8dfbcf959f606357ed197ceabd5427fb0d37230d35b2fbc04e2c6dbf799e0;7506;Health;961037;2019-09-01
dce5fa631e826746b1455f977ba6b8b0683735dca1527dcfd947516849866dc7;615;Health;507741;2005-08-23
c0c93a07f0c5e8797870e102737346ee249c3d818b35ef79efbfc41250c2191a;8574;Health;619497;2019-10-07
ebfc41bd97f0335f97530b2e5ef183a827bcb7ef3dc165006ce1b4636f071b19;693;Life;720433;2017-09-14
a4d73d27cd3739402c13397d5a97f5e574310b9e6a5b46c4adffefd881398c8f;4068;Automotive;25088;2006-12-28
c959815b0ee2662af5fdeecef8a1c0c4cd6731ab676128ec2267d7bf3ff8413d;7739;Automotive;944422;2023-05-03
18a1431080ca5f8ac9aa45821976399dcc963002d94a90f52a7651e079075291;4616;Health;885735;2004-03-23
1d64e6c997f52f41abfa0b3f5bbc4fa9e4583e02d7c457fd1a3e09b6a55c1ba9;1950;Life;294675;2000-12-10
ca27e37ff437f00fc62d731d7edb3a9e25f6ffebbc5e2177fac686fcce3f032e;655;Life;233421;2020-09-08
216416d506b89edbfd495606deaef2577d0e57ecffba0778c0969ba189da58a9;3568;Automotive;908361;2017-06-15
a5eb9175e42bcc0e9aede0e680e710762e5b3e66e837476d163a5bc0a559cf39;5369;Automotive;376670;2016-07-25
d2e379fb76196747a4df4afb16849112a9861813a88f71001fddf1b5c838be6f;6889;Life;996365;2010-11-27
3374fb7e40a497664e16bd5fe54b3492289829ffd76588c5a2e0f44999ff4c90;7870;Automotive;535282;2016-02-06
c403c1d4d4c7c91a9ac9962d9baf960d9c601989309f798716167e7d1d407eaa;6821;Property;941617;2012-07-19
5caf114e2a88fcb10dda812af905ba70933b42879a6021687719cb7c5a3658c9;5617;Automotive;467936;2019-03-18
44505ac590d189aceff22fdf17555a98e2c2a93fc5e4ed9ed81d50cd414edad8;2273;Health;833583;2019-12-14
8818bbf4b35c24aa3cf7bec17dbe978fb1cac31272776a9220e5a2547d077efe;719;Health;448536;2010-01-24
05ce5451d8e3a04722dc142ac7ff886ab3c026e93b1caf3e24ddafb40f5013c9;7791;Property;74411;2017-06-11
14c9c8299a3a7ddc6217b3e84396d80592d577b8f8312aee15e71d9425642a39;5059;Health;838410;2017-08-03
b7fd6979d8762525779535e7cf9a1455faba3749b35e7e157feeb5c966a5921e;325;Property;671948;2003-08-10
ff6eaf0221cc53a6f457e37f464baa912bbd84fe8b64124fba3891dcd990b0aa;157;Automotive;252686;2007-06-07
75e150d4e2962975dfc8bb37f6600ce4ef2dd27cad3896395ec1d6b31fece1d9;6736;Automotive;584181;2011-07-23
8986deb09767d5278d8e887e9b79f4612b69ce39a8509378e4334f774ef05f28;6563;Property;992923;2008-03-11
21208aaf5476d23c7e0f6e1ae0c05ebc78d9eb3a96d99913181df3e471dff6bb;5358;Property;117883;2012-07-20
5bc1647c1e1ae1e538b2cc57dafe729ee30dd35e9470e6fe8f01c679d74e19b7;7549;Automotive;310692;2018-12-23
4ca14b091defcd0a3e5384eb448a24ce4df5c74904f4fe8dd867ea9fc05114d7;5538;Property;222095;2016-10-20
5c24f47f1d2f21ad38e723c1c3b37685d112f6957512207a361ccc11830aa528;8991;Health;32973;2012-07-20
f8978299b360208973e2027de84dc625d66794c56251a15b5d3b594707cd31fe;4748;Health;846736;2011-11-09
6f25e335205c10d3bae2beaaf24f832cec3946412def5e8a82825621a3e740c2;2391;Automotive;43866;2003-03-03
90fbdd92c6250595304142ab08b0bfcb3c829019255294db358aa65563ec5aa6;4027;Health;906035;2017-01-07
82264097e6342454c3d739756753529bdffb6c347a3cda17563cd429015b197c;186;Life;205700;2005-01-19
1a25e804ec857e365015493970fc4a725594efa20c26041a27fdc7cb0e2a7760;7175;Property;974869;2001-11-25
ed50fbd942791e8c2fc681ea4e7b7676e0f15d78b1cc6df1f5ca09f8e7908d19;8893;Health;446831;2022-03-26
e922d94cff54a26bc2c8b4ce1efd170408881d09a9b29fa86c1c43f9c3ca93f0;7924;Automotive;587203;2004-10-09
4ce0c05654e9fdb1e0f11df0164b35b8f94f4c4473591bd99d602d4f03dd5c0c;4047;Property;386280;2003-11-09
eb7a784a8e89c78fbe0d898c03c2f252f02214a2c68ede2e2ba0e8cff6ff4267;4168;Automotive;184087;2021-04-13
dad36d10de47c344a0bdcb3d3a13824ae0236919cfd845620b44b3927070c89b;1207;Automotive;491003;2003-10-06
1eb768a677b22fb9c04a475fb43612f5dbffff06214f51f9aa9cfb496c3ab624;6167;Property;832932;2021-06-06
07b43aa467cbcb6407b856f02f03aefbe3a89035e8f154e05e7e478d49ca746b;183;Health;843281;2009-03-21
32975a278d2d27e610f393ea65aa906b603faa675a5c61363b201f0c1b58877d;7643;Life;197456;2021-09-03
a59833a1e7556d6657f8c936e0a10b776ed9c2f0a185ab5d11d0f8c43aac6a9d;3664;Life;373757;2021-01-26
af9d25e93b579eceace3b71eb45e22d1e10d9f4774d9a3f727f695afdc5be225;4558;Health;776257;2000-12-18
656fec356cad158f91efcdf9f6cab261ec494ad6804c30ce4ec5f97ecc5a2af9;8164;Automotive;333874;2016-02-25
6ceda5b1a4c4c67d3c078323df47eb33fab9e2123d37ce1cbd111192be7b6334;8224;Life;314321;2006-06-11
b8fbb8b4f0d6a18c65db714f0e35cb484acc5db297625fcd1a2e0abaf16ef675;1894;Health;764643;2009-06-13
fc1fa4685a78768b7d5ca779c9216294db846f6e02c54998bdbecd0678bd26b9;2449;Automotive;41061;2020-04-24
5fb6735403a88d263d3787c252651d908e0b0e34aa611b465803f1092837de21;509;Life;496072;2010-02-12
ec118ef2655e9c0b75483cb41a5dc3eeb2343a397354031ef7cdc72de9d6916d;7093;Automotive;255251;2021-04-20
cb998b1714289b4f13e2bfd88945b952239355a8d9b5bd7164130b41e0a717f1;5942;Automotive;370746;2017-01-08
30e98693068de0f52b6209831f9142bf7987dd3dfaab172c6c7d348c37422971;4288;Property;636498;2017-03-04
0d69afd8a064d3e9ec5bc3da602738d43e1317f9c979022bded6f77b9541cdbf;8676;Automotive;987839;2019-12-25
d58c853cdbf6b30d449a150517bc8b417b7f81a7a02a34de9747e788140e6674;6144;Life;981637;2001-05-13
cff57c77c9675dad68401cbe567923a5bb9d4fa88f7c100d1536e704b855a51e;7529;Health;679332;2016-11-06
b46a2d41c6b56f691e278a8f6c2de8e25cf80007b198c537b3ccec80db0c3119;4212;Health;317461;2008-03-04
e02d3bfcf06fcef496c8c349484aca9e0f6511661451e412f6e9b615aad7f8de;6777;Health;680811;2015-08-28
c395f7b1539a1202e97311d3014415e299b8e77dafb719c508f94fad69853dca;2180;Life;530098;2003-10-25
6e77fb9461b6109fbf75337d2ffd1186695f9dcbe51282512ffc13f68c4984b4;5712;Life;486079;2022-09-23
292edef743693f315b2ee2b870bbcf0f069d13de5012f6322adddeec009b00e3;8906;Property;657080;2018-12-11
5ffc66e17d741b154a41920d36e14f9e75cd4e874c304e5f125a0cc332dddf16;4386;Property;114509;2015-10-13
cc01c98a90831a564dfd87be9343adce05ad2fab362c454b84586caae5e991d4;9252;Automotive;978686;2011-06-22
e3794dd93e5ce60ad611d7c36b75da1095b3dd7bc05e6b4f7a33128340ab05a9;5416;Property;693209;2012-08-06
9a2b20bd308ea9e90250b1b3b2ea47026d28668a4cb8de0164f0fe7867540409;1440;Automotive;165298;2013-01-05
7e7b922f83cf58237a0443756227448f2ce016285a5bc12643420e169f15d83e;9045;Property;130981;2010-12-16
59cf690133df85bee77230453b0c6920a40e6200abb9ae6288ad61974401ff34;6591;Property;465120;2019-03-25
16f8dd5fee98ceaf5b36d8c87025137447d1fcc8fa40f6795e3a4cd46f1c2a51;7500;Automotive;33730;2004-11-06
7c713daa4ffa0fd82fe85bcc8ae072049197cd754291d46e0008744111542b20;6743;Automotive;252497;2004-09-25
a03c65f9a1956218829b249a8f202f35dad66a3d95130ac209ac70d4e0d04dc1;8241;Automotive;2905;2019-01-15
56fc9105b4e0908488115de295ae1e314b10a48765053bce461d287d6de1f622;8902;Life;78291;2000-07-25
a0caeb490e8bc7d1c0e188123f270024e127ea1e22f38c32fdbf63420aacb575;8039;Property;615347;2008-07-17
88d4eb1ccfca5ae29dc517c8229c9b3df6ea2c07c5ba11d3c41da2666151ba3d;338;Life;741665;2004-09-04
5dd799fc83f8c0ee30195be1c399d5b72e49c45e4a33aaa83831af56f3eb76a8;139;Health;387779;2004-09-17
ad98a406181e46a921bf076483cc5c59a70b417c298d6920312f75ac919fdcc4;5877;Automotive;804860;2022-09-27
3e409e4a9e0ff1ba46fa31874550c07858d7119ab836b6fd23c288e73fd9c254;1275;Property;974872;2016-04-06
92b8268285a8a973785ee39a9a3f224e3ff2ab706c5c376f08a00549b466eeff;7336;Automotive;40098;2016-03-27
69c3391a812172080ecff5eb441fd03d0a3ce02935dafc0bc3c349aaf5c97459;2885;Automotive;387611;2014-05-10
45ba8e77b05281012b14f440bdb21ec553ba4fe470fa87fba6e661efdf0d0203;9183;Automotive;991359;2006-08-08
379e045f09a5a850e00819818e01c9e74a94e321cba43b160bed3f57ca87beff;5977;Automotive;537205;2008-08-15
5c2720cbb4fce9420d7d1155d45f2192a039ead42e6f9f7c345a8d441425037e;5798;Property;708905;2020-11-24
a0b85f99ecfe2b24aa008423232059b96870724d0394517d40991ac5bd5e7906;8644;Automotive;9851;2016-07-28
7c5015bc621a3ec3b68a535c29bcd00506523bfee500a1c373b2eea1b0cecc27;4527;Health;428225;2016-02-08
d9ee3fb378905c872b45891e5aac6ed6200db0423af5efe9a49ba2b38130a744;9323;Property;924311;2006-06-18
d83a88b96afb657f42860a9bc18abe7623e29ee72d0206170720bb3b98dc1c72;8636;Property;270942;2018-08-06
c2babb6e3df22912b45bc1eb3abe3f6b48c6053d737cd649253ffecb4cb64f93;2196;Life;692278;2000-05-10
925b15421f1a8b99670eb32325746222ebe04897a1ea28c1e5d1af3299608d70;4466;Automotive;795236;2021-01-25
9b4720c4aa91d42fa1b77aa0b5e2b98c3815fefbb7ba9fd90b5bd56979f056a0;9454;Automotive;742252;2007-12-27
2dee7bb18861b4282a40c4b646279f3eb28dc449f175d5858f99da81fb208968;2663;Property;248612;2008-03-21
8d56a6bb134ed96d2e844616ffc7c1bc0baaca8a364209bc367fde26214a9700;522;Life;499575;2010-09-13
44164525a09d8b990dbf1960662beaf64726783ea388f5a68451efef9503944a;5954;Property;355812;2000-02-10
a55fa7dabefa31dfdc0e4e8f693ed2d9251a20e83dcec901791fe3b5dfbc721d;6930;Life;182026;2005-04-27
d65d27b46eed6755e1cc36b6c42c1c9d4b5be4f2fd638bc19f2fbcd129d6ec52;8790;Life;242152;2006-08-21
1b918bd27b77368a41a567d529f4dbced24f8f36a728d24f38db37faf0511d4e;2147;Property;173814;2019-01-17
b96e9609d61b6fa9b71cfc3817e21bd5839545ebc8e925f388f5b7be29af8e2f;4085;Life;941927;2001-04-06
0ec21be3d453596e90f6f2270f651d1b57e3a37ccbcaa064335ff8cff9a8b425;2638;Property;120116;2020-05-02
fd6d220b9bf960b434ea6d6de6308b652ac08970dbbcc6b59bbbec0f1506a945;5661;Life;81654;2005-07-06
41873b7373835bf2ca63f0446cfa137cd45c3001a9c80ac9a80a79cc3d7ddf25;2099;Life;320139;2020-01-07
ab9a8e96dced1b4104b0860cc798da45a11bd71e4915c435dc8e11f58bd430f3;4788;Property;788838;2016-09-07
e22e16878d034610ea0da54cfdaebe7e55e1fd75e109760e5d3d65f3d0df1288;1228;Life;899292;2006-05-21
bf285bd1fc9ff1658cf47a2ed949957e20f6d2e63e6f3dd5ac98d5d6f219b3b3;6513;Property;637905;2005-06-27
19d62d0d9777faf9e00364bf6e56eacc898430f59f8f5ec0c897f32d168a2bfa;9131;Property;577427;2009-10-28
2e5910a1f8c2059b4cfff9b532e92f109f880290d74c96ee1492481daeed9f97;7447;Health;526565;2019-03-11
600edef60dca00add861ba900d7c5683eafcaed44127b91dce2140b0c7f07b07;6800;Automotive;338417;2020-03-23
cf6e489f1b85037ab14586a49369f2b51754387fee3a124eae9459a3a33f82d6;2086;Health;685479;2019-02-21
4624073fb38939775a0d324528ecb549cb9efed329e09fad8a782eb2382b28f3;4803;Property;673157;2013-11-24
5566d2909bad9d2c6653fc0d2f029eb27f25c540a62c3f3ed1c77bb2835d9eae;4673;Automotive;257484;2009-05-07
053bd5dbf367aa7258d5c06f91d33c6f505a9a09f333f8a606472ba8c85a5d02;6069;Life;172973;2019-05-03
bbae3e541206cd8cd533d84abbdd5dc006e23352acc6e300ef42cec6a975d950;243;Life;742724;2018-01-24
9a05de6a3487e8eb9031c955813b7efb42a497c77ec080b7f6e101c2c88c829b;3421;Property;518590;2017-12-22
f60da4412bfb5873bbd2dba1d365fe61ae8979a1f466c25f0f0371a1896b367b;2403;Health;471392;2016-05-08
faba0804bb38a35094396603cfeb0e1ca571f78fb8342947c17904bdc88aa8f8;7032;Property;226893;2003-08-17
eb0edb0c4b9687336fdc9e1f5b334287b8bacbade94493c0d9222dace5036fcd;1627;Property;642975;2010-02-07
62453063e93abed5a835d87c017dcde59bca4116b108459835f8bc1653d1db74;2654;Automotive;55671;2001-03-12
ee498f76109456a1bcb3c4cf8aa4f5463ef196414550180cc7f28bf58e59c5f1;7127;Automotive;145033;2009-04-28
effc4e1d509a41263d171393f94cb24f756c380b08c03f944d94c1fdde81428e;3160;Life;288076;2011-06-10
329893d28a99dfee88fe57e0c967716a6b1010d765c63334bbcbb2f4dbbc0b13;2296;Life;29458;2018-09-12
d77ce09b7056bab6de1674076f38945a501f3e35807cc5453882c805866f5b5b;6511;Automotive;290170;2023-11-02
1d35d09210ae8d7a85784b9cb6bbee7eefe31cf2805a2f8f5fb3851a3a685e72;5827;Property;569511;2000-05-03
6fbcc0747c97d39cf3019754ae4007f9b33e27137dfb0761f74708274d48a5e1;182;Property;122274;2005-01-14
f34425419b79b142528b8c4b9425e4bbed2ebd0cd1c9253beee36842a3f26dad;4665;Automotive;153707;2022-01-04
a57fb7674f3e606b3730de9ef69753fc4b86afd66c40d7f4e92bc09f860b49be;1136;Automotive;370402;2000-04-15
8940def512362e772f1e7ee5d2b4f8d48845980df09275cf42bcc077a200d06b;5832;Property;775642;2005-07-11
5ce330c2f02cd8128f58f8ce206d841865dcb703e468a93f9e05971eac9d93e3;4232;Health;876667;2001-04-01
05d9d949c6d2e91138be7cf4b84d6b6ba6b137e8fce37d939cbeb2f943938e85;2267;Life;989288;2022-04-15
aa7217a20ff13074af542a8aa917c8ec30d8180fe7e07ad0e5090d87848f7369;4041;Property;726692;2013-01-28
2a55252482d7144dd026ece10ceae9ef561ce84aa672cd1f560e5f280997b5b9;6612;Health;294882;2003-06-05
ef831309c739219f1c3a3d0f37d0036cd9bc58e93b772eecf292a5ff894f8d12;1087;Property;104106;2017-02-15
dc2e0ecf8bfc361890bbb99ea388e403c461721215737af0e92a4c6ee2469ff0;1922;Property;686199;2000-03-28
3eee903a851cf0de246f175a5b67f4be041560156fac518f02cc57d45f5d31f9;6670;Property;628833;2004-04-03
4ea7481086f9a450182009c197992701eed931c52618d4ccd73ad9f11eb6b66a;3591;Health;392899;2011-06-21
c98e9cdf3179bd15c3ee5dc300ce03765bfdcfb738db4f3de7002f956070fc96;5745;Health;918802;2018-01-25
ed1dfd591aca2df3a829311d8073c4d0128503802d1793248f0673ae7e1d13de;9128;Property;915197;2018-04-03
7c30578b1220113db2538a20c4e0d3540f709161b7177d58d7852c559f150e76;7695;Property;165830;2007-04-01
b644d5404cd1d4090a243312de571a3b514e5228765c69640533bd77d929d16c;4998;Automotive;259513;2009-03-28
0285855500ced6d32f59a18a682595f95712e5c1fd2bdfdb52fada8c66424a69;9918;Property;171838;2004-09-03
10f7cd72e79b3398d14e16a5e1e165ff03096f5265a9f7aea7df5e808b3f64a7;6846;Property;658955;2001-09-12
4e3ead98af2f6ac0218ed7d7d8e3cb8e006d921cdff4251e00fdde189de0e2e3;5734;Health;619582;2002-09-19
ffc608c1133abf44c72a6d4f6553cc9cd14db78d6439004268c83a17e6a7e578;3878;Health;48511;2000-10-24
201ed536a0c24c3c9aa5b3fda335ceeb15f291b43c3caadef03f105d6974dd36;2940;Life;18166;2005-07-18
1d79419d4436b5f886548917a0cb0e43eaaf134fc6514ff25cc1d9ce0b73d044;8315;Health;616915;2018-12-19
15febd203d7235ccc2b954be9d9f8eadc92c1e245d4d294b399b895d9f189da5;9545;Automotive;839559;2007-11-07
5b9a04b99ee451ace5e05a0aac3a76a41f0bc3b515939643d31c6a90683e41a8;9586;Life;261355;2000-07-01
51df383aafca90e42eec53b9c331b75a77f283264faab07b42b3f53ffd8cb53e;2820;Automotive;595996;2002-12-18
46162525ac702ee063ef74576f0654d548288d233430cf4daad9e16cf563affb;5843;Health;450762;2011-09-11
833da91b9dd78ae540e5e3b35f6f2b9552bcdc13aa064be363676a0f318f8035;5507;Automotive;647484;2007-03-06
3dfe45bd3ebeb9b9c7c632c77a4854913615c7d4c66420e912ce26f1f231dada;2212;Health;376249;2016-07-07
34c03a4e7281418d955a1dec57efa0aea79cfc2097476fcdab8475bc4e694e11;9663;Automotive;982582;2020-11-05
436bebe63b248e12e9cbef99ec83a611d56ad7a909a7df0b6d37783fac2da3d0;5944;Life;197923;2000-10-17
e076bc8b56463dc4ae9501d335832a4e04563a830dc13be588f085e3e5b30df7;1091;Health;865521;2019-07-13
0fd65609ee82a72b76d7aeb77e0d1d19500edf8ccc743268afaceba308739927;3318;Life;513759;2017-01-02
1a4dc6c22685a9d93329139e697f27d553d02c9eb341aa13ad6fb4c1d6695b75;4860;Property;611624;2012-11-22
18946f84bff7e1445a1cd997ab95dedba8a6f7d79fa4af5dec912f109f01c150;6743;Health;528648;2003-02-03
1adaf6ad82f102f39e63b7c311b4979d2889c623cbd0287242f8eacc6dbf8818;2666;Life;823845;2002-05-14
329e41047c5da76718c15d9606b66e0af4b7655a5810782ad715ee283ce10ce2;1821;Automotive;540576;2010-08-27
aedbf6a3edc29f2bb4f6dadf1e249c285ae9221866729f355b64df0730c2b0ae;7952;Automotive;534041;2018-06-26
b733be06db1ccbceb8ef74891d7fa66434c9aa5b06f35fd550fa36878e2dda82;5909;Health;253118;2012-12-25
23ac083c938571eff0f839b379b0ee99c1ab28f9b72274135dd1ed90977b4b5d;6182;Automotive;925433;2001-09-28
09dbe2b0a0fb6706783152e3f1447f0d7b3ec5d429a38225348fce82fc8226f0;7570;Life;960949;2009-02-10
88c0a2b5ae472d20e797f0f900e93c55cb65f2ed71c4fe528be3647c9e7699ab;953;Automotive;189861;2000-06-09
3852043318c1b7c30fa905dcadc04ab27db04bedbf012533da51e41eee4c0539;4317;Health;973001;2003-03-16
b2b0d99c6da309baef0e3700f07b04eac462bead671ff8f082e80d873e0f27cd;169;Life;697555;2003-08-04
4d7f92eeb4cf5679f430a7b97fa36637292eb077b05f18d80eb089ea18bd30c9;3372;Property;205303;2007-08-06
edea2c8bd8ed0cab1d9052f9cd94462d312fef27d772c306efd78dd75f60930f;3099;Property;571388;2007-01-09
fd063500323d2641be68349361e5484ab66696a20e602f0bfe83dff57bfe9874;7452;Life;658503;2003-11-10
a5f3c283c0601dd7bcf3857266ee45b08e22f22cc8ae34d7ce640d05b0dbb732;7964;Life;364200;2017-10-09
b3011684ad1883bf0ea77af5edcafe8ef8b1a5e06657c6eba9aa8d6c702af02b;7469;Property;70171;2000-09-25
51f621ac446abacfc0fbb6ffba1d61925f25d73a60effa0fd2b68d3491bc6b69;6025;Automotive;28880;2002-09-18
745d027acdc77044d04f1ca0a2d73d3b24b4290ef71cc72b0638f1c278551df1;6412;Property;959082;2014-12-27
41a975a11b8749e165c3add18a86bfc4feab78c987b9657458c2173d391ae396;5344;Property;87275;2002-06-02
febab8f0e606e998924551fd3749ad170f29241f24d3c4282d1e9dfa10b06361;9756;Automotive;154898;2019-07-13
bd9e7c28c05e596ee9fe9782ab2a726aec2e8bfab0852bf6a99afa024c1a2317;7032;Property;663980;2008-04-08
77393d42c31d4d97036b61dae17a85a0c87cf4fcd2da8b6a6f4893a6db3fd662;861;Automotive;44919;2023-12-02
fd19fae39f6d83fcbcb42919af858aae4e5ab7a58f633b1fe1d1f0591fe66344;1932;Automotive;179207;2003-07-07
7fc15a79c7150f052e62347527114cc4aa5bdab23acdcd25c79d710804e27baf;9556;Automotive;192946;2023-12-11
b4f302af69d36d8d52da999a3089b6b365ad147b2e068b3e50030ec8cc143a55;6613;Life;919072;2008-07-11
737620638a5c6d1a1d9743a8c5ef7aedcff119ba5604fdb20ae08f6f9ea1dd50;3071;Health;54402;2002-04-25
2f3b7f85003b357c30c3c669f50903ee613a4bcf4e3df7c02afb218f5c276101;430;Property;291170;2012-07-25
9f346bc5ea8a5425992bdb92a8063b3f9a0b51be70b1737bd8dadd364425932f;4919;Property;564215;2007-11-23
b20814941770b5caa37a83cd61af1bbcdcb74bb77566ffcb7181643ebbb22029;3153;Automotive;5878;2016-02-22
49a30d18ba9050405b6266393948e687b7789aa491f88afc09437cf6085ce35e;9083;Automotive;529489;2015-01-03
815d796ce9f155448b12191eb54e94753148e6e8224a4ccec71222e239ce98cf;7265;Health;986599;2009-07-03
76e9edd540e078b1a6498ea0b227355a97d4a065721ed76037ab60780091cc1e;7409;Life;890078;2000-02-05
e632856510afe79c38202b8a16214eb7602a40bee01b5ebb8e59abf3576a0087;7958;Automotive;201480;2010-11-02
21337e20a6b664e2ce1d6ea2344fb747f085b2794475af391780ccc19a5c6b91;9668;Life;755219;2011-03-03
9bdd9a301779c0348b9a854ebc62c2820943207321f74acf580d786741fbde22;3418;Property;433586;2001-05-16
caec88e4c3906f44224db86febfda7fd92894e0f5250c3f91e5c49d96e7ffe63;8469;Health;165699;2020-04-26
523923e26ba3fdc575a0548bf6963d67e88191509d8c1cc646d119ab973252ba;6841;Property;301495;2019-06-11
c4301428faa343a8f5cdee1d211ca85de00f3720be18cd14d5892db886dbdf42;1369;Automotive;453574;2011-10-04
fcf1a8ff2b46cc6fc8401e407aadb6aaea8e4a08d912a7b32f7d3e64ba773532;5317;Property;863280;2008-08-10
c45ae33a69437fbaa983cb4c03509eb4900a8772419c04372d8afb023bf89595;6245;Property;636577;2007-03-19
a18ce4161a976e2afb6c6b41a3e2f2c2ac6447508f776ffbbb9c22762a57c624;7367;Property;542639;2009-02-03
d3be80a4d4bb3f45d5a93881051dc5067214f57ff0be34ff8875fb899cc7260d;2845;Property;978846;2015-01-10
bcf3a32d467ee9e4799c10fc601c205053d4486779cf9cb2cfe9da70a5f2cf6c;2942;Property;285523;2021-03-27
9de767d5fe79a5b245e17ef61ffe2916ff1bde9b06217f2f0315e2181f31ba06;7538;Life;18273;2004-04-24
179e46f5aadeff99f5014c1bf4c31604a92839a0155fa1f1a0ca55dec3ec139f;7213;Health;201834;2011-04-02
a8adbc3d271372adc10b079d4e248d7eed3b35115c0cb9298fec347a05934632;2728;Property;489939;2007-02-26
acdf008a6ca7eb0d9be6dba06eebaa77feb3064c36a8daeb4c14496e3191a94e;7091;Property;15721;2002-05-28
030ebd47e254f4368312a41c4c241c73c8f98117e8932c4da297909e2e1261df;3278;Property;413089;2010-01-24
c0b55060fd803d996b3c91c99e4dd7ba936ac023692e4020b84fdf857f6994ee;3405;Health;346174;2000-10-23
de29979f9f1b4baa95e0492bac082270a34a4bf777f8b8d5df31343ff029fabd;7473;Life;93479;2020-06-05
1f20713f0879a9920de92d010adf978a9d10a499aec35037c3a703c1984f69cc;7618;Property;604184;2017-11-05
1a3c5009b4e80c3fa74daace13558fcd8b74afdec37a0cd0af6a9473b7f4cb88;816;Health;578772;2002-10-17
c8ab3239570e9e19ad2f7aaf9eabaaddd684c7b01dd4f79621170e87a1cbd120;7984;Property;434777;2007-06-26
7ea77a1d58b8ecf4acf8db7b04d8e067dcdd8523ae0028dff61c27a16d1ca6a3;10000;Automotive;632981;2012-07-11
950bd8e363142229d1f030a8edc4ff212c2a1f3f1e74668650731ed0c5d34a2f;3814;Life;808017;2019-02-28
01e0b24f178e6004e9fcbdab0d4f5061dcbeb3e22e0fe4f720036fd5147db968;1665;Life;199513;2012-08-27
221263ba30c2bc862580110957411521ff065e464299213796380fbdff9582c9;755;Automotive;427135;2009-09-07
2b32572b904de3fe78676360e6a74195665574bddea9194430c8d84d04c85686;1463;Health;99817;2005-04-03
edca75d92aa418f773f7756430ed5ad059c6100d29393ba0f691c6ccaddd2471;1200;Property;39946;2011-09-16
7046f371eb0a4f5cfd999dfe0a3dd6b12d18e93c85fcc1b640e7df4f8c6862b4;882;Health;143601;2018-06-22
85f523848278ccc57ee60671d9adcfe75040a62d11eaac069501cad4bdaea270;1454;Health;843302;2011-06-19
178b19b32b731b7feb9b0afb95c8ae0910952ffa68e3931e407fb7c5bb3fd82c;7230;Automotive;466069;2021-04-15
b1ef75e59f2c6e2feb8fa15604cef843023e5a179376792c2f9873cd3b62cd9a;510;Life;980132;2021-09-23
1ae79530250fbda2e40a1d919cf0358f85e3b6857d8f78b215bc97b0eaa84cbb;1674;Health;416267;2019-08-21
0fbcbe4edd788395b86766ab10cc026877e52aad0b02a351f720db9a8fb6c97c;9283;Health;472782;2003-05-13
761f79a41b635405455d06299aae293305e5adbe477c9c5971ac38ea4ae19149;1719;Automotive;228973;2014-10-22
ea335ffbd4a74f6f31fe3bf01cc19ed0d73ca526ed2e55c896d975910116d196;8343;Health;44180;2008-01-13
f364162809e46c3f1ce4fc6f8dcfa38920bdad0bc0d77573b01ae533a83fa69b;7272;Property;673212;2000-01-01
86dc318c8f6e7c5c9a8616dd4a7ddce403822c95ddc2e227c601dfb472c0b84f;4238;Health;155306;2003-01-24
0a9a311d37fc80375d581b9abd9e74718114a729ea80a6ff9f990065d5facba0;4938;Automotive;740669;2004-08-05
cc6c02fa8880115a59de83536348db6892aaa62befcc4a319dc426fc332569aa;8351;Property;643646;2009-05-08
96ca6b8148965912b6af1871503d5c6554c06c7f75e08fe7d8922c741ad95179;2202;Automotive;410175;2023-06-02
5502407a1d0f0f5387d7f66523b83f26ecd14badb0b3e1d0f2c829c7339ce255;4613;Automotive;817993;2018-08-02
5603d76a4bc3c67000a524b073a9523b6232df56db43534f23f4caf7328ae27f;331;Automotive;510756;2001-10-09
89daee796b7307f905fc7b362b11be0298fb2af2360ec918718ba13783e411cd;2712;Life;921661;2018-04-16
50dd7652c502414d74602d4ba95f9bc33fec43b4f24d84cae3308b7b42bd2b52;5994;Health;23930;2020-08-26
389b99930c06b1cfe06a3991a5f07508129fded49376ed695da4dceb3b89c267;3357;Property;165896;2001-11-09
1f5522b6b2cf507142a3c2500c09f4b47b00fb2a669465ea31101b23fffe1e2a;1144;Automotive;310212;2011-09-21
63172af48ed2a8166f780c07f086feb37f9d905487fc21cdd2608f97f190a8d2;1092;Health;478062;2023-12-15
f12a1ee72ee937d7b412d69ff27f234675f68a22ba28dd1577222d740d36a6ae;5346;Life;612393;2002-11-23
7a7e9797324eed0582fa69bef3b66cb1967ec30435fb850366e8f5194ddea3d6;3534;Health;152844;2016-10-08
62e061b4f69b908af4aae7fa9fb7ae6fe66a11ba99271074fe79622ec7c4e764;290;Life;882490;2021-11-18
7d08c405cdcbee183ac9cf142151696d90af7cd538768387849594bf4328321e;1292;Health;532917;2018-01-11
4748464db183b3e1ea3b697d41b1b87884d449caeade6f43477df17fa21545e2;5814;Automotive;3206;2011-02-24
2483ba44cb8beaffcffaa31c82983d93cead5cf89ea0dc45805ae69876b0438b;6224;Automotive;682912;2010-06-02
94a962987f92a9f579dd6321973fdf48234bc5462e83237c5e616decb94499ea;8155;Life;547230;2001-02-04
67043d9aa840c6421f5aa8dbe3515e4106bee4d8c614521db30cccc48b64a691;9370;Life;587436;2005-10-19
97d43e75aee5c7508844475f5f0d5f3ef2bc91f6ef1be4ef0f60a9aa121427b3;571;Life;536494;2004-04-26
ddc92055fe8e9d8f718d03c4a7a489d81d168159aa1cc60f64d15eb57c707457;1889;Automotive;503133;2004-05-28
3637522b4c12b8631ac57a5980286a961134eaa584eaf9a0a7b1634e0c3ebf1a;6689;Health;538459;2017-06-18
74eda15062338286ed074b2e04e9e91c095eae85c68a4e322ef3e6b46057646a;7875;Automotive;283264;2004-09-13
e986c0847db726bb868042b4f6be584f76f3a6241f61ceee920d4ae515a1e91f;2300;Health;540252;2009-09-21
3a5d1d6d3fd70fa6b6a01da611293ea81116f3b749beed63ed0332b8efa3e82d;5012;Property;99030;2004-11-08
4614c54b8c64fe5b698f2dc61c8e8c5866ce3b3ddc1b5eab6a43a340a5118f8e;6169;Life;111602;2002-06-08
72275001ae1cd183fa90c609c6a86b241a80c5897940c2163742d5f3cf776533;3965;Property;855323;2020-06-03
f43f6b9c4ddcbbbd3bbc12029d8f796f73f8c6b11d8ef6d97ebc9fdffc657fff;299;Automotive;508186;2010-01-14
ea67741a2b3f08d8a90e4a97b2aa7877c9fbca195992343dae52d949acf49c8d;3520;Automotive;858484;2017-06-08
900dfce5118d86df93ba640ddf915937e2ee73c7e6679d4e467c8d0704f15cb3;9408;Property;475420;2006-01-18
fa85b0aa6dbc64dada6b84870af5f407ad8056c78bb42ab54e2eadd05407119c;1099;Life;744477;2020-10-24
9aef94fccc7eb9c5253016a969cd3bda1e6df5a0230e9426bc39df496202cf5e;9354;Life;519720;2006-01-08
0ac4e6387f08464f0157a114fe1c4e7ccfb1ec67f1f200c04ccaee9d41a5273a;5506;Property;312159;2001-03-21
2f43796bf4ac70e30daf19ab9295cac23be5bc0e9d0fdf102fa50ca247a69f7f;7271;Health;485968;2017-10-10
671072d0b2ac873661c251358bed3344ea5436963d7a799be4347f6d1345348e;5486;Life;643574;2017-03-24
51937162c1862c473b08ce65c178231c7cabd70a1f237ceea572d572024c0169;1019;Property;71555;2020-05-03
ae49ce8d34de4c7e025b0bbae58ac3b3e0eaddf8ead7729cc281a15d6c081774;747;Automotive;266161;2004-07-21
2d1039443eae75f4795192b3644d85cb9fdb042bcc48f6326a086a7479752316;2723;Property;411597;2013-08-01
0fcae631fd1374b3e98e0e2a4ec5f09361014e1c57ba6ce066dcc2b13b0cfa0b;1235;Health;307830;2010-12-28
dcf901d1d72a2d8f1262ab0c2fa7d804757a9a8c0b228d376a77da47b644c2c9;1302;Life;366125;2013-08-22
6554fa0f71b0b4f8fc0b4c014b0e9529b763b7892b69e7698992edd1f43592e5;9158;Automotive;89487;2007-06-18
1afade4922dec7cc2d427056b270efed03fa64b3cd1b7c3df631ba6c4e1c1911;3978;Automotive;413596;2020-12-05
87bbd43265a0d7d8e2ad2c1fb92a4f4792b66339b4e576b06113ac49f9ab185d;8658;Property;876666;2002-09-09
ec3f28aea01dcc526a1082f9af33251b63d533a178d7d5cdc8bb73838ef7c79a;9807;Property;485464;2021-09-12
a14173f0917f7fa205ee55a11e97615a85f6c6578b95818b451a6d12f7567aa3;631;Life;474938;2000-03-14
1f16ad859b6dbe422bee3509e009ff163ad32a53c0fbc10dae473223ab98eaff;9898;Automotive;99941;2005-08-22
77d26ebb382aa7c679fb3965ac7724ffeea7a164b9e2620327ef8c40086dbfe6;4295;Health;666180;2017-01-01
615914afec1ef72fb2c9ee001c7ddeb643d254ad9446ba8f78502ccf364453b4;6912;Health;839708;2007-11-23
a26d65039d536e30f8fcf06c9dcb99a9ce5054d054e388b2d9f5f0a31b867601;6831;Automotive;247546;2002-07-12
f8b7f846d477b2f51da1cf25cc4d897e35f683a2a482453b8854b9d66547ba6c;2347;Automotive;704365;2012-02-08
55aa6246470a8837f676c280cde8ce726c33a25e3a1ec60510268b728d7caf07;4373;Life;754856;2010-11-09
804dd31df1480390b2713abe8b0b466576c5b31bda296d5e8f61de9cdae9958c;1964;Property;34376;2017-06-14
71644a7f9e5d6dce2583f4be62ea9c9012785690b78c8c7593739096d7073969;4271;Property;538321;2018-09-19
4b62f089cb909194c3da05de793238c3749a0dea9374d4038282d04a46b61e4f;4003;Health;675935;2001-09-03
d5dee5a82cc25d1429a43c8a0203c6eb5507316ba92f45fcfd2c6b7ab3c82749;9151;Automotive;944307;2015-08-22
e8bd2973cbe31c493f7089a90b678515eaf265c66ab210ba9904d40a3be6dc98;1165;Health;401421;2018-02-28
28d3dacbf304bac2cb8411176c4e65de13263832412173137dd14e024a2bb256;6255;Property;847070;2023-04-19
d90e0bb74fd45fbcbc15e7dcab0304bfec6a84ad04bac215564ca765a89f02aa;2320;Automotive;476703;2006-10-23
31271d6bba1b256f9384ae4b35b811064536f5a891e5ff01c7da8c04626a86d7;6303;Health;779126;2020-11-09
aadd70ecbdfee688d916611cd6e5b6328fc8285aaff670facf427dd220217bb6;8413;Property;783406;2017-07-13
573baf12be19a003edbf752478b3ff0c2ab18da1fa058033618d8e6c25588182;3088;Health;802324;2022-05-21
2a4669f5e8b8658965c69797204ce656c449aa435290230ecd343192132f1ca7;6379;Health;161288;2016-12-06
b3d32f05251697722fedadd5da09432cce82fd6d6d26161c54256a44510fe530;2729;Life;290922;2002-11-28
ae034d048b769763a982aa698c3e845527ad27ce561f00c493c0c84c4dc4902a;9263;Automotive;714055;2000-06-15
9d5d4f93c499776e9895ead88c4b4b187e9184caff0f78d8abbd562af6a83094;9347;Health;362567;2015-09-22
1a375404b13069b3c0150d002490043355a9811753fc41c6cbf7cbcf0c13e64b;4980;Health;836523;2006-05-18
a789b23e54ca1fdd31c509b747c3d7bf9f7067d40d93ccb7805c65d2b9399844;8967;Health;283337;2019-11-17
710e72fe94b57a19a99b1324dff4745f10d251ef00fcb83e68d101ed91d1ee00;8841;Health;290707;2009-12-25
46166249dfd29d2b1f15dffbb23d69778feab7110ad33412957232444786027f;7788;Life;199922;2011-01-08
cad44eeebf176337bd4f23e144fa297106da2ba359a7a40f0adbde1ffe36a363;6152;Automotive;536349;2000-01-07
6bc216b3fc952390045823cb384ffde4263223778824bab0a3f50cd004f894b5;3031;Automotive;624096;2008-10-09
00c1e1c2ae29d1c7feb560b36051eb43dad9a3fe1be5b4f6540485272f579d49;7718;Property;120458;2016-05-01
6ece0bc95ff0de423cde5c1193617ea4a1a6f8e416db1641cc39212d7dc50c94;557;Life;47175;2006-05-20
1d96ff4bdcb8fb1e728331ce94bbf49bfcea3c8624d1ae63ab5a6689dcbf0111;4327;Automotive;141817;2013-07-02
a118b1cdd304f948083d6b85e03f46855bf611c88c3e05e0b0f6c53f7c723141;9839;Automotive;617692;2022-11-11
81e4a28400e24f2e35f432e0421c5444da10737fcdfadd75350fbf03fb540205;247;Health;172689;2015-10-11
7dc9d3c574edb2c590cf990ec032ab4c3b4bf7b2b50c9e0e8f4a5b6e2f24cd63;3578;Automotive;282324;2015-08-07
0fe17a57d80f0c39b1eea197f0b427466fd1aa18a6d30e116da43739e2547333;5754;Life;383685;2016-04-09
5af45549848562fd67f22e1d3695e9c745ccd3e5814fa02ba46d3b52925c8320;537;Automotive;684553;2021-09-17
f3615519116a28a00d10071c2813bc9fa9eb34342f761dc08a6b96d282c16288;9017;Life;754186;2010-01-15
7a10c8035d196074caed2282bdb25431064985c4fb8388c06ced77f89ca60c85;1426;Health;195992;2001-05-02
d8328d8c339dc6a90cd85885ff49a4f1f6d4f75d22fc29cdf0f24d99e76c4a71;5458;Property;592168;2009-08-20
279447a4dbf07cfc00a66edbbdad50947d06c57e002e99260850c8446e6f1759;9163;Automotive;783310;2020-06-25
d57783b77debe52faa7d83cb25a1671397ddecabb4b18f9d6fec12ae1ea8c836;3470;Automotive;260097;2004-12-11
c8a63f0fdab24e216f6fa44a98a9623e2e77715a2532015a61bff434869ddbce;970;Property;594845;2016-09-23
63d92b047ea3321d8d4ce0d5c183942d5065fe7a2a9ca28fecbb23773d8223d3;5942;Life;693230;2018-09-02
6bc7c78a12f30154d3867b337eab12ab84c89c89a87cda3fb39626959b7f7c1a;7101;Property;307925;2022-07-11
e3916ef30fc336bf5e83196ed2e0480c6b9e38e052dfb78519a6c4edc98d1806;8972;Life;307410;2019-02-22
be6e5f0bd4d5ee02f48e0eeacd1e27184c3d8456b484511363a06d1e134ea485;5973;Property;991940;2014-08-05
e85737c9193f977689671ece499592368dda8459cf72fc13dd77f895cf4e16fe;5341;Property;414030;2015-08-01
351072d6f21f15c39681e58c8a2d1abcb056c5c54a8536a7154f9dcd51b82667;8135;Automotive;767022;2005-06-20
26eee15280a8485c2c469cdd08d8f8c9b5484ba450e74bdca7f29053c9cd86bb;8724;Property;710497;2004-03-04
ec8876adba93ff337f18346b5aa485f7f8dc027bc304c98a31b06c8e4e3d3e6b;5277;Life;850553;2020-10-04
ed67f076298268dd39b6b5e1f40c781d78493b6fa800a6df0cb06a20a6625d59;9701;Automotive;535907;2022-05-24
1d75e8793631191957f9dc96072df7b2690ca9130aeaaca6b9952caf4b4d6ccc;4601;Automotive;162843;2007-06-05
a0de2f85728ff8da27de40ee01be6cb985f8b1e5ab669d94a78f0e01177227b9;9798;Property;129913;2022-01-27
66619297f3b6d47698dceff5e2c7da48a4de850cbd64431ea1992dd39912ccc8;435;Life;806543;2014-04-23
9fbf0c554f1fb3516436e5eeb3c5914d9e9884c91849b313041923d3b54dc968;1802;Automotive;958707;2019-04-02
a5d7b3d9ad953eebca7238f1cb4862df91c1c5d3537bfa6aec8050393b4f279b;1651;Automotive;773675;2005-11-01
934812f442f10273e9a23b70bb0c6def6f3d0c426d80bde539453cdcf11f0cf5;5710;Automotive;395298;2015-10-19
bedf5bc3f5db8410bb6f9f507f5950c9074a505271b9c23e31789abc1141a73f;440;Property;96636;2001-05-26
175bd4d30a2e67957b5d7851d32743d7378e4a8b89bc8a42b8fff22803b97678;3831;Automotive;543794;2010-03-11
6ee3ec73827a1e159e349676ea31657185ba68c7561a9fd50718ac4d14923bdc;9054;Life;173281;2000-10-10
f6ef1806eef48f0b88667646ef75e846abcbb9c58982bec996b037f529f7cbd4;2548;Property;196351;2011-12-13
4dbdb5a929d9d656d47402fd73dee72cb23030d972fd1accba33095c48cd1bd6;3888;Property;340429;2007-04-06
075c0e772b62de1ed7c1b8b78967509e6086116844af025979aacb4887e41360;5458;Health;455243;2019-09-28
c226a22e1eaf583a5d2122adf52494fd40f0c3e07f4e847d506b87b7c1bcf8ea;4711;Life;562670;2010-08-04
01b1b8b62835162b4daa52ae64c216ea93e8907e9bd7c97d90f61d18479a842f;7590;Life;291708;2010-10-28
4bc8cd73fa83b3b29c74f1ab68ffe7f6a489dd80c4f5541c9875feed5689e905;3581;Automotive;995300;2014-02-10
3a4d0e04936c8a07a522ec70c4606e9b8a2c334833f068bc311d2733e19e76d2;4336;Property;829087;2010-11-13
d5384c0534110063ada35a62dff80db96a2a9c3bdd27069b4f9e67dc31993048;7819;Property;710995;2014-02-03
49e1a9d906a47b5b110fdd8c1b2af1594624d798f6fd7d2a44c215d058c548e4;8721;Automotive;617173;2002-11-10
d83dfc97752c367ad8fe103f46ea7e55e4366f38b649583c795de24e4fc2e83c;8816;Automotive;740763;2000-10-11
41fc4d6515b32c49c239232a26e7e1f497837edd155f0fa2241d02ae26648b2a;4528;Health;121970;2000-09-22
200e03570e5ed2a8a2bc1fe440b7f480fc2e2fa965d91e857a0925659b479ada;7542;Life;52981;2011-07-19
0e8b45d5f7384d3568496b96acf8ef59ef69070a3f819626826428053b609c9f;3550;Automotive;228894;2000-01-13
b3c04b5a8f7e5048cfbb4076f092819a40c430765818aefde6b674b2708edd3d;4675;Health;937408;2021-06-15
d4e861c5ac863fa180334fb3300cdb26f8a06c22cf46a63274e3ce5b47d6296b;8896;Health;219263;2004-11-04
faf302bddf97bdd71ece2a8b516c69d5f484df819aba0e29a89004288549ec57;2636;Life;528617;2019-03-16
7a45835eb4693fe8ff6fdf069718ac88fc9d7a3d4ab7d1b0ec5455e34c881ecd;7296;Health;668531;2012-11-07
ba4113973cfc665eb7fa106d31b21c09c77d85894ec7356f367c821bf97e56a1;1244;Automotive;689402;2014-06-09
f48cfa75f2dcdc1b62437608b082968525a31e4f413ba3787544af62ca3df758;4940;Health;205061;2019-10-25
671af548d5a3921081ebdd6e1e5c13cf4063cd67a41b7792d82fc510aadce641;9955;Automotive;538061;2008-07-21
286de8830c8db4e31b657445dc80ecd38d83ccfa77db354d495a3ed23e449c70;8182;Life;522206;2022-08-20
93aee73f3c9d2aef2c475b8ce68d53ee09a4b0cb2749ae75e662f14d5dc6dbc8;9283;Automotive;112060;2003-12-22
7613b62a7ebe2e193e778643fe8c39e699818b4712832d4b0929d600d8eeacb0;5661;Automotive;593671;2006-11-27
7367cc1d2a0c41d28cc4a5116bf4ebe4bd55738be4dbe84d8bfc805792034e18;8278;Automotive;978298;2009-11-18
c4f534b380482e60e6c18496e767aa6a9eddab91b6f0f29a2a9fa19fb088543d;3139;Health;571564;2019-10-22
c4e48b7e9b862999242ef6b29cce93868367315a4d41b36b8501886c6548313a;8578;Property;155050;2011-12-27
447782b468ec2ed119d33da92fff82a7edbdfa4e0774582daf250f94f5dfc011;6543;Property;515721;2000-12-14
6b54e5329bb49a10e1be815cfa44ef9f465e66d9321cb654e4feba00279e1561;6286;Automotive;707370;2013-12-24
dc5e3dc44c70409372abb1423a2d42b94ec2c0c4467b71a7fd2998497cc44b7b;2621;Life;964500;2009-08-27
bd0c75a6f7e025d6a8fc05c6710b5c858501f6f98d00e4e0bb868921ab4d8407;3991;Health;710409;2005-09-21
681ed6813e9ed0657c6bc122b7ca2f78a6a73888edc22bdde7666e8142a4db7e;684;Life;226755;2017-02-14
0cf738d3025a68e426d3e3b6c927c866a2cdc6d6a30bb09d304fb9a6e9680f1e;965;Life;903113;2000-05-17
222b35a4a52d4e10d9941f846c202f329eba6fc597a35fe3d1eebc61f7ea0692;9124;Life;599127;2001-11-04
ca7fcebd21489f4db82e85b4e66d6c5eb3dbcc60291b6aa384a179edf9fb6cb1;400;Health;821702;2005-01-06
fc6747f38be42d48540e331a5e2e8afd9617948e90ed4f5179e07c2ba2b3b591;4413;Property;49431;2011-06-10
eab5133eb917a9e7a9ebee4088662542f9212b7789dbaaf179a75fe400bdec03;1559;Property;4811;2019-12-01
fdc107028c48a73d088d48020a48fed3f362c6f2e42573c52d0ce7b768759107;503;Life;141979;2004-01-21
79092a3a255d8b1117d715e3597941e02dcd410f9d63c0e709b54154bc7b42e3;8256;Automotive;212507;2009-05-28
66639cef683494f37a09566ffb23704aac1de547cd59deac4d14a352cf2cf4a7;4263;Health;470617;2009-11-21
41a9a6b88f9128f4d09baff5157f4c216b9dd0bfeec0baf2ae89ddfa36b51eee;7726;Health;143068;2017-11-15
213276a54eda19c01de0d6e7bbc1dbfa9b78cf2a9e3eeeeab913f77c72f34b83;6486;Life;242338;2008-04-08
ac7694e792df54ca28baa2dda984695debcccd0882f432ceda43951e51e1444d;2125;Health;615941;2013-04-21
f23d047696b7dabfd716e909473ad92e59cc325c675461c5f291ddd61ef36929;2269;Property;351503;2008-01-02
0191ce03f4cd4027bbe2f68e2a299289c8508e395ed90442ebfe5d2b49c93838;3020;Automotive;19481;2004-04-19
2dd39d72a61a764fcf4d98425805bd51917f6e75cc7463213dda8dbb3a49722a;4782;Life;933325;2000-04-06
49cc56e404e976dc1fd04c08980eb90c74cb037609f64fb1c85985785d9e4535;2819;Property;900321;2011-12-25
9da2776eab6140efdf4a95bf37ab495c87692b703fc2db4c4b3f17c7d5111288;1974;Automotive;433385;2022-05-13
ac8aaaffb0d5fd897a7af785db4598af12ba12ecd0a7caeefde2a412a15edc35;3579;Automotive;32580;2013-02-02
4e0b04fbac714d2dea008bda02202e008c5e133b56c8cc064b729931198b5f0f;3267;Property;783690;2017-05-26
4cd08f32747d486a89d7e1dd7bbc70db8621c55169a8215c019f6e8e13848883;884;Health;593041;2022-04-25
1a3d64723633546f9f350420fc343ce95cf35a3210e0173e0b7d0780d20014aa;3361;Automotive;119999;2003-10-22
aad21b06de8c5e5befcb6ce5a5e6b12bd3c9db0cb0937c40ce24b16b143e25e2;9197;Health;751176;2023-12-06
136223d01f1ab97aad7c6d24fc5aefd428bb4ee786289832c58bcd9cd5a0bd8f;9338;Automotive;555047;2009-02-25
677c9d118acb2100c38d96257738020c924da833dfc171a2e604fcdfdc1884ce;2451;Property;140600;2004-07-16
55cffb7ee5a6794b2e90e9cdc2e4cea4db179bf04423b22c92cc25d6396e767f;3263;Automotive;32155;2011-11-06
e0247d34b2765d0d1dc139ece5e6ad63a6d2f16c7e3a43a78a5a55862a9314b8;2776;Automotive;335407;2003-09-04
848bc6be6eb3dc2146e9169be36f598115504d78a3a30ca6b142a306737c3a0f;2502;Life;765708;2020-02-02
4728787ed2ef6d75f7ae689c962256f03de442646dc6be7e6634ed7f0058ceff;6670;Property;915194;2020-06-21
12e3d6a0a6db60e27812781331d7196063af0a8618e3009fd4ef2bd99bd35390;1655;Health;500503;2013-03-15
8f6726079f7ee47b32ace6c871c75e71e580521a1f0fc3eb6e2ba9c8752a8506;4489;Automotive;352680;2002-01-14
f27510694ee0ec8846c1e0677a2638862f1dbf604fa3a2f87edca0cab1b04dd3;9668;Health;809003;2023-01-13
1212b8bcea7b8117f25a0ee218ad04ba37a425fde4fe19d354f3dde82d62c411;9556;Life;974021;2007-12-08
cc3232a9f964cd9ab09bb161d69d8b730a1c6a1e2398e1145e8059f6db53e66a;755;Automotive;548046;2012-10-05
c57edf7852c7912509c2c73718fe71af9c4f9ab6a7ecba29a2906d460aeeb7d7;3977;Health;739317;2006-09-07
e60c58438cf30cc4c72373ffa8ed882a7720c21588425e5355f30d58c8e278f3;9252;Automotive;379825;2000-10-13
4577a8e30ba3e2cd6d87963b4491bf5e542373c853ed62c8badbfe079a386660;179;Automotive;282536;2001-12-19
37230e027895a2b95aac21df84bbc7d1214f9a65d451d30eea8efbaa7a6ba5b2;9465;Property;14073;2014-03-12
e901de6e47e9ac463871c416ebcc5b804a656219ec71dbb5955aad156ef11f4f;4511;Automotive;826052;2014-01-01
7eca6ceb7a2ca05ebb04bc5a6e9d2408ac087dd9c008ec29c7ebdfc13e91eee7;2025;Automotive;860113;2005-11-02
b3372cc113401f5fb9bbc4711464435ad3abd6b632d528bad005aef901f20d6e;5478;Life;267831;2021-08-05
dc8b09a347a10735a9a71fb29f9197535f6476d19ba9ddfc9bf0038dbb24e339;4354;Health;686779;2022-09-04
cf886471f9d24607e861a6765f4f9f9a041b25b7ccc66522d3ae4b460e9cb513;6477;Life;361953;2003-08-03
237202da62b5090bac75bc9fd011ff6ca793a56a8fd9c9b7af965b40472e4722;2752;Life;717211;2002-01-19
731d6193654d75b5172be157a3345f7f28b77e3827b00eeacc6c6e26a0096221;2715;Property;366642;2000-12-12
ea8f5b8c4bd8aad0f66743d8a94aa901a888b24db2b1938ae0fba5a2df894da2;3477;Automotive;317946;2009-07-20
087bc69c3b4df53b1dd256caa4f756b107150e352727ee3ad0fb7ef4144baaaa;709;Life;17921;2007-08-03
aa3da5488a13b1d6b90d0e1872a8ad27d32f49615c086d18e9211acab7d3a8b3;4593;Automotive;873767;2006-03-28
2a3288999d1628abcd6a49ae2520a3df58cf317f9a281fed4db872106386fd34;8550;Health;75768;2007-06-13
d764e161d6ba93c9d9b97a1b3b130b3c65e3ee9901e5286e15aab52106987bf0;3745;Property;686870;2023-03-24
384d321e1edcbc0dc6cc4a6054feed5012e1da895a501a5c12d7f62c37dd4b5c;8304;Automotive;516469;2004-08-14
ad26d82ca893d2b55d8a9f3afddb62043b3415395ecf5b1c84967a4231d050df;6485;Health;684423;2016-08-11
b3e481942a55df31431f34cd1e73e901a07aeeb21f53f094b4aeabca92827788;7030;Life;917057;2014-08-20
84988cd101083d48ac944aefd1c437b0922c4ae0834f0d5b7aa9723878b8f89b;3182;Property;529435;2009-07-19
191dd30a1275f006ff5d52a04dafda18a9b28a02b16799949750ef748e618352;3604;Automotive;885721;2013-11-16
8aad5ad3f46312d86b1d3f426ebee5172bcd7385e033950809bd8a970a209210;9851;Health;101307;2001-10-04
66d16d0ebb0a5057e59ac323c2749f2bb4b2e62ebd2e521a3e1481a6b9fdf650;4548;Property;681531;2000-09-19
f844440be1090f25828bba13f0481b2b99b0a9069b1f071be1ae03660ecb404b;2565;Property;253812;2012-01-01
5df31c0da7daeeeed3112f139279d703cd6e829f53f3971e530c727015df4118;7854;Health;568793;2010-08-26
a99a7c20e596eaa4f91dfd54dbbf46bbf55380def421c403fb2de37d07f78a72;9022;Automotive;648308;2007-01-13
72ef6b6bebe9aacddc6ed3876393625cbb2305cff1ffe686dcdacc7bf8292c9a;5036;Property;121613;2017-05-27
7b46678e4f4402a6ce084f81a046fda06955ec2ff945164542802ae29ff279ee;9296;Health;561549;2022-03-19
be173894314754c8c99d99aab76ae31329ebf84e3a7dc4511a9584f97e5850c0;4519;Health;630424;2009-01-21
15550c6ac64ab17f7a17cc7ade48eceaa2ab1e33acd46635c4bebd53ef1ad627;7129;Health;641241;2020-03-28
d6bb8435e91546f41b6995d7cb512b6516adad0a6f3e3b6075482619ee8d2715;6818;Property;969979;2008-05-15
cf41bfdbbd59c08559168c1679f5391f50ea0c45afb9d5c1edf9d896a45d851c;5864;Property;125672;2022-11-16
18cfae83d5507c2fd8f447254c34a80b0835222890d0f445a32b2eb60028856c;2112;Health;729524;2006-03-27
1cfcf8e4a12496df9e34fb2f5ea3943e2d5ae5bc93ee45109a25460671d8377c;634;Health;946873;2022-11-13
46c4c89a2e28de28ed2f0922df38ec98e560186e6148baf4d92cdd065e0bfc3b;8813;Life;827306;2021-08-19
8d05d000c416dae1e6c45b5e6cc8c2fe18a24248fd48165876cf5dceab3d923f;8736;Life;839564;2014-06-18
39f2ac417ef93e4f5defea984d8d25f012b91a2380abd7d4c05d184438b67b1e;3510;Life;152415;2014-03-24
50385f375873981d128d82591a5e743ad4d335076e8ae539e0db4bbe72569e50;1915;Life;82063;2004-04-17
5a04fd84c382de55fc1f0a5f4df2d10a925b05e096d0afd82f4aeb1abbc2c1f9;5814;Automotive;260224;2014-05-27
9f6990c42d1f4ebe83454ef080b90de36a6218ea20fda2631ff486cb21b39a34;7643;Health;427012;2007-08-15
c08f456c4d2ac22a610cce7855968d834a304535aa664737e2bb3668515a54ae;59;Property;278737;2008-08-20
ebeb1bb0bc31c2ecaab6751b8c28c80fd3e7a175fa4f345a6cada4aec0b79177;1444;Health;452645;2019-02-25
072934ef870ce6dfeb63697e666c33560372c407da0aac7fba342afb057c7843;1503;Automotive;560619;2008-06-10
0706d35b64e31ecb78bbb9340bb4afa7b954c3792c0eff3126afe17c08c608cc;6624;Automotive;321584;2016-01-09
11c6e40506591181ee921a0026cd785142fbb4c9f92c525bf3ed7d508383d8fb;2459;Automotive;137884;2015-12-13
cf6fb815efd6772c1f5c796e0e8fcfb3ecb15842fe2c9c4736ab50dc319a298c;4399;Life;250508;2004-03-10
f97a956db8c283c07587103b88a7228dd18340521b3564e03189e2fa3ec8699d;6609;Property;666278;2002-03-25
999d2680885054e8863a3bb6fde66277fb0743eefe577b4c49f7d1e84f2f7b0b;1096;Property;206416;2000-10-14
b47ad0492b52095c45b9001e7c7b055c167c534aa1d1862b0654c20b2b288fe1;6147;Health;23889;2002-04-20
53bf0ede9e488916a7568cef984db15ca37da07be76fdda1e4d3e345e0e7d4dd;4015;Life;330378;2005-01-27
772feef9ea7f9c3854017584785c53baa8043b83fa033f20bc563079f00160da;3534;Life;994982;2006-09-20
6bfa2ddc0ba4809707190854f86c6baeaff6e88a30cb30b0a3598070cdf05f27;4212;Life;170361;2023-04-24
654f9a984a0e162b940b00be02d97905428c558232f9594e08bd0bbc7c5a988a;2408;Health;583028;2017-09-12
756f55bb43ca0ca06b0b03215350ddd1cbd91c9ab31e78677695ad1119aa2130;5823;Property;728142;2010-03-21
772b4ec4940c1a116963fc0d8fc82003d9e0d3f96030be471ff78229e36dad70;5256;Automotive;802590;2019-02-13
24a1971f274a23428a51e0219b7ffadd52e3b4ec6c89bc9b81cdcfabc44ef822;3971;Property;288754;2006-07-24
95a06f84624f9229d3ac3f5158798492e1f5336e33d582f88d13be1fc956b652;7055;Property;941768;2013-05-11
3c440b372ed880ac9af31e01c33c52c463a666c419b7bc5e8a99ac202182469e;1129;Life;758409;2001-04-22
e6f1e82aaace33451e09421d867902ed7021f95d4447fa2e4b0fad0c8cc9ab6f;7485;Health;211260;2011-03-10
ce8629cfdd8c92b305fa3a187589a83ce43a847828fc5e42a11bcc688d83efcc;7568;Property;905673;2022-05-11
0ef33ebffa6ad5b2df5233a536c4b58a92d9309d20dcc7aae71b4abfaf2a1800;8335;Health;654385;2007-06-17
d8f11324ab08c7d6d37394d6be5216932955b871a14f5452ea804c11d589a88f;9054;Health;287107;2011-05-28
7c2c28c642d0b07b9b0bc2743d0970b1f70d1d6c8dd5864f19573ed842723b9a;1660;Health;610090;2022-04-13
67cf5e8c992c942f70e21805ddfe5b493d4cc4baa01281fecb05b7e93917a2c8;3743;Property;908927;2016-05-23
3201101d8537043c24fd367532f312997a14553162e746f0429ed80b8911bfbe;7874;Health;119739;2006-10-12
9dedf3ae962c269e85db9893e254f990bb415e99c1d3649ec7462ba227df1fcd;1635;Life;308044;2023-12-12
de7843777b78998b24fe00d8f1694dc461afca6835b5bd408acc298a0b62d125;599;Automotive;308470;2003-07-09
bd7a0fb8bc0c4f9e683554aec6a940a4956410bf0d8de0fd6c8b5af643b8f611;5211;Health;254180;2004-04-06
a2371f603f2d8e122c94a481de1128de9ac20f176d49b95d0b2ad715e8f812f5;9;Life;785128;2020-04-25
555189c7e8e99711bbc3876da1fd7fc93841e81170a8c70b89234d022bd5fd96;7167;Life;6312;2018-05-13
e54f888ab296765aebb327b8d1a247712f590c4db719d7515385967bb697ca09;3252;Health;585731;2009-06-16
eb05f484e989e1f4409ee35926e8a9f89645f271394e4ab066321c9554aa72b8;4520;Health;486601;2005-09-15
89e1ea4828af9f310ec2ebcc874b9654514c88df04295443403d6990071ffee1;6091;Automotive;451881;2012-02-03
e26459254e861322af95e86b96dc62e764790143dbeb0076a164eb028a0316cf;2203;Life;732811;2004-11-10
f652cd33d552d775e21f255d815252e78c61d12f594038f1719daed88bc31dcb;2609;Property;875316;2022-12-06
fb1d44be146bf2723e07ca07daf8be3924fb95bf5bb3fb1ce9cf46aaea71c42a;7351;Property;804769;2007-05-20
0cf7901d6d68210d05279167f0b2115368041544b91a6880ff5b6e04d4591416;47;Life;528981;2017-10-28
22e08ee134c99abce20b74197ddca2cacf5e1317e17d140c52b96dd1b4c7c9c3;4268;Life;919599;2022-01-18
4c7f50d124f03b6861900e51bfd45fef610c00b59b10d191930e177e71aa11dc;8738;Property;860499;2012-04-02
d8c64f27f64d4f8f75be4a72c5a7383f8e5b224aec75a0661709ec75ec95dc5c;2794;Life;591187;2015-03-09
e111e19f16a91e308fcf4b7da1858ee2e6fb70a7ee5ea3d1b3fc44426c11fcea;4306;Automotive;90247;2003-06-27
f79afe669818d13352c1922206f3c7ce6c4bec14eb1e8795bbf20803ed65725a;359;Automotive;704765;2021-05-16
a5e2df8cefae64245475a9d970800b2a3b92a28768fab785a1c6f83bf564f5f1;520;Automotive;639100;2007-03-03
ee7bc4c23d1cb4a84bc8a8f8eaf677e1e715d98ec9938cc7e34a84d828541bc2;5423;Life;630932;2002-12-01
eb5bd7681cb33e6a961dc7cad20e8f76b650d7e52c500d91dccb2bca0ba018fc;2139;Property;741794;2023-11-02
50df80b96962cc388db3c8d1b4b526706669eb7d2cba81d58fddbb8d72b60d0b;8421;Life;207936;2021-05-02
ac187816c35100952041c0e02216f29dba41de426b28ac4e1655f5ea2a6358a6;769;Property;64673;2003-07-28
55a46146e539ae1e01b63afa5d340f5f982d4d04060eaae1140f8baec39013ef;6436;Health;950643;2004-12-04
11fe25d0233a444738af9a75da09eccfaff5ce22b685ed3d3c690c937ba4f571;1611;Life;629627;2000-08-10
fe5a9717cd070aba93f05818bba0c0fabb3b52f36867f3e01a92a3ffdfb8caa1;2810;Life;520732;2009-08-14
164b0c66a5b2b28862a9e61fb175709294321cb47525d9a3ff9eca4953189f90;2555;Property;57863;2005-03-18
b68e3861141a0abd68897e1715f17cae6d44f2aa52508f35990256f83da09a01;2803;Property;552567;2009-12-13
fbc6951efbf9263bb77cb49fa626ad03d0eca4366368f91f7b16f45048e8aded;725;Life;956765;2008-10-10
be4bb6fdac12ea82cbe194d7a05011eca533e0a0fc7533de370581670b3e505f;8407;Life;527656;2021-04-23
e3b9b75e3a9868be7f8c6fd9c98e6ad3dbe97658faf2225d7b84d540fc4ee9a9;9126;Property;203805;2016-10-21
e10c239b651a914e588e90a0da6ab02a2098af5975676d1f2398db0b4764e3b8;4729;Property;836919;2013-08-28
668d7412a2463f0a0871239fd2fbc1a43c1a13e751572c76a0a389484ed00f52;1469;Life;76064;2002-07-27
391fde47721e77fc2ce65f0e5883db722d7dea9096c2dc487ab4db02158f3ce8;5325;Health;784877;2023-11-09
ecb4d9817667960a388f459bcd0afa2a16b57d30fdfa15f9aa8af1cd798a2ad3;9321;Health;496948;2004-07-23
6e5bc3181bb895732c348f210c220156f2673ad1df3c0a2f5bc8c5fa7727c425;3397;Property;672159;2019-09-09
55cd04564d7e7cbd2ad734fbfe96d874c100c05d51a957e195e849bb0900cedc;9261;Property;985380;2000-11-19
0697d97c04ac8563443685389f8fb6e75c464892d8f8895629f25f42776fed09;9911;Property;642522;2022-11-03
7cc59b9abda75f4f27b37a16cab419767ef64ea70ddb6be7882c4c1e1c883cd8;6240;Automotive;438119;2016-01-22
30fec3d4e59fbd134f4056fb8d6bf55615ccc4aad9d61598d1021441b76847e4;1222;Life;46641;2002-07-09
a387942f7fb2bac0b0ed6c4d17e5cf3ddbe24af8d57036009915b9f49585279b;5671;Life;894161;2016-04-26
103271c220e5880a21eddec8dcfb579afeecc17492902b4ea00ffeca83bcfe15;8116;Automotive;567801;2021-12-21
894333b95936bb3408a147dbea5f411b301aacc8f304077027f3c8440cb18e7e;2569;Life;250016;2005-02-06
58896ee824f9e7d1b4d3cce456aaf5fea68e13461cd1833289542aeda9687cdc;4103;Automotive;661333;2017-05-16
e22b571b6d135a73573ef312208dcdcd9873676235a86a9365006cba4fdca928;8709;Property;503567;2012-07-25
2db47020bbf6a2419b9065cd8771f2d03aaf364cced00e2ad35971d91b78e79e;9815;Life;307363;2015-06-22
800cec1b4593a72523d87b4598820c5d53ef64b12debc5b808db072c5ec219e1;461;Health;296708;2006-04-25
e57c0da56cc1c6f786cb56ac3d8fddadca12d138df507130923e5596e3facaa0;5220;Health;173998;2006-04-26
d050efa6e0248417d6097a9a86ad87d2b4af1e88a40191818bb236d71416d070;7351;Life;802940;2018-08-28
1c88b2cb2341bb12c717cb94b097eb7bd9303cab32585b8e265b4f303fc6cca7;7171;Automotive;527295;2014-03-17
a5bc81f59ece75a69dc240915d486904721baa58b60241bac06bcfee13f16df4;1015;Life;501894;2009-03-22
4d923c91abd89f7a48194d157a98b8d3b2e8adb6efaa0d93705709d238be58f9;2463;Health;732583;2019-04-04
2857e0a3b753fdcbc6e52c909c35e5f3654128edb5b616008a472869c4746423;8184;Automotive;614865;2005-02-25
4551311d39a346161d825389a40287ba6fd099f67978108b0011cfcdeb7ab731;8985;Health;179303;2016-09-14
d3f08acc633ce201136888b4e4143cd6437c6b16bbd3424af044509b3f26e02b;618;Health;147652;2004-08-12
8412b96ebbbcc00c9599a004ed683831b7d21a53f12a3a45917ce6e26499d84f;4145;Property;952949;2005-11-02
16cf1ef1b401edb1b7cc4d7a69e8e2a877c96c49f09907deb76507c736b05e46;7820;Property;954471;2015-06-10
0b047cc730f3e71940c07feb59e52efaa4ea73e1749a2770c82c1a0f941852cc;4517;Automotive;786801;2022-01-08
0cb103668ccbeaa58c45c4a057be78cd0f57f4140dd854aa7589bf78cc5ed5ae;884;Health;927165;2014-08-23
7f92a398b095640692011f096de01dc7643a4b2954e844fb7779247adbafbf54;4454;Property;673098;2006-06-19
920fc156558af00417feba87a23b8a257ea38465a4cb40c6f9b3238f60a6180b;1926;Automotive;711397;2010-06-27
67ad8a21ca7b0b9dff9e377b74461f6d5aa4d4a70ffdb5a5474e0a58d2c8d398;9599;Automotive;686713;2023-01-08
ce71505e1cc163c02ddda4f8284379b0df9e41cb18b08e37b328e545f213dde4;2694;Property;655354;2019-03-07
a858d93560aa439eb7cf4a66b424dc1342a061257f7330234041eb937abb7966;4596;Life;825972;2021-08-23
4f95d12893c177cab653d159a2caa168dbe7d4bbb96a42fce53fce1d3340caa6;2272;Property;612951;2014-10-16
3f5c48ff55a3def2408256bfe4614874cf03c89e371df7371bbddde47dbf1ce9;6455;Health;988447;2010-12-17
4f93876ceb05a5a4b9f3d1d85fea5aa37eeaf12bc5cb13fd3e3d319098558b6e;765;Life;840787;2000-10-28
f5264c48156657087ab2814b5d0a3d22a09192b4ddf285325aaeb9d52abe371d;5455;Property;468793;2016-02-07
c140f9a94e00d4b626e2b399601e863854d78e66bb44b9e7edc6e722645f1f2e;1427;Automotive;428830;2021-07-19
294770bb1cbe11187094b03e3c72bf622401b425adfd277abd77344caa90c5bd;8937;Property;224762;2019-04-19
cc7cc039cc10b353cc5d0bcae942356bf9c3a0c051dc8b605ff77e4415c617d4;9745;Health;896670;2012-06-09
9ba1d46642a5951cf6e01bc404ddb60c3cbd796dfcd44f1a8da3fcbf35506613;1086;Life;696383;2021-09-04
71ff57928b4d05cb7b140744a21d5dc138d3dbe1685b705326ec038185f5c395;4921;Automotive;986464;2008-12-27
a1b620085963b3723d2c97361dba60555fa136dd19528d8f60e8330728db95f4;6876;Automotive;97024;2006-05-06
fdf0ddffe052274d215e6cb613ad2619dcea32e75e3f3d1db7a23e8dbea9466c;1044;Health;836540;2011-08-21
1b2f256cf5319c08ba838cf4ec060929280dc056eee23a5ba217449b06bc882b;6727;Property;13052;2008-08-09
da22cda525bf6db51141b21e6069895c6b6820aa84e473c2231eccff4474eb4c;5947;Life;45218;2018-05-08
27850a45c6a2f6f8a074caffb167bdd751474dbdccb8df6cde6d362f2f5b488a;3914;Life;376057;2012-02-05
385fe867bd5f32068585a7c60b1c4da11e25a06ed557715880cf82482134da59;4281;Property;518690;2001-11-08
2a5c873ad053d3d7cd73b4bc0552aa0fc5abbd87f6169ebc4dae0f42596a3e0c;9338;Health;826524;2018-06-27
9c4e4c8a6fad7a4642ccd9c3602a6f6816df6a77a2a95bdb08b94c4e2fbf0b14;8577;Health;499996;2003-09-14
7ef8fa167426959386e085e7ee1c5db173fe91393ced14601d3b976fc511d334;2133;Property;535081;2006-09-25
a7f28dc43c8ff4eed090769a82aa489035c8255b0405fb43fbca466c1299e80d;9103;Automotive;630122;2015-09-08
d9b55d59fbfae6cd3b87f6abd9086bf4ecef7fd91f87874a7af6b3b6d944f60c;377;Health;437022;2010-11-21
500532994dbae4c55889bbcc9441452a774336b2558e03fef2b5bd96f889fd5c;8544;Life;316470;2017-10-21
3816205879610cc85a70c99980a30f65ed61b3bdcda2572fe861c17cee3cd90a;1586;Property;324957;2017-09-02
58222b34badf068164cdbf97d7fcc989ea1056bf6ccb7a8f6dcbf447b56eb49b;8166;Health;225989;2020-07-07
0099da28e40575d6aba90c2c0d18cf516705e888a6fe407cb31ecd4ed4b1ded5;4226;Property;981188;2014-10-16
a93e27a1e502602beed9b61fc029e2c7f66f33a7e67cc81e207f0de1d7058110;3008;Health;176538;2009-09-02
18c493b540f247b210863bf28098ae132deedfb85c51aa0e35c552d2466aa9c2;6688;Health;540310;2012-06-21
ca0f478f7ce9ea83e599d4a14adc0e40145a5c7673b9d3fdf26a29c34f48dc06;7450;Health;583074;2016-09-03
609cd255c703185ce9be779c3d0740df1e215565ec441e13ded3c06eaee31c30;9842;Life;210839;2016-04-16
d89b0a44ba6a7493d4e98a12168c79c7ab35b9467631552fb939285b88dbc544;743;Automotive;248075;2019-04-07
1c4ecaf3cccbb0e0aeb599278d78495133b71216784974610e4573a38a28e63f;1711;Health;46966;2002-01-26
4cb10ac5f661157da52c703fca55d75ccb1f2efc5e97fa58e5d8a27e3b894599;4614;Life;797079;2021-09-11
bbdfaadf37319c18e7be15fe24f46178294049f62ec39072fffd73c471caf103;5975;Automotive;45836;2015-10-16
c3f76987962f12ccd47da5c3b8dbe483ae3d520627886e107956e81890d3b8c0;1109;Health;188664;2012-12-22
146e885b9b5141546fe6e3e3625ccf7fcb8790fae853ff9441c7737e0c70c06a;3175;Life;5968;2005-06-02
c0bfafea0bc9e495925ef6310b1a76262bdbd435e09fb5fd247bc2b988a23a3d;9645;Automotive;230515;2005-05-09
e232376faeb824d6fe2f5d6656622eedf8ccc1b8abe7b14317990a0a7d3b2647;1057;Health;536279;2017-07-19
8bd6d5d1367758fb7a918eba54cfeaaf7e6a45e63f4df14917f52ad19b5cabf9;3551;Life;6133;2021-04-03
8ee0e99a0684b6d516930049b5480e663c49a34dd6823dbf5e725de44f600edb;6585;Property;169552;2010-12-11
aafe3a3d1e9bbd72fb2d2fb0c721a308ecc19e8ba5b17bd044001cb5421df1cb;636;Life;34595;2008-09-06
464b0708dd1617fcd5b723d74d807d3b3a77ba3896d101074f233af28717d73f;384;Life;985803;2005-03-23
b5162e1667839e78f74572d41e393ba8029fcf54901aa2fca44d9a06054ef857;2093;Property;631658;2019-12-23
b7be8d6452834fd7c90b20e9dec3e2e56b12e2fe010d836412f15be467bc066c;4669;Property;113104;2015-12-15
f21ce20593c98a6b4589196abecfc61da6c6b5eb9edf924a06ec5a5753f76496;7886;Automotive;572483;2009-01-23
d9a884fefe3be54019d15d973a98004bd96f43d7c090bbe63d9f265ab52170a9;6174;Automotive;150833;2023-09-20
2036f55d0be5cae0c56e94ac65e419af140de2fd6340a34e3fec5af22d06889f;4694;Life;641994;2003-04-24
82c2f89b7b1e0b7dd350d36e82a3f87dce312c8c9fc6d04ea90e08ecae6700bc;3791;Automotive;856178;2001-12-14
b1ffa34d11ab6612adc961f1d75b3bb1fa0faf510a5d4ee53d6c511e5345174b;5948;Life;722836;2008-08-25
31666129338654158d70425ab76a2344167d228b02262c4bc8b1c11635c5d8a7;8476;Property;605635;2007-05-02
59d3dc81a62bba2c906f47aad4154127a3ac05f7ad91b026832730f1f2f63506;9046;Automotive;339964;2021-06-25
9b8d8fde5388a65f892281cf4a658d9ea5e1f63a0e83db94a18242afdc47e2df;3078;Life;20261;2007-04-15
679ef3d23c06081526e30d1da9b9a7a80afe1416711d7d85491735ecf3664f8c;6322;Property;501382;2014-01-06
d582390c02ce5db67686afe406d2e38498b99ea750a4f32620b7873cdc66b375;4096;Property;363885;2018-06-21
c01217880cf9996d5b639b658e03942fc4deb0213e7d29844cf9c97b18da04a1;3028;Life;732320;2015-10-10
88b828b528ca840519699c6f4af4b9ac44127d27b48345b2642e77486d211c5a;757;Life;817907;2000-03-06
514ec509d2374ac315d0797c58492f2eafb7a1e6b6291de89b6ef07f82efd0c1;9076;Life;313775;2011-09-24
61670a99aa0d6d1fef71e53dc8bf30d0292e97d7fc8858329de424fe53073428;8284;Property;351016;2015-05-16
da2403dc0f54987a0dac60169dba6046f26d4434df47e79241c798a1cf09dd86;2977;Health;757700;2010-01-09
3bc142058d7e81cf46821511406062b584baceade77379d9bf8013564bb6ddf7;5293;Property;233329;2009-02-07
94864ce67d16db864a1cb8b0cc5d8fac8d75ee7a8f0d6944c06036d31a5782c5;2359;Property;929108;2006-03-03
7975fd2a85621c6da34f841e7d511d5a9b904db1e76dbaf8eb512f5fc94e3ebe;3398;Life;328528;2000-11-09
78e42ab2ba4d3612c60514a3f37502bbc50659e445e63e52867a2ed6b7af02a5;549;Property;917043;2018-05-17
e65048d11c84893ea01e1f75b85b524a0b9a1ad0091ddb88b17bd378f68c1309;1744;Life;170316;2007-05-15
21b242756a46ff36b3c62419db570ff50e19c1d0d89dc7eb9dacf05b966865ed;3022;Automotive;707588;2013-02-27
ba6c6daabc6e8c2158ff08221fc26851b51dc12ed2735a152af162e863ee1cbd;976;Health;275048;2002-10-17
f43a41f4af603b54cfddf080c9cdba429311b59cb4a45198cba640f7e5742ca8;9970;Life;762182;2009-11-26
f46db18c340c38d6931c1742813e62cf4b405a01b5fa8bc7d2e9b9f262627fc3;7229;Automotive;983381;2001-09-28
59ed7793c13ec665f8ea29460df16cfad76862e7bb413b5a998b1f3893c2af8d;1178;Automotive;63145;2009-06-28
49fd11d91e5ff5715395d09e53d6cfc8c1e0ea899fa78a245aa3ee326994e70b;8520;Automotive;632150;2009-04-17
b0b40b019b84f51a66c751516008631adaf8b6cc2fe9a6595624d2b51f24d6fe;4567;Property;45182;2003-06-11
d8cd7920cb1d6b89478f169ded91b966e6521c82ea66b7d9c08cfe542ea7a994;5568;Automotive;241484;2012-10-25
5a27b3db84a8ed0e6b2739d7d63956339e83e7505615a622f1d4ab3bacbb45d8;727;Life;902474;2009-11-08
99145c254e13681344920f7344390ee3c650ed01b1c165e97ce31c5d6e0b9093;4707;Life;353790;2009-12-07
022fd58d85b319db7e78043b3c9227439b7857e9ef3a50b162fc0b785325f219;5147;Automotive;212151;2011-04-06
1f79bb3a2295743f5d94b4b0d27a95286ed843b542e4911c45ec6b00deb86d7e;8228;Health;781002;2010-08-09
46113ba5a2534eb901275fea2db2af8589803161c5db6d8d629274f049768caf;3275;Life;482433;2000-09-15
d04145195b9911b684373dac7fa619f38d4a614d6e91bbc794f5c002a838f288;5655;Health;709581;2021-05-18
278f0161506d9a621e35bb124d0a2186712be2a53c4a4e3dcb2550da7a75769b;7675;Life;789312;2013-06-17
1df5d5fef35d5e62c5ae3bfe75b0605d43fcd5a6e0a891e734307e86f374e724;8694;Life;342863;2023-04-10
1eb152f7ef7f3c328a08d5422b8257763d1dc1e28d8a040ecce6e36894382c1c;8248;Automotive;863577;2010-03-07
4538e92dc1fc3cf16d80802af92b657721cb905541b44cc086e5cc67a39a9d1a;4210;Automotive;256981;2018-04-17
128568feac499925752cf7818891037b14377138650e72ebf27ffba1348096ec;3060;Health;706572;2008-08-17
28a38fdc040e6ac1d0c23ba21b2f4d2bfe2f3cbc7660cee9bedff6fa28346382;7735;Health;566359;2009-09-08
112581d64ebed368eb6aa2b03e54772dd7863568d6b27abfc3d1e5181cb90305;4964;Health;70008;2001-06-24
c299976e4b4598e8ada83c974752ce82ec27e3fbf5d7cff355816a74130b182a;5091;Automotive;856457;2018-09-16
8c493e1520e64ec6dfb2ed58a67bc225d652fd8b63ee6aca12feec133e171422;7852;Property;182978;2005-07-16
03b27639086cef3315d17dd961afb0759d688b2ef180a57ca3f7765b09b5b20b;563;Automotive;239874;2016-06-19
379f4b289783de3d1e264b1dc894370c64b608654569a9cbdc2ccdbdcbba0681;7381;Life;885095;2007-06-03
97e3cd57aaaada1046008f20eefdbe9d480be834a8fd498e2fa852a5cb164bec;7831;Automotive;111407;2007-03-12
9eb7361575a0c2dfef2b5d733e5a98c8eb8fcdce79a5da9d173cb36729657d65;7307;Life;850144;2019-04-08
42e8d2f1cd88d36fbeca0573154766a3df08ad20269b41e0da39e78a85b500d1;2161;Property;992150;2009-06-10
b4d7c7fb390421ae0cc94c2e5b00ae3e2eda8131f4fd19923e421d3fb9330b29;125;Health;199914;2004-10-17
a5cdafce8cc6206c18a736283db103f23910906448f2f2f89aaa6f70b7e26b46;4563;Health;42319;2008-08-26
a1faa7f5e6694f8692d06c222fbe2f2651414ba64dba59a0b1ffe6a1d9ae115b;7869;Life;754714;2020-03-06
94ef20a2f0e3e04571e52e64edf92c65f75abe328c41697b145c559d635fe547;4718;Health;767288;2004-11-08
4c1cc375106121ce767841db902b44fbad5b592500312748f4d07c01e69a0a74;5717;Life;114285;2017-12-24
c6b734bed04531c074a25842e053622fa61e7aaf8562830d88cc292036f229f4;3031;Health;812630;2018-01-14
2feaed27d32f1dcb65a010b0fc79fae857e614d24c15921390fcfda322711bf8;7656;Property;667002;2002-01-13
d7d1f93197603f59afd3a6f93d7b75a1c503e8a809e1c28d78615d0325cf0733;7491;Health;18126;2013-06-21
f91a1784a9e8e56e2b780899feae290b15da80a3d1f1fbb9d15548c202c93579;2929;Property;80862;2002-11-14
1b254f91df63a3ca8145ce87d567fb2e285799666751df2281deead48d436074;7703;Life;904293;2015-09-01
fc78029a07df1b2c3b5a3dac17bf75bad8ec8e48a6ecefefa33b53b964f69e06;8491;Automotive;894709;2007-10-21
b9d05205e44df3a26d5f313b221891ef35e306c38592ce9e47dba40f7b56893d;2062;Automotive;730180;2010-01-13
d2d88639b14cedd8ef11a622ee17fb88b1e03c79fd04151b4107a23606787133;5359;Property;623090;2023-02-27
69d7fa15fd69e5ab40afcf1c646802492458d134156589012bd265c5bf5a60c8;4320;Automotive;554229;2003-04-23
d645be31f2210f1f31aa79eb2d8d224dfe168c4283d6ecbad23f215218e7b485;3507;Property;485443;2015-11-22
83472e177df7c01623d0748593592d83d6e9d81a40ebb6737f24c4fe2a9f5ccb;558;Health;875340;2016-05-13
5960db341234ab0fcd0508bcc46625ccf7a89bf8868f2666d6cdb4e1476845cf;8977;Property;696829;2020-09-03
33729539c847712db332c5386fcdfc696b6b30014cf553a95162659fb5e92042;2340;Automotive;574684;2016-11-23
92702559911ac575c6d2540a4cad722a507862859e7f66c999fc9e8e5f4dc35b;5321;Life;738207;2019-10-24
3d6cae2e029288bb5e5937751cf2fbf0574cbc74eb5e1a639f0fe68c44c96d8c;8935;Automotive;240400;2023-04-15
e8c13a8ef408efcad4c1506d230b1dc7e4f113449d0d1d9a09f49b95548f2eef;557;Property;418201;2001-05-05
00083fa9f81ee2eed7b36596dc0e22edae4a5d2652639b5e2d800699b3aa6b94;3638;Health;724292;2021-01-11
3ea58d7ddd89cd11445e92af2cb38fd5dda28a6f215f5bf643fd9bf243305b58;2082;Life;238077;2001-05-15
6df035d3978c50729e6af69d53b2a57b4bbb3c1441dbf916ababd1f838f2910c;8136;Health;125768;2010-08-03
57a78afb3176c39c80a5a93840180e4ac062ec2d283cdf0a9caf00ea9cb2ba61;9777;Property;427136;2022-02-03
90aeaa79c8246abce0e5162bd08223cc1f801964dc68aeaad078c2b5a38326ff;8177;Health;495002;2013-12-15
5bbe9eba17c3fc19198bb0dbdd69ff947d4ad212c410ada5253de16cd033b8a1;6281;Health;139315;2019-03-06
2da2c9e47057a68f33b579d0705641053f6a4fd9dbf80e64db6bab9006b5cb7a;3879;Property;424932;2014-04-03
42f6f884d6be0d9c45de5e42d4deb6c971814f687c233e8f46d19128f8a17d38;7103;Property;489305;2015-11-06
2d4a735688876adcec98be8bc7c5488232e77334888a0d1b957d64e92eb17efb;9349;Property;973770;2004-07-12
ee14a41453a8db25e78e76b3e990a26e013c8f8280c5d93dc41b2dfabaf9f890;5387;Health;323588;2023-08-19
a4ebc7093547354331f2f640899fd380f9a788170a902c5fab35f7edd0fe379c;492;Automotive;249136;2009-03-24
4fad375bc675d40cc9d4ec9aa1c8609db56fe7c1f3936b1b235bd93fc76bc3e8;4899;Property;487444;2015-12-21
d6d260a110b4f0094220c785903e622a7f569d6ddf21be7da5fcd756600fbaf3;6603;Health;189975;2011-03-04
9f93f2a4cfa810f5dafd6431a3e0dd2dfa1b38a8a2539f210d6b86c688e1fa70;5432;Life;87218;2006-08-22
14cf1bf07773d701e21364c186f2bf36aae223940354730007b9cb4db49ac4f9;3173;Automotive;381463;2013-04-07
2988fbacb058c5badd18bc7e026e5eb5962ba7008103b4f5e3fe59f5b784bd73;8756;Health;757821;2000-07-01
5227d2d58a356163da99501561a352ff5f8e475e4fa18a19ba06f2a48bdd1a90;1172;Life;537806;2023-02-23
8200a0702bb0e167456f61f5268029a422830362b285962d15566f6e73a2fc4e;9245;Health;552137;2000-10-24
e54bbdbe1c92ab96f786b8752ba63c52c078a725b9133a58ef31cdf479c1717c;7007;Health;280014;2016-10-18
cc5135a54fb1b6a72e59490f94634f0ef26edfcbfa64a1c1fe94951666e06f52;2744;Health;804039;2019-05-15
e72574dca520c605f5f7d1dea47fe1fa1b2f6ec0f09fcb873a274f6fe81bce4e;2725;Automotive;807628;2015-02-15
5d06df076733c87f3bc8cff603052279232332371928db936b3425fc1fcc0310;8613;Automotive;875491;2015-11-17
a5419bbf64e72afe7200f7c8e8e0e45052d1dc9c659869ca033fbf44392e83f3;3855;Property;648483;2006-09-19
abb207c6532cea92b7d96b1a645266bc619f39832ff5076af5f74890f1fd6567;4352;Health;777580;2009-01-28
51c3a7c189baad1560d1335ca1af400acf5d69ef692bfc99411254f4b7e892bc;1622;Automotive;366547;2004-06-10
226a867967b61c1ec41ae70bcf0e6146f45b4b13b8ff02f9da273b54deeef124;8691;Automotive;176403;2019-02-21
ba56e54ed7259f1e4d3e88196308b0a34edbaec7bd7c4d17cf1232f049decaef;9579;Health;840605;2018-01-28
83f5239608c4dec73ac329d20eb2ba580448cd08feb361b734292fc57cfeff75;6193;Property;632275;2011-04-13
b7528d080cd8dbbe163904a1e1ceb1c351713bd0ddb11dee54866e01e00f75d1;4198;Property;945092;2008-01-15
e15f3a208fe40be83453e763f058d711d430629200021713bec7104fcb4d3046;26;Life;480465;2006-10-06
6edf43654151d7b0962446fcb6391eca10c59e9a571ef17fe9f5f23556fdf9a4;9050;Automotive;260107;2004-08-16
0fb4cea8119ec64785be443200d4cc60c841a6b9015bae0b917f77ac726327c8;4186;Life;223658;2006-12-03
9bdd16c71a4ca48232f2a4e1ec2ff973d0cbe4e00fc40b91ca1de94c45f7b367;7366;Life;752057;2019-05-06
1d05ada6cb2cfc155a08b693da6689ca7b1d6c3617dc9b2700b80f6ce685d7f3;6804;Health;109044;2015-03-24
59fa529dfb2c19ef3badfb10109962c86b58fb87c01503ac4d592c9bbb0f0bbb;3476;Automotive;741146;2001-01-07
a1981d9d65ca7086b58fe3b9e0bc076e54a0523c8c921e179fe85240f4255ea5;8831;Property;951289;2019-06-08
21dd8b0372749f4f9d672980021aca137bd4b6b9895a2ded178e0d90f8f49f51;8431;Property;246120;2021-02-10
2e78a47fa307d679eb3d92290d497095d65fdcab21e5ae035a0538ed21753f0c;3881;Life;974310;2018-06-14
294f61a662f946db1255c8aec3cce4b0b63e3710ac4e39db1d3d078e59f7fcb6;1273;Health;268454;2021-01-20
84db3ca9f681a7b13349b780714c9f3d7b1b9098846008953e8eb7c233168b9f;4343;Life;122706;2020-09-23
39272393f1096e4fe0f5f191daa0f6179175116f68928a7fd367614d2dbafccb;725;Automotive;356138;2018-09-03
71244fee2b1399ee04977e35a8be3e61e10680022a5ea2690f7c82b39e97fbd0;5198;Life;396428;2010-07-10
24960460136ba7fdefbc13fe21af2ea5880b1616101f134854313d982674f83a;1867;Life;651718;2019-11-18
2415422823aeb9b8cd11f9eb36e078bbf6fd4af5f57e942a0732bb9f140c2a01;7681;Life;359024;2007-07-14
95d6ad2a79543bd3051252dec025398351a8ebc85f8b757457c80503a271d12b;3651;Automotive;370541;2005-10-12
781d9f4d87e8405530eff114800f8bbcb588543d04e2c1a52bee10d2ef9c94b9;8494;Life;417164;2008-07-27
e1fa9dc3c1b5b142e7f75481eb1c03eeac51741371e5b6093274c6e8a175f22c;1839;Automotive;289529;2023-03-27
f38dac0a0d4dd86d566aa2ea40217e92da061ff99c717d3ac035729cd236554a;9292;Life;777345;2018-08-12
a0fa64948d9b855ce27c26a23a61595b8ecdaf8259948f3e4b7753dde5d2e6c5;7690;Health;280458;2022-11-22
bd36a6a4de656cf4bf0eefbaf3fda468958731cf37108b44614255159f4539c0;7172;Automotive;100605;2017-11-15
8ce16ee383818a21ea939b4a3664ac4d7f2525b2618699a68de6d2aedc398902;8039;Automotive;243777;2008-04-09
b29bb34320ac46e8f9749acc926f49512440690cac8f01dc7a697b4e1281c4ee;594;Health;675572;2012-06-08
9b3eab3a5d8653a018384fbfa462cf39a0dfee2dff9e07739319e690cdcc0c24;5974;Property;533591;2017-03-21
1d2e7d8957a02e5a20f2e1fc52f5713f91ef7c0c6f59d50518bd1f3045899750;7993;Health;943288;2014-01-14
b2f03706c304d8b296206b5451d1b792e24f9099c4088f831326ad4b8987d73c;5546;Automotive;748452;2020-04-04
58965d6daf8bb72057f0c28e5e96663196dea216350b1435c687f968a40dd0d2;6129;Automotive;999681;2013-04-07
1f0b998c414ed4b047281733f7281e31fcfc4c198f3892c6da1eabc3181d42e1;105;Automotive;720973;2002-04-15
0e8fb91609881be7b76f1b1eee5e92b627c3beab190b55803807f16aed79b095;216;Health;638326;2009-01-22
02986735007ff5121f0822906338c9cdec9f2db149cecf67538fdb1006f417c2;2976;Health;504831;2003-06-28
777413d4c2115f129a029a8151c729bd523aa9c0f84a50b8e8c7b25e69592882;6690;Property;880126;2017-08-05
3ecb4d1a7e3d549d56f8dd6dce07add6db7ab153f108ba858eafa1f17125f68e;5842;Automotive;734979;2013-06-28
38044dc701b1f16e5567e1af0710dee6ba467884bf44b448afcaf4234a5f88a3;9443;Health;350955;2007-03-15
ba7144f48b8191502d222f7a0eb278c3012560fe3579c78d29cdaaef3b1da612;913;Property;832348;2019-05-05
9d8df585b079520571e270a00f340a8121478402599bf1995a24d7da6f9f014a;1886;Life;561620;2018-06-24
b2eaed1a235fd59460f56a88b889c5ce4608b0670c682bed765f040550292299;4226;Property;610610;2015-06-13
ef5a65ec45d8979fb6dacf1ccfc609168ea6a3310e4536e9b6ac782089cd3499;1602;Life;268357;2013-09-19
ebcbdfeaa723f23f9f858b71205efa43692eedc631936fae1e4d49ffd31f39b3;4301;Life;596360;2017-04-05
84f16feb4af3629646629d18ef8175e0da28d9da19855545cefc5b178afd71d4;4868;Life;668629;2000-09-26
5c30a67f17ad0f8de149584d2ed0c96b2d484eea423b3a240a81287cebf7ad71;5351;Life;906556;2001-04-28
9fa6aad1894b582d1f713c34fc33b6a79676fdedb516dfc73a816472081ebb54;673;Health;726959;2017-03-13
4c7ed1a042ccd24c6c32bc9cda542859a3af0b5b889dc3e0d2ce7e629c67285e;7650;Health;688678;2017-07-17
c63fa314f62e21c749c314b4058eb4e939c0e1e1ee050b106f71e7a8e5ae441e;5899;Property;526969;2006-05-01
e2e8d57172be00174173a067d9c18b1e76d7051c7f24c126ea1fb649a0a5b300;3649;Automotive;539681;2004-12-28
c0bdb97549087cdf466a842c5d3ce95a071c8d9a7d9b944c1e0e70553ddafded;2050;Property;220865;2022-11-18
bc769f7e187d95d1aef4cfaadb56318f41508f0ac3708984e0995a0d1ab46fa2;555;Life;195484;2012-04-04
5724233ff68294f53b422228173847b2826790ac01d8a1970cc0e6717d6a6caf;560;Automotive;335953;2003-03-06
a1f86a4bd710946c690ed5441f769031a0db19b5827c38f373f10388ca5a8513;5049;Life;457090;2013-03-13
ddad30fe66e3e69b245f486249d8ecdb39ad769e76866549fa1ac56ccefa8e90;6024;Automotive;708534;2002-08-11
103f6f568a0b1ee555aec6967c21cef932fd0fb4ce73f806a2a53eed226df674;1049;Automotive;904315;2013-08-20
0b8c85829ac55c291242ee786f9fe7e6a93013f0533a1d3e640b0cc03f9a8a68;4747;Property;727442;2004-05-03
8c176948623871974526ce346a94da03953d079094c4e0a25674caa7aa93ea85;3401;Life;776328;2015-12-14
3b9f699e53c1b745c482de414fbfe45f372e0a82021741c1a32eedc2b453e119;7730;Property;236443;2020-05-16
23de5e39c5a8b405ebd841b30337fd23f1ee45c9433546c309a69f6014e4906f;3140;Health;776198;2010-09-07
a358b27d9b497d5b9f6c670b81bfb1ccc94fd26dd8d81a150d9097eda73a6372;1129;Life;548316;2017-02-08
3de07af4a4d342b82a34bb42de5772607bdae6fc13ddc2232ea12c2cb3c768ad;2079;Health;531936;2015-04-10
40b683e7f9551aa14622a10df4d5079566faac0c8d5f6dc68869ec0c6798289f;6692;Life;712669;2000-05-18
9b80620052fd2abb276efbbf1523e57c0af74cc810f688be739805d587bd4320;8166;Automotive;558987;2001-08-18
1e40122b203e259ce8104929f1111e3afbb44ba122ddf06b351d6ec715862b8a;3450;Property;159712;2014-08-22
21a798953ef8a52287650288567bf67ac76f41d3d325459af835bd0c20d9d820;8819;Life;922288;2014-02-27
56464e8b64c45ea301d21a349509eed671a1446f6f19dbae4c2749a90e7fa052;6575;Life;856698;2015-07-27
c585b660912b6ab662302ed2001982575561a961224e9828117df3a374939b7e;352;Automotive;552402;2001-03-10
a28345be96d9a21d0c31b7c59b6c9b688fb8691dd623aa5f722ff6f0afead223;6890;Property;81842;2013-01-23
346df6a5fa3f2af9eb701190896b1173c2bb5b421c00f177af47ce3e085cc919;4517;Life;235893;2022-01-25
f97f4437ecf2290b68fe189715f0e555ae89cc0771cd38bf64aad21fd140453f;7735;Health;514161;2006-01-23
d191d37edda82575a0bdde170a49d6a01e33f53f9ccb7dfd2caf8325e5a15576;3103;Property;403151;2005-12-12
d026911de0ca3195ccc97dab427d52d4a10e68b9acceecabbeb9d178f74e36e2;6547;Automotive;899681;2014-03-18
391d20b73cc06fa8a47880eeb4fda59c2f2be93cf72f58068ce834d328da1c8b;3901;Health;62103;2006-11-02
8d5581b8f597b3039cb2d46e03e5298ce0a2bdd7ce0fa4a9e0c987e58a5e4f00;8458;Property;895972;2012-12-03
46c2eaca326a86540c8c470c362e61a6aac34b4873cb325807752e70e260c8e8;8718;Automotive;957101;2019-05-25
500fd6c0066098a0440aab51dcbf307f078d3233d579c3a32ab38df5859971c1;4776;Health;58623;2002-10-03
6f01da1fd3d731188d3314d2c20296aa2d62542255fc6ec972e957a3a68bb230;8764;Life;922624;2009-11-21
5a1e4a9df21a401960ff7969203d8d9845f985c75b012a2a171887da248d9c2c;7406;Property;823994;2018-04-25
d4388b839f6643e51466c07aa38ef18e9dd1ec41d4776551f96a4bcf1f4b30b0;7014;Automotive;723190;2009-09-16
c0c0939860adaf368124aada88473d93a97fb20fb0f0e34285d15096d4f7b5ea;5818;Life;153439;2009-12-05
020f715aa1a8703040f6d1841d216c753700642d32dd36d7db6c2500c0b8d07d;8695;Automotive;928823;2017-12-14
6c20c3a4e88f8984d3a152b82ec0ac85b4119d052a179c530520dfc0c030195a;3811;Health;654336;2020-06-02
c6cf4219826d944f796f2d5acdaeb26761dff98e65ca2d22607b181b76669bb4;4258;Property;545478;2016-04-20
1f8278745e3a58e025c2a41121667a17f3401c7d96e6f02c44dc32994598c9dc;2212;Health;252921;2022-09-28
8c3fe39aaa069950e49809f07c6b1462c008673349eb0251f28b24e3e470f485;8155;Life;72412;2017-10-11
05104e1847ae38170c9e52fbcf8972d2c9b08350d9d5ac110c132eaf1d0393c3;3561;Life;386610;2012-04-27
b0bd9e0e48066d60c5e06469051fb21d0ac9c9225f75945c85bd4430673d025b;7527;Health;640025;2017-07-13
10969747eff177eb8b06cf5124ec77966270594f5ab28747c2ea101cf5352c63;4872;Automotive;674716;2007-12-11
4f11847986d46eb4fb1df12a5802912e9cb93ddc73f419f258a363f6559736a4;9315;Health;111597;2022-01-26
534a2df4e489160917f490bf91895e3e090c1a6fd76369c70c0af6453b9b5e8d;6022;Health;246343;2011-01-13
a15c4dc66380de1e16689a174914c3770404183bf48b3246eab423ccf4deedca;350;Property;322698;2001-08-07
416b2cf2535e112142105329090720d964334eb0083f790eda9e68b463849cfe;7081;Automotive;166666;2015-09-23
1da1d0b8efadd7283a380f46329a546f097b0af3b4983e23f69b967d2f2bab19;6489;Life;474864;2009-03-04
00f93ab61d9cfcf809cd620b24841bbbca3218d28a2e9ed2109063c38045a19c;3639;Property;719548;2000-02-10
a2d4a1c8b295a8842459cb5210f8638a99101a24a9332cf9c511e2e3cdd3e1d7;2650;Life;535886;2022-11-27
9865f5027ed2d24dd62d064266c623c8fef9bcf05f9e38c100cee9f0622ca4ca;6758;Health;133472;2010-04-03
144ba2352d0ca0c8801ebf853911289de1f716114036f11f057f01fae2dc05b6;5905;Health;213046;2002-06-20
9f3c807319236c5b2216443370aadf0270d586d51634025a970b47532ab7abd4;6133;Health;287219;2023-02-01
a3a298079099d755d432d2d2add156727e31740cfd29054ada60c01b9abe43f0;5242;Automotive;112009;2018-09-15
2bc5950ec0287626710f70307a93ae70ce6bf1f54d50686d774dc353730faedf;909;Automotive;368437;2011-04-08
840aa8d9aa116d2168312ee383f3db9b1a54c76a77a70a5b4e07ad56b4220392;7270;Automotive;131003;2007-02-25
80dfccd61c4fb8ae0b5a118448ae2cdd975425cf790da8577d2a69695912280a;1248;Health;279757;2013-08-01
6a6e4c2fe5dd1d5a0993ae8ecfb6d99a835761a71ae2ebc7aa3a3244526ec95c;6593;Property;473480;2009-03-10
6fe73bcfde15ffe968dff722a5cb2c9cab2fdf1099052d4dfefb97d208f9c843;8283;Property;710563;2018-08-15
c509c7af01c8ce47afac087151fc15ae55183b19133a2af9f6f6798dbc737083;3236;Property;284996;2013-01-28
8c8ed769f711fbd9ae2ba09888d103a47900682035ae268c05a3fcffed1545c6;6855;Property;12148;2019-09-28
1636b047482453f658db35f6bc7d3db8d839c77228d56ddf92b17726a3e38722;3811;Health;554066;2021-08-08
60187d3f2f8b11f433cd3ad6d1294b97aa40a5de4d234ba1c2ccab30f8e1dac6;5351;Property;960958;2022-04-27
6562f1f0c24d1994df4805253f6648343151a60a1b260b26b66e8d32d01908e6;5560;Automotive;393710;2010-04-02
222556a7218019781171faeff8008558c39ccd1a4f49d6bf5c5336921de335e6;9002;Property;636482;2018-11-09
2633a0ae22707001c82101334929270a828bac5ac263ba1ac29a3d456121de0e;3496;Automotive;248684;2004-06-08
bf43d66e97722812c4b6cd00814bcac11ac46cd02aa5b870e81e6f433474fd2b;828;Health;869055;2016-04-17
b012687da7ef97fc62d4879a650da4e02543503bccbf48c979878f6e2649316d;520;Life;131579;2003-12-06
1c3a492ded4b730e860ace2ac517be91f10a3278a660376f63c137214cd9c098;8933;Health;888390;2008-12-15
31091fe450a6790b90ff4d2256e9801b5177b31eb4e5650d7f4e9bfb919260f4;7537;Life;725176;2018-06-09
bff2fdd631aae93de451e905514404c31bf51897408f95494a44d4e84900730e;3611;Health;318827;2016-05-23
8a3615facc3306384f93bbce6bea070d17d588b795e11420d9fbe154462b587b;410;Life;633209;2019-09-18
1b52460064a89ef0fe87f7f613f8af87f61f35a245b8c968f1c49e9a36feffce;5966;Health;842220;2008-08-08
f29fa853b8d246783d6b343fbf0a47dbea1d4d747a2bdf4ed0a7de1506e472d6;7090;Property;568082;2007-06-24
207479f71cc8cd31445cbfba5d4dc788639377d6ff8e79beb14822daf73062db;9864;Health;406872;2010-05-01
e4c0d3ccbbc7020ba0d6a3371cc6975a0ac9d18414c64b5fdbaf4ad01f661671;1890;Automotive;831276;2016-11-14
7897bc70d9d9f14bd0a8fefed58dc0c20d80795176f87d538196ae006b83c28c;8755;Property;872865;2020-10-24
7c80cae733ff7af38c7d48ef2f25a1019b2d6ee010c34fddd62cc438bd2897a4;3049;Health;443635;2008-02-09
a362fb222590948d11d1c07f15e59a34397c0bc0c143254f1098b2737a330240;8238;Automotive;521596;2003-01-26
7f41fd2ea3e1af4beccc7d9f07b6b055f98741b94523b69b49968efad2212439;5765;Property;214123;2018-08-08
d4d1dcf13bea8bcb5fc74f8081072461b337a2c5f4772dacefe6e546fe2630ac;2807;Health;340029;2022-11-01
c63a060c3faa7bc62ff29d55381f4db5401c9ea23b7a01e0a2c7acc5ebf79a82;8930;Automotive;884898;2006-07-12
2daea51e50349b041a3952017010db9000ef8776969764fdfb9098857949dac1;7706;Life;1627;2008-10-04
c37bb139e847bab610caedb0d20300c03b2380eadfa2481b114801a5d2b2c09d;5232;Life;239712;2016-11-07
3ac2419f63d8a8683a1e41455458d04fe8ed7cde1c0d2c6b8ffc3fa0f65efce1;8465;Life;575220;2003-08-02
75692cf90b8fdbd4199ea95de514d9d9aa9d4878fe8243345d69fc235877e6b7;6887;Health;979501;2006-09-16
eeae0d17316b323c15e1ef24bebeada9a47e9f70b4a68cca070ba196e56e87d4;4956;Health;639354;2010-08-14
8d8e7f0fcafc97a5a3bcd90b493b6e8625d75f0d7578133fc79ceefc247ba933;1392;Life;403763;2017-11-01
19bb41160e2fda7b4cf8b500c2dd632792d23edec9a78e9ad1fd4bcf7faba9da;9466;Automotive;327399;2016-06-05
e2ee6550cef4ce071222fadf4dcc954e3d2ba0a77382843a317a0a45a962af39;7608;Life;64887;2008-08-25
152e56f1ed48c4fd903d92200c434f0c84013be486e567154d9c29ec5dc07839;2547;Life;926000;2023-10-15
2d75a4deece02285d6092a8b46fc755600e34c7bf623afa3b180f21131df89ca;5559;Life;35813;2022-12-20
96040ccb7639e2bf8bef460592650095b26d43344ba7fa0970f49edac91bf828;7391;Property;702861;2011-08-03
94bf57c5eb6a01f054657b9a3e1605ff8e773ffac4c389e5594194feb1b3c1e7;9141;Automotive;304424;2003-02-14
1394ce6dc5e9e4eab4597a842546f2b9bc082bfbb6fee2e545d9b0df8612dcf0;3377;Life;720336;2023-11-21
e3a6e370b054dcd80fbb27e63fa8c1a11fcae77d1b47b150a539d86bec9f927e;6840;Property;268541;2019-05-07
38348b3f86b66a308c75e23fb40581bca82b0ddcb1d5556910d046cc2443d829;7889;Property;192516;2014-06-07
a4dde6792851f990ee38c0b403e598585bf5868d5bbf420dcdfc5f86f38be213;8190;Health;809697;2006-08-18
1e8149241baefda4f5bf156fa65b80d16b03eca9cba2d754596f73dc2f7c281d;9296;Health;649023;2017-11-21
aba1b5ac709f3778996d94338a1a2a9d8a01066b2950b7fdc3f383db0decdd62;8848;Automotive;744923;2004-09-27
6e5635613611baa51186515d77ca5dfc8b2db4f7388827ed81109a0aff85cec7;8747;Automotive;565858;2000-11-25
8ce7d2d3e7d4863e13755d6843fefb38c0ba918e6573f5cf2abf0eacf562c13f;6474;Automotive;133864;2015-08-28
04cec000c77ddb9b147526689c2747dfe7fba993887cfafa9a9d9fac3b0dde86;8107;Life;761248;2002-02-21
555598a2d34d74b3d1154c294aa45ccaad6edbb2b78d79aac3dfe247f8cfeae0;5567;Property;663395;2014-12-17
79cf18a457e40071dd9a16dce6685be3af0285d578024b065a64a9aa1aea07e4;2607;Health;74912;2021-01-04
994faaf93daf0392034ef051370bf398fbe79646284d1285ce85a2e498744d57;657;Automotive;368753;2022-05-16
5589158952ef76188e0b69842dff0a001fae784b0f20e41d59060d230b4c1545;8409;Property;346343;2020-12-04
5bd1346eb611d98d2240d235eeb9437d0d3d7182cb0918413a6bd078b2ed8b16;5555;Automotive;81535;2008-05-10
a46084ca7ffeacfb14ab1596fe6388ae94e83592faeed213779e5168f338421a;6119;Property;354854;2019-01-07
b8984c36a3878b0771f321ad257f9527a3b0701b6acc3b940db94c10682496a6;4646;Automotive;347453;2005-11-14
9e966aac96385703c76334f42acf5884eddb4f49c334e8b68cda0464f5b3e70c;5381;Property;77579;2011-11-11
fafd59b83b8cb1880783b1d28491a01daaa4bc6bd2fa72f2a83e497f25f62ca5;2500;Automotive;539608;2016-02-18
74efb07aebcc0edc8e7ac03d002564f22e94322779e44d4b526dbc8103f6efa9;8596;Property;613030;2005-11-10
969c3d1327af7576eeee98a4da29576c21ced12cafa2facc3159f2f9bd04ea8c;1091;Life;92273;2023-06-24
62a8e1d47f09b6c8e05aec10f2e371ca0aa875b81550577e36f093aa6d912287;7343;Property;464106;2005-08-07
404a5282190ec6fe7bdbad6df45cc2a3e40194baa14547f391ccacaaa9f0ef93;2376;Life;910621;2018-04-04
0a81f1fb2e633ec32741a2a77409c4dc36fed35c848ceecd95982f51396b19c8;6090;Property;46795;2015-08-10
bb7e1e0a857fc9b2b60300cbd6795e68acbda1697b919e64c29f6ad735c639b2;587;Property;458626;2010-08-26
2675a3487137cffa352b114f8c73b27049ccbe312997cd02d0d2ff47d98c7446;9967;Automotive;314505;2012-08-16
fd0febac42027e2cb9c0c5215148e2f23a5777ed9e51281f6873fa8367fea881;1388;Automotive;590146;2012-05-21
19925ab9b9977774687520b04cdf74496e7ced46e1b880235034dc4894152e53;3575;Property;737604;2022-02-20
2f042ff3f3790f13e056cefb56168588f9ab83f0a60855beff414edcf33e727c;8380;Health;73325;2011-07-22
0a3fd77c229106b1619a2d0cdd5175c32f9f5981e383a9b6d7c825b5f4297286;4888;Life;226135;2019-10-17
342c83f53d7a1dfc9539c08f513ed8ea9ac48c3a6d08e30f0a8bb2da943c0e8b;343;Health;903037;2023-12-25
68397d2ab093fe414fdcde7bbc182133005e7131afac0db903eb91fe36ae9490;621;Life;883720;2016-04-04
cffe2c74cd32076459dbfc5b0571d99021314cbf7332558c278670ead6cc402d;3001;Life;463538;2011-10-07
dc9fdc2c6ca541fd47f979dcd12523a42a53fdefc54f449c87c7e0dcc94d45fa;8757;Health;118665;2014-11-21
6f846325388937647d32cb6ef106b74a796d79bca194b457d03eb584f1728ae4;9108;Automotive;71074;2022-09-10
9e7768a52b17c7109c666411a377c5c5e705e6feda6c10525cd0a5ffcea045ee;8919;Life;781236;2006-06-25
5e42af59bc028577e255456cc4256fe7348dd046530c1988b334ccda0ccb59c5;4618;Property;535533;2014-12-17
0d826e370bfcd549181b5cf5b3e0e69d1012406c72072a86bc26c1a059270beb;6154;Life;160896;2023-12-11
c672689a852e078d984c385e86609f4b4d9a6c6c41e41c5d5a7ac94cddc95116;3087;Life;414876;2016-06-01
c2a320aca9bbb77260ccb8559b282ea2ebda283302abe9338b67e2f5c444ea4f;7282;Life;450542;2002-11-15
9877e5bfdf21352d887c8fba6abab3cdaecbace4ba707989cd6db96a5b52cdf1;3015;Life;174920;2002-09-21
df2e06d109631a2cf70b8a44f0777096c5e738a530150d3564cd8f47ecf624bf;6725;Health;382948;2017-09-28
77315c1970ed19065ab468a03adf0b88e82f786720ac12e98aaccba181b77cd6;112;Automotive;364425;2019-06-05
3ee013e7a86662a3ce28b245f2c6c9bdc87c79d7ea175dace2b6eb012cfb10a9;1057;Health;415964;2016-06-26
abb77c83e800049cc32c5e0e9ae633ee716f2ba4abaf2fd4254d29d7eee27f23;6864;Property;629108;2003-04-05
e948a586b1187fe5f217b5bdd8df2178454717a28ab68e68842f7afd8e1ae67c;1841;Property;506533;2021-10-07
582eca3e46a94e43ebeb24ea917933d2bde6d2cd0572ccf01b736637e5ef3af6;5149;Health;927538;2018-07-01
8acae2f9931d253340c7307b3135b0fffabd1babe6f4f0db57b0994932107908;1450;Life;976795;2018-08-24
435c393742f6a93c37a3871e63c92e41230254b7183692d6c335c4eaf17a0e58;8142;Life;9292;2023-12-17
0200e2436d23ca900fcaa4026f5c284d7dd70d4be7a13419e4ef7ea88a7f5b82;974;Health;73767;2010-09-24
cc4a907684897faa46bb9af365a7eab710681ef0d8a3ca105a599a0164a0b8ef;4920;Automotive;969123;2019-03-24
02e55b8b729225b9589ab0ff9ee05b4665f91856ff275655be12ef45ac18cc54;4824;Property;516391;2002-10-02
c4ca6a0c5f73b531a80bccfb233170d23ff3fddec4c50a14a0c9b615bb273631;678;Life;627548;2011-06-22
8945cb6f0240205504d9e54056047ff3c3a2cfe4a2aa70e81691aa7b464df0cf;415;Health;120671;2004-05-13
8a525df42ee30b153c2f5f18fa97b8d56ae98b016a377fd2bc1af8a47b36347e;9554;Property;175431;2003-12-12
0fbca3867870ffd439f4ad34a43ae12ff411b1b3c6f2df0333991b52f0dda3be;1365;Life;694455;2004-04-20
612fa6d73299b6f6e9f6ed0ee2a97d02d91fa7de71dc96ebceeddf57b25ced91;9293;Health;210672;2018-12-19
40e71f9ef448eebf195b040287653a6b65f9ea45d013c3768e0dce5be3f01cbe;8164;Automotive;759546;2011-05-02
e9980a58ea549e840e2fdbe585fa5f8ec5ee92db80ce4cb8291e17bed55b6232;8264;Life;96559;2022-12-19
518bc8e0753783449e21cc848d23806be4f9b50dbd139016cd923318ebb2d7dd;2614;Health;906169;2007-01-05
a61eaaa52adb676097b0bb7f21799c7303ada81962045dffc08b04b4670f0488;1944;Property;129781;2011-04-23
96516e6fcc749b8994b051f551dfd75d9ddad24501b985c98085080bdd60291b;2934;Health;770583;2017-05-08
1b87058a6e88ee79640e96f38a20b05cb48e6624835ade35c266257e94a36807;840;Automotive;596743;2007-04-22
3838e5954c77eee2d569f4feb292fc7ee191617ed67c81b8862586f3fe3449bb;8522;Property;771619;2002-04-07
e1efdb31cf03db66fc7506296b424311ee13b435e09c66b29c771872c5bf95eb;4793;Property;832989;2002-01-24
9a7185d6eb9849bdc25e76cfcac05db2e2accfc1293942cad17a798286124e37;5757;Property;386165;2011-11-14
dd9d27ccd2f907b5433f563e706c46c72eda094e78a24097dd20b1eca8d13a71;3401;Life;804402;2005-01-14
7036804e376b8e1ce15875f585633e07df0ac761a59bffed8bec49e4a0ebd460;9551;Automotive;387952;2021-06-19
2e10dfc2ee60c259868e5e8c5ef7040eb502cb34765f4beb8747f966c7261e1b;5121;Life;907433;2017-04-17
2f841e29073f8913fd6596e2d6a381e920264dabd42039a8a650dae7fd8d08d5;2054;Automotive;613510;2007-11-11
14c906d37259a51759b777acb8ed841b8fc56e856fcf82dd5f23eb51a4d809f6;2496;Property;684481;2017-01-26
3b1f4172b26649a1ab5fdefdbed2f613d9d1e2e0297ed9c557221c80db50cfa3;981;Property;90413;2021-11-18
fbd90ca978aef4ad27f2c95cb0465f4d8f33d303ad3b7d39b80ad944973ad8eb;9861;Property;883648;2014-11-03
9410d4de1124dc47644703956ce17576c8fb6f8864481bff54c76cedeb0ec1f3;7757;Automotive;178905;2009-10-02
acc2b23a5ddc63b160aca613c2a6726c1acab05047c4f6ed806d111e73d17c37;7783;Health;436575;2015-09-20
ebcf4227b3af3ba43fc814e178e9ca3bec5851eb83378b5896a88b0e9ca87c0d;3751;Property;815628;2019-02-19
cbcdac03c222e28d81a4b137dcfd32f66d4783e1f74b06729080cb4ae193f710;4452;Life;628472;2002-06-13
c3b5af4c6c18c85f33015229adf7a5c36a6e15c45eb468ee87aaa20d7872adc1;8580;Life;134480;2002-12-01
bd6572069801999e9b0f0a76b44b971b19b4250aeea194c6a7fabe5f89609df0;6322;Life;985921;2010-02-11
27fd171d2d3b59b6f3740b9ce45109b82d8f21c0cd70077260be6d7c7d39776f;1933;Health;749107;2011-10-11
9b0349be10d2066533d6edba6995af84345a2ad1579c1e9e5da8dc6f2820b85c;8122;Automotive;896261;2010-06-21
df94b3ba760634794bf5dbe959bcd351cec5e1b3ca44ba197e37f52264bcc04f;4551;Automotive;720548;2012-03-05
fb6283aeb203b1a1ca39a5309348b640b87c13d28d7fcab5e1da37e324500954;9600;Property;703159;2023-04-17
8afeb89ff3466bef4799d2e2da5e8a3a24a14850863de09fff13204e263f50eb;1301;Property;772885;2020-12-04
7a0c83956cbff8ef534001468f39689117745dff3764eae8eafe247d8eaceb4d;4604;Automotive;526761;2021-09-10
c30633168410dbfe5837762c2c1e158bd029b57eb8e8facdb31d15de43bce38d;5241;Life;707455;2006-06-24
1477d2705ddd33ce3f1de5730bb55f553ac4a22e8922b42ec131e8220a66f795;1714;Property;592632;2018-11-10
af553c8c9e578932bf2593cb4a2133f51991a2b945a7bf4fac14e893922e8e1a;9164;Property;493795;2006-05-05
e70deb765844523c6bbdfed733f62f10cadbd9f5070a6ddd2e27b3df454f8c56;4535;Property;142796;2010-07-26
73f59fa431f93d9a2febd2dac4f2315ba7ab472b85347d660a5189945a7768fd;6091;Property;525611;2005-10-03
7481457a3a03d0a2b3e9adf848b3bd6b3766118d5301f9caf30be32e993062c2;5219;Automotive;71430;2000-02-09
4c1e782f7db3fb70aca772925664cfbaef76889c22f00029966629fa563a1dc2;5178;Life;660105;2013-01-22
bffb61b627a29f27201cdd758f5704b41640c4d56590e84831e0cd7393e5ed1f;4946;Life;961794;2019-04-22
5656890dcee33012af7b49f11711b79be229fdaf965050541a842f1397061be6;267;Health;731626;2014-09-08
b9323165da040b700ab5cefa2e94050cbdfe6282e8e4da3d95c3ea6a3c27bbbd;2022;Health;701664;2016-02-22
c9320b4df9bd284d467e24269ac06979308b9c59cc53cbb08ee30e91847930fd;6571;Health;40871;2008-04-11
90105a94ed2bf8af512109048caeaae0f9e6985a654924b76e29166faed7135e;1995;Property;398320;2019-06-18
c9d790883312c8336c9c1b1f6ae644ac4f0fc9273196d322b06759a7373250e8;9553;Life;168868;2013-02-19
5e7c96cf18a006399e3213a2d0c060b974ad14b3152ea436ec866cd7b2b0e132;5371;Health;466853;2014-02-04
99598226cbcc47114b8afb0bce8fa7fd159f8e62cbe5c897ae738e26a3721a00;6304;Life;552804;2011-07-11
19d22490e91b5e97c867ac55809c713f86eafcc2f5e0da3d204aff82ddbec8dd;8697;Automotive;759611;2002-07-11
178a1ab2f0c265b59f4f76d13cc4fa1aa9e05e4c5e12d07e400b2d688e6fcb86;4169;Automotive;69741;2008-01-11
abfadcf070ea5cfd38e25e3f8587ec52fbbb3e11fbf29469b8898d0899429f7d;9155;Automotive;51983;2008-01-10
81b7d462b5161779570e8883e1b0b7694d8e17862ba033be5e25ae8d8cda2d3c;5115;Automotive;308967;2014-08-10
ab888f6ce32c26e6b57a6e5078758db1278c3593525c7607404a3b274d749fa2;9023;Health;697007;2004-06-24
e5b19a170b6ee3f676366e7dab95bfeaadbfe8c44203e6747ce517e150cd3d6f;5460;Life;338830;2019-07-23
c0d7d5690a4802ee53b9c6a94850a55e2c3578d609a1ff43511178712fc3f630;6020;Automotive;855281;2009-03-06
1fb6ba8452cfda7c1607677af640612e3eeb1687bb736911e5891d45e82a9fea;2733;Automotive;854580;2011-08-22
3e8c45e2f51ab805729e14616d6e2154b99d63b0698851e8a0717f8b405414ce;9543;Property;609313;2002-09-13
693a558c50e84e74733a04798c9cc62f99676a76f1dcefb7fd9b3bf0989fed8c;5633;Automotive;966101;2019-09-09
258c6d3dc51a564533468ba7f765b98add7ad53c820df0e95db0672ef7838bf0;9459;Life;47661;2007-03-24
654b3de02f9dea979abc76f685ed3b66418f602157361ce45cb05c9abc3125b8;976;Life;829375;2018-01-05
dbdad9817665ac86e80d55f4009a9b4d1d78fa840931e031b2285b253a8f227f;898;Property;222683;2011-08-25
e51cd3311ced5a1b3fc46f696de3f9ba1293e094bed8be336a989a16624a37fb;7235;Automotive;66299;2005-06-27
80d777de1912f5a0b6612b716f399e821e2f6242063eab96ebb703c005b16258;5616;Health;982051;2004-02-03
acdc37a1e7d875d02289bd14fa9dc45d326bab1ff59e14dd6ee8d6404a992da4;7008;Health;999375;2017-02-18
19ad732ad4efc966c53d3685e8d07f829a027bbb0669af9b9e5b7544e899e00a;4987;Automotive;952844;2008-08-08
d290ad0952caafeab30f7a6710a01f64edca767c6258e25351e702d13edc4e04;6170;Property;685695;2013-11-22
80f5807a03b6837fb4eb93beaffbff641a892a3a0c819d7a3c6d58c980031bbc;2414;Health;476576;2000-03-05
64bd2a425be959ba9dea79829222eede63d76ec18a75bd98a79a374870b72a95;192;Automotive;774638;2008-09-18
0f54873c7ee9390bbe16de385012c243729d736bd6f2c77cb933e89ce68cf2f3;1101;Life;269896;2023-11-19
e2a5c96a727eb4eb56c104af3c108e061900196d92ceed638d4e866c155c17c4;1906;Automotive;7383;2020-03-13
fd1926e6a52a696396f54675770bc713da5c540c6957ee230d1b0e6ec01557f2;5475;Life;857052;2019-06-01
debadcacee1dcb31d6d1c2f7f982fec7c9f16cc4928328b7e5bda01fcdec96f7;4147;Life;64949;2001-04-12
2219fc9e9901046aa0f17ccbeba37a815979d72d32db9b9217fde5eb700798d6;783;Automotive;923196;2019-01-15
7efdb5401b33278253a412c2c806096f1cc00a26be97e435701ef6455c5a2b53;901;Automotive;435785;2021-09-05
6f5da2e94c356b77a73d82f938967c553647521e9a865e5da721d06160a70349;2883;Health;450544;2016-06-15
8a7f3bef18ca7ec3dafad75902f7094f791087e375d02daa224b74e1fbf1a414;2680;Life;688888;2010-04-28
9517be6d438d8567178fbbbaed91cdf4d76496bc7592feeff4758e4760c4e3c5;1311;Automotive;371877;2021-12-26
3bb9abe8270163e32016927052e8199724fda5f614bc627b6499055e2f3986e9;1468;Automotive;387338;2010-11-18
8892c78526b880357df34a22d9d404216de87ec93f2e8517ca950cd3b27c529f;2569;Property;629202;2021-10-28
c3ab3230d5eec8bf9a1598488e6fbf3ba84d7fa1dfc998095deab1d9a69b02ec;4572;Health;221113;2014-01-09
b7b49ecd990c64e93e04d3cbe84d90bf77b602e2d4b3613aecaf448bac6f3cc5;7960;Property;138346;2000-03-12
350b91b8b3a3974deddf2c1a256deba6c05cecdd1cd498f395335d679528661e;3199;Property;460027;2009-03-09
ee3aaba49265a23aa7f0f96ec308320fa741f2a3f23947eef67b7774a838e661;9876;Health;692993;2014-01-08
63727c24028ab061f94d89afa1d381dd2339ec0d69690a63f5174ef7cf678783;9316;Property;914816;2019-06-22
c5f522d42029a7face1c806bc69f41a5d4624c2916456745a2b1e1b5aa87c898;7048;Automotive;505605;2020-03-23
4bc0f95af7ca552bb78cf4548763f4d0049bf0da1857bcc361414dadde0adfb7;4242;Property;978162;2019-11-27
340f64f43c5f34b25f1a65faa0e0e8b9c514e4629d068e0dd886010797c5c897;6743;Life;45927;2006-08-27
caf3f3c59df7a13b4cbceccd070e27371c635f6ad6ae4f43745918d870bf2354;6593;Automotive;827435;2020-11-09
0c8e55231b0dc252baf5866b4aebb05459e76c8eabe7d04e32d03560abf6b1f8;1917;Health;577185;2006-04-17
71f5941343b31b0847a959a9fa0f5602e44f636587f0e480dc19c6d65d976e43;9765;Property;913857;2007-12-04
d09a94b8e286a6e33df595df04585dbd76195a81421b30a016c0675858966176;776;Automotive;728774;2017-09-14
dd6d6412920ae2da884e273828d3f6da11867b150da414f165f46118d6b4756c;4980;Automotive;981221;2010-07-01
c86f59bea9670384b0424882524cace00c622ae0e40039c5e5c5ecc5318064d0;9778;Property;21765;2003-05-24
ceb8f6b8e9b38a67685770932e45bbbbebce902b25842d3dabaf89be175700ab;9088;Life;109261;2015-10-13
89cc0d8cbb0f02e6e779b6c53d3d2974152d33a9a6d63b44cab38827b7a8d7fa;7843;Automotive;657241;2003-08-26
98d384142f124cf848f4291110c609f30af550473a31427c7dcdf89a0d7c134f;5226;Automotive;131910;2004-12-23
a34419b55d56c9bc0d16ec8cd3b125ba2d25ed90fa0d16eda3a5dab62292f57d;3106;Automotive;180982;2019-01-28
685801a4aaee92a33c6e8197efca26e3f570d9beaf612b2f6761aa44edd7ac78;9830;Life;645314;2009-12-21
01d5bc3f840fb926d8105a1e1dbfde63c44d96ce2c80d858e31c2966dd160da4;1273;Health;75035;2009-08-09
b298b301df06611d7418246e51180401871b34892558ff92ab43e7fb02ee154c;72;Health;604161;2009-05-15
7d5d0a9ca707063475791814f5ab8ce04c99389c573463522b90ae5dc6fb2296;9733;Health;691837;2003-06-15
63b13828a86ddfd486ff5ea596d541caf4c2c30c13a0e645f5be4a39a2254bdc;376;Health;806077;2006-12-20
1dff64c3dc445e57a2459d844e2bba9f17d1669c7e530e4222a307024caff819;2619;Life;147634;2020-04-04
571917bc136c9962c74584db33c55a8c9ea7dda9815d4d6b9f47e2673d9142db;5566;Property;168021;2007-07-04
5773b5750338117a0a8333461e0cf822923028468ba5deacb616f444f20fa6e0;4312;Property;412685;2013-07-09
eb7347118434447ed6bd396cd30887600dd76058a421054c6dd8e962d10af2d8;3611;Property;902385;2004-12-06
fdc7a73c4b7fa3acb7e813550000b61163aaea80f0c3e5d84c6d7b0e2627faaa;7417;Automotive;437747;2015-09-25
1600a9e9e763c1e5aa9d3cbd57d51be1ea773519c7db4f665379cc545dda5f8e;5697;Health;385132;2008-06-18
62e787f1a31a7bf5c14cc2a2ef803840d64e585d642ae3d2c996bfb74415620f;4073;Automotive;880816;2007-03-13
186edcdb8c259713c6db70ae6e3aedcf27fa4fbe1598dbc0c9a7d84b1e78035a;7037;Health;931571;2013-04-15
4259c39472ceb8ce849d81aab4af37409e9465a240c70e102a1bba327de6ac5d;404;Property;327601;2022-04-02
add9c93820cfb9b86aa52a5cb6fed0f2aca93baae7282b4798abf6d95d63cd2f;533;Health;710407;2002-07-19
fe02e034b8281362b3da9ef019af487157cbee24629159850966f0a930ccfe62;3586;Automotive;393948;2009-07-18
32c9ad8da3888701724c284b900d2bbf55e6d89842dd62698cf164e66bb3f755;4723;Automotive;520768;2019-08-05
9e4ea8c212fec14d5be7ab99f69f39065add6809f295263ddb2d76f5407ba9eb;7187;Life;381377;2020-07-18
000c04a221cf9d17671505b2b31d24c7db402fbef2b9e84f5c7e7e8f317ed67e;5239;Life;679547;2013-11-09
6bcf5cb3d48491313bf93f13de24c9cf91ece66d040e86965fd5ea688770f3f3;7411;Life;894075;2000-10-05
cb08e25d1900fbe36b763640dcb1b59b4b8756b9784ef98b5b29c9e8f12f22ca;8163;Life;685521;2011-08-08
553c4fab02431ac0f7b22b4b9888ff703bea80e531563efc5800103f5fdbdbdc;2141;Health;778416;2010-11-13
0bd672e4df9924dc8af6f7884fc2b173f683b3e5157e2c6b54ac7d990ee36f54;2076;Automotive;287410;2004-05-19
d8ee123c6cd096de7d4cff4ae962a92f1476b9f8c3089d08d23f47704de4ed1b;2131;Automotive;626879;2004-05-05
abd7b50403ccb67af3d3418fd09d4ab1e7a1cc6f52762127a68e4c6e23b4fe74;7396;Property;806827;2020-02-01
cc32f4fb593939a86c5f66738ef0b7007e3c289c7b7134da3fbd4019d67e3ea5;2756;Property;639390;2017-07-13
e40af9c6787359f8384d69ba51d084f964c97b8a40d3f6cbb5867e2aa2d9ffb2;1799;Automotive;966429;2019-05-13
73eb832c50c0871a5f548fae3a684ff33af6e651529568bd80d3fae56cca6618;9026;Automotive;951568;2008-01-19
dea734c7545f1a3c9ce515ca2606c462e46c7d408b0d0832479d13a4cdddf03c;8393;Automotive;326095;2013-04-01
825e857a16c053f1eb61c6c0227d36ca7b59f4ee1c40fabca95895c081d3b678;7060;Automotive;268148;2018-04-19
808a7ff0d9716abf1766ee67f7fc8772c17012e7d8fbbdf1ca14b06ed145102b;54;Property;770741;2007-10-20
18a4740c0144e20493a8f003d6d4339d1850df8e22193a0fee0cac0b37c659b5;1855;Health;2209;2009-04-07
b02e13f9587570b229dbc8865787f7cbf4fefb45fbf4c3dcb09b922b3f09cc65;2486;Property;814155;2007-03-02
29b5fdea7a21cca46615f55e20a0af50c38e59ef3131abe93a58f55b3afd03e6;801;Automotive;282106;2011-05-06
bd08ae3b60aa7a3bf333d44f0c533e273a8f88d244e7c39c24e5fac7c97881b6;1820;Automotive;528322;2009-08-08
8fdb915e3783d0cd0d2cf20041d45851419fa15f508028b6772f4500126b1ca2;3761;Property;955479;2016-11-20
5da4263c21c1c7d7c8107b225d25cec8ce03fff175675151f179efbea834e171;7547;Automotive;904521;2003-11-06
0bb76a5033e54498391282ce034f7d2ec39dd0e7146f4cb4867273eadaab895f;6990;Health;658042;2022-07-02
f15e048899d4c1bbca88101b841a1341cea207ea02fb4dc81bd45a00f556d9b1;6945;Life;416020;2014-01-28
8baf96216b66ee202fabbc3b906f00afb1f558c699d12332b00bd60a6c49b69c;9895;Automotive;649343;2021-03-12
4d4e345c7232af4d292986d22b2128a5692d9e995ca3111c5b121e6ef454347e;397;Health;583815;2003-06-04
665b9d7421dd286f8ea90e11745c6639e2aa786862473bc11120ebf07c184efa;4043;Automotive;640891;2011-04-26
fe815001d7a45925ad093be8408a54f8a192a096cf3266733502f860718bcba1;3678;Property;852158;2000-03-04
f462cd0d588f299572d196f7db0f954f3c32d143181d570025f94c3f5b0a896a;8286;Automotive;983476;2022-07-18
cff25704a857a7e2cc03ccc8f4813bf3520a2246c5ff02f478586f67c5928b6c;4393;Health;31665;2016-04-25
c6ac5bdd0b3de812bb0f1f41a08e3ed9e9720dbd1bb6aa42d0e001cf70c4aeb8;7006;Life;790235;2015-02-18
d799e0974bc3ef0cb6a3c0fbefe4c35f57913fa72e6f8b6dd182265ce85f2861;761;Health;987259;2007-05-14
d0c4c73ba7154f06b725cbd4f673ffa5776d23f110ed3daa55cf8f7ca831c2e2;7890;Life;850590;2012-10-19
3bcc692c07607548fb57f101f3b60f191c0ac7088415b56e286bf42c27c937c6;5080;Life;478492;2020-07-17
8dc16bd1552d134ebb9241d099f652326ab27d320bb6316ca00c7e079f75ec98;3808;Health;601992;2017-09-02
09e6ea74cd2e7f355ce544afb1eabfc2a0d6a4c59bf29044f916fe115f04f457;7583;Life;358931;2017-07-05
3fe1cbbe2e05c6c7c378a8adc5cda69f29c2f0e4c332139c9167237bcb5e9ca5;8669;Property;967215;2005-10-17
30964d0ff193d080a5c3002528c413511c55ba6763b53758c11f73a0109007f2;4298;Health;139249;2001-07-02
cc61947f294f24c33d286ef0cbb207e1a6add877e1316335cd13d47d050ed9ee;8689;Life;675048;2018-12-27
1076349b1fc19e929b13a00704254f3e19371347632a0c714c59b664983e3009;5611;Health;284655;2021-01-11
4cd2296872cdf54277871c369b85ba4b063231bccba75cfadad19c2ed4713c8b;7676;Property;726237;2009-03-15
8a9bd79fd83c0cbf5be9bf9afbd922ec1d0fa27b05885ef1f8f4e6e8cfc7947c;675;Health;442309;2016-05-26
6e6e0093ac259e880feb9435458c5912708af7c817276bebdbd45b9ef54325d6;488;Automotive;484316;2004-12-18
c6ee0597e4f8eb65663b7b6a22f78d016fe94e1641a6877e163f9a3d344b5543;6482;Health;832359;2015-12-12
a510b47c2b9d2def408abadf02290eda8b65b54f5d327f1afe27f464851774f8;1089;Property;883126;2005-12-02
7fddeac2099484b6647607920fa373f522d81b15ea07fb5e6862939a0d44df7b;3176;Property;173597;2015-07-22
e7ea301b38f0ad8ecbfbc4f13ec0eb2896655afd98807962da415c932d19fa9e;2116;Life;207917;2014-01-08
317c980b11b0925dde3395a8c3b3cb3bc56e2428edeebab89c9d54792b077636;2980;Health;628223;2012-04-07
6b6759f4701a6ac6ef862fa2bcb4d4fc3d67b23fe7c30a36264d4feca1c16b39;8369;Automotive;295335;2009-11-09
345cea9847dd3808b770a6e48fe504481a3ae2cef451e4d1215b566208f06671;5590;Automotive;868751;2019-09-02
225be4d54a9cec903106e20b8c9f653707d673f2182a40290b9efb6b0fa1ecd5;4085;Health;189466;2012-11-05
3a8a38958b2aec7393041f4ebda141bd45188ef140a55a654ee568a6018f3c6c;7434;Property;920760;2010-07-24
d17b66a442d40ec873ca3edc9a39d06a13e06455ef5638bf22761657a1f27d59;5112;Health;400092;2017-12-02
c2956cf5fa943feae79d2c3e5e9d32da828288e62767be3e154caa5d4aef0677;3059;Life;229302;2001-10-19
6cb6256cac766ac4cb5995749e86ae69ecb2fe17d8c7a81b87fca38744c850a5;8203;Property;212739;2011-01-13
ec05107811a976c069d25fd742bc1bb936f525501e2f22418b1f531da5edc4e8;7554;Automotive;482268;2011-08-09
c1c17b56b8e98395c21dce673a9a0bdf1b855c8e990667a0c19317b945eb69c0;6493;Life;672530;2011-06-17
8dd7c0c3b2b8e974b1cb0e721446e75381cd94b02a17d3e35f444f716fd9f13d;3607;Life;682861;2019-09-13
bfd618d6d572b2c5b23d2249ffb831c5f02665e222d862c10849d0eebc6dbaf5;2765;Life;834807;2009-02-21
79c9635a9a34991bf17fcc2c6199022568d087f308d607031d4ec62cce70231b;2577;Property;762073;2014-02-27
95db65f23441cfd764c6cfdd40bbaac50e381deefa21ef01593da363de499933;6025;Automotive;282558;2018-01-05
aeda6a5ba77bcf766b1ecdfbdeda67f126013ade5adb906b5c7e90238cf4079a;4673;Life;864391;2013-06-03
7b25c3f8a613f81dcae8a045f81ff84feebf9dfb60df9733c51dc03fc1a5245c;9770;Life;157790;2000-08-24
95d34911957a858b45ba9cad87ec69a7fa75d9725359515e6b72d1b1aa99836d;422;Property;240029;2007-01-08
66fb72e630bbd0c66427e6fa3384f5d93477231d7ed01c6a4c2a5e274d02a6d1;2838;Property;66308;2004-04-23
dabb185585cf006537918d9ddf9ae888afc4489b9d06b5db7037a8870af3f15c;8323;Life;926592;2000-09-17
08c2f04b1eb9597e8952c49159d6a71526e2c8496e57651d9cb4dffdae905b51;169;Property;46751;2011-08-18
3ecf79dda0e51be53f125ab73f3bce128998cb80bc17baab769a1f24bb3ae09b;5322;Life;927891;2004-08-01
651e3aece81937469fec98e6dfee693d4788cced4ceda66b7b13acad1f6d53f1;327;Automotive;687229;2017-06-08
fdae42976694114faf06bc20ce813a5107a7dbf4a581a3a755ee8bd3b715ee74;4395;Health;139691;2003-04-02
016b0e7966bb955a361cb33bad9e0b786e2d0919b1555f65d18b7a48d72b1cb9;2964;Property;798215;2006-03-10
65fdb737f4d66499447c0bf5a8a856e5a8b66eb5b2ee62aa1cb0d61b5ea502db;5543;Automotive;588815;2010-04-04
5e5b6eab1d86f698b9fa5eaa683daf6dbf81f3817b70eef7940dc62bb2b1dcb6;4198;Property;336463;2022-08-08
23c4215d7bb3f8bbe4aa71e32fce296f0bf0f36fea29c388ab309713afb4cff6;8274;Health;283776;2003-06-09
a8d92c9e6ea25f8507d6ecc5552ff99e84a9fc595ef273095b41491c490fac9d;8937;Health;676240;2005-12-13
e2018bca45943f136a3c1032de2d497570aad02b4d142bddb3987e66f163a450;214;Automotive;195397;2009-06-10
23166a4e0b506bcc23590c5b350701834f30e08a68d8ece9c64b86db6361e73c;6258;Life;51702;2004-08-10
c39e3ecb4c95265fe31b86b44708ecb933bb04c12ae7abbc885a1822cf21736d;4812;Health;227194;2001-05-01
49ff7deadf5490179f44bbee4309cd5df9afb1d65c1c93d4266df32668384da0;751;Property;342116;2017-02-21
eae7084584df9fee80f6a92a8b52253b083af79e2f2a0ed7d38d15362fe7d453;8950;Property;409375;2013-01-23
04056f6337a982e8c6dcbfc3673418b8fa096674968e330c9fe67e4d366f0d06;3192;Life;671118;2020-05-19
35c54592605d8bf0c602e0408e1934f752cb9f3a3cd0705a8bf5763aebf38800;2474;Property;549471;2002-04-05
7947083c5947d23a2366aa95cadca322b940ca4d7fa01a98b95397170c1825b0;3652;Life;98291;2014-09-02
ff30910a6220a6fcce5fb7ab997a078fb5a4a2638d56bceec3bf36d2f6e0dc46;5528;Health;507844;2018-11-08
08b15a68d397f10022a1463fbbe150a5f8ee09e68c3eb63eb3a1c70ef35ac77a;4147;Automotive;78028;2004-03-02
c7c829901de3e7b2cb793401cc2d160b566fad0713689c61d874a2102bf596cc;654;Property;449470;2006-08-02
caced3b3ba4cc999af647c24642bbf5e6a62eca9cf3332d68af9db6a88b57e3d;3348;Life;908181;2023-07-17
b494193f63a49f5e3d0bc0c43a4cfbd3f47f205b5c56ae8facde45d9603c139f;8191;Property;403626;2001-04-23
c2481c33f7822a05436482af0ce2beab3757473f0611da7cc16883a0342783b3;2003;Property;34003;2004-03-06
8b9f73ab83473d4493cdf817a444303039715074e61ca425103749bbfa8f1622;588;Health;669443;2001-08-21
9f029e9b54e3281e1acf21afa046d4e06943dde51a6a566b2ff0aab850918ef8;6114;Health;446731;2016-06-03
fe5ac7f1fc99ca7a409b5a59a4d0f2cbbb84718fd6bc014db58280f7249fd27e;9341;Automotive;46190;2013-03-22
c9e03367e4a95b91ac6ea02fb42c1a3e0ea0f3e7cad98437f353dcd9f01dc457;3097;Life;66746;2021-09-28
1af9197a2d478e5c078596aefc66559fa17b033ccd99bfc5b310a2151d293452;3757;Health;416865;2014-04-05
18474fb688d3c4c78af780011c48e1de7a1532bdfcc594d7c5c77ba4458277c8;6797;Life;397527;2005-01-07
79475f44a4ea1e1376fda84c2c84e242a697268681ed94eef1897a9831355e86;3163;Property;896599;2017-06-13
b1e7b8c36c8e5ecaf2d141e36c3eadd811f90e27a708a1bbc9d88e8ec8a4bceb;5861;Automotive;766616;2022-11-03
0e31ca92549d2e250bca0c4a5dc9886d2092750415749839b73236a081472582;8788;Property;966451;2001-01-08
e8091a9d700a3fdc67d96e5c2bfd1b3d07914edad95979dde0873475d866fe67;9771;Life;958693;2007-04-26
78eba37687a1eac4b101eecdbdea0d0b6af3efd9322c45ef91999e9c740838f0;8969;Property;32521;2017-11-21
1e5d69db98746f20f1237a337457108af8e0a6d98af8011643e5807544233954;7771;Property;645375;2014-11-07
677e1468f3260f7404c9acc054a2c963604972d17e4798cc100199c5e350fc8d;7843;Automotive;532956;2014-05-15
4e85f6c45da6c65dc8a140800cd730c67b1762437d6631b9c41cf84950b06320;6456;Automotive;14506;2022-06-07
833152ebd14df8829e93b73268e93240c6e7358b25f8cb078e6eae81aa204d91;3736;Life;910388;2015-08-04
f0d3d2d3573bf82c91817711566ba1a77fbdeccc3a18de7f0a4fa848730f0d53;6416;Life;539200;2020-02-12
9d4af1850cb6246b61fa1ae1379ad0c872ac26c4bf07135c9adbe5216173460e;5472;Automotive;198125;2008-05-27
6d252968497a61018fdddb25f2e8e3dd68e7443ee39632cd1f63b835448c6a8f;5491;Life;929523;2003-11-27
8b648ac060743618c141ee354df0eb3d5653ced95bd51f0b122b0f64de94dc12;9665;Property;201277;2016-12-26
e7a7819b434ba5d5e9a88eb5f00aea1ab8a933cf424f8efb6939566808a5a7e0;476;Automotive;577504;2004-10-15
49790371c2931ea9dda48dcdbca75e3f2aa421ec0d9c47b826d5ee24e287e798;9272;Life;720768;2016-12-12
e9f6f44bcc8edd1780b25217d89e5d2f5dcc15e7f5315c51151237e0c96e9907;4191;Health;23956;2002-05-19
f754bd64c829bb3967c76bbef62a968290c3046a1bb454d14940858e4eb008e3;8355;Health;152106;2003-11-13
20cb49baca16a4ad6649b7be1f577d30f65758ce251961bd7c88a9bc5293590a;5514;Property;868270;2015-05-15
ea205b8b054ecfe0193fedd6729be4288258ddb54ece8c15b218ef5bbb469e7f;4103;Life;106207;2009-06-06
f3add1229fce9f9b608c49658d6a32491c7b26d66e464ad60c102bb1f9e0d79f;3731;Property;333077;2007-04-10
09d8015af2948d01b80c91e3620fe6f4896f920bf61ebc289bc2af4a22fac489;4483;Property;94101;2022-11-10
67d6a6e1ca6930e147b9f68b374722cefe56906b3afa8af517d8ba213f32ddd4;9565;Property;114779;2011-08-18
06f76d183b62e3b2b42987cfecbf4815a6dec1b41f955188da7fff28a4bf85d7;986;Property;905952;2002-02-05
66ff0df1a19c685ee6cc8301fd8e682f5cb3e21ecbc0cc9e1a63422489793d41;2082;Property;943020;2001-03-10
787fe0d2669b3d86591162eebeebd709d410ff0d5ce8ed21ef7990da97b74ab0;6776;Automotive;555111;2018-05-02
1aa8aafaffaa367018398328d8ad576b59ca6fdea5739066745c9dad663ab44a;9054;Life;580074;2008-04-20
2b6ffed943a1b062c98aeda651d7fcc923262f6f7c0916c687819d14f7f5e0ff;3141;Property;907486;2018-01-04
9b550d2cfbe9472d1d677232160d1e77fc922f4eea3574b727c62b690fa84e0f;3940;Automotive;556049;2023-01-09
cde61837a9f56bb48ae04114f2def088cfcaabe8a9e3b3db234af8310c59b9aa;7018;Health;347846;2022-08-01
882a52bc09043815e2d72d6426538c991d1e0c44687ad70c04c773f460784f37;7244;Automotive;75262;2008-10-08
28d0bd094149f15399895ed75e035fa81e506fb5eebf80ff68959cb1231ac021;3560;Automotive;23955;2020-05-19
85ab9927177e6a09d06b40f117443e53cd25cb49e255ba764cdd95837ce5610d;1165;Life;301877;2015-12-17
d5524cab8eabe0170c84689e9a7e6c4012327a6f29f7eea3fb15773139abc49d;6340;Life;862232;2020-03-17
58de0e157a0128a521e8028d676bb8f0f9c58007bf59fab1b98918fd182f5956;9063;Health;647759;2006-04-15
a6f7eaa4ce40d60697dcd3336b1817ea7dc3743b7bce6be1d60449073db957b1;1959;Property;313129;2003-11-25
e2a405972e93aef00f165d2dcac7872f56bd70e042bc127383695e8dde71e236;836;Life;528001;2009-06-08
f240cc46adf972e774d6e04885bfaaa822a25b1163f6f5635239e9b75ec001cc;96;Health;507488;2009-05-13
d7925ab1b9e930ac63156c2df02d06685dce62ca52929068b8b257c3cb9ef651;5182;Life;837094;2017-08-23
b59f302ec905ab719c10b217a2b2e3227d6c312d94b6d970c852039ee7f7afd0;2598;Property;807365;2008-05-04
30a92ff3bcc09d095f470d1a33e20b754ba9b114b91b6602310e04b83d493fbd;8908;Automotive;539103;2020-07-12
2c58b8b11a785b6a52274d3712a383a5f664fc47dcbea8c6b131e4bb87c8c4ad;5743;Health;276302;2014-06-25
2b47e6c3048570535bf77389ccc9bbc3915c0bfc4bf63db6f08b135b57370391;6767;Life;417029;2020-08-08
6592cbe51878f6ca3c5b9a3d6689fb89391b9312492ac97692f399bf6438437a;3789;Health;295261;2015-07-19
bbc0d97d4802ad142ed0fe0d3c1b7d748078414808ee1b0983f0f2fbc89cd10b;7480;Life;365692;2014-03-19
e8d6d31f7d0702baee2622e33891d2d72a7b7514d4b4cbdadfc3db12c4a1b02c;4379;Health;366063;2011-09-02
4aa5450490f5b8aff7c101413d24e9703fe5cd0c6e2fb4b2ebe790df24c9faf6;5316;Property;498213;2002-05-10
8dec570e5fc9f4e101b55b5bfa2020cfc15d58fbc829a1c277788eef2aaac0da;5634;Automotive;876052;2021-04-14
6285fb103813b1243e61ec682befb90394cae9e1282cd41258a65ece06de8bc0;9596;Automotive;487571;2011-07-07
e8914b6c92e1aa40808c26ce000bf5ed4f60b1fe50f5824c388f8295b3f26e73;1035;Automotive;240613;2020-06-26
cee500dfd59580da8a168444a6410f297da6683fb91eac2ae41cf5379856fb44;6741;Life;656287;2017-10-06
7201b45148af6ddebc221e246be5e4ab93590e24f385ba73295863f00c62ab7b;4255;Health;774896;2015-06-09
36ef40abb3281f970997569e098bb9c15296e786b5bbdbfd9cc1a4dfb5519267;1155;Automotive;522151;2012-11-04
f54b7c65be11f1c019e6132f523b27b45bd27a403f496241a5224de0f8b150c7;444;Automotive;269639;2012-08-16
0fb5e58a8710963004c0e2880cf7aded2995ff58f7b6bb67bba09d7546de5e52;5208;Life;568524;2000-06-19
9a60361074619227b2d069aea7809160363ccc17fff9aea7a8a32a03d97501c9;7479;Automotive;994692;2021-09-11
e5624adb02330871ee57ecb38c8fb12ce01889c763facc1487074388ada1a781;2487;Automotive;459059;2021-02-21
b44606b97225ac974a4ba8bab04527a3be94da5128c26419994bb284fa181ccb;2237;Property;76977;2008-02-14
010ab1106acff73beb719d16e15473b76de878872a4f51323c967dfa2d4fca4b;4543;Property;617559;2000-04-03
53bbf98f694204ace2df4ab4a86aee936bd2237e3b2bd19ec08e503778ee4dbd;2326;Life;640077;2014-02-16
7a998a67c2d10209e37c86cb548e520b935f424f881245befba1eb54264615b6;5690;Health;159458;2018-10-02
a7c03b7bf798310446936b0ba82b862f4a03ca0b1ad56ee485cca9ed03da6bec;7999;Health;579672;2017-01-26
52410e8e4ac5ad304f757b67f884607565e3e35e1bcc03101ac9a298cffb1b53;1642;Property;196425;2018-06-06
bf745f13cd9fed402864204c335de21d16b36376b7ab65008344796f48ade851;2506;Life;821901;2000-02-18
f9c61aa470d284f18bda75babe33c9c0174dd3f2d188c4b78033385e51408e73;565;Property;953939;2001-05-04
9c46187dbef00cd53931c8b34fb927e0e0edcbb3862ea71ec2e00e2eb6c1a6f1;4543;Health;757549;2004-07-01
b52d81180a64696e8c189e37c9ae044593f33155aaa05b206cadd1dcf4fda35b;1585;Property;479625;2008-12-11
f586ed940c1813320848aeacdca21df84686202d2935bb32a53fde413a72ecc0;9475;Life;169064;2011-09-18
cfbd3a7b35c6b3524ff11e5050fa5b97d169aa33f3b989280d82611d01ba0fff;9086;Health;620017;2009-10-27
fdbbe3b6cca1bea1d37fc2756db03ee965c7bf6ce37fc8b015912636eeb24875;5090;Life;421231;2011-01-23
dc9816d35740a9a3f7ef08d9b5f6ba29d2b36b7999d076a0524fffed24d7a56e;291;Life;248735;2005-07-22
101f7dd24690b0bb452a7303f9952308e166f3f4e570c33fd8ddef7729349386;3101;Automotive;464918;2009-11-17
c7c96ed5587e6b8bf10b4d7e57004e987e2e33f09af8fe3b8fff57caba4dc416;7220;Property;582416;2021-05-04
a3670b4d2943bf782d1b40b5be11906017a33c6c4b40eaf3c2dfaf4d119f170b;9024;Health;158413;2004-01-12
472e68c816f59e9616ccbaeb2516198a3d2c5bb19ec1b68f98f0892f3a2ae331;1969;Health;690348;2005-10-11
45c2ae4a0368dc300d3060268c32d823e0228046a0db7055b6963135cb0bc8c3;2604;Automotive;292470;2005-10-28
08b70e3227344264084bae4c7d46fcaae97f4e793dd55f1f3219cda2e08bb06d;3104;Health;898646;2013-03-23
06b223fc582434b00384c72b8bb9b66aa6dac2f519f1c7bbf1b628d446159902;4911;Life;511501;2004-08-14
00c14d519d018508bcbed44ca3ebd911bf76d03a83645c1de8009202e0cb8d96;342;Life;812593;2006-12-10
8b7752249df5dfe3672ed1559135dae4e77fce096d350218bc70e657a2760c2a;7287;Property;27590;2006-12-10
d8337e41283e25943e6f6866273bc606c7cc9b84597dfd50a5788829faf83f54;1927;Property;430106;2022-09-21
1cd2fbcd90633c3b1abe8bd46d4051be109da3f3c6cfc376469905e6cb741a69;5383;Health;449693;2006-06-24
0a6f21b1636c65dd30b5c3bbabb432279193cbff8dd83f3e10359a11747f8f9d;2206;Health;336371;2015-01-06
2ff5c5439ae3a1305cbe0eb0e355c533619ef36ef2941da29e0ea44b04cea113;7440;Property;837367;2003-05-22
8ff6d9edcdfceb8932b546d789d044ac5abc37f3c4ae1177ddae812d63e8a79d;2419;Health;77970;2009-03-13
b49dca1a1f03ddeb556efc7329362948e9627e1406bd7362237676d7c16bc478;2388;Life;212790;2020-10-08
e518a78bc0da86852d4f571e00f9d90f6ab65716f253bc821a953cadbfcd51fc;3317;Property;961517;2020-05-16
9370a61d8150ae7f9d4d99cedcb4676837f2bdb2b6e84108506c650c72960c41;5442;Health;403878;2005-01-07
c8f0710cea2d26078564890675e6b45ff351a4ae52bcdc35e0b4e20f663b3b49;5391;Life;770674;2012-10-05
da3b9e489751b514ef8a7fb393dce9f71dd43dcaeeb1a3f172bd12efec8557c5;6280;Automotive;796807;2021-07-18
9cd8b35579933b426f3d408d2f0e80166addab2ac40260b2b0b2137be375e4d6;5242;Automotive;234594;2002-06-14
787416e2164bc2112b3ea554a156cc1df21fe6333c25f8bc2e2c83d1cb1227ad;5356;Life;672354;2016-10-15
4cc1fa3ff3dbee943dc914142dc2ba1d592f734487280be302a9a93b65db0e9d;1968;Health;752874;2015-12-02
e3ac6ea54cfae72ee1b541e025a5ecf5d4615f41e9b86dcb6d8548b017c8618a;7962;Automotive;400267;2016-06-25
ceebfd79525e1f04abaf817fcf1fed4a16fb522fce57370d6a015ce93c8c368d;2111;Health;805561;2012-08-13
d351d6d106aedca4a55b2c98cf7e5f0bba3a77c1cf50b88c7c7b3956b3d96724;3937;Property;918066;2006-12-27
035833cd36bea0f8c22665da1f92860d561bf327a1cd017e3609eed0f8105683;9655;Property;715929;2017-07-22
cc7d496da9b147c6aa4891b0725878304963e9efa121c186725ed32894940f75;4553;Property;545871;2018-01-01
76c19ae1c9965c24963c684756ac87a71863a625dfd41edc7bb57e8a3e3d0f30;7351;Automotive;270445;2009-05-03
7424d72a01bf2a2262e79932a245a22943fe33b679be7c3c3877825fe3d8c4e9;2179;Health;190973;2003-11-12
55b6d70c18fb984153945e757881d98dfd1ffa42b21483b4e2499f53c0486e07;4977;Automotive;48143;2021-07-01
b1397096b82a3f3786ad4842600b03b551e99b287135a1662df39555b1ee1207;2634;Health;856596;2012-02-05
1de1c84ff5f5970151cda8b3dbc5fb2dd22e066d0630de268939cc5376af8ae9;5773;Property;720148;2016-03-03
fa4fd20b0eb44dff20e8466cdd4e4edbabf8afa432ad0011967d04df706b5ca6;8980;Health;94631;2001-02-05
864f47184367923e594b64272bf3b146c2bb827eb38c7452619dc621b23f92ae;7842;Automotive;892041;2007-10-11
51a19ffe07bf96739067c16753fa6aada868ee4151dc2f7c9fb5beb7e6214be0;7813;Automotive;96535;2002-02-16
4153aad02215d351fe642cf62cb9735d171245d4227bea365dd2ac847a251b62;1179;Life;909905;2016-06-02
9aec42d30269fba6652a73f8fe8ab0461101b9cc06c0f99ffb4a2372b6745389;213;Automotive;340660;2021-04-02
4180ee6f72dc7197fdc6ffe238a1b3d34c3ea822e5e29104e7dbb4aaf3c7bdc2;5651;Automotive;655979;2020-07-05
16605360f63ebd0fdd2bacc8c76051a26f5d4174ef90311d485272ed9bcc7665;581;Life;663923;2019-01-18
3c0bb5197e6a95a6c832cb987cde94809b4c37eba682085886a7a9657debca8c;2270;Automotive;28486;2020-07-14
8493a0ceffac977e6fa010452382b8e81ffc59e57bfc2f381211671786c4240b;7739;Automotive;536708;2004-09-23
222c261cdb709051897968c72d51ca99c9e501a22c9656d057d425d48b30d68f;303;Automotive;714451;2020-07-24
d60b84433a33e5097d8b22126599b0fcfb3fca791be967b48b7122c3b6ca1b39;1958;Life;904292;2019-04-15
e2769feebf4e1e330937e50ba997b619ca532756703c21c1be1d4b9999c85319;7903;Life;792147;2014-06-10
850da4706e3218e7e834d13729babbc8137358e22821d800585098e7d418a061;4622;Automotive;210627;2008-05-27
e206c62cc0d023248a3820569430e125894ae4dfb4e7b28c39d54261e9b320d1;9625;Automotive;771367;2018-06-13
548676731ff2c1b8dcebf215dad5d82e1623501d6f4d0aa7c5b9adf7cef7ef73;9487;Health;641173;2002-01-14
d38917c746c8d6cee85a4d67049dcadef3e2a9213a645e095ac1fa09a50e1052;7635;Health;130405;2015-02-26
e493bd5b724d81841d0fa03c81d5f17e3e2b3859ab850dab7d8059d37d7e5175;6198;Automotive;957607;2015-09-28
1456f7e4b05a50519fa88d0ae5c672472ca739e525501d25749c97185c57c2bc;6218;Life;796837;2009-08-20
8b73ccbf48f4dd2c38e499c2c75be26970bb75e98d05c42a2199f9d2ad542c6f;5434;Property;233400;2000-04-28
7d7cf720be098efd9eb9da4f9f82ab2bbb61778093d40453b4e85675117e2dc7;4638;Life;800226;2010-05-01
3c1e4c2fab53a0738142433ab056bad2d039850777b4e70b1c63d48a05a56918;4689;Life;6621;2004-03-08
af7c9a8fb9d4dad0b1242d1a3b077d491534fa4877be1c2116ed9e11b4bdb1ac;9238;Automotive;933584;2017-09-27
83c0b8262205d38438c9945a6e3eb927a5d6d8e5d5c9ebd3ea8882245d220ac7;3765;Health;854673;2009-08-16
0bf684a2927dddc5ee55fcd97a53fe7ba72281ce03c25c69157008e00061a699;4007;Property;865245;2012-07-12
59c30034713f65151aaba2f6d7a8c51b60224fc7c3ebc6725713c858a7bd3c28;8256;Health;182920;2013-04-15
5092726279d32cbe43a8820a46c7bf4efd3b183934e8a006936065b64cd64a5b;7111;Life;810402;2006-10-21
71bde16dbc36a51caca06977953319f113d438d26ad1a22b2202f83e100f992d;7065;Automotive;425484;2019-09-13
f34f67a4e3186aaaa0d79485f02ecc47499f7da1d1e520777e2de6c1f10ce34f;7897;Life;25301;2002-12-20
efcdaed1905c5c4e755f069f5ff6eca6a21a333ef3791a5dcfa5bdcce8b56fb2;4145;Automotive;430999;2010-09-04
56f2ff6754ee484fd3805e576ebb03086828e76bb90ff6e472b9c1e1a5263163;7463;Property;741965;2005-11-22
dfaf66081c77e2034b1db70b950901462ca6f2157912963dd550dfbff65e1446;5550;Health;7072;2009-01-28
5ad6002895828b1c149dcf833d0400c278ccd4fb1dd8e1695148da34703b511d;5857;Health;536029;2001-10-02
e78a97db2d4dda68b2bb1025bddd11812a2982ebb4929e4ad36455b9644e2b5e;5528;Life;350702;2008-03-04
50a5dcbb1f5e6d460f4719c95e659c75dd0d741e1cb0a9a1af90b538f9eb7a3d;7415;Automotive;743627;2003-04-24
d9a134f14d88655f07c83337d4dee798d271256a3226e34a45321301a936e4eb;292;Automotive;723102;2000-06-25
a3d867547970675f6e9877f2cab32c83fcf9c00bde28fe85fb8b6f248cbecf41;2279;Life;508796;2001-09-20
501be4b17fa650e57c2158d133f5636ee30c2877fb18d47ebb72e84ec8753f7d;2238;Automotive;284594;2016-06-16
ec9b40305484f07170e4a68e70f9b25190de916fcb25828aa3a0fb526386b93d;6068;Property;777531;2003-08-21
2681939a240223ab1ba9b3df90aa2700e30b4bc3f504845dad5ed673aed2d886;4753;Health;936159;2007-08-22
8823b8fc75aa80d05e84de18939727ff48fe02919f7ac023adddfe7e1f1862c9;6776;Automotive;184849;2021-03-14
e8b1954095ac8512390eb3092c97ff5c5779591aa4778c2b76a30a92e08b6b32;216;Property;621838;2005-02-25
13450a7a5c96f7759d7795da4d9b9a075232e0e35273db1371ecfb0360e66a03;3322;Life;94635;2000-09-02
b563d13e8747a4fde5ea51ad064b6fc48f38c1a3596c347d92e707330f17a415;5772;Life;579347;2022-04-25
96225ae4e1d6591610b6964823c141197a88f711f3d46dce08c6de50211be6b4;4070;Life;865025;2011-11-11
c5f4277a1f7f5b833cbe138335c5d531f8d7a3be30742801717df2f5c5e5be30;9802;Health;750567;2023-11-17
5ba69f761a283f73f913f0bb47f98b9c271d02cf89d015254fd7cde0c1d7207c;6995;Property;316764;2005-06-27
f44fd61513e9352f6144222a6110b94ed58a7be3ae0d94e3310b85f88e12d555;9295;Property;723279;2022-05-24
2ff33df137b3728006ce44a392fea4891f927aaffc5128ca5bd707b9b8d015ae;7730;Automotive;519982;2022-10-06
4a76c9f0b6f1995fd9845c574061083736e9e477046c75f66eb35d43ef554526;8108;Life;291936;2011-10-20
31789dcbd35867aa0ff3b7873d57add10c4f0fdaafc6ee097e760e720a947141;3582;Property;674056;2010-04-17
f070358f3017cfefbd8d93f4a296ec1c652a98a29278320d402b547502e045da;9236;Health;291013;2013-07-12
2071e5dfac3b92ea5216ba8a111b18fc2451e4bbd3b4aa66437415ab3909ec87;6935;Property;996776;2022-06-16
30aa7a6c74ed572b00552e3bdf3762d450561b43db42ef0ef5f69e88f79716eb;8709;Automotive;393906;2010-08-27
80e97d320a25dac8b37cce3a5f6e0197b4867a1d43ca82d7e813bdf7a43d7caf;1936;Property;158152;2023-11-20
1943f3382fc613338c89885ac3cbacb37f7127e740db5e2d8941b1a814b4cd46;5886;Property;970689;2009-09-17
217136e0d7769f2e4a21166a700b25f6caf57ae24658191bf6947e6cf46e6134;3081;Life;669741;2014-03-18
1cc304ff168bc4f7779770cb1b617e7326d0a22ecd22fe0aae9038bf1e2c09ae;8529;Automotive;271437;2009-09-27
84f7c30bcbacad40c79c37b4accddb44383a90f72a7580452a0eb0cc7fefde19;5998;Life;143305;2008-07-24
758bbf5b1d50375a162538528191feb644b3b798a44cc31139d1d918d21ad92f;3361;Health;565961;2023-03-21
ffcc8551ee17822eb1f950b7f4be77c0c62b851516d3a0b57a94442916761b0f;8328;Automotive;526730;2022-06-28
9e7c8fdfe0839898c01fcb1a34daf718da46a9307755afe2a2a26aa98e4802f7;2372;Health;143702;2011-09-08
7de27d01a206bac81b3ec830c98a7cb66a29d0358aee0ebb95282f02d122b445;587;Life;386480;2001-06-07
15022d824dbb67b3eef7228c8303050519fd8047cf010e7910a403bfa70179ea;341;Property;433773;2014-07-16
f12f458a286bd0829ec90d23e307904c8a3a9003a5857ca8d3fc083b4c416236;2366;Automotive;7277;2007-09-08
a8a4522b7fd5a1970cf20a1c8828e0a17d6e7a79e79c69109fd6a75755478a05;5688;Life;470674;2003-09-27
8b4d5e3de5977ca8149483b30fdb4e11611e62a3942d5fb6c7cd6dc2cceb8633;1826;Automotive;414519;2008-04-16
62e4b1d528831fdac13749406bf875eca66ea4d1d72f1cb92d5c83578761d690;9610;Property;797866;2009-12-28
5e4ee053145ea19dee034f09dcd4d1f58398828878c0b118d79986d942292670;6625;Automotive;252940;2021-04-08
b193b275ec962d718854fd1b441dd0e9016ad232a246dc663889bf7a3c8eaf8a;7698;Property;945260;2005-05-03
fa651f1084360a87dc7dd67e29536d8c5e444d6e8677f4b7f55abd24897de214;1914;Automotive;951446;2022-01-20
b153d009193f31980a202d20412a33f9ae5a9e2be7cc2d7db3d1c2ccb6d786ec;5015;Automotive;111020;2010-06-18
f2214621ab4b69bb02c20fafb2157f76fad4b93f128385062785ba6224bd54ff;9891;Life;130080;2017-07-06
9f906a2cb5e6e3f9fe48f4b80c4f169187c5eb869c938108d43aa54d7c4c8466;3544;Automotive;130788;2012-02-13
5305b77b691e88cbd8c444451de63581bfa914ddda3c555aa348adad2f5fc3ec;790;Health;546233;2013-03-28
a60f2a49284cbae3f452432012716cebcc21dd1280e6060c6aca0d3142fe6bee;7816;Property;929016;2021-07-07
426951a4270b4df248f8ef763b56751a68ee13556c8d412c5046567982050ad3;5313;Life;674684;2000-12-19
2aa52f60962d0b27a0a96be23040d757d09ad4170ed79f63c9267b19a06013c0;7374;Property;77195;2002-06-07
cc7665a2f95b9972e5b2991bf669fc2a9e19e96d8af12b905afb8b080ee63028;5056;Automotive;84694;2004-07-28
2a514a80ac21fbbe0e90d163b93ae357972782a57e6d259997348baf8fb8be1e;4940;Life;496658;2018-05-22
8d73bd633c6e41edadd24cc563503c36f468e1b38f3e7594f8226f564e687770;3575;Life;826860;2011-02-25
20090bdb198054eeee9441742459339869d79a7ac033849be1bd287010cf4b3b;5712;Health;31754;2023-01-07
bec45bc3bcb73c02d7c42f02fdbf0af7be17876023347d0c1cb95a5b4ae42d25;1685;Automotive;886729;2000-01-18
f0505a1a6373a7002d94a93620a687f293b661624759f6ea5c0fa902aae35d3c;4166;Automotive;633463;2021-03-01
48c50f12ceb3e9ba0e1e860ce197d2d2d414225812c7a8f2d1427519dfb965b8;1802;Life;862224;2016-09-21
b928496432d26bea20f732521079d0be28ce888a950c1278ec05b75ce7855988;132;Property;470527;2008-02-24
5ad56edf86a82458e03a8c8b3bf94e13cad2f6d8d18d08e186d1afff7afc91ef;1672;Life;760555;2008-11-17
78722b0e94e0c4790e22da1b70765f7ab14a8179dd15ec5c73915e9c62d1943e;3584;Automotive;309916;2010-06-13
bf41b37656febaa04cbb70025b5ba501eff40ebe6bb2c6287b8c23d37caca0ce;8360;Life;808529;2019-10-04
5eb25d1f1bc12dc0cb7a025efbc502f0185755561e0bb1e60df844b874c978be;5678;Life;263175;2013-04-05
9a78537e667a83a46b05ad9040214c83896a1c59dac9db98ed98383b5df3884c;7963;Life;270855;2007-10-24
cd2ef572a2a9a915fbf7af303b10a82514b36e0425a5e379212312fcd6b6a02f;2467;Health;531170;2023-08-06
2070a4f7ad40b1a6958ce11c21c417a8b622631e5837ac5de8f65451085c4816;4590;Property;632940;2018-07-11
64bd42dc186b2bcb48d485d9c720aeff7925c03f6520845c1bce7340763e47f5;389;Health;640179;2016-09-17
1fe83b6d7f2e2971d98ed2a4c64df29a7736afbffdc98f27d7f0502d26f9ce6f;8245;Property;726267;2005-08-03
51af2b95f6daf81d71b3aef0c5ea5feb475125e5dcde8d2a953fac288291810b;7749;Property;112298;2022-11-04
bfc1057c7e094478d5eb0c269afbaf77ff935a60be81876aeb910950d59aa0ce;5921;Health;570024;2006-09-13
4f75cd2377801802d56a0736b99f60992529e0732c9128cdb6ac790226f5ea29;1002;Automotive;886841;2015-06-12
45dd5aeb5a8629a45ef44b6c86cda1b4b5e6165c654b723db4e295fdc9842a3b;3441;Life;833107;2017-06-13
2ff1f4aeeda3ad213d3c1e77079e05eadbe0bc296af16ce1561265f0126baf66;2598;Life;721551;2022-10-01
6cf881a158773a40b62b4f24683680cc09e19d5545a6415edf2092098d6d431c;914;Life;323054;2016-08-08
ac8687d155903d4396c206e665f3bc45e098fdec38ba8933eab400119f2686a7;746;Health;869376;2019-03-07
22a89797e1244375ec0a0fd3640ead3c4d649fbf684e92a754c6ebcdb2e22dce;5252;Life;711484;2009-09-25
8d25f446b397c795c911adf05f555a28e454c1527db1236b98d67db92e41b9af;8418;Automotive;461010;2013-01-10
4a4d2098bb1ab4a7c7107043b96c6e566a7e4fc59eaea965dd94c1db6e92f6e7;2305;Life;12105;2000-08-18
43e2716b7e4674d5d1cce8ca8ef63056bb342ac25fc8e5c123259652a983b96f;6437;Automotive;491708;2001-10-17
72b9d8533e65e52c86d898502bf7aa23d3919442bb70b8ccc87471498adda17d;9353;Life;236152;2021-12-21
a5d36df37efec672c2a230520b033bee9938cfdb72b8d985e68fe54859acc6e9;2180;Property;531629;2010-08-04
1d95d53ea95205202ec091fdb5b3383fcc24f5534d4486e4a180eda6b792a749;1373;Automotive;905603;2008-06-07
100e79e0d21e42fea3a8a84fa2ea7d6363fee0a12475d6527b1a71dfb011d133;5299;Life;852718;2015-04-01
bac333d455be2e59b6b3b5afd6df72c32edf2cba1f1c1d259be5e93d12ff22db;8095;Automotive;664038;2000-09-03
dfec9922740fb420a90bf6798dacf88a32170dccb4580050114ddf936cf2e7bb;2690;Property;339201;2006-03-27
63b015bbccf6515b68157acf43719f723c793bb65f56b4e89db494a93e44757d;1867;Property;114348;2011-12-23
18a128550560be371eba19f07339081351dc395185e6977a4b01762c60b485f7;909;Automotive;662420;2007-09-08
c68cea059707db0e5248030f1a534464ee072b2f72848b2e48e8b16630d0f2b8;4030;Health;202826;2003-11-14
dd9fe72914787938558bcbc2b0a23c20fcab935575d4f1f0aa69c932cbc9e108;4680;Property;91988;2001-12-08
e2a92254b321e579b58e7a140277dd5547e329425109536f8c7e6662161627ee;421;Automotive;870643;2019-02-04
0cb78f7c62b099761d2396f8164cad4adf2160ec9541486a4b357d1c73032f03;446;Health;16538;2011-06-08
7706035ac6778748c24f49c03f502931bf1dd59586d7fee81a94b17ada219530;1610;Health;923403;2007-07-15
82a430cf124f3cd9606270a775625651cf67053a7aedd0d2de25449122f04a6c;9055;Property;822039;2002-12-09
8997cd4cfde44d7b47c5847a9bf9b763c0250e9bd60dd66821fb590ed257bec9;6229;Life;115124;2021-12-02
1ac1422f5e91f8b0afb8fbf6302d4cfb0b3cca7b07540b34ab480530cd203512;967;Life;126895;2007-02-28
6d82990165269e9e888848668bd09a85778a69e25f2fbd151de8dfdd9b70d0b4;4030;Automotive;325612;2022-12-26
452b77c0260a5d22a86f9c44e28129333fd4c74c9e031babf943563bfb3df1cd;3099;Property;94640;2008-08-24
c149b62fbef4168a3be3233917f3085dd03b40b6a15509cd1b0e7eaf3788f9bd;1229;Life;913319;2009-01-07
9e091abb9521609d1ea4fcc7824f6efa6d613e99c7e9c8b92223fe1ecd539acf;4335;Health;140127;2008-09-05
968a4a36bbf318446d44dbe2ce5f7574f40d7f532a8e8b217a321ba7a3ea3197;5158;Automotive;5502;2007-07-15
bb304478c1e7a0b75c103b76c5305d68082ff84c407ee3a8455d7a0257092cd7;5141;Automotive;658203;2017-10-17
9969dc11489cbcadc9dd7fdacba498c403403cfb07c76b724c4c4c8712ed33b2;4709;Life;697785;2019-04-18
07a3d90c4ebfcd5fd4a34a4f8650fd72005f680917c08a3b7bdabec0ad39ad58;9241;Property;568748;2009-08-06
c238d66c585dbf7ff7592545cb5170ef2274968d7dd948009c0634560c0bb744;9863;Life;754724;2001-10-04
bd00ba06e483df0bc7b7fee13e16e258ad08eb0f50dbc9c824ed9b51516e5ea9;6604;Life;886744;2018-07-24
9931c8e2ce09f0b4d7e5284da8e8f3a0e84198211136e3acf1ae7fbb4b8d6964;7908;Automotive;846405;2011-05-03
7ec440c58a1a2f83886ece44f67c765955d75c2656bf9e708e6739fef53161e2;2084;Property;506970;2014-11-18
67d141137b084bb87ab0d4c4a1f0baa291977df6cba5ead3a70a39d2514a8977;391;Property;472299;2014-12-06
51a4f2c0afd282efcb16a67b8c8036ab1c2dcf5ca84d76dc24fb96282bb0f51a;3736;Automotive;769080;2014-02-21
c222c961093c37b9e0cd2a1a201bf10c256471203d93c242ae06d94397513ea4;6431;Life;582718;2002-04-16
28ca9b45c79703a47ea4cd572bcf5706b6371b0d4c0ca439306b2e8ed920b479;3963;Property;624840;2019-03-23
1691aa693abde857351f2c588adbbbc33e1755c062433a86312cd28495cc710d;5729;Health;408400;2017-07-18
b693b834b5b2d5ca387ca9b88cd399c64f93328afb3dcbac59618291393f0ebd;8558;Automotive;244437;2008-11-01
9fc9c6260d5473a1358cbda186c29325cc00b50424856052673d329cae7913c6;247;Automotive;211064;2013-10-23
db475d044921d1ca298b294ffbeb5e603412224006c5d0b4a79d83b63d240d86;8866;Property;51370;2013-11-01
8c3493ecdbf39bf9650801d3d99e3518db6ebf4e85ced4b24404c5f56531e8ea;9972;Life;782215;2022-11-19
6ea9c53ab273f4d607784c0e9833ec63989370162294afad90d5d99af07dc385;9812;Automotive;868472;2023-07-16
fb7d271dccbb96552356d9ed9d5bf211fd87326bfce3ea125d22965e44ae973e;207;Health;788576;2016-12-02
d052ef81c1a9ba3a6b43a215e295674c1992da3db17d3315454878f31cd17eee;6112;Property;187294;2014-11-13
dfec97e2868fbae0ad707965375b4e720615fc0bef9602300063ad4d98744832;2726;Automotive;376076;2001-01-02
82568aa4bcaff09258d64294421d90b12648a39f06236a8f45a5424fc9fff397;9284;Property;882273;2006-04-25
be4319675df364e64840c1a8c2cf2e8ad4592db739f7f13627cbbaddbcd0cf00;4346;Life;30825;2011-02-14
d677f6385d89c0428ef6e6da1fd6a21f3094932c66958354ac2d6a0453075f24;5737;Automotive;998135;2009-06-02
a6fb68ef51cf8aba3f0cc2caed2fdc94aff0b13406a89abad302f6af73442c7c;8625;Property;822065;2021-06-25
4e826e7311feca19e977d8633fa06920ee5032a970a006300f2eaf363585b82b;4458;Automotive;652965;2020-06-28
d54ba948ac42baf3168b9825bdc182a42a0e422d2527887bc7db71647c4d9d9f;2600;Life;95253;2011-03-23
abebf2009fc00b5988bf0a84b2d14d492991db57dd90cd217fcfc8865a1c4d63;7453;Property;925233;2010-04-26
e02be94fe2cad77ebd0fbc3516187b7f3aec02dcd600c09e92cd04e7e1f6846e;5827;Property;403248;2007-08-16
3118613e63c9c567734bdd9c29e12560c165e590d5b4ce1fa21a7019eab3d9b0;2189;Property;844452;2022-10-21
880f61e045fad5b2781dfea92e7802ee9909690f0c3a5f89cb3649777fe424eb;5394;Life;11883;2021-09-07
3eb1373204b9f7dbd6b0d7a1e080a53db4bb054dfa039f5a4362f2a5651d82d8;6125;Life;890672;2018-06-27
6d3e325e94abc5c613c4dd9dfbb29c939be66cec3228dc1a1fb1ed3af4630885;6225;Health;615069;2021-06-07
d3bb87b1cb41c7a278bd07b33af929e86a565957b4b288ab7262cf7ab5004e31;4166;Automotive;5469;2021-07-20
93eb4cc0f3d7de3a5f7acd9f3c6cde4e9ff00862ccb0a72f6ebef12c4da93655;8991;Property;74340;2002-05-11
73373ef4791f1265491ced8243e61cf1e472e1c4da9d7b79157654ef8f3a3da3;2561;Life;453163;2020-10-08
ece0558bdaa81bdf576cbbed4e315d169c98cc89ce826ab6c69bef428f8a6a8b;4898;Health;125224;2005-05-13
cee5e0cb20b5d25ceef185fe3a60ed095a4fdf52932302afed825d7624bd15a2;4364;Health;221168;2022-04-02
aea20b88daae8a2726fdff7b1e5cc1df41bf7cf1e6e338a1c648b988c47b77e2;5300;Health;506048;2010-10-10
6ad7700f48e96b6acfca7fc5d0cb6500e5ecf300aa7f2cd32f7de0ae591201d3;2544;Automotive;952165;2011-03-12
f2bd9bfe04175a86a7d94cd6199ffc8646c4d653f5e9e6e3ed28f3cf8ff53f55;3734;Property;384706;2001-02-27
80a9d4b0291697bdccb541329d5bdb9ce91563507574321abc38f7257c3618db;9712;Automotive;480724;2005-02-21
55b877723119c71e071beb6fa3360384c346b6307a45945f88a3d53195c95620;8639;Health;311158;2007-08-19
3beb760417d7231cba76734964c8323b841a6a22f256125fc55b99c426fff2b5;6706;Automotive;665837;2014-03-03
77265537e2a7bda1f86bc870deb289d63e21a85642050dc5b3444cf587231e97;2472;Life;557997;2005-11-28
26f435f0c9093e5f7a6f22cdd03fdf84eb865bce5576e73ca7297a8c0ccc1f88;98;Health;345460;2010-12-16
9feca7b934315d82de3c34534a992dc519b292e42e5741c99574e888aba5660d;3455;Life;280039;2008-06-05
0af4960342ada7fe422d12c312e307b49bec6b521438065392a451c6d463804c;1484;Life;338908;2018-01-15
787abc194df460a95cc127862923ad77d83188a84628ab24b9853afdaced9a05;854;Health;734767;2003-02-24
3627abf31e3231cd0aa08a3142c01074f19eed96ebefd2dc3249dd2c480aa6c9;2917;Life;663947;2008-09-26
bf41a423f2bc83a01e14d7ed106bb22cd44b4997bc3d5517e1404fa805ccf540;9376;Health;785728;2006-02-15
524e1e22af468b8df29347aa233a4fbe2fa684e30e0e9a2f27494ddf9f3c1804;7536;Automotive;933060;2007-06-23
93e715bf33fef181e694b9bae8685fd40d922032d07bd7c0c81d7518477aaeba;4601;Automotive;532244;2020-08-24
e87d489986dece0d976a7ce3ba61b618d8b7dfb5cadaca66775f2e205476e004;858;Health;715983;2017-04-11
22034322a2857117f61788784556d11c984ef8708c4e8da876f0ae406ae10852;1083;Life;248951;2005-09-09
da7c0a2c8dc28e9919cf25d4344b81448c927db3fdec0b7726efd0ae4b824550;7570;Property;78892;2010-03-01
1d085597217e78d444bb799dbf21b652a427f633e6e6ea19739edde9408ac9ce;9891;Property;263323;2014-10-03
49a6ee4f6dd8046e6d7d7243bd441adaa2c40f5726b8b7037c67bc81cd9a4f66;3059;Property;276510;2009-10-14
c1a147219dfc5f5352e5cfa1eee05714586ea43e246d0ccfac4429a52a5cc3af;6434;Property;484861;2009-03-12
c9c478f9f2eabeda1eae7cbeaadf9046c6736903aa87a579a0edd5594f335d84;2758;Automotive;784292;2017-10-21
18545931998ecb48a46dcd46b1dcdcd32d43ac28792f68e20c6366ff64e3c55b;3734;Health;927375;2012-10-28
845897b5b80e1e643c0a1a16aed8e0fcf517ecc6fa976359677c36858ade8d3c;1388;Life;900554;2018-05-16
5fc1d136835e24c92f0ed4e9c9a7a8f3b3d10d8742eacf305d6465264d847bb5;3851;Health;214592;2009-01-27
e50118625373e9e1f15dd7ae24da5b3313a37289a301df2b35eec4ad8bf7f521;2777;Property;197268;2012-10-05
dac7dec842b7ba5bcc6466d208d801c5d4d7c39c53e98412c6a3ae10c7b4aedc;4184;Health;527091;2023-11-17
966779556efaf355bcef17f3c8c098a119f049df7555c54b8f2632663ec7e377;4260;Automotive;907340;2003-09-28
315524fc56e5a1fd2a84f9470ee22304bb2658b137c888cbbb7d7bca963b52cf;5;Life;804799;2020-07-25
d75b4bedb7a30bb8386b0f094ca59b85df7031fd2d24c3cdd58020b3d5d66537;3155;Automotive;103378;2010-12-12
ec2c4ce06926621c05f73fb84c6543b4107b5c5c82e2af5d33de5831e9f30a84;2145;Life;520702;2003-08-11
2346f8dad2bc153f89aa0a82cf51db3e7d6b6084c0f23f04c5300c0f7d658fd6;1495;Automotive;463203;2010-06-10
b27f12b0dc3b6226d33ffb1c3ac693c9de0d256f01a503e5f6b92c38a85604db;5668;Life;456094;2017-02-24
771ec5b93f9e58c85277a5da8b08237908116cc7fe5b6e36eeb6f4846992f31c;9938;Automotive;306070;2015-09-17
ad70ac1d4e4f4152d766a79f85bd556555ed997afac787eef48b64c3918e7693;1435;Health;266026;2021-11-07
55659e02f5ce63a5751dd2beae59766f92cac8a69a9f6d87d7f0a96d5e4e858b;4360;Life;703963;2008-05-02
d32ef644f52515660e4e93878f37472262cbb2f12be8b3c7f30401a096a0800a;6945;Health;688079;2011-03-25
a7189880df4e714c7630a26bccaccb2c63cbd8b3737535f3f53af1285825cda3;6031;Property;239265;2004-12-21
3e9904ec6d8fe61bbb2d6573b17cf8eef9b5554099f0f3fa6b90c8b9ed68c499;150;Health;274589;2021-02-04
bed0e7426469894a75a4f4b37c691edc5e6e97d84054497143e46bc87ae1a24e;3669;Health;592139;2002-10-09
88772ebff80dbbfb332e31122350ae4075edbbf48ec49777535ec2520d5540e6;7203;Health;80844;2010-04-25
1e01b3d4bf03f5402165bfbdd3dd0833e7fb7bfcec4809036accadc23db68710;3379;Health;917910;2020-03-22
02629402d5f7dec7bf5d651c711425ba1557134c09505c5ebdc4a1a734befe82;9467;Automotive;452075;2017-12-10
c0600ea181cad6e7c7a8515db6838db84600cf4b0292f3656a40f280d76f2251;2878;Health;398641;2022-09-01
c842075d61a44b8564d4b0d0bb21c472662c756115ec4fb4155eeb5184cb99e9;2461;Automotive;522344;2019-09-06
e39d0d0d25d816d60f6fe5629d05124acff01fbb05e08d0d7289e8f89d975534;1281;Health;72924;2004-02-15
d7741d6ee25018027e8037f539ec22ef7bba50393c7e814b31b5397839d435bc;6609;Property;252234;2009-06-22
04cb39118fa638a07bfb651afdadaa5200d82f3445fc802d3f275673a46b1a93;9499;Property;386190;2014-01-03
0c1f1877ead8d839b5c1e3bcbc253f11f3d1f34e170cf70cf46692bbb2a493b3;5174;Life;622772;2016-10-11
45027abeb3eb227c08c212fe9f8aff3c2080ae0a44a1b412677faad167c516c8;9708;Life;11946;2019-09-28
3acdb05fad8f83c8c05ee0ef78e6324bda807a0ede3358efccc2d852a52052ba;846;Automotive;164665;2006-01-03
872ba8896cafe7c8cb263ff940f64000ba090d1d0fd0bb313325a3e21e93ff03;9447;Property;975847;2020-06-12
4195c0a8e8d1212b28c58786cf99f444ec0f12eef6fccaef03b8ea7c7b71e218;4309;Health;68428;2013-11-27
d800e1da84b276d008fa0dd60d6d8a649b1d331bc912b173ccb9be6e9ba1250e;4002;Property;766115;2021-10-06
3a8ed26394d54cdb66cda3c1375e6e431ebf134159f9e1c7f8db0dc74f5afd32;1907;Life;214360;2008-01-21
1cfaa37bc5db48971f36223e3abf8f1eaa45f7c3326c4b023734461c419264c6;866;Automotive;883084;2013-09-23
0aba51be3e806608f2bfd52ef613fdcec4ef2e6099e6a7415103bc17f4f9accc;5835;Life;713568;2001-06-11
de90a040e9a0ca67e2e20111d0a26df850777e2cc8f5a65ef874320787ca6108;983;Property;325444;2002-11-18
638baf888688d19c72bee89cffae3661bd853c9a14b153b777be7b05f872c06d;9019;Life;228757;2006-08-21
d889ff7cabfa1d2bf7b9a046cf25258aba941f9d3bc5f2f566a75b58c5b6e669;3888;Health;845105;2006-11-19
b703a4041d5f0f0bf6326280eca680cd239c822dba965e9b0d3941c745955a2b;8447;Automotive;937081;2010-11-24
f011b6ab36693539c455dd5960d7c5ac0cf09d0c773eb1f433ceb19468032479;5527;Health;367601;2021-03-20
86c882821140e004fda936ed8857d070cc38d55ddcbee093473819b69a7995a8;903;Property;265409;2007-07-02
9da0a803730b680e09999f999cfeb3a03a0d4fde2b50ce2f6824a5309ab1b98a;3716;Property;987824;2007-10-01
63f9d6b451833e0c2b0388c21b152ddc12074971808c9870afeee027ec798160;8904;Automotive;371875;2009-02-01
7781360705fb539b07393fd61beed168358929f1ec367b1e77bd5800e95c4683;7191;Life;916184;2021-11-02
d38aa9c0fc6b873ed649a4a4306a4195922edbea32c5667d5b6a53fed7a9ca98;4017;Life;516172;2015-04-17
1b3293a4a4e937839c5ea4e923a095bea114e35d65715e14eeee409841c008c8;8406;Property;682593;2000-03-02
106ad09a42c3b746556e52e26775481b0570497e6634f29d2634177f78a22c14;2023;Automotive;43153;2015-07-07
a5c964ec9a356faa9f41b5cb0b66d4f9240ef03d7d3a6468b91da565e28e276b;554;Automotive;654866;2002-12-11
b2aebb18ef1b864ded8c92ad8dc28fe72381769dc2f7d6adfd88cca30651ddff;7059;Life;153837;2015-08-10
66d13a46df1e0cc097bb034c88e99aaecaae0c59354b44d0db6db5f4d4c2524f;3366;Property;622521;2009-04-04
cb03af1f03c40baeb3b9ab292ac1710ab2a902d0d054875ab95fa397aa10aafc;3137;Life;988162;2020-02-18
b53503f22158757ed00f81bcd08b2c791e19ff56c063f3afcf2679cdfdc63a7b;4901;Life;364292;2022-06-08
1987670183cd9f37b42c2366e2bbaf0b52ad3abfaa527edb07263ecbe785fb69;3322;Life;616228;2013-03-19
f1b7ad73cbba3c51e5f15bfbcd79a34545de97bfa6d9c4e0db2740793202c695;2667;Life;195974;2011-12-04
142cb92918f74b7c750a0ac507260684c7be3366ac0d9c9320cde8c7943ae4d1;3502;Life;526734;2001-12-24
87e5e6987fe3db0161d8307f5d184caef91455244173aeb5dfd53cfc22e3497b;5895;Health;762348;2014-09-13
8f85e383482add7a21d8ffcc651b9cc362d4c584b7aa2713ba17be112a3aa435;8426;Property;384833;2010-12-05
10a233cd0509fced91a26dd2f932d9c17540066601b648496fafdd2d79de08b4;6120;Automotive;256933;2021-03-11
be9de097989624bacf5db2c1af83142889ed65c15da60e19a5b66c33f8309692;7047;Health;461618;2009-01-28
f5fc559dc75300f4a8c455b3f2b7ce1f32350c9feaaab0704f770c74ddd3baf3;8847;Automotive;491363;2014-06-20
be33bbabae82d90dc6a8d1c86b4ece5b7dc510f4e3996f6f597dd10b228c2cfb;4064;Property;95694;2010-03-19
fbbff1947d95242a4cb60601f4c84c7e1be48922d8ad62441f481863b08b0b65;307;Automotive;606162;2009-10-11
b38a96bb3ffca6fdcea8c13982be695a0d44486d57a707f4200a45f545683953;528;Life;25597;2012-10-07
3a4b92b67ffe2615e743644a2bd6e1cf13dd308dece0c484f1f4c159dbd36bec;8659;Property;805636;2000-06-02
884f7ddf5471c758f8639203ee29a461860ffcbdae5b7d6bfc998f8a58c5ad26;5614;Health;947332;2023-12-18
2dd5dd8523c7288bf275fcd9482b0eeca0c7c39c8010df924437c96f46d7e955;6699;Property;460683;2017-04-22
8276f4541f00d8e26b5ab5acf499a005732fe837bdf952b68b58d42ce43e4d08;1481;Life;848693;2022-09-22
4fa25138d816c1b498883b7ac48fcf0c87f00029d0f8b315e3b786c1bb3833a7;9568;Automotive;447267;2020-07-07
b8d7e1e218cacbb1e02c8282994d4aa8d0cdab1b624a3f939efac58902a44505;9673;Life;558038;2016-07-14
5f82e0f8b07a1eb624464048d018a0e03ae3a3b026e3f066a42ec31da1590916;3364;Life;968355;2019-08-10
8dd6af3c53fade618a6c77ad0a591521f983f316aa0829dc3f75ed77a41c1b4e;9826;Health;426995;2002-08-07
83e78418d1239c12640c4681fc13887990387d08ceaff6daba968baafc51235c;5179;Automotive;620608;2021-06-21
e18c7292814f99953076ef214574f19a38be293fe8d81f17a80154bd6369b527;1785;Automotive;172194;2007-02-23
455ab6e1fdbeae66e64b235dfb5f86c840389e2218f89cb266ee5666ea8ef8e7;818;Life;317287;2017-06-19
c2f16b17f196e687448c66dd2354234d06331b5143c281ebd30d7776071bf930;1909;Automotive;903930;2008-09-05
5b23e2fd17f69d6e62b96a5e597136d419d22c1a3067ad1ae05ac578cc5af294;3318;Property;725246;2014-01-21
597e88ae585605763b75308c7b2892d2a259bbbb4218b97bd0467db588e6600f;2337;Property;33985;2005-12-22
1ed6e2332ec4fbd30719924e4670265bf0635a3c81bf58aced03124765ceedfe;4424;Life;246207;2015-06-13
3b0229592af0ffcf97498dc6f7b76a7d957d542c3379ae12c370d85e7700db4b;5495;Health;898166;2005-10-26
0ab67fb39f64ffa7969bf9667b772f2c45b89162bbc595b79e3adaceb88f89e0;6679;Health;883917;2010-12-19
2820553e9279a7cd69578a5834243a5afaeed5690a1b822b52fc46e384ed2aee;3485;Health;468007;2015-02-18
06c0949701293bf60465c0137cc0240174b36d44f0c17395b0eedec63b81198b;1556;Health;356134;2001-11-28
fc9b1020948652d62f5b06146da623e1e63be5e033b5ee9637eeb1f940bd6037;111;Property;580976;2015-10-24
471da8755aa5385fd12494443364aa833594ca3528c25ea269e18111952d3f9e;6565;Life;386171;2017-10-09
270807a88765155c84f245353881a905f8b576b1359e5b8401681a5726e7246c;3551;Life;399917;2016-11-14
5759365d3c804e2cbf040390366ccc0a044ef1ee5db641810774a5898b7d91d8;2116;Automotive;78794;2013-04-10
6546466e4cea144bdd96720fe21add7af91f58a73e577fccfb763165df0d22b3;9288;Life;928313;2009-02-24
ad4f4295f970fe35725108cf9db118ec06e03c969d92cf2b78e0ae672bdfd4de;7440;Life;151836;2022-02-20
68837196f569cdc16cafc66706e7511fe074c0e31c59647ea82a7b66b84d87ec;7495;Property;52748;2016-03-20
fc95bcfeff6961398f8aeca4faf4d88ca24227ce663d1a47e778c95462c22882;9137;Health;683508;2020-03-01
a004d5bbebee70a0a3404745a6077b194acd3b1a73b76040a1c4db509625f840;36;Life;488615;2014-05-12
4183bf44e8e3a38f83e36e634a8b7ec8d4c24ee74d70f33ee490c88477b46686;5709;Life;785786;2010-08-16
45701aab7dc441bcfd8b6aeb6b61afa60708e41236aada6f569bb9de98b1968b;5776;Life;247757;2002-06-26
86c36a57320b32fbb1544d5949f268547f635ceb5b3144fa72d766e5644ddb16;1514;Life;586594;2023-09-10
1ad88ee54504d7f97f7f7e1edf2a825ca712450a718b4c02c3f3b6ee3e5c23e2;6395;Property;328586;2000-07-11
a67858e32ebea76eae8c79fab8c4c160515dac00449f5a83daf742dcdbe4899c;8976;Property;173974;2023-07-25
2466a84191ad48292af30f3ef7b898eb2d172a5a15ba15364683cbb99ebf776f;3153;Health;435735;2011-01-28
2a0f18efaa419d9ba8b8f66e0384fdffd66f0c2499b652f657e18029a130b3cf;2136;Health;184968;2018-03-06
f0634dfaa65a833bb9d4fe0ce69915faa68f0acede188cc99e28e7df4904c966;1006;Property;137867;2020-10-28
37568c65defbaf4fae699d862f99b6d6a3e67d2a28c41b67e845289072f9457a;5938;Health;129762;2009-09-28
0488b26fbacebfebc5ba34128f783cdaa50087807e5501ee00a144d589f2b296;9211;Property;932629;2023-05-01
d39584d14dfbf6593b7fb1f10379b074ff1c020f45b8f4c06eaaa9400ae27137;5981;Automotive;132770;2016-03-14
2a347d7c0c6d0390e884d049e0453883db1e82f0a80b9c14ccd8664df0c7380d;648;Property;76271;2012-09-05
0a6d6da5cb24c2f04b45ebdf1f7d2aaa54a00fe704ee440fea7e6fd9384fc714;7160;Automotive;992221;2022-01-23
40b79f813994a2b47f53da13abc9bacb111293578287dee0acc1a1fccbc28dea;4396;Health;84361;2010-08-16
a5f99241fe37f8401eb91c1d1ba0dfb49c7304d5509ef1b0d0f110bd5229757d;6321;Automotive;652076;2011-04-08
eb3cd37339f366ab48241e9175b6e3cf95a4dd4ed24bf1b402e06d83e1d2b676;4986;Life;110463;2008-08-06
7dbd25e3941fed7c9554cd258a102677878050aad391825fd6e3b0374494c26c;9398;Life;68078;2023-09-20
3af6e8d154af565dbee42707080f0e14f68b28abfc46adb8ffd8b03fc3de99d4;6834;Automotive;895865;2008-12-18
7e7d4c7d050e04e506e328e7a8e84c4df3812fa39b6c06f1af6d363f01fcfa67;620;Life;916644;2010-05-05
f85ebb0c5d384c7064173beb8ca5481fbc0e247434ccc2d09c9b4df28aedaf15;3833;Property;832159;2000-10-26
3860c563b6de03ac50df5bfdb93c898f33074c0abe37f390a5c0c10e84117250;1944;Automotive;704149;2011-06-19
85bb2c2d60ce103dd964c6cd29511e588736309beee0e2429b75e583eef8fc37;7372;Property;173959;2016-04-07
7ab1a78f8622c84b7df98aa703cd5c6436d5fbb36a4878a3f9b7691c7288e251;2842;Life;180082;2023-05-09
a92af50fd5f2e8ade35426eede05e5180d24bd9580d6c5c49b6ed012f38347dc;7726;Life;733646;2006-03-07
2283947f918b2c4db69b34f53fe8eab4490c6ae34179121454bf386a52339f02;5777;Life;262112;2004-07-28
34ac9583b44a1de4aad4e5b08581e0fd7a27dec33c2d5ef00022d086dc3f459f;2676;Property;475928;2009-10-21
4ade7874b5d7acee3951d8466c90b666662322c6e004460de861156f258d5921;9115;Life;83739;2007-07-28
a0153f921940ad7b9df6392a976610a8613c163542d176c899548a88e622f52f;5493;Health;489968;2020-03-27
36ef565426e1d207d37027edfaeba270ab4e3f405f85ed506308125d0271da2c;4200;Life;814637;2006-02-19
8c76299dd98a6342db0919c6e25e76229be927839c5d087c0a48e5de1f3f19d1;9564;Property;479609;2012-03-07
da6b12f357eca302b038dcaf4ae874d7a3f2cf7b39437bd161ecc81e9f7aaff7;6679;Automotive;452570;2014-03-05
aba992175e47e6f9e34942ac2c1cb021f0a1d15b2e6c03c9b8a5dc6edc33418c;1258;Health;534691;2018-09-27
de22f231e924a21a61e92983f2fe8909921d6ae4479207424a4a771dc22e43b0;9511;Automotive;918973;2004-08-06
8ca445486f83dc333e8a68424d3be9a6890fe82fc6bb2836e8fb24db075c4f8e;3764;Life;899742;2011-04-28
65bbfd801bbbc6cf218f58f1b7f40e55eb71b1bc36550c23e922247fa8700c7a;340;Property;811296;2023-01-09
eb5b3ae4df376751cb7308b4fa90e4d96fe1eb1837b3950138bb7a2d6e420dec;9244;Property;618611;2013-01-07
2de4d48f5d79a972cada37b1612fac9df1b700407a494bf6e973f838c899fbe2;8579;Health;715206;2008-02-12
90a8f56702cf25bc1f059c867f756f0423587e8eaa135726f58debf980146fac;8856;Health;430996;2022-04-05
03a1a0d39615c1121c039c0ef1925fde62381c38ed290b8987bea52624759b70;3495;Property;109520;2021-10-26
bbfa27e12f244a3e77a224161a4c5609553a221f51067b903659dd686cdc749a;5730;Automotive;556330;2001-05-17
b8c3c2cf65c35a6ed95604940631b5742eb96d0a156955be396e5639a9770241;5239;Health;876072;2023-12-06
f96ab2a5b6547dcbe69300bb7cb62f617025e8859582e36bc47eb5db490ed04e;463;Automotive;846527;2016-10-03
c7cd2a5914266c180bd577f9e38c70e21a13eb2120ba3f70f965742776b1c849;3781;Property;727173;2015-09-02
8811364009134a3ee8f9e0434585539d8c42a96dc7027c9e861c8cd3447cd880;5448;Automotive;430664;2021-04-07
30df0fffc29538ace2a53d6029b70eec986a7c0e9086caaadc83e2e2fa83c76f;5513;Health;379281;2018-10-27
8d483bf7a1eb9dc60b8336a6bb9fa6caa4ab5e6baab19a69a646ce119662f6bf;8275;Health;585839;2011-05-15
e162c8282aa24707924995e3621ae7fe5071cd038b17c5b554066f237cf30227;6157;Health;442044;2004-04-11
613ab7a31df3e4ba1bbde37daa00cba91a2531a56692fcfb53cfe7a1ea9baad8;1548;Life;714563;2014-09-08
5b0fec4dc28c4be869fd4b058294b84a77b11749d21b38ac806b745ceea7e4ee;3982;Automotive;425683;2013-11-09
77e339afc25f6e57008149b78a32c6da2077218ba0cf1915a58065ef745fa67c;3861;Property;109758;2001-08-02
31eb1049b0e8ed8b3ae8711372bb0afd1d26cfc7e12a6b00b0238105929042d2;5731;Life;584961;2016-05-18
5e328c7052ed1457a3725d467f7f19623740f8aa045fa90b72a2a865a8483c0c;5828;Automotive;996744;2023-07-28
5e1e20a64014d0605088dc93a99c89f02deea6ba5ed9c932344a20499db63cb5;7210;Life;62518;2022-03-12
ba55d39d0418238eb54dbd45b0e3cdab4a6ade011ad935cc3f40a2600cf897ec;3591;Property;155451;2017-10-09
86da810a78b7f86e1770450bf7090ec8045aa7812c67ae7efbaf48ea338f9b1a;6628;Property;866997;2002-08-09
04df09f2bdfd4f2fcd08e275105c0fac35f4164b880543a90bf7118e7f243c00;4713;Automotive;214088;2020-01-21
a89f34996da8dd3d7442a27f39525169e604c34e49170ecc9e7c8add1def3852;7513;Property;528486;2022-09-12
c4aa700c5f8651468de3c5f6d0a656bc77fb38c3d8e208d367a148bf40111c9c;2673;Property;519441;2020-12-22
54bb4dfb0b4fb64f9cda705a0b01ffb31e5ca442a519b77188ff2c80cd840312;2597;Health;463567;2009-11-05
98d08b8c2ed43040611f42452897913a3323f965e9b600250c2b2c5f560e5ca2;6778;Property;949298;2017-05-18
d3472d00803b46669648fa7a2474ed5788b518b8cffa301776c43e2df5ede4db;3554;Life;562481;2005-04-09
387c49299ed3fdf174e3f5a8ce84a5cbc598dbadb1b39893b321e1f3719d01f0;6206;Automotive;888296;2001-08-02
dadef25c849211f4bd3c88f8f372ff881c509f24f1c1bf574ab638a77b3403b5;6627;Health;884616;2017-09-10
73e8adf6e0d6c801460a09bc952a55213e7f3e1c4e9ea2d8a6cd991519d188ae;9613;Health;409621;2013-10-05
e69120a150d6893f74b67478b393980c829e1d7796d4897d8fae56665a5a6e66;6906;Automotive;110182;2001-08-20
fdc15e054990ce8d743c31a989583b3d79eb902594c6c039adae3f1d80ece1be;5180;Health;843651;2017-05-05
3d68e4b3458436b6e8dc6de794995331cc43b1c3a3c3996e2cb60225f8a3d6b5;6312;Life;793648;2019-05-25
401339216d35c3f5839745464dd01405c9d2964e75b6d6c920254d8376f62223;8957;Property;522577;2009-03-20
1a76560c4ca3d4559a40e4eb8a4a00269fcee3bcb02b2af20eac9af5d131d6a0;9735;Health;322599;2010-01-19
a13dd51c7b2d4eefae3452e1400946d04fdd03d86003010dbb1a0e55bb57f74b;1224;Automotive;94726;2009-04-17
106d253ade6a3cb5f49c3495f0b504921beb1e8259e909be24f0b4294b2edc55;1625;Automotive;415594;2004-04-05
a0c06360ea874b65decbdfa13842f1dd9eab6c00d5e2affecc367e84e26725c8;8603;Life;400166;2012-06-26
6c772ab19c4d7424a6fdb21d44254c57e2d63c9ddf8817e6f11883ca0bb5fede;925;Automotive;484436;2004-01-23
7530028fba1f0696fb85b1a23eb2acaa934b0f94a301dbb6f7b0fc7161445bb4;1922;Health;495130;2016-06-05
6c735898f97018832e788a41e25ce62303a2e5a36809ca66180fffc85c9f5156;6128;Health;896780;2008-07-11
0da6b846ac63031caba89e4f6404769bea2ad696166bd00dea402a2837fb751c;2083;Life;833764;2005-10-07
8325d5e6013544e6ccd677b2d82f22db102c12b8a3ef095db97a04b2cfb39d0d;5918;Automotive;268328;2012-12-14
0fe182f5dac925a91158fd9c4dc1904c662bda0b2a1fa410171c3d283e143e1b;7980;Property;255510;2015-12-20
0bfe9d0e8340bc210759a5c53147d712bfd1ba3445414a0b95f5cc3efc4d4f09;5270;Automotive;419513;2023-12-07
c69c9bd30dc025d94b32ee010596c5360ebeacfd529e72154a8dfaf78f93833e;4452;Automotive;687485;2002-05-02
6a9192e7cf85415720e6050ed929c57b25dbe0ce914dbdaf02b7b8228767bc41;9598;Health;191130;2007-07-17
fc50a915e9060b650665d0dc5fbf66f778ffca756ea1a444e79245fce729937f;2609;Health;883832;2023-04-24
67e3b2d3afadc01aec8c953975f85e3f4a174397a185784379e2fdce7ffa3c35;1717;Life;655613;2001-05-05
fc9ee7b999474852fae68cc11bb522c83d39fc76c8b29dd3cf30cb97ff51e90d;5841;Property;191238;2005-02-23
5741d616fcf57a043a7409853146ead18c5d00f2708da18f85be63e1dc90b40b;3105;Life;893870;2004-10-20
a739d64d48c06adc3ccf692f02f2b1717a86830774085c2126c4f7c28c61cd4b;6988;Life;302140;2016-01-10
6d35012a88ec5e177e1d90268dfc0bdf5cd51d0defd7282e2526858ebf54c45a;1819;Property;433918;2011-04-14
fb7d88a233540e60870e40270252e76fc590ad88d6dccd32d83e80e40328e83a;101;Health;978075;2018-04-28
130551f78d141098f7d46065eaea7fb329f94b2839417f6c6a7849f73058a30a;4124;Life;204427;2012-08-21
2192417092056fa6204db93e8fc5682e98bf07dc47b5234066c33b2e6526ec35;7990;Health;452240;2014-04-07
b0ebf2a23e63474a3cc8dc753731e49086b9eb737ce7af8544eebf4051b0f849;5525;Life;926340;2006-02-10
c551c54479121b0ceeb2fbed731dfe257b09b89aa7ccfecdfa0aaeb5bb3fbd8e;2953;Life;610571;2022-03-08
b70af28195537db802472b987ad7425747b922c762ee257c8f2c984183f72eed;6958;Life;251006;2010-05-21
f2c5061a2298d8febb4197fdf2e863f70760ae1a9d55dea1630d1f2f6c2f60f2;9736;Life;993133;2014-06-06
0e59ac7acfcf7330267bcd9342650985b209f7eca9b8df1de5aedbeb6ce9375f;7428;Health;443370;2008-06-08
26cd1e4e97ca9373b7a34869ea9ab0a05770fc3e57997b7f72bcab60fff0b6e4;8039;Automotive;663098;2015-10-11
ec8273c3afdeaebf2d7baa83c701a1fbb8e0802ab38f23765a603db95cd12736;2876;Automotive;540613;2023-07-07
c15386ecea59c0ae44a5d1aee96da80749926ab568aeb35bfac20b02fb6bdc24;5343;Health;945348;2023-03-20
0f6507272c7001cf3baba8177a5e84bae04a04d40d1bce9b2f6937f8c0295d8d;5170;Health;99855;2001-04-14
ea03f46b9d892e47f3858da6e6f4283e37372016b2bc14c2ca018d770ab5afad;2803;Health;895956;2003-07-10
ab86a3c2d32e87c4521b9bb731326a122bf28843c8fb60fc78f4457032d9eb43;4427;Health;32013;2008-02-09
72fb15020de80d6baa62995bb155e3ed7174c52c63d003a55efb024d54fb32b9;7506;Life;741584;2009-12-06
4ab633906dfb0275fa0d8d5db623f542aa7b7ee736f8865eed838f9cf258d0e0;6507;Automotive;198530;2008-08-25
64dbdd369df9c6bfba5f5fe5534cbe58859512624cd2c7bc6ea66e8b5fa56fb9;3475;Automotive;162017;2013-08-25
ff920164bd270df7d8be41677ffe37354fa72e2cde14cc8899326ed151b3594e;7791;Life;60942;2017-05-07
b260a702d41a7c386e1519494051d255ac5914cbf1e424219dbffa15833a35a4;2191;Property;914323;2002-03-22
0c740d3fe9251af6dec437367a86aaadb4f5cec036bdb1d91c9e56348cb60f54;8600;Automotive;282282;2019-12-19
3a22d1d7f8d3c0c2ac2e54c954f4c8d0df1d15de2408fb4606d1f6529729610d;571;Automotive;407354;2005-05-19
16083e862f99b4f94ec2d9e8a46be1c3302237be52d2023ef0fd65c770a54a0f;7492;Property;835750;2015-05-09
f2c8ae77f68d6a9cfd565ffee4b13b4f8ff141c8cbbe5e9092f44125d7efc899;4072;Health;690869;2020-06-11
83b7aa57e192e6a36a41e64d7918d6dc0bddbaa64b0dc15f152d6833ccb153c0;8932;Automotive;29636;2010-11-25
893ecac8ed477d1047836b20bc4ff71397a2718701f4a223f0d6e103e653ec3d;5518;Life;718811;2003-07-02
1cca54d102e5a5c52e477a9da80aa0c01cff22667bd4b0359e9f8163a6c513bd;6310;Life;527890;2009-02-22
1c08e155bd7c6caeb7a562708ca8084871fe2898a541f58fd2e032e5c561a036;8503;Life;400166;2008-06-04
3356c97cbd532e997f08b1370a49e5b42c1021fc41cfed2a84ae6245f99fea8a;2243;Property;771265;2019-08-05
9f57a8c30a65eb147e02eec50ffbc05e96c444aa3dd0fd68d2cebcf751535ace;9938;Life;828549;2003-02-10
dc6f9f96efb6952a05cf1352d38eaa15f8cdf477788045b1b6d66ab47f5c7e2e;2411;Property;257971;2019-11-13
b40a7e37c3da9e22728855197c42e7426d3334cfeb4ddc293b5e7445bb0c8ffa;6849;Health;594931;2014-02-21
4f726057f9273bf1a762cd17cf765e2d400ea58f777668480ddf71fd1001b38e;4527;Automotive;267586;2009-01-28
a4f09865061878c29d4138a1732b4cac373f9e272bd42edc1449c5def63de941;1754;Health;306359;2016-11-18
524b24e138e7c6dc10179ad9c7909a3f08836c5728549cd8d0fd545d93ca4dee;7971;Health;457506;2006-04-16
1430519318636b4723dd0252024686984c75c39b7e1bda87e7f6b72226a524ba;4524;Automotive;198014;2013-02-04
41c43c4ab1bc2e6190ceaa9acc688fa75fc5974effb3b624f05f15e9bc2469e5;4913;Health;481267;2020-02-10
e7518e8fc3fecf32e3b84dfbdffc0391c24e6c527e3d322325a249241b5a9a78;213;Automotive;429724;2016-03-26
c60439ff6db662db3498952f55fabd368c20ef6267fccde3ae73081963364d3f;9392;Property;351562;2001-05-02
4c41ae3d5cbe99dfabba6d3dee7527345b8e43ab1731a3fbb81fcc7f7a47c9b1;4823;Property;925406;2003-09-14
ec7a87ed43c6ec60e60f5ba713b4d723edd15300c45ee3a5933a76752b9b5124;8264;Life;31762;2004-12-13
f83267cec880d18bf9d68b43d19b37812366a7a830b82f2e35157b63c9626873;2338;Health;126255;2006-10-17
adb156a6f67c733cadcae1b302f7970fd8fd71b4c332333fbb7bcfd7418fc1f6;8211;Life;46172;2000-08-21
05981c4e563b7525bd32d0ac0c9d60ff0687f7389e9c1b73b866775e9d4a89c8;2801;Life;983031;2017-07-23
1b07b613e44fc2575272378c1c4fae0eb344714e5e3fc26310f3867319169073;4620;Life;816943;2015-02-13
c574a5afe0caacbf89ef412ddf42c0b1c67f65831f871ef70db92890c22da457;8744;Health;337251;2011-12-15
9bbf72b7e4ce744917977516c0cbbd42aaab5e71ad53d008925bf02bef6793c4;4023;Life;446974;2004-07-20
512453c060ed8c6725ed9a7765cd30ab3e6a8968db275e44ab696ae4cc45105d;4228;Health;297841;2011-05-24
9f4d8db27d9b9576ee6365e2f08c4ed33fba7523ff5b664ef9efc36f2bdbf2a4;8776;Automotive;660791;2013-12-07
d6d5b8bb3130af5141ad1c06f9d7ae33c8cbfb594c3e9c34bd7fdb40ff387db9;787;Property;930999;2014-01-04
aae5d6bbe93b94c57a93bbce97588c7fe16135baacdd468b14fb9c6e4692f651;4404;Property;17221;2004-06-11
8fd25ebdb1527eebe8719b75c95cd27e3c3094c359c401b93023508a18f66e13;7219;Property;139759;2016-06-21
1594bd1796ddf732c6b6986786c3facbc3691163d19b950d2205011c0ca2ec02;1922;Property;146088;2022-02-17
8a22254b78c64d330804cd573c3a7a0a32747bf92fe5447e223a68b30dd24485;6277;Property;668054;2005-01-20
27c4843c2bd9ff97710c0861aafb6d0d1769f0003ffd4144794762635c4d7db6;1163;Health;156382;2004-10-24
707cc95ff36e07880026effa124d638961ecca98fd3be9fb14124511877e935b;1100;Health;417354;2009-03-18
cfbbfc2e027277c248b815df5b1d0f413f2bdac084a829e7c98fd20ede46cb7b;5000;Automotive;39567;2021-07-04
d1cc1aa2a7d03c0e8f6a83f03cfca6326e534e5c0ca9969774c9339b973dc5e4;4760;Automotive;857051;2017-09-04
626875a454a5924086ca2b3e524cae6a6f436a8dc23c74c74dab92de3fe8419d;6972;Property;207660;2006-09-13
6a8bc6258f8b3a88b18d5866b4537af7046a977afb6604ea7bdf3079d4e22268;8691;Property;609924;2009-09-03
5d45ec17f872f13dadb5246bce69a59635d4f1db027d6126b5bf2a8853bb26d4;8410;Property;726809;2020-04-03
48dc86fdb7896bae40951efeba7827250667ec5994811b3a3229ae719bd56b36;6874;Health;234602;2002-01-19
c06812c529f8f760409d1bfcfc9b43dbff28e3a9fbddd4e2cf1ac8587b6ce575;2039;Life;481938;2002-09-23
2dccb8367120a5c96e7cc1e4b05185db7717c0d014d2ad44f8c6237db233b303;2025;Life;971760;2020-02-28
a20297c515a682192c149fd9f17dface0f9012551033281e9902f04025c52335;5530;Health;147614;2016-05-27
98a057bbd40761f8de42ddf3f9e5a78f52637a1611e734409369616a13061e9f;7604;Property;586529;2002-02-23
14e48128c618638d2c94d76f71ad792e7c02eb0f868d6aa510f09d888b8c7697;4449;Property;226662;2018-03-11
c318dc4ecc9caf6468e427b145cd225c091893ac78a2924788cc1378cedf53c5;1960;Health;155137;2021-10-11
5a2a14f3784f5c6968460a329288f8d255f37ac35ed7432f7b3a0039b83f49e3;6652;Health;466662;2006-12-07
1c7c833183802d2d7ba66648af92bc96775888a4c71525d16de6d6092aed52ee;6703;Automotive;62556;2004-06-27
11189b9abd2ae961e1becbe9920a6383d104dc0db33d105add42481d28dcf148;8667;Life;70358;2023-02-21
6df2d2a669bef22ae19b3b7b3a78881cf4f082e297a3308820ce99c96969db43;5128;Life;930225;2018-11-02
bd9f7d09b91c775da5e1b1fb68d0a68137438b9b605838a14c2fd0ab4e5e649e;1072;Life;318433;2007-04-14
a9d9cfe8df6b2dc37c07a9ee196af838149d85d7038503869ebd0b141f8fa47e;9489;Automotive;729788;2020-07-22
73f6b5838e1cfac147b24156f81630304bb8cbf4a1ecc2d01dce3b4cf8b5c2bc;8585;Health;627476;2004-01-27
9afc7b2ccb6ece79b04add24fa3e00cb9e9e5fd20921340141be21430c643416;9302;Automotive;250166;2018-10-01
ba02766942bfc44cbf26fb8b99f996eddf3c8cd2bbba7b3ded68e187b7822999;2336;Property;615205;2019-04-12
5e4a68c3d54cd81ddeb23cc2a898a7759cbad03bf32d2bc9b6983500865a1c3d;5358;Health;281951;2017-02-14
ac858102c16466d5f89d65ce133b9d144cf1a9e96c727b669cebb214be9e43fa;3262;Property;216435;2009-07-14
9484c3593423d7a4867dd6150c6a8c2d2372e73b2c9b9895f05948b935b278f5;3917;Health;475787;2017-12-08
beda6ab9c06a587b6e055b5a708933fc4f3aea87ab3020bdc9da7c479e74e8ad;727;Automotive;175351;2023-02-15
7bf302edb9d496a55f1b528354dac15510945927152105675dcc1ad4ffe5a513;2403;Health;291996;2001-07-16
0f745f769374a4942f0abc796d50dd31bb54d3feb33077e4116fa5d1557bcc7c;9913;Automotive;109558;2000-08-23
4b4c8a213c3490d246d9557611b2dcc8024d5fb5f430e3af995931f4515cac52;1289;Life;650535;2009-06-15
0869cbbcef0970fa5f717629f47000feee9cbc3ee18a9c31bf9a7da4a9890242;3061;Life;387103;2017-03-26
d0af4673ef287dd99e63744600f599954b43aa694f0d08d7218f2e60d3fe0c1c;8696;Property;593795;2008-08-03
a9edbb9bc2403a3dc518f069cf705e4fdd51d536ee311c44a95e5d9e023d432c;2383;Life;3624;2017-04-08
124ee4b2496061c3518fccf535f1a79689734596312bf738e096d713c77afb40;2736;Life;668569;2022-05-28
ea8a346c9ca05b5ee1aade5fa48982ca108256a54801fd3293c0cd843bad6476;8743;Property;346439;2019-07-16
a8e82211d010cafcab810ab7d6a9e80683a746daf3ecbd7f6ec282b860347ad0;843;Property;22634;2012-05-26
0be5c9f7ad9dd35e25e5f3f8d2eeaee5c78c9c05be60500a2f024962f8735c37;7179;Health;811474;2021-11-02
9b3faa733844298916f0ec83568e48e6030c3624dac27742de9296d37a734da9;7645;Life;564027;2014-05-01
a003e31512aa6e65ea97b09e564b30d01dccaf775f6b3f17e1a8a89fed9a09a1;2633;Life;854900;2012-06-14
832eb28c0549e1db54e75f186b7632edde56f03a1b79e7a3bdf1d1144334ee4d;3704;Health;885967;2020-08-21
f19c6557df0b32ba369fcb5ad74ec87e5236cc9ef52338292d965f79d9922e04;830;Life;947800;2021-10-18
118c7cdfe65c46a24c92d30c443613f40a85d44bb11f62a1c508cd6400b2ffd7;4025;Life;976378;2009-09-25
c1ac34d280e8b85bd38dc05d4a386f07d53fe066d12474385456a84e7b432389;7205;Property;213968;2021-11-03
c4c1c1356478b0f9535e808770a3254c2161d278e4b35c1f62dcc7935a801e06;21;Automotive;128297;2022-10-05
952ba6b97776b683d587fec64f976202e97e6960eb1d26e8c7c9f75917bd6c46;971;Life;301675;2015-02-16
8eb7b12fd4e9e8a708f5a959129a4901a34477d62f5720680df221496e5763f5;1079;Property;120215;2016-05-15
39a2fac511c759e7154630c85e0734ff5fc038727e34a35acd88004c13899ab2;8744;Health;878752;2022-09-19
c2aee5fc3986d4b91a9ae112caac21aaf1bff01d6f29b490501d7eb04775ee71;6358;Life;796188;2022-03-21
4a99d6f93b578ce1b5f0aab5b23234da2c764e83b9d3d52ea1d7fb9f34dedf1a;6245;Automotive;234742;2009-10-04
60ec43adf6a1e619c91e21c2157c357f5e8c5ec164299aa2c46ffbc53009208f;9675;Property;896240;2004-04-19
f409cbfc26fd34302eb5eb01b74fe101c69482d8a8e403c65c89cb9f23ee2257;3101;Life;323964;2008-08-04
d2fb4992be7a453205e221088c9958e98089057acaf0cfe817495a7ffc2f1e53;8109;Automotive;406472;2009-01-11
503f9cdd02a45773647b892b7c31823de9860470aa9418d71252047f561d3d92;4226;Life;116515;2003-05-13
ff0b47d6b12e64f6cb8ae248db6fb0c8be8a34a74e56da0c638df1cd7729feec;3057;Property;106021;2018-04-23
e73849c659cc34e8d4b9112581801e71799f371bc886c7266d6579c28171f363;6164;Property;527277;2013-03-20
ac013b32f075942df11d8c8bc0721df8002817282ebaf89f9c93921d667287ab;2199;Life;834766;2010-12-19
b3818d64a3ca7ab7508d84a04d4b3fcc9083186cc911979fd1aba996c9caf043;3735;Life;996278;2018-06-03
20f84e3a01dd99c639cc2c9b2f7ac1ff6659d13f2a7c4b90fee7ac59364878fa;3619;Life;701360;2009-08-26
e5d0f5a232a54a18b4d751bbd7dd85d0460040e6dbc915f452a608978fd45298;2667;Health;50975;2001-07-20
7f238bd41e996b76904b335fd8723757838b3ff596199879e27405f7a9b37924;2599;Property;36091;2022-08-14
d6150b0f6029a1bdaf6b226cec90835c31dc33751e94eac14285f9308342da61;3465;Property;214120;2000-02-15
3752f2b9f075a23cdc4b716deef8145c379df628cc267af30cdc70775f2cea53;9935;Property;50669;2012-10-26
80334eb6677159551f146f31670f29cfd8188aa4221730c571e54a3164e7edec;492;Automotive;589158;2011-10-03
42368607ac05024a8b2df53398b7002d8007085b03ba6c30ee2eb68c92b91346;1964;Automotive;79718;2020-04-20
fce69eb9374f837569436d63c3b5b2ab8c67bf82394a02c8aa1bde2278533a6a;9544;Life;374011;2021-11-03
befe9a04b0fc9119532350e12fbd6b2d4bba49c7108e41cc4af77576ab14f962;1965;Health;977421;2003-05-09
a7c0437ce75ed45341acabb3515df60a2a78df11e0535571cfb54e0ef69d93a6;9468;Automotive;885676;2017-03-20
67ee856d87bf1e739f286bae8a7106dbfe676c772b85f758055dd16894bbaf3e;4460;Health;977619;2012-10-22
745cc40b54f7452261eb6402a86eb829b8a9a04c19dee19141780d1e05400b39;9963;Property;720876;2002-05-19
4e491b853451237861ed996613140c6f9bb6ced5d20dd8f46cf3397677652ce5;5896;Life;196569;2014-04-16
a4d370e02d78b0cc12705a393a13600b8be8c6b22a5846673faea197ed4d14ce;748;Life;450598;2005-04-05
7866298b82c4b5e1379fe054cdbd028c3380ca9a17a8feee44d3499e7e84b8d1;3263;Life;790231;2014-12-26
3bdaebcb40e4f0e959d13245ab25e2db791028e0c85ae6e6c863b60f477ccc70;611;Life;281082;2008-04-22
e13ca3b12224bb118775b101761a08d44769957e67129877545454dab0529b9e;5571;Property;569534;2006-08-12
f1456d524013a5a819d13593cbd5aaa5a9da30a8814a8fbb6bc9b365268f5106;432;Health;302147;2008-01-22
9d89d634ce61730e22eda5b179da68070ae376f6e2a6347b019a681f979e882d;8399;Property;953280;2001-02-23
d80fcba7b96caffbd7b38e9bd3804451593598933e0bb1e78196286896631324;7099;Property;432250;2008-09-28
73cfc5683dae9ab092ea9beb5981179328745b2a9d21c99335c739454437e346;4374;Life;937046;2019-07-23
45db555f7cd9a63a23d78933baf50f8c70310922167f6b1ff235b8482fdbc55f;7909;Property;299096;2006-03-16
8d18e72e48e8689da01c6d588bbaf3cb2f1c1d3f27f439be8469c2ed2447a335;1483;Health;391231;2013-09-20
97477e5919b92ac32741451060c6373aa09d80881d0bd466f5e448f1f0577d33;8787;Health;984379;2014-04-26
b1613f4f93d178485d6c3fd3790ae20350873117964c4ab27f5a6cfa80343452;8790;Life;240490;2021-06-14
8359602aff9dab7ce509a32471942b9553b498a25bc32029919cf2be147f629a;2267;Property;511679;2010-08-22
e14ba3295d8780ff97a1c222489925f014e66f282b099be20dff27bd108c3ba2;4458;Property;680898;2020-10-04
4941bd5420e8379f878cbcb6ae6676b38eeca6078f04d1cb70ba5d87270f30bf;2727;Automotive;352259;2011-11-24
5af3823527267c9f53bcae52c3d06315421c35b390e8a16ee7af08d6a667d1a8;3928;Health;446135;2004-09-12
bba7ae5bd89a8fd91e3b450f5fb0e8da7e2438c6bf667d18b6aba6717f478f7b;6542;Property;433249;2015-11-26
682b0134289c149a15c7ea9106e3764439d2b89eab1d713845614e2dfe3f2c23;2940;Life;781724;2015-03-26
d8dde0d355a9b948d8e11badcfaaf395d67b97574235971b174cd65fc486822c;6797;Property;609210;2023-04-27
4f63c3f79abd2256b65d57eaf556ec16e195f8ba9df91074174ec8e0464448d2;9142;Health;468638;2014-11-11
149dc687a8cc569326191496ee747d6c07035fe3ef9850ef586ce1a66125c71e;4943;Property;166159;2010-03-20
ae686fe34cd265f48b84da0fe4bdd9f456ac7b21be7981699f374ce2a104027b;7537;Health;845464;2004-08-20
959897874f9bd81411ee861b9532537ff9d90ff9bba81df401fe221b32d84422;8851;Automotive;969506;2008-06-23
c3b1148d8572682e39689fd0e32680903e9f789ed84d3a951c14c4ff2bd8361e;6345;Automotive;340781;2005-09-22
53cdfa4769e5e80ec9853e459cd84522364b38b32608b9b7f2ab6161a0f4d327;8686;Automotive;274283;2009-01-28
6ac3b565531534fbd5c0135e486e714aef368364b2509863f4603e8dbb67386b;9109;Life;155582;2012-01-15
55298ae2de8d6bedf3d2ce45eb8bc8bd21b6c3bdc56d0d06411e106f88800280;7651;Life;867974;2004-01-27
1aa9f4b1aa0aa0eb469cf2230e662f520d52358ae7b601a5941c058251bb0895;7810;Health;955719;2008-11-12
ced236b0d3cc19d71d3e77e5ffeff2225bede1e96bfd3e119128c58175998964;1377;Property;261329;2022-03-08
dfd451943a35370e5b414922a72a759969807bb1e8213d95132438671c277ce7;7114;Property;774303;2015-02-13
1b027fce13951a1ec3289422f5c9b90bd79ef5c593d67e8df660c1ab60422013;4190;Property;677210;2001-12-16
21240a854fee513794cb1b52e8f3798044a511b5d6c4f70acbf76ec23cf189a9;5415;Life;803940;2004-10-17
2cc5eb8ba20dd0c6872c94d787dd9cbff79e1971c15627c8aa51be41df225579;605;Property;58800;2010-07-20
f93ed2315ae7695b3d48dc18b44165b615bfa1032b155bd660c70756ed426481;7427;Property;177355;2008-03-16
c7a936a5badf56dbae69cad50fa1d204c94a020c6ac89aa9600574532b3aa5c7;2349;Automotive;762539;2015-10-09
e999f51715f109938efce8a46737037f3f2670d3f09a21c4d93c3ceeefbed97f;1230;Life;628811;2007-03-18
922020ba7dc4a0cd22f265f36dc17067f2ec7032b9dc49627d96063ea4a5949e;7249;Health;136249;2019-12-14
d32870428644bfd7595a81091b493479974d37e6abac59f733f213fd90df1a6a;792;Property;90226;2005-02-17
99c9493243716be79391072872cf79710a0ace43a09853d8585104f92678f31a;7802;Automotive;138774;2008-02-16
88f18f7712c9cfc83dbbb0ce55758e277ee7dcdd0f06153c1e3996b0d1afbe25;3911;Property;684995;2007-09-08
831a7cb79f7da81527f0a138e30e0c881d720fe3b6fada5c526f90c85aebfe65;2571;Property;823851;2023-01-21
84e4d61880c3426aec9e06cde198182bd0461d92e6ef9273fdd31bf0754b997d;5955;Health;520644;2014-09-12
a4717f6701d12aafd9924b7fc1bc9925e8bc7667dd718df18ef2981e80546ed9;4147;Health;382265;2016-09-04
830840cf8ece9cac2ee1b8cbf2b13ad11ee7c27fe948620b3e3acd97677200c2;8392;Property;725105;2000-01-12
451e43a3e4c818badfe8fbe9e492ee5c575d23c92ba364d12db66d3076187900;4126;Automotive;457707;2001-10-13
dc23019202778ed39f852d5db0d02cb59161385909a6cf14ee4a3ced8b5263bb;9776;Automotive;670190;2020-08-04
7ecdb1fabdd115a73f7ed5ce31fb273bfed13a6ff40c9aa63745cd89134f0b6e;6828;Property;259851;2015-05-05
96b8a025f2e47139e5f715783eb7283acf776ea8d86374f06a3a4b3e181a8c6c;6863;Health;436002;2006-07-05
104b9dcc50db880ef91b24dbdc6f87f312fa4a210092c80f38e129012ceaac2c;9600;Health;559693;2018-02-02
cc0c07237639e76dd6bfce5cbc934d7cd030b01c954a6071b922ef8a6f5c5777;3294;Health;649139;2004-03-20
137d37e28fc97e1e3bdde78c400f57ddb08c00957bc7cdb0da8b237c4d23e6a1;4591;Health;938958;2016-08-07
b3f848c32e085f23dbcd6163db75b7aae1b86d306cff66c701db3352b7542a1d;1801;Health;259042;2011-01-20
ee6ce61387d6804fa6b51f1d6ad04e16b4c64c4eaff8aa90b5b9715b4755f73e;3205;Automotive;997308;2021-02-12
c607b28a7653eb304ff71c0973bf5c2dc9601c00ca287efad4b38b12c9a4be08;2705;Life;749991;2014-01-15
e323984a7ac4fec27ef381f76d1900be67a65fc355fc47bff98b39027d07946e;3421;Automotive;714650;2006-04-03
77670bfaaab4ffa2777641780518cc9309fd51cf40aa0e4a47fb01996410e117;3256;Automotive;878971;2022-06-22
967d2cfd03fc2bbf14e6771bd7c2efa7d33821a591ba9c8f489bd85961d47c6a;3216;Property;645228;2007-04-20
b6fef97a89933a7a9e50afabe633ac7d49226029bbdfb495d53e080471063509;2910;Life;712840;2011-11-01
7ab44f57f2e74b76d30a1c4bcf5c1653b6c044363fa7c3c1c95778322067119b;8057;Property;256597;2001-02-28
c541b7142fe7ce38e45072fcc3c5d3e12fded6be5d7abd4c939ffbd2b509187a;2044;Health;524055;2009-04-08
57734e7a4c3674d18bd95a1467c7ecf92f83d735458e50799ff289b3b759f667;5084;Health;305172;2009-07-07
d2449c9305ffe15bd1da6edb2c9efdb04781a91c70d66b4e8631c586d348872d;7666;Property;363144;2006-03-10
2e209fd66cfbc9565625854b398f2f70a12d39e99609b0fe9cc0ab64c7203777;8054;Life;414746;2010-11-18
1f3e24c52c6f40d3791c04fe31a84b4ca0bcbd66ed86426f176ad103a7fd9a07;1905;Life;447149;2005-07-28
0aadbe42c89d07a544d2c81d2cfc1a75150154040d035afdd5d59b9bce6ad044;5429;Automotive;294928;2003-04-17
ab3c1b0836e866139bf3ceb0f52a6f5d0159e84828d7b50552a88cb70257f2a0;6471;Health;954982;2013-07-08
682c26510d3dacf8f97563a57728f89c048174771ca7647dec49853c259c87fe;4043;Automotive;693742;2019-11-06
0be0cc2231a5c5517875ef9f52eb539ec5b5f5c7b45a33a3bb9e0296aa1747f5;3040;Life;42913;2009-06-21
87eb057d4ab8accda6a46649fdc2a6c20c819686024808c02b4c8eb232c88f98;9834;Health;12043;2010-09-13
23b076a4f9bb6c4d4ceff79388f482453ad66bbb837a1bf7ad48aec0cbeec174;2532;Automotive;847087;2011-12-28
d61ad22c47257a7f09c970292fb8826d60a04763f642aa4440568ee8fc9e6991;8132;Health;476722;2020-09-13
e8fcaf85be63cab16c8dbe284a7446950fb15dcfb44ee765b0867e61f67b5446;9975;Life;878053;2023-09-03
404140cd2e0edeb3683f3d474cc8bbf27fd654712f6ac9df65b85e0cbc16306c;4509;Property;842112;2023-10-13
9c2b726d364ceacfef743fe9eca74be5d697fb9c2552ac4062828be6157e9f13;4996;Life;722116;2002-07-24
8a91e6e269caac77783d976f9b5e9a28e9f7d98012f3413b01414a5ec7274006;809;Property;805226;2013-04-23
372c043e143ca8d5196ca9054e9898b6afab9b4ff9170424ddf68fdb05de3ca0;9119;Health;95647;2020-08-05
a5c68b9def4cc74b59fe616d153dcd4e7b2127853682bd415c418e784d27692e;1660;Health;194141;2014-02-02
22acd0cfa5f25743c388c862edd38577b223e694d7324bcb1aa2af8bdb48c4b1;8636;Automotive;849516;2019-11-06
accff764d6da2b4339d26b9def96904c954a39a9ea49ef917e2b70f30a53d1f2;1223;Health;567602;2023-06-03
135f7acb026d68c455d620b5416b0052d60de7fa0c65b91f32573605a9bb2ad9;7116;Automotive;380171;2008-08-17
7f27de9bc2e8b4590b9cb6e3fdd56dfee47c67d0f29bf2fd935193281a12a822;6421;Property;497527;2023-07-27
5aafc5983f20d415347db3e5f084e1462718ea23b775a2000cf3ad4f481235d9;5536;Automotive;518690;2016-02-11
56f1c930d90533a2954f591751c2c533de18621f5b20021203c326df789e1f8d;7904;Health;631992;2021-03-25
53e717878eb51787b3281bd5ede73b31345c8b894432838c2b307b390ceff8a1;2691;Automotive;474825;2003-04-16
3260e63c36046d87e427a91348043f3e5f0e232e35540fd01232ec0ebf918b1e;2980;Health;312713;2000-04-10
2440a7b17ef2afb7ad0db381555d441fb81819e7b1ad742aab5cd44cfefb1bd6;4092;Life;681842;2004-12-04
5a88781f2f888554919cb1de6ee7439d4c220285262dc71b0674420219a615a0;251;Health;518564;2009-03-11
5759793288c0c0395543376d9a9dde7dab9d963f404a9171735a18c33687e693;1081;Life;898159;2009-05-09
e45a08dbecfd8e06498916118a73cce16b7bf7c0d87bb8334ec10658b0f4a631;4082;Automotive;105453;2013-02-28
3e5022e04d896076401d62dade42bce25c3745e32e60240061116ce7f4fdc910;7473;Health;404480;2000-12-16
e8afd6db7bb44931f9b43a8f2f3604f37058747bcf1a862a6c0657f946a5f242;5974;Automotive;978462;2009-12-01
c91e50b5acc1a2b58bd7a39994f0198453eec7f35b6c9b5b774a681a8730638f;6073;Health;429141;2009-06-14
30ade4b2fd8859d45c5a290b507a7df820510bad56fe3d69cc096232656d239a;6066;Health;842039;2019-03-24
41a6e6642e1fa42e12c75622cd00555687878bec06064f7b590b74b10f49c120;6910;Property;365799;2012-04-10
3ab6f30448ea4e5d14f515caad91ff56c2f9ba942a255b8ecb08286d9468dcc8;9024;Automotive;793886;2003-03-01
fd8674e3e87187f6578ba64284c3053b5dd120049607fdfc3d8c52d98dbd72a7;7899;Automotive;868612;2021-09-12
d079a005e8f8215e5a4a20738dd5c3cb72d2a7b85b0045068b12fa06a1122841;1032;Life;689944;2000-09-21
87f6fa6d2fcc983b2e97e9bb6f4858119da338411d48dd90b08f6b1aa879cd84;4006;Automotive;987027;2020-01-07
065bdc4e9add68c04c98bb58844bb864abf6c3307fe39802bfca76e24e82c994;8668;Health;853624;2005-01-28
87dd999fbd7313a98b0b2d71a6859d40411b1feb51e619495c9f40e94d624645;8311;Health;936903;2016-09-15
49907ff898642d6109eb713a6f63bdaae1eb8340b500ae20dd9bcd069a716a9c;8877;Life;961674;2019-07-21
1383ac803bbf5f525022807ff800378f5bc8ce117b6d8fbb6173a1b1973fe8ff;1764;Health;509718;2000-07-10
35a8cae2bc853b98c5f5f4e3a3275eb3a1b3c0183b265edf1e01ba50231ce3a5;8734;Property;146164;2023-09-06
baaee34e0b00b1b0852afc6b1cd677c302e397b800bc4fbd735ba0be4a9a3aba;9801;Life;536424;2014-05-23
860b08beb97d9a8815d93146f6d74d3d5a0de3ec891a18b138e596637d6f2c7c;873;Automotive;815527;2018-08-06
b89435480836c69bc2cd9c2c5e05b04f162f7637a6e5fbcc8d3378db3c1217cf;1906;Automotive;568456;2015-09-17
20cf7075893a9ff9f7c6f8148ce527140de7f8456552aef933f83abdb27b401b;6566;Property;187190;2023-09-05
32f174be162f35e92ea5d011beebfa52c0a60062191624061beea4c6146061e9;4857;Property;721568;2006-05-14
cccac55999aad4acbaa00df7e12583f03f9385a6c9c2612666309af955e9b440;9897;Automotive;963839;2019-05-05
ab864adf2ec5edf96fe770f80af1314fa90fa56237c0e98fc7cc88ae897b8dcb;5635;Property;493942;2009-10-22
a0424c03bd71ee41e6585426362e167561447e2d22c1eae30f8b8f7860b939b6;4434;Health;759697;2003-04-03
d99661982a56cfd09f35dc09dbb56474f52b860d6eeab4285b245307e4208a04;1808;Life;105055;2010-11-10
441422474b7f74e56396367a7057907e57cb53347fda82d0a77e361bb834ca5d;1683;Health;58815;2005-01-24
b8a699831cc4cccc5559716dd9465c07a235c05241ede8f960da996c18a2dfcf;9610;Automotive;140257;2010-01-26
d4a1dbd9e3c4a1a008ba3a55ffef1d261e3261247e5d5b1ca53dcf10df7dde5c;7269;Automotive;855008;2006-03-07
13cf14e0900aac1143c243b07d6b3fa363a443bb6e5b01abec1c4fd4a80e7e84;8253;Life;498759;2006-05-02
e13c3f8f6cf7eb7246f64d2b9c69a4f02dcd9f9223c22847c48ff1f98e4510ad;7728;Health;647436;2013-02-27
041ba5ce2723c6cc1824f4d2f4d2e2c49db8db520c9fe0a3cb3c5e408575f55e;9077;Health;322091;2023-07-15
1a8185d840f9c0c7b6d65beffdb38f0517a0459a939fee12b681b652cbfcb3cb;1831;Property;346267;2018-04-08
47eafa5905989bb0e3ebf53711a3ec28a570cfb47e36a4db1c2fa78cd092cf32;1437;Life;791705;2010-01-01
6a1ae900989e3ac8d118dda8c41e6dab008d1c40d8e1a96a608210928f304d70;5783;Health;692490;2016-02-06
cb53484406e500f7a81cb0e2af8775af674fe4a76ffd33b9acfcbb369c78eadf;1416;Health;742564;2014-06-28
0a4f8ea72d6dc0cb89dadc72baef2379dfb64124e442797b81df5e52dcfe3659;6642;Automotive;589448;2003-04-15
2751381d26619c36a4cafb27459d8aecb4c7d997a20f24d9a80c8bfd8c830caf;4160;Automotive;684159;2014-04-20
a4ec672921694f5da8a8b735fff40e1a9091f22088058578739e8bd90db43b23;2835;Health;977469;2012-07-23
8c86d900311a748db7fd7e8427537d421ce1aada0703a78f037dc9fd26bc3417;5039;Automotive;241355;2019-10-14
cb42925e81d4ec296ebfa439660e8e71a1bf5954e984a8024335126e0cb1ccf0;746;Health;454816;2022-04-16
4844c4f1e7b94f15c3134d25b0e0d27a16fc9073a9f736f8176ed9c16fa53fbd;839;Health;978924;2009-08-27
f28490ae332f3622dc8eee61487f5edcd56e8e00eb1420685237edf7fb1a5d1e;6264;Life;241843;2023-03-04
f46b03e3a92a9642044ba0606941d40bfe9b12f6b53b5702eb0d46fc1cdedac4;3927;Health;26199;2008-11-13
be736f26c5b1122f03c3cc15b1469b9753eb41a14a6a6a98bc342c8327ed77b6;99;Health;7189;2007-10-11
349f6616f3fed154db5548aa229f8bda6288b28fa1a90ac33ebc12782d42bbbb;8187;Life;773451;2022-05-22
4a19c47e5949a02cc31c754e7f6961aa2e2e92d4fda00c5264094b8fa0f7c67d;7392;Property;732960;2008-06-07
29e96a909f521cdc41d539b6a10c6d162027c7c5183d948331f62d2299d71702;2597;Property;472911;2016-01-15
421c1c27e7dfbb37492dd5c26915b32e84f8495ba0a79c047da4ffc63d94871b;9097;Property;449265;2003-06-15
1aa43717720809c04873756dfe43b96786b9774bba071ef752f341c222c2e703;2447;Property;694232;2021-03-21
1a587fa981f0dc19707363e29ebe6654f04a786afd7aa69a2ef4c1cd16686d34;5683;Health;650213;2011-06-08
5e3ee45735d49ecdea2acac04c0d7c1009f10e0fa1ee0195140c79ad404b2583;2511;Health;541527;2009-08-17
c62bcafa5831414310fc181ebdfff8961735ccb769906f6357a2f5f898217cde;5843;Life;184529;2020-09-28
686dfc813cd11ab4f497763e82fcd22e89dd2c7fe7a78fc727e771003464e4fc;944;Property;163957;2018-07-26
7946400cc36f926b0588c08a1e5864c0826145f645e61787f81c427f45b2d0be;837;Health;837157;2022-07-04
ef5ea081e4d423f0f78e2ee7ead628d8b4f624be7f91eceeee16f962bf7474bc;9066;Health;111243;2023-11-03
d58ab97619e4ff66c4dd5b510355e63b52918d02afbaff175899a0565f91bfd0;2985;Life;874893;2000-08-24
412c24623b7b42cafbf6cb4989193658fadeb99ee6039aa556f84b7466297982;9680;Health;228503;2012-08-08
72f4bb6818f1e2bd20ddfddf829009496ec92785a639bdb3bae94b503abfc88a;9882;Life;160102;2001-03-14
70056ab866471ae756f697d8ba1c300a585346683e7da9382e9932e6574c13d1;3457;Automotive;952634;2015-09-20
d32a7f6810bb0d2b6effc539e4b1945080bb681c0300cca07446045fd45496bc;4570;Automotive;934918;2007-10-12
415613486cc9494a3ada0b17972a4e936f016c4684cda96791e1766a8a7f0896;6399;Property;221277;2021-12-05
4ca378c3304f15c2eeadbea4b7928b3d4c837d8600a2d217a3b6863ef7a1b6fa;4730;Automotive;182547;2012-04-03
ceeac9c316a90a27f648017f47beb776a8c70cd2ab5ce24bde7ad954d4bd4770;49;Health;718052;2013-02-13
b179c38c9fb82471b40af06489009b6c4b956129bf405fe51a7c3a801428ab41;7518;Automotive;49056;2007-03-26
6d6ec44078c60376a99d2e777900cccfd10a69f0ca6493ab118b8b5c70b77970;3336;Property;432235;2014-05-20
0891ce6f297f1cc8d1324279064fab1cd54d0d3cecc12054fd6d33232d02fe6d;4404;Life;19316;2006-08-02
20c6b31979ef56301433b71be33c3b4d46ab1f835d5ac1a3992b163df003069d;2491;Life;359782;2014-05-02
58a12e5308bacae5cc08243b3678d0dd852539d5bd874b2c0ff940ca41dcde43;5403;Health;374034;2016-12-03
ffc1489a25edf5e4781db50f7e85514fcaafa85717ef3c8c53f2acacf04a0bd4;3089;Property;47128;2007-05-25
77b92eb7d0c6872724b0c0f7fa593e7e575fd58e31ed966c947b003b0c2ca506;4535;Life;883955;2003-03-11
21d7acba008f73f68ef3fe923b6200beb857ab91542dbde9e809a5538d815cca;9353;Automotive;390899;2003-01-24
81aadec931b66ce6bd6bfac24bc0be673587ad57fa37698ca70f56a9e9e33c3e;4757;Property;806783;2020-07-14
d29d07272cc37b61ea6465f5811ed4b5f85e53afeec86b97a6c71f3a6d4f8334;6526;Property;852777;2021-10-21
004777e14c2ade48a787bafa808ec260cac78780ee136f2697ff1b382fed4e6b;6928;Property;215154;2011-10-11
9da90013d4288d0eb725c75d838e13c8b3fec30dbb44ee27f56fbe19d8aede2b;1509;Life;858136;2017-03-23
c92a593ce380c2d93221e6535fe2b33b7574337b8813f4ee68d31ae6f873dbbe;8870;Property;967560;2022-06-09
a82c5b38520c828cf902f41ff9abdb7a9d8783c369a755a0131271016e02a195;677;Automotive;293231;2023-05-20
b792813a3092de1f02d032cbd892c5bbe0b677667fd6ee2cf3127c9164a941a8;8158;Property;414886;2022-06-24
ed0f69142268adc3d12e0fd75beb5440101b74c3cd61ab6742a4d20dac601f6c;3634;Automotive;671541;2008-05-19
4ecaff52deb80035118ab452f1dafaa868b5f6cad88a9bf1e39bcbe64d312741;5099;Health;612065;2019-01-27
ed675af200ae2127c91230a40bc217bba7672575cf5c3cf16ffc2b1038831e65;8955;Health;878165;2012-03-19
b90c6d5946ecb3717eb9ec0a13fef98de0b1e6ca6549ad2d3f8492edbbcebb43;8638;Property;504831;2001-08-19
b8358cfec4ec25c15ff5fbec7ae8821b4d7d1602faa730fe7ef1125f9003ded5;2848;Health;807763;2005-05-27
9a103a1950c689816c8ad8ca2b0005f52f2bb47b52d59e19fe0d402a626e76e0;9237;Health;13643;2007-05-06
eebad9996721055f5edcbb429540b4999acaeb3055576df359583c1363ff0fe7;3755;Life;926484;2018-02-04
00450a33dd3ac4088fd376061facc7657bcca030e07362953b6d80c23d1b31d4;5740;Life;37483;2003-05-23
86f79158114b246d9069e3fa8941784f7e16bbd60afdb5b7d842f58f859d19ea;6356;Life;364293;2009-07-08
f01ab5037ce9dbd5e187e22cc7c36c64055e8544b60386ff5fc5accc509491fd;8064;Life;714655;2015-08-10
81cd9caa45deb2449a8b4e7bb8dbae569b1c710828d91427a9133687ea858cd1;1316;Life;612703;2013-04-26
e9ed6d133c4e3154e09493ef62d05e7a18a555a883c9301fbd266ce0f3768ef4;2672;Life;977775;2011-09-23
862f0ef22f6d50a64679dec6ce7e86db9765ed65b9e0c61f39251deb64731771;823;Automotive;32147;2019-05-12
93a9ae699df220591068f244a5a5dee0955213c54fc1ffa3dad8a079f8376fec;8872;Automotive;383561;2011-05-27
e921605db7c2995b17db102be422ffe4df7eb247126fbc73b3ccc2e572bb7115;9324;Automotive;815779;2001-07-26
2be0d565b2c25d9825b7fbe15464ddfb5faa5fc451ae4d36d20de5192877b33a;7339;Health;331611;2023-04-06
c030b884e03c3f9141f5605f8ed2295df1acf38966fde26378bebfc6ebc0da05;7921;Automotive;323502;2003-09-09
3819c0a06da37b0ffcb56f2ea0f5f565daeba95e2f53083591d4d0d4208cc7ef;523;Automotive;899708;2011-02-07
adc4e2b7d743b859cf5d226e425b7ae99b3f4b764c32bbbddc55df239cac8180;2969;Health;160546;2020-12-08
f0782dfc007e19c350fca54f1d912d6672f6d7646e873b089972cc6432dcae61;8298;Automotive;225033;2019-08-27
8747e49baccad811ddbcfded335f3dd2d57e5ea8b3abf4c8236a60575ec49362;9879;Life;552309;2018-04-06
ff68965f27e05595f38f1a3d6e7eee925e86cea62fd9b189cb8c4527e0cdd1a5;2576;Life;557761;2010-02-03
bbc97eaa2b7c309d38739b4740707aae6dca791ba816be4ed7954d93800c420f;1948;Health;365041;2014-06-24
8b611a1556c35e6a07117350ee933d2658bccfaa8153ddf0f7179d04e15b4064;241;Automotive;762346;2001-12-05
de532f7c0380e2afadb3a0216ae5905a69adbf89b37daff0e8d46d649dc16fab;7447;Property;735134;2016-07-07
d8aa5225541f7310c3fbd915122a2ba9e1c898c129711e1c3a49c73d48656954;2188;Automotive;817981;2002-07-26
2bb0039d528ac8eff31c6f2eeea9182c0243891020b3888d357a57c367c4cbfb;6829;Life;849047;2016-07-28
8d987e8cb81614d43c6cccb19115b8f1a66ca73bfe95aa34c3d1af740473257e;7656;Automotive;814324;2010-06-16
60335b9bf93fe684505a23d70150077a76d522c990f517a867cff0786913dc97;8183;Health;821029;2023-11-08
e4bc0838e040f6f437af7ae6ccea7a43388481d55cd0ad4ffe60787f6c0cecf1;7448;Health;164265;2010-10-05
6f03d3892bb5d70ba886c4625d743fe7caad8e1e2a035bbe338db9131147e720;8112;Life;147264;2022-04-24
ab9225793bcead3a9179d0209eb142754ea3e0826efcc96516f547b374392a04;8802;Property;381420;2014-12-05
fa6a21c821de390b7824c2e37df65fddd160140121160cda587cb68a8ce02dd0;8374;Life;20740;2020-04-26
55fc1be86561e8a6f6c0e4285c4626bb7641dad04e6ca2f9b2f527d52a8fa21d;5026;Property;577258;2011-09-18
d90a0651bb87bf31e4099770c960f9ab271205ede8ffab7cab345af7b09d6518;2249;Property;693375;2005-03-24
17e41dc6bc309324384df58a2e8e77fe797936d2da82e5bcc5e0b5363f059813;6683;Property;309316;2023-02-10
0c03354901567d46eab0dd31533f68bb617d67db32a2cdae33cf69371fb064c5;8796;Property;315802;2008-08-21
6950045c8af215b932332571e7bea9a9d8ad9c73740a03abae5b26706c543f2b;8327;Life;160469;2006-01-25
e76ec35a399e1e6c58fbe6eb50099e691bf531071bd0fea8fbc4beccdd7c6c0e;6859;Health;415881;2007-08-02
4081c6527884cf2c61886bcdaa12fe910d7f06cdc2c5ed1b40f956e707100ade;8295;Life;386870;2019-10-10
dc5baa70dd6e4a619e81a770faab0f6d2335c9f6b0a2e09c6cd9445b4bcecd97;7225;Life;896505;2008-03-06
55a61bb9c16293ec6e20b11ef685bba364ab976638ec09df6dcd71964066ca85;524;Automotive;949382;2001-02-10
522c8685fce9a6549be78af22302c177db07ad21d2be897b22f0869bf315e43d;1145;Life;971530;2009-11-15
35dc0e2b38a554b5e37668f8d3c9ee85e81e0458bfd68ca1e4a218867566b07f;7126;Life;781660;2010-12-04
277f40a57913356656c9bb761298b9bf5484bb8205d34e2adb4ed07c43ffcbac;188;Property;105366;2015-12-28
eabf74064c2ad2a2a6a8be4d728962b479b0cce127e301c1000c7deaacc4f9fe;9748;Life;650809;2023-08-26
6177b4a794ff2a4671467faade48db0d1095ed9b2f1efa30d0f4161488c30d40;3515;Automotive;268192;2011-03-28
f7853f984fcfde2667fdff7edfaf8d0eb53837296d761a4814f52423fdd9fa30;7038;Life;51046;2022-03-13
7d701b4827e2893cce07e2e1cfc565106e0dcb68aa4fbf7f09db2285af4c3d27;1167;Automotive;127392;2021-07-06
3314b3ceb1f6526b0959e0774af404932f044c7cc07421ab08fef230d4d66ea5;1392;Property;304576;2003-07-07
b9969f02730b347d5f19153c87ae34a4b8c70baa35318ad8d2b4010278d58deb;498;Property;746663;2015-09-14
1279a313f03407d61c0275d87d2439a4badf05dae06996d9811adfb82aabebc7;542;Automotive;347579;2000-02-19
357ef4793383cc7973761d4f6773c8a03c1b0b5bf557b72a40b7a71cb2102b86;9512;Automotive;313902;2012-05-05
89e48b723bbc90b9f7abd148924348412f35026ec09a6d1c0b0a2f57272bffe0;4320;Health;569490;2005-01-15
f7e9228d31dd73baa3b58bee8f9de98ec64bb4b6842427c92810e7f1fdf84a20;1935;Life;519548;2015-11-07
13f59d77348243ef551ab6f0cfd054da3531b5fde7f044fe4ceb4134d0a1d3b5;5805;Automotive;953097;2022-01-19
1c0423bba5096990a0ec0f3f102c969b15e52cb69a872117a1ae7d01e5b2bfe7;6997;Life;123616;2019-11-03
434f88b3271e2ebdd8e0c5e8373ee132c0dfbc56ee8b5d17e0af06e085567c20;929;Life;907070;2005-11-16
8106c1ccc63912120f80a204252101416c91fca908f4dacdd87798a564c95ae7;93;Life;623181;2020-11-12
a273113e0272cc5da8323a5c171acf1a42b2ab1d5af2ec7cc959f3c833cf457f;9898;Automotive;914711;2018-07-10
0b90b8eb400f87ffa3d8e3662d40e18515431bf0c33336568e5267bd757a4822;6136;Life;16879;2003-11-23
551a022b79d8daae39241b318b4c1a9b81e30e6bedef5bfea6381e61f413714d;8718;Automotive;770723;2010-04-19
ccf877b5d4e67e08319bc42e19853e21bf5a521ba21989b0041b006e84141f3d;8399;Health;156730;2021-08-28
3e6e65392a9bab06517002166d8f21db1ffcf27ce14026bde9ed108de1f53fb4;8713;Automotive;633943;2017-10-21
4ad3c05d45e21c09986d07ecf32ae9aa158e3e41aa55c190381358b61d11501f;9863;Health;565190;2016-05-06
7111245b15eed7568e1b05cf5181432efd4cf0844d806cf03f6b7f5497bdbc29;4201;Automotive;800651;2008-05-06
9118bcb2907b926153fc60f689b4fb6156884005e13b39d56ff0116d45224269;4484;Automotive;247578;2005-02-04
667e00a047d7a72deb24f7c9bc9d2e320fd9a9a65992729b9039b3b1a42a0405;6556;Health;701374;2002-08-13
915b3eb7fc06a0c2bcd995c468798b2af1d64848aafd123d61437f8d893d3812;104;Automotive;842278;2012-04-08
4ac3da97bf8b458183f4181836edc14401df77ce07e34c9edcbcbae8406f041b;8817;Health;639075;2010-01-04
a1e7ec8b51bf2d1669e7b2746ce018aaa3357c6ebaff04d98ab272467fbc05f6;7948;Health;120668;2008-07-03
c1ecc2f570f414ec807e97a9f766c3b780cfb3ff422de2e79d629d9dfb736e67;4772;Life;176318;2017-08-15
b02ad9dc0086e562e1839857bda3936814522a9dc1b523e46ba3618559b57780;6796;Property;349898;2002-11-18
32642731885e5b6bcac7c8825e3e0558c5a5acb9bc4f18326e6819a6ff2c74b0;9973;Health;827818;2011-04-28
99a874c93813cf8ffc0e10336d08dba1cf5c343093ea32b1be7c0074161b3682;5795;Automotive;300853;2019-06-28
ef7f534a1c115e4f9c753422a9aec9a06028193c50bbffa203dd4649788cd194;9366;Health;604099;2007-05-20
53f7e4487188bfdddc94934fbba8fc19f15d46d62d18defdbed0c7810438a49c;3690;Life;860830;2006-09-15
2ad0248c22a28dcffe45afe72b105a24f8842074fac4ca44b0992720e8847f60;6143;Automotive;470403;2023-12-07
cfa94818dcd201449b0d0d42efda920e43029ab26ee630ff70d0c20afb2faca0;1534;Automotive;966143;2001-05-15
598013e7fb41aeddbc0509834ccaaa254959f9cde483360c7ed59b26d1c5b02c;9275;Health;27282;2016-05-09
144ba764cca2d757e81f85db5157d59df2cd4ce4982f0f28842b9bebf6fd70a1;143;Property;390759;2013-08-17
be3a3c286d16d5f371bd800a39e54e9070144829ee493f2144beb3cc511c2da7;7185;Health;759544;2015-08-26
8356e466572b8429647b85acbbad0bda4b3cc95aa283994d61c0a685c2aed98a;413;Life;845792;2005-09-09
7dd0fde786d849032d1e8952ffefbd55f021df8c6d9e0e455872d1d8ecb0791e;6169;Health;547916;2020-04-08
43a4b4d42e69ffdbcf0ff790deaccf027abc1b715868f2754b2061ec39a01cd3;5053;Health;427327;2005-01-09
7e5b865506f1b6d90bd79bbf4e327b5265297ebfef770992be7a5804e474a41b;8417;Property;319778;2022-12-15
fc2ab9e03f04833773e8ea807d64f52932eb14b45701096889ce0e9c4756324e;5382;Life;799418;2002-02-12
fa0600cb1504cb40e4c91340c7ff9b4c43a0379a5496a04a97257c837c987d1b;4742;Health;107129;2019-06-09
c1a541ab564628cd4a7e5854cb35d0f860e867e4c74029096b441b5e6dfd8f5f;5110;Automotive;136308;2008-07-26
e006cb0315c2625c76fe9151821a05030b305970570d00f1cb7fe296b34473b0;719;Property;491848;2022-06-15
a59deecadb6dd2b05489e6e651213a7b0c30f6a5e111935996b99099ccc4f43a;4513;Life;611435;2016-09-17
245287c9e052775d61fbcc10bc568f4a76727eda173720800574cd6fa4317fa2;8849;Health;413613;2023-08-03
f0615b3966cc40d0d1623b6ac79c6ffc47205da0d967f294d2b32d1e7326da3a;5597;Automotive;123389;2013-02-22
080e935ff581c7888e4574ea6476f50f6c4aa2b396f4538fb1d227101149d60c;4897;Automotive;112465;2017-02-11
40c7fa4d416a60b3ad140cc62d0ca1638146720209a3771e848b1e6d571f1848;3446;Property;970289;2019-07-20
2623a03b71bcba1f08289509b4a51a0cd5b39a0d5c3b89b897c00f8a950cbbbc;3705;Property;713396;2015-06-14
d7c69e1d931287d18e767e1cd0c622f205fa375d434aabd29d3ee4c2acafba39;6349;Automotive;754460;2015-11-22
899c50f736691adb71ad2d4daa2329d82aaf7f8bec4cf49258cb9df752c9b555;8240;Life;695053;2020-09-06
9611b87ccfc47b7380f34ace2cee1ef461cf2a3853c483d3f6d551211231dfa7;9984;Life;288343;2011-08-05
bd85dae5af0a78b8a7b04c76cb2aaee52094ed301987f2c6bf16c73e4e0e4fe0;1047;Property;93168;2003-01-25
8cd145126c5bf3682230b5d719a9bf28901e147ae9f67c8f82edeb9289a460a7;3654;Property;926897;2019-03-10
d9fa433a6d8f21d1bc034219346dc74865f24a845adba1ce4cb17a4fd19ea763;2843;Health;281103;2009-05-06
7a9d555ab0a17ac5e829d7ae95bc9f4b4d54e2026fa6a6c5f403d033ebb31e52;2537;Automotive;480614;2004-12-04
4efda6d5068ddd9ada52655acf5b0670cfaaee34fc287cb54eb33c097791fedb;2424;Health;140350;2020-03-24
17102f7af40fd399493143f07d5bf5ad1403e076b3a31f0fe18a250c9b0176aa;1896;Automotive;388677;2012-07-17
b1373c6c2a17e12894831885990f7dd65a16af90288b910705d80ea379de10ae;843;Automotive;201962;2005-01-01
1c45045083545b75b7f220e8921d62a317a9ba0aef036cb928848914d0b4e335;6545;Life;768082;2000-09-20
b2613932929c09bdd9fa92c0f53ca6a3c828fa3742869a807266f4ad73c2f901;3039;Automotive;470073;2003-11-20
30a5c78204e7a1f396b2aad2c2dd54647df59dce79e24f6242deda0b17c82132;9932;Life;949523;2022-12-07
248879dd7f65dab6a17a22e037a1f31922e03578b70c3eccf1092adbae7e865c;8649;Automotive;959800;2011-05-14
e76fbffcfdd1b79823220a9def46c7b23e2fddeadf6a365f41f74251a5c31d31;8112;Life;442655;2013-07-24
b103d7d86c7df6ecf3f0a98798a8458e0dca9aad3531057884bef2bb51acfd9d;4023;Health;937541;2000-08-08
9d1a60c488f63cf88a3a12044f079d761567b753387cf7e1a27424de67f3d038;2043;Health;363320;2012-11-17
cc22a431fe91f4c8af2d4516441d2c0100a172c300f5735a725ba65cf781f8b6;4681;Property;931982;2003-04-06
ae36f7c4e33f2d0229d6997183ad555b8b65c4bc3c95db6e758d7e11a6b9bef3;9741;Automotive;703224;2006-02-12
c4777733267ba7f2f6a69ea4cfa14e86e73f0428dea08ed9ae9a53f84a13da54;3103;Health;739360;2005-05-06
382faeea079e0f6af590753ed65651ec8b1f182f4a6f1bf19f7eff590f5cf2fc;6097;Life;354456;2000-04-10
a424a8d2a7cc42365a5eef1d900396b48eede8cdbf4e151c7510c1696eaddaa2;7690;Life;68001;2000-02-17
11fd80a78d0c03d41fb9c07a76e870c8f141d80da36013a1ab70f4198fbb64ef;424;Life;690614;2023-02-05
881b70d6e2cdf4dcf6ba75f96578fbce63b587eed3e66fb245e566670ee8d673;2840;Property;709853;2016-03-04
a01b28b6ada0faee4ccc1196aa0a84f4cc2ebc4831aa2cc511da104f12aa2ea7;902;Property;141499;2011-10-14
e004136cce324351a163affc661db60cfd5d9a42dd0ec8a5d16e23298a09e81e;9852;Health;206936;2003-01-06
22676c00fb7bb6ee472ec94af3a67bec30faaff4d5f40d2262e4db051ba10bc3;723;Life;957593;2006-03-17
822d887139e9edbe549bf871aacc8b949874b37857097c19fc699c2b6f4263f7;1675;Automotive;244117;2023-12-12
35b42f1b58d720fedb2b5bba9ecfbb68246d210fc1b6b07e62dc611736cf8e85;2818;Property;713418;2002-08-09
93776d73e68008560990e5261ab22fb3d383818c5cede5fc1579741a560454e5;1903;Health;198114;2004-04-09
f64b108e35fc46871d976c0e50dac19a04ebe602aed0301a83d582368e02ddaa;8157;Life;768408;2020-05-19
b6aab535a2ebfe67627f81c0cb6822e3748e14806f6cca7239d0878beafa1b34;2545;Property;352255;2023-11-01
b98c2722e17414666827c044ac220502fda47a5e2fe6653ac9a9bed6dbae7e65;7697;Property;581390;2001-06-07
fef92be31ee1c93b0a1884d890cc025e0867bd8c06035dfb866bd776487f9894;5582;Health;995353;2007-06-07
a6a44fd14b9963e6a480e8a8707d6a2e54dfbf90ca79fe0ca359f34464f02e86;6268;Automotive;604055;2006-03-21
ace2f0895f6d4dbd7002a4796c3e9f4f24013ca7dbd812dfadb00c60be4ed21d;9527;Property;957135;2019-09-15
a1c178c161791efdb08f5d6253fb1e0ed5c5c9c0032340ba0a0ba9363623f93f;5008;Automotive;527229;2001-10-28
ea1aa4bf15b88e150872288c77fc536244b878d0eb004ebe3cb893a98265f22e;2743;Life;414963;2003-06-22
43ddbd93ce0216cad4c2b2a627f5bf5510b1c73221cd5633e6cbc0dd368dc09b;5430;Health;308571;2013-02-08
ce2ccd60997e7965349e9ba25a72e3deca021bd5deea1d9751540aa3c86dac18;3739;Health;864433;2005-11-04
bc90a72365c161babe92e931bd88a3719cb130f18b68946539dbd3d3797fede8;2953;Property;977755;2012-06-27
bf367b7fc9cf9fb11fda484bbd598851ee38b90dcef5b1bc4ea9bcfe738c73b3;4362;Life;514018;2009-02-24
af4187494893ae2897e451bd6f0c88e33d665a7c9b9754c332757f7364ca0082;6801;Automotive;170261;2020-10-14
4a73fe9fa552ddb773485957cbfa6f41602a00218fafb07f916d3f69e40b28dd;3726;Automotive;873329;2012-11-20
00f31304782f1c3b17e1cf325a69027ab01025cae509ca12e303dc00743d07c6;3779;Automotive;151915;2008-03-02
9f2d4960d24a56c34476a173b49829533d8016b673d5a63a6537687694239734;9677;Automotive;165763;2009-08-20
f279fd0287bd0de3901250e46e775f7101b215314249522e9756100212ef25ab;2685;Automotive;603021;2019-03-17
ed36591d9a615c5245bfcde274e131f7e55cac530b12ade7993f7f5903a2e328;4904;Health;796509;2003-06-25
143682911628e1e4e3fd4155da5587d402633b6d2240f441989d21b890908296;7382;Health;448963;2021-03-02
da82f230a58090cb22f555877ab457ef17a120c3b5f073f0f50e7ec148e186d5;4068;Automotive;220415;2009-12-04
5da4f8342a77c1cd8293c7ccbb4bf30d3574497ceb509bf6c1ff0334f9dd3327;8419;Automotive;108878;2005-02-27
61c4614ec9387dc00a1456a9b3e3c172394c7557ab2e1b03491303da3392518b;8884;Automotive;404303;2022-10-24
d164c3414d1a999e12631f6e81cfb78195da2913765ea9cf5a54ae5374e6048d;6358;Property;887237;2013-07-24
7f9de1f2639076861eb6e04fbe50ea2199aaa8c9d76573f7718261b7b64e97ce;3093;Health;82033;2002-10-09
250451c392cb9d705de34806be4895dc510a52eddf3c338c09da3d896a109fbb;859;Life;461566;2005-11-07
97797da34c0602d1a642997482320de2aeb829502475ecab7d42716b660f9e21;9402;Property;411867;2020-08-28
8dd98f0353c0c0ec4084e9eb920ece4fd6468b9d211a5d2363fa5e65ce6cf8ec;600;Life;511079;2021-05-06
4a40a6cd5529720d764fb90806903eec1e4da64985dead136dce8227db19411b;2029;Health;602742;2012-05-03
28172f550247399be86c3b6496c882c2032155b93b6f7594636763602a39e5d6;9082;Property;424177;2003-09-05
ff894dadd4193346d2627fa04fd4a53094b2072493fadf96fa58d6d66245276a;1236;Property;855503;2008-07-03
5706146b2f366e551fe900c87ed1853863d07652bfd369eb0a3801e9a2b48dbc;591;Life;23138;2002-05-28
c03849cd85439aceea007a7ce4f185f62f07416c1d963059fff157f55205ec6b;2572;Automotive;413532;2009-03-12
0a3126adea07d5a8204ff16f3f052a0250ac0a2395481bd04f02106880ab3174;2065;Health;44186;2010-11-05
082f6c0f11e5419a20c832a6ef193cbab54dba694dcc4d700f4811eee9139aa0;2043;Life;51304;2001-03-28
8a169cf8b94ab390c92d0ab09dcaa90cba45cc7f83b0aed0eb34c11fa997c9b3;7185;Health;843754;2013-05-01
d58a2658122b3e9dfef9bee535fb4f57b4cffd24685674d50164ab17b1706b48;9883;Automotive;839111;2008-06-05
22959792728f4f51d727b86e69cfbda4f8e1cf684ebc4a532386e63cbb896353;9570;Automotive;622664;2011-01-24
03fcdc81de2959d523f6c60f772782de05ac6696d8ddbf35b1dccbda4e2edde0;3642;Property;895596;2000-06-04
d8cc560dcfc78e9569ac55436139a833a594e94c8e56becd359319016028ab4e;821;Property;516845;2004-11-20
42f40e5003b14be419e56e0e4dec873908421b09ef86cc5e8437d0dd3a1aaffa;1907;Property;1154;2022-06-05
7bc47e22ac79b3b8e4f7b9ab3f136431ae713249d69624e50c375c7fc0ecb2f8;8324;Health;528061;2015-03-26
bea9a39c7c9fda46939de9f5be439156b63448351542a7073af2f1269bda5701;5768;Health;34777;2016-11-27
b597209d3e62a51f2a6eace19490faa3231fcc9cb04f14ef43f7faed1183f9ae;286;Health;970523;2011-09-06
379d59a4ce76069b9ce31761f0ce0333e5952abb9f94f78be174a3f01d85f0f9;6192;Property;745925;2004-01-20
5a82d11eb2affb6e7939eabe8db02295264f23304d4a9a89f634b1c49deed63e;6445;Automotive;39739;2003-03-17
70d5315cb5613c8d05f887c82eb7ba3a6d1e2c542a789ebb186e919e9b363063;5899;Life;492196;2014-08-15
24ae7482b224d71cbeaf01a79a07c1d720566d3652df3f8e3aa5373da5cc33b1;4130;Automotive;752602;2002-11-17
7a4721e7aa32338692be86ee95fc40100cdd43b5f71066149bf044b1cd287cb9;1024;Property;808906;2009-02-21
274d7bcab6cd0336ecd8e8d6a9db9f1b1e713171076c2824ee8ada51e8534509;3253;Life;465338;2023-09-04
2df129c162e5cfed65ff951ec2e5498c7bc04b2d5ec847a62fdc4b30ebd29695;5785;Property;937662;2010-01-02
78c09dfae0ae92ef3a09a650a611f447b54d2633e79db03d64b26436e9106ccc;1730;Property;911959;2022-12-17
47b18cdfb93b55c28bc10d117d3dafc8fa9d0b3a3ff1cdced9942944fd538aa9;6905;Automotive;617814;2019-03-09
d9d825841e6dd3bf8cd87de4311c3aceb97dde56d0d37db01cd407d007e8383f;2937;Property;706291;2017-05-21
5e0fefb749446de78de6b91d5814571f6a14929057d9bb5f589c338bac10e995;3786;Life;302781;2014-07-06
af7ea8c8ece17d7f6eb7c3d8c67613fd1683a5365b55cd8f5390ac6f541634e5;4527;Property;991949;2001-09-22
d2a9522648b04473b0d616beafee83d7e40d04d7e96f7abaf87c22ad4ba0b2c2;6210;Property;28280;2003-11-14
6ce778c5ece6fb085b27550209aa745032610cc5a7122c38dde3890f218fb33c;2243;Property;142386;2019-05-15
5e36e9176faeda4651e1ea932e7b7ea3b2ab3de0c3c624cb2d61e568bfccbbdb;2517;Life;752677;2021-06-08
fb7c667241e0d7f16159bba7750c837cf57df3b4f72ffbb588148c3384b90470;2418;Property;611545;2017-02-09
c3b9715782262003bb055ec3e769ffde32c8054b1f011b65f030f4725518d9df;3156;Life;222533;2009-03-05
a15247eb60b466b7f4f7da0f90dcc88fd0d73e8244e794cb9f41add1a3d1d34d;9353;Life;717956;2016-01-25
5299a7d5a69f8b63aa3d5926433f69e36f36c63cd94c5832ad463bf8c0fe7fe9;3729;Property;567110;2020-06-28
fb4f43d43085565739aad004716ad4319211d4d0992e32a49086b4b93a067c4a;7799;Life;401151;2002-01-24
62dff8eb2af50a086e48e916e4b4e971e26e3cedbf74c32fcdb76dfb74522455;4117;Health;529761;2009-08-21
e56382987425cf216ab068b14a7fc02f2eb2497fd490a92d203596d9f03b176e;5616;Health;285249;2001-08-24
d45c49b429096e53df4cfdef2924c18097e092f0facb6c44bee9a8edbcbf5212;5896;Property;906414;2009-07-02
a807169762b53f0da942ae99b35268ab18a6eb2c5c62ce8209a81c1ff3e3da50;6107;Life;240462;2010-08-08
4872bdcbd75588983808ff80b61eeb740040c4f34ee38c5fc2161cc779e46352;3392;Property;790477;2011-04-22
db8a665e53085618f7d8930eefa4590ee781dd9b52ac27f721ff31eff931de32;7541;Automotive;882023;2021-01-23
b47a18b138a3d4d6284b4b6a8257a0dc96797c678f64385b5a6df00c801e0aa6;4176;Life;912928;2008-11-17
53ce6ac53f7285b232b01912866e1935363dd07093849b7b61be990bdeef1b62;1230;Automotive;613099;2012-06-22
1d01316291115ec1d06c9c2ae1a7ecdd8e4ec408743ea9ae73cd36a0587ecae1;2485;Automotive;895882;2018-12-09
de91454da57ce19c2636f88453d6822cc22c3223a7e8fc8ae60c2faf934b2be8;4630;Property;349988;2019-08-26
e3e436ee62e74887da1493356e7754de2cf84bee549ff4575aacb61df267b3c0;2758;Life;984610;2003-09-26
8b27fcf5250b0b5877536b3aec0419bf5c291736f7b8c72a16621de62a81ba79;8260;Health;244862;2006-08-06
cdaf31bf4331cf20e0a14936582bcb76397f73147a1430411e948842e52418f9;5529;Property;46734;2023-06-19
4e68acf3f38c156f7023659e9fa5110ac4c8d8b263792c816ce4cc44db21abbc;3451;Property;466830;2008-02-13
6df284366724ef08ecb4f2dd0d95b858d8baf521973080063bd33fcb49776e4c;6809;Property;984713;2003-05-22
d92873e0bc80ce0536390a531f9971c0b1c3782011b4b225c91b0e76d1b4633b;4482;Automotive;15262;2011-11-28
79dfb3989d4133532a2f7755e8822150afb60911279fdf7e4d62eb94efc96cf0;4754;Property;694163;2012-01-18
e0abec60d9c24f945afe1264c0392362aabe50b40de41769595ddc0e55d4dfbc;292;Automotive;707576;2023-09-06
394f127db0f4bdeb8205c7dcd62d16ce5aee8ed0c0ce1bb504936bfe624ecd93;6805;Property;782372;2010-11-04
39a621c83086208938e862184bc30d4d8a307c6664136d547897521d0631ba2b;3285;Life;590633;2000-12-09
bf0f7d98404c47a6d70af0c93ac1b28b713193e42ea1aed949f572a3ce82cc19;3928;Automotive;474263;2012-03-19
e3d80bb45ffbd4821266708313240f29ee4312e8ce02ef34edd77d8ddf889cde;4936;Life;850228;2013-12-09
ea427ddebfde95553793b739b46c7ab11896450b686bc3ff29633c4a6fed690c;8755;Life;639022;2006-09-22
cccd8638e333daf4d99eb55580c703edcb3538b43c187c1247fcf90b45bb5de9;6267;Life;732883;2005-05-14
73915a2115c23369c7c3bb38553bbff1e03617b0be15d70fdb6a94c7fc735533;8084;Life;467225;2005-05-17
b3945d9ea0960f9bfe42605f7669e3c32a11e4133483b9884db1067392e4461c;4219;Life;187928;2006-10-01
469021deb2d3a11c2aaea87e9f18e6460763e0a607ce44a0c717d92bfc1ef32a;4910;Property;346592;2022-02-08
0c58c272370dec19d69113f831ae8ac5e33e5e746dcf24c6cd0c209e415376d4;626;Life;377185;2005-11-18
07459ac0eb45981a1d4807d845e14561ef340d2c395d9615bddf597dfe099dd3;3180;Health;618656;2013-06-08
b66336e8befd32eb614136fab6114a6b57050b77c47e8c6930ba904665f25345;435;Property;691806;2006-09-05
bfb97461cc21da3d7fa7f53ef49c36b323dd85c39cb7c5e0c0ea5431bb73e97d;7106;Health;457284;2023-05-03
dc988121899e98c732c07d1a18bbc1dfbf6e7f70222b5e9458f1f9b1eb1c5c0e;6932;Life;136284;2004-02-27
d3af402d6de23d33b4f1a0b71fc9a183c9cc45df07eb301c7e426e8ea064e51b;9603;Property;26138;2000-01-16
9f3feffab3f8ee52af67821793ac2b53e8ff36677576afb7ea1097db3b9c67a7;377;Property;323562;2014-01-03
c1c58f6461d1240a9cfb170b500cb51ae9b5e7323ef234e24e9584662afeef9f;417;Automotive;505843;2015-10-01
8983eef22b51fc91f7fa11f09b477a6ffd0e6b2cdd0ecd3c15fe9e363ccaa6c2;5150;Life;136619;2007-09-03
e575f4fd6dba4955dfe91db065381cdab7b7b5ee73bb4f97db15e84182483f25;3037;Property;407087;2005-11-20
416959e28030affbe13f0f2d0570473f307fb9a16716d8c3a3987ded51d6bc9f;8864;Property;776872;2008-09-02
88f5a86ba91a816b17470d3f8833fa744212532e54d2bd51505d74a94e280809;7606;Property;165969;2004-02-01
bb1decae6c7747be553090376867009336c6444e56a01611d56d61c306597e96;3764;Property;95156;2015-08-16
232f810dec666e2e6bd3db4bc1df7dc6e24a25bb6d648c63acea69a4917706f7;516;Life;721018;2008-08-02
45c8fe0eea61b45ca11ffaabfd81feb871be66caf057d10570ca674cdf0dc9a6;8277;Health;889829;2013-12-26
9c597ecc053ce1a879c2535fcbf033d4b712a288774277a09a63a04c14f09464;134;Automotive;250673;2021-11-11
96587fc6c78de6b88d20c77c903c884f07a68cab3304a94b4d19b5a98d2eba1e;7286;Automotive;611941;2019-08-27
af252e1713ef45d46d277594cd64cbebc309392d0a4871a497d67f3e6c745c1f;6239;Property;434584;2000-09-11
434a00787676282d90d6c5a719bc8c6215bbf65f427dcd4d90990069806f5d8a;6071;Life;91889;2009-01-24
f9a4490f998081e39ef18e8245ebf2ae7f13debec1fd10cdcc7491935f7671e1;8759;Automotive;708455;2002-12-18
8b7aab9bd71ba7d55ba1675bef81d3c728dd9d7dfcf2af2de5208129510b866b;6865;Automotive;984484;2017-10-25
7103db2417846a0fcd6bcf25f006ead27bfb778d8c0a29bed620f5f5379945cb;9688;Health;506796;2023-04-05
17920eade80fd705012d6e0b6efbc5f553cb13f188136e0c06a310c5184cf182;2935;Property;367541;2016-09-06
70932a299fd5f461c6e3c5b02b9e6ef9bd244f5d84c111e4814b73bd22d79768;217;Life;22454;2009-10-24
391ea604b9fc3e88aa4364a966803b2d4cd1779d8d0d2685e054471a99e42478;1223;Life;32289;2011-10-24
7ed272d4c50f2bb0530c994ea636b69b8ee8b4d1279966a683ee81110360b1db;7343;Life;44963;2005-05-16
7aed42b9647b2a614bc1b12ff01cd45a5387616983cc27f196f597e559278ecf;7955;Life;834402;2016-12-16
7373f86b7c3632731601fe6622ba7dab6fd8bf8ff9fd8052b03cdd451fc57d2e;8905;Life;371872;2021-04-12
e3dff2c83da0ba9b9063c2563ed66556593d84ed98864c4b9e1bf42732c05e47;9511;Health;364313;2017-09-06
a957982bcb4c56c3afb24a1500ef7c329a17ab74d8735629d16091292370062a;2607;Automotive;928854;2004-11-06
1f39e5bb8ff5b7999166dd3314e2c1c02d03d93d6cafcfeb33676ab4a24696ea;4539;Health;339173;2008-01-22
eba281e4ba67685bdca5ee46cfbc5cbd1c25c27634cc28f0dc803e2a70da404e;5953;Automotive;885426;2000-03-16
63c57b14205f4fdbbe0fc92e271bb8e76b8720fd5c1d1376eacd03f55c4cebe6;6346;Health;49173;2023-09-01
73626dcc6b22bca78176861948f4fb14a32c540d4708b846d426dce53d00f370;6262;Automotive;913137;2005-05-07
68a0e71f23348f4dec4828712d121e7e218019b296ccb633ab5715ea1ceffdd9;3534;Life;306126;2010-05-26
95dcca86dc7edef2cb84587362669421f65a04342c764e73428a983df66020f7;924;Health;488393;2013-06-25
e216543a5c32458aac7908a3e88324f245ead2cb2624593da411cd8c65c13974;5381;Property;547720;2005-08-12
0e9766efb2b521d9fafbd49f4e3415bc0d1fa39271176610455a5b46d4c3d498;5399;Health;535239;2022-12-08
70e5c92c4fc9c6eeb13d25a4e96f398e1073c5a9ad6af4d140b9ebe1e4061ca1;9418;Health;510209;2021-12-18
5c2dedcb9b19e6694d53b5908728cdbbb66257a6554f9bdb28d0384695684ba8;5691;Automotive;268371;2019-06-14
e56743187f3403417a60eaa47a00dd609f788b292540b43d25e1b6cd3cdca6fe;7237;Property;245772;2000-04-27
022f0ca684da5ab1118e44a51f523f2c0ec2b9e16d1bf4f6647c7ac259da26c3;1538;Property;622685;2013-01-08
ae75e8de5003c87288cd76a9b4ef08c46cfbeca4ed2f5cdae58006384d797b89;2226;Property;332069;2020-01-03
e26e790b326e68c6326814f8e17c3e2b6611a90a2060722530b38f5fed79f529;6439;Property;342672;2021-05-22
f05b5ca84dd8470f64ef71c86076535b2948ec7d10bdf82affb6dbffda4d63fe;3983;Automotive;329454;2019-01-09
aea8907dd6dada4db7eca514c0036c8429893905d896a3bf304d27778aa65557;1058;Health;617576;2012-11-21
9d0d209b5407ffb294924cc981da5bd51334112a4c0eac38278735967dc4d66d;2961;Property;723934;2019-09-28
2457a2398490e528d7803259da813373f756d5a1fb14b14c2fd1945146124915;3599;Health;630421;2000-12-26
27f116467b1bb0f150f34cd6e25efa712ab3c3b11e93563f027c5b5ea1f2fc81;5564;Property;256245;2014-07-03
800c83e7455386c2608acae65253eb071c21db290acaa3581263ed8d8432db5e;5106;Property;317588;2009-04-15
16d1c1c052a53c99812fd07da1dbda433e5c4ada092e9216f20a2545ee255261;7131;Automotive;746860;2012-12-05
2a6451a6cf15d629ebc7e755eb5294f71c6cf1dd366719167db751244f7ea464;3177;Life;538172;2004-12-15
8e8262ec1601a08cc20c04f0a4b812000eeb1244bfb76e1b30e0fdd6329cb79f;5394;Health;967790;2012-09-21
098f5f32b1066446694b83a3836fffb131f85559a892bb6d8acbc803aaaea3de;4142;Health;731811;2001-01-07
39c48da96ed805d1c82f2e749816feb99419e475e4bf42b8dcc3dad6cf8ea16d;5491;Property;114754;2004-08-24
00a079e13d14c65ba4c164c23e30eea7e66b90884de6d3b9517665e0e07c1332;5459;Life;690617;2007-03-12
72e32b4053a0f6dca022bbfe5bbad6cf4158886b40c3b5fb87a903a0f7a546d2;9220;Life;892861;2006-01-20
7b3f7cedbdef969cff7419a2734b1a96e6bca0add3c71b5a530ab9f1369e3a7d;6165;Property;835000;2003-10-15
fdf7aa1d150dc7cb42f43466ffe9146e440c10591a51ccfc33a5707daf55feb9;6043;Automotive;603192;2005-02-06
bac1753aad9a3a1c05fbdabbefce8ed012a684e6da8bc1f763d29ae210a878c1;41;Health;761162;2010-02-26
fdd9cfc6bd2a3b6233b5699bfcc4f98ea047b70d15644421c70ecddc9f4a90dd;8019;Property;607427;2006-07-12
a82381fbff525b97536223a8334fc7876093a2e80295ee12b97019f7a825b82c;2261;Health;319071;2010-09-03
29933f66af1432410842c58e1ea3cd16e0e1c6092231fbcb43d2af73af17979d;9175;Property;234099;2010-11-01
3b1c8ba43dc118f454e4bbaa3a1a47bd436b8b693ce9e9fefdd651b19c1f439f;7211;Life;620929;2023-12-28
e01cbf8842f748578de26c6ad101544dfbfa5139fb12e23a011bcc4ee39575ba;7650;Life;257204;2006-03-26
a5da26711da7b9d9385e12e1ecf563288e897c2f83c2ef631e1ae085e229a39f;3706;Health;582733;2009-02-01
ecf4148aa5fdf7560b09074d51f7cbec7fbb86dd0f2846579465030ac1e45775;3145;Health;750143;2005-07-24
0cb89d97e7ee2d75f59234ef7fbc66d7ea68a2d01ef81ee38701288819087616;6504;Automotive;4817;2022-04-26
0a392d3988d2ef29cef21f4b5ab1b45d8e3db23c50828b717f7ef4c5648bf181;8653;Health;338427;2019-04-14
902c2d73bd256668b0b5bc81122d5f0b972efb44c4b9553b5bef994ca72ced31;4420;Property;270652;2013-03-09
35ad16d65fd4cf78bd7757c8cdd7dd3e75580f6df86244716a8aa6e6366087ee;7807;Health;961339;2014-04-15
0275eafd25450d646cdba39cc68bdc1245b30123a9ad6e81c7a1ebd9d02ef267;8177;Health;992791;2001-03-22
c6256ca5f47248ae4300856f716e168a2aaa46cc53dc7a7832609b49975ac7af;5758;Property;502275;2001-11-22
8ba3ee3ebd453c1d33f4613bcea4e28bb67bc393a54e3f751507ceb2141cabd4;7808;Property;576162;2003-02-22
e4829c1db15489edd78e2191fbec9df62a8a9de3aaf4dcfd1b05ec4943212f2c;9979;Life;290688;2016-09-02
f4f8e1e47a8a7f7ae8b72e56e25d4cf466dd2efdfb7949e752b1b56edfecac2b;9102;Health;149756;2010-05-05
75bb72875bcb14fbcd0bc2910d7929ce685385b922fe0941f9981896432b53f2;7795;Property;312977;2012-10-06
7854d1d7eb02322d0cac2fd45780a111e12619dd14d9a6c84224546048e10b56;389;Health;964099;2016-05-03
8396048d7dd1b47cbb97b33f640236d6b1a460789d07a1425d6159a338fd627e;8668;Property;990256;2013-07-11
d97f4519d77ea67d265fa8fbc352f25a2e2625f52ea06870cab4800b2919b3a7;9122;Property;938894;2005-07-09
4ad84273e14dc9ba2e31dfef1e120e70bb8e60842def8be9f5c10516c462a30b;2202;Health;295435;2015-02-09
c13efe7a0339552fb66169432c64f8d3701be0cef4651e2068a73424fad66155;4269;Health;519100;2018-11-24
701bff52b48a4e9e8cd1e00910ccba87f7312ba54741b2f258ca5ffdaa829d11;8255;Life;831411;2006-05-12
a073e26e438b1b8460ed2ed606d3ee6be70ebc760a82c9439e16d05df040c936;7378;Life;721294;2018-08-23
85df859805df5b0179c054501b0680859902c77994b52aecb338fdbac4959a53;3585;Health;11847;2011-10-24
21ff4c2088d2db154dfd5420b23b1e8ebdd923be0100693a9bb55508f4975635;7422;Health;885090;2004-10-14
4e9c5d5656edf3c089e2a0dcaa740694f5615b054db997c00c4363d72650920a;1212;Property;332318;2003-01-10
eec5cef59ef08c8db7e617a65f0283d9b8eb62154e254dfbe574f858831b7bac;2024;Property;12385;2013-11-28
4fb0c28652454d568444798b2d64ff05f011142bfce3645e4e425d4a68e441d1;6892;Automotive;157708;2003-09-04
52db49819f55cc22ac9991d41fa01aed3b53af8619e980121de751fb79827028;1860;Property;949297;2001-09-16
3e5baa321639299d42dd4593246014b06e0c69491e00283a1def588742394ca4;3150;Life;561283;2017-07-11
ac5974137048f6825264d9e3baf1dbf75fefebb5a553c672cdc401f619da6963;7859;Automotive;51977;2005-03-24
acb2a96b213111e8ba8adce5390533e2e30505422a797c098f1e17d3229e1793;1771;Automotive;433057;2017-02-12
5c6a4bd3a72e8f1fbdae2c099936a39a630155783e62b8d24be3463812e825b7;222;Health;303190;2017-11-16
17eabf1d22f9a6f5ba22abe8a3e7a7d4b0d1a52c91bb738650f1511e54602cae;480;Automotive;7336;2016-09-08
d1adfd87b17ee85d0e47c1db6ebff4471c461a8db100bc3f171d9ae0992fbece;6724;Life;479722;2023-10-08
29100ca4ca3e90ae16f22a0df0c3146ac9107e0b0ea0ffbfa605e9b4a64bd64c;2088;Health;772495;2013-08-21
5917b7d88b85fa2c61067cbaf3ac9447186b209a7e3f51ae0fa872dbb985c9b4;1741;Life;131469;2016-08-14
354ed6d24ef21a6169d2761e1d0a8632b35f3112f5629632f9693c61cb3a0a29;2422;Property;47820;2006-08-13
2a82a6179c9eadfc65562eb38abb89eed7d4dbe51db2d4f674ee8c723d7a7040;5812;Property;957997;2001-12-09
d29d0d484b8421b385509d5097c1b2e8dbea6e18dfe31f9142d6879da949afdb;1828;Property;914486;2017-12-05
87a8289523160c5f56d733b4c36038ce633cfd4b5b3ed9624832187de38a49da;8691;Health;667083;2017-06-24
0e8d858a17345e0f546d6430615d15f1b719f2e95a84838e98eeb3d5970ba053;3503;Automotive;593428;2023-08-09
99678509bf86602dbf97666757d5a8e5ba28941e10b5c9a78bf2366df7c9bfe3;2120;Property;143597;2019-12-21
24064e24796378bfb3748ba566450f49abb8ae911ca09519dd4b530063fa1308;8428;Automotive;619034;2013-05-19
f3893fb563dd473b020d059cc70a172ba8e0a9c222cf28eae15a9312fb727fbf;6514;Automotive;415824;2003-07-15
ad2a252ef7fa0e6ca5a8a0f059819ca3ce644a01b3c3a5bf564ae2818203d8f9;8883;Automotive;188154;2014-06-07
867ebcb499b27ac1d8b871631d52a772f66ebc80ff646757f4f5770994185c44;6675;Property;381620;2020-03-23
bcc660497f5e500b2e41585796793118beacdb2eb2a0b9016ee59504beb3a64a;7979;Automotive;561365;2001-02-21
98a28e907efa21f52497fdaa1ca8e19b99e2dd2f854b22ab2def74c250257465;9239;Health;296240;2013-01-10
cc3863401db7d37334cd3fb4cbab3712e44fe976de3d8c351366310a5b5c8175;7304;Property;870886;2000-06-24
89a9efdf28dbea9b9c3b13ba342159c91640999b5e9483626d321e35b983fd6c;6417;Life;341212;2021-04-17
200550687141c23882f54706198142ef4b8fb54ab5cd2e2b1ac2e8f0de384ea9;1362;Life;546363;2000-06-22
26f7edb7a3cf3b76c0224a981e1cdb4b93546a9433f904978f576e90c1aebe82;5117;Property;699385;2011-11-16
9c5bd64b75c571b693eeeb8b555c5f0aba4649e1cdad54f7c511e8741aeafcca;8483;Health;739015;2015-04-13
8e96896ffab941731aec06d7fafed096ca038d0ce3b4ab9806e591a54bc2e8af;4141;Automotive;864534;2004-08-04
f2fce0c23cdbd876448472a31b88114a6825fb77270f0b6098ea34c836da9e14;6438;Health;510339;2011-02-22
bca1e97f00d241beb4c22f389498f85e5d5e27793c4d2fbcc452f509abd3e852;24;Health;914620;2013-06-27
fa52a2f916152690ae0816139d3c156db2066e3c43004fda9fcb38f2118af449;4309;Automotive;654572;2020-10-20
c5448560024284395328a280089455c47fca5ab87771cc4a2960deeed4896b16;6017;Automotive;842441;2013-08-10
c7944f4c0d001d979285f89e83f6feebd09910ca7aa285c269da2cb1f4ba3726;2643;Life;17829;2023-07-28
0b9c63508d7c8fa5ac9ff62f11738401134a0de4b4243d51722596703955e336;1132;Life;408551;2021-01-21
9b7dd68948d31941a03354d57af92bcd2549ba83eff1bbbb042756bb356c1999;2008;Life;159577;2004-11-25
8389ed31a28f98ac08498be42e208ae823f3569926e0e5dba0b780780cdbca48;3315;Health;265448;2012-05-25
3014ba95a95052f45f776fdd5994c1f2ec76c5d0f8585cbee32da19bfcc9993e;8491;Life;598390;2013-06-09
84e0dbc08e3a9023eec8c853461575d2d03979f63c8da6594e4c08bf1e5dc8f6;1701;Property;719030;2019-08-11
31ca8a6db971e79923f7482504e807646862b450cc0071a17a86c06fba234fa0;9072;Automotive;705342;2021-10-08
940419f9b46b207058918a4fd1877c38c1ad33d8ad4bd821176a2c86681b662e;6698;Automotive;429319;2013-09-26
3ac4bebf94aa4a976648c7921f35c746688225ec31b4aecabb2481151c5ea734;3708;Life;782945;2021-12-15
ad91cbfc87c0a6d8b6e67c21b8070e36c69feb183df3a7572c58a2ff0e85c8c1;6692;Property;706934;2003-03-06
dc6d62d4a74a201225b3866e3640cba2d0b71de19cb06b9a2b7e446585122149;2936;Health;856346;2007-02-01
5090184b790bb1fb893e55610f249dd5b26d0dc0bc1c6aefec0272d7fe73c3e2;5064;Life;689756;2010-11-18
5157335dfa105da45917bbc26b6ab4fdb5a1e85627e4c94d082706ef5ce323ee;4375;Automotive;817772;2022-10-10
ecddc5a9aa9144e3eb1d7088f5caec87f4c80fa6775e389145834ee1db34c82a;461;Property;507141;2015-12-15
398935ad59c01b1ddf196d7b801251101e95086f41525a66e8c2797bf4228e35;455;Life;507508;2006-02-01
9d84f5665ec66a1f09e9fd2cf15a7e86d7c4ec838c61c428e0ddc5e919241933;9440;Health;475798;2021-10-11
ad33d5373979c75c6078706bf5e4bc371890ee60e30418db60fe40d7691c3172;4162;Property;26048;2021-09-03
7c9fa27168fe2983e09771f87c2bb7403c2b179442db62c26306c37e81636c6c;545;Property;827383;2014-02-10
e046c74d359e2d2af9f5bd0a8a9c7856071e75e61a6657d1a675a8a91a9fab08;1944;Property;190484;2007-09-23
e03ee74a02e98a1e4166c14aebc085b213fba8817f786f05ff6cd278605cfb0c;3073;Automotive;70741;2010-01-09
b803ad8a59079aec05b2f13adeebe36a37f6703d363806f39a64ea638a19fcfb;7790;Automotive;721591;2011-01-25
559756cf4cd394c887c16492f8c246e69cc2b026bb640236d2e85c0da6060f55;415;Health;148141;2002-07-28
aac9d8ad577a91eece0958cd752b929db99cdbfbf2785b5fbceef860f34cb2da;830;Property;221275;2009-07-12
fd44dd889d93648b46a26f8288e24bd996aa92e7e1bb9361912410e1259c2850;2739;Property;132230;2017-10-26
7dc26933fd0196358db944ab8d05c2d999e0b4e7b1eeae2844202e2fd7a50773;320;Automotive;228563;2005-07-16
14f3453ecb5cc2b225d058fdb76e0e9aaecee6ef2f36abbc10be7a56c3847b83;2655;Automotive;27424;2008-01-28
43def41109b474ba9a6d965eb80f711c291f679f47e943f0c23d57121c750683;157;Life;973024;2003-10-15
8562df43844f4e7c4142b7f7dde1d0b0f97ef32c0ccaa393ad08a4c4ac35dc6b;4907;Property;402110;2016-04-14
9d0d3c1e2d1929312ffd142de95df6cf404ac4791c2e455abbf91240dbfae0a5;8569;Property;354954;2004-01-12
e3e9fd9f30d260018c0354a0c824b3f7f7c3ac7a0de65b6240962edb4a1ff03e;1442;Automotive;449007;2021-08-26
67cb9f07dd83ec9503363b8bebf3cc2866481b3391620e2071297929075dc1be;7817;Automotive;997424;2005-08-19
f1c7f29ae0980706ea2ca21b7e5cb953710043edc90011070c178ec1b8256ff1;4909;Life;791565;2009-01-03
00af81149cc562caa01e5553559a472ae93dafa457f9311d47d639ca6153ed38;5793;Automotive;44927;2016-02-24
fd242038f8a012f7f10adff0e68ae5e2c348d42e961d66ab9175f6bd180161f0;4539;Property;563128;2018-11-23
2508daacbbd4ad3fea73a5439af404ac03d81a4a1ce8b541f556f74e00bafa83;6025;Life;984335;2006-07-03
27a30531af3d8c213e0c927fb04ad8e71cf14038b7f47c5001b74b17d369c5a3;6292;Health;450247;2019-05-01
4bcfe0150cedb365e5e88a7795e8a23df25a324137ae7df360b482f67b14d8ce;4151;Property;150181;2023-05-20
0efd119a71c1241289d4c4683fba30fab02c9d15c154f8fb870f42dc8e5226f4;5720;Property;641981;2021-06-17
a5faf714dd3a306c5e08aaab58d512e83e9cd1d03a31d59e8ddc930b1c918498;1148;Automotive;159611;2022-08-19
0121073c655b7823b26f8d3ef149ee3f7b7a63cb63dac8d9da3fa1e083d1317e;8613;Life;333191;2005-06-27
bc93246d80011fc5c4c5582df96d300bce7dd7250a91a0eecf0ce0aa538d41b9;227;Life;620891;2014-01-17
a6d266f1f8af3e0eba72ad45302266a37729b76b46def9b084aed672891dd17f;3040;Automotive;900156;2023-02-12
6e83672778b6017e74c46b6439c3f0e050432be9c3521c015336193dd7526625;4098;Life;568236;2002-06-21
96bae792090c34b08120508c43fb40a989ac01833a10684741739fe16821b182;319;Health;324981;2014-01-23
0091b47ed6e4734e6bf8e957c93b101174101f1d19ec781b268377b938e0b0f0;4080;Property;854105;2012-03-16
e2e8460d8b19f0abc4b7e637dc1e5ab5c183483970305619292fda0db3e58cca;3800;Property;402929;2021-11-28
de60f7d6b0988afa7b536373c4c3194d7e30e28fa7d6c21949112a3e98a10442;1537;Life;396459;2021-09-15
f5a67fd569ca68fe2fbe0bf9925008ae5e4b755056f91413dbc872b2b6842d30;498;Life;224704;2013-12-09
14efc45575028d543f7d75007ddba0a84a79051ac2380b40f4f775c9ca1c03d3;9959;Health;698931;2017-05-02
2ef6b60b5818064ac1db36a802d6a098f945d3e93d804233f4ace4b56db0344f;1430;Property;634047;2018-04-17
e803f5dcc113d0ee8445cd3c2c150b19e2a2d89fb55da757a0d73ee62ba5c0b2;1030;Property;452093;2009-05-15
ea58f1ffd05a19a70b4b54772cdbb5a8c97cac622069afcd77292536b44a8cda;7332;Property;366426;2001-11-02
b0ea40e6a189a2d9a49ef7bd49ed017da8dde605540bea682ee2d1d03e3269ad;8520;Property;419434;2003-04-02
9982fffd96ce9b428dfd439e0dedbad8d51c9dff0f46393e49ba67fbee21fc70;8527;Property;202160;2015-08-21
fd3ec09e5c4ff98133707ac51eb65198ec8cc291d22803fdd6ea85c6ebcb77ae;7626;Automotive;500217;2008-02-03
4a257cf8e6bac38dcce8873c0c2e7e08768c492c4170400d205ea7430a2544c1;7081;Life;460741;2017-01-10
b0c048045c8fc56913b2d265c74083bb1599a76ba2ded240ee1bbe36b1bcb2b7;2950;Health;107034;2009-09-12
257deeac132a54685cf4aeb6c4a377706d211dec9064e7ffbff9d45732643e79;3621;Health;915835;2001-10-15
1c1676697678c11e123ba15b24c371f132d18d4f8243b4da21c8fa11adcdd88a;416;Automotive;803537;2012-07-27
9f3c087ecbe2f555fe80f95d380f345a156cede66948186c8cf449a0b31d4d39;7346;Automotive;41443;2020-01-19
63a71c7e8ce2ecfb64810fa1bb7c049bf88f8ba6dc3522c7d4edf75ede134515;9823;Automotive;274306;2006-07-22
fb05869cb3ba4fbcd008a6ceadf43ed6b401f24dbcf3de35a16fad8cc8f9f8ce;5075;Life;889146;2007-10-26
e58577e5e90195527cd20179b0374a91c86ba7c8674d58756499acb534016ffc;135;Life;985704;2004-10-21
162a0eb058c4cbb0ce120f5808f6d329707beee2660a53683a2abf4bcc635bee;9725;Property;326513;2023-03-04
e2f1795aac0fb7971058a1aba00b6f578c3843c4595e1ba4ad6fcc1bc792a424;1529;Health;873789;2001-07-15
728af3fcb70cf983722bd1a783e4ae6062eaffa93264a5ae3635dec78e0ca733;5488;Health;322522;2009-12-07
0c518e8a904cd95d75ef9132dd7ed64dc193c3e9dd227531ed40011bbc945857;8402;Automotive;463011;2000-09-15
dc019bed7fe00c302b09874916c18a0dbfa909f0b5d3452d3e948d8626f0e7f5;7995;Health;337194;2001-07-13
3170b1b3e8ee097c8429c052bdd43ce1df3859cab440fe43a9c2579a220af7be;1744;Health;680920;2023-03-21
5c7220ffc04c3f4f48da6eeec3dd86b3d8d397e89c68ff49a23f27e7548244b9;8816;Health;588805;2014-07-02
a5488e9e5798a8e5cb52b8ffd321d93f366ff9b12cb7ac3878e81618c81b504d;344;Life;366308;2012-06-01
ce37b8f42b212598f522c9a03cf4d1f2e2e0416df64571769f15c50de59f1be1;3964;Automotive;544794;2008-10-23
663628c1d77bba135071b7227ee31c2cc595feae547ee5054d14afe6296e3b45;1170;Health;937972;2006-12-07
8d67ed824cc64f5a579f92679210179f0c3c13da7f69e227a6e901da5874a865;8443;Health;94520;2015-09-08
2dbdaa9bd65e3d5d9e2a2bb9c56bc85063dd265b62525013b014bc80fabfada8;5000;Life;144829;2022-12-09
0542c80d4d8843a0561b8247c1c792fb42e7ad9a558780ae4daa8853e374dd3e;3023;Property;790675;2011-02-13
04ad74f3df50ceed4cc40129f667a47bfe4b1ac4f0283a4b0d65b328a1b708e0;3227;Property;629173;2009-04-04
e629bc06050340332a3fff37f3c2b4a47258431ba244fb39a562f805822d4619;5614;Health;583033;2000-09-04
21e433593c0d42062f9aa12be19ff0f1fc8447b32f497db12a94c6b4f455c39b;658;Life;71397;2000-05-04
f080d01177e97e6db11e3a55dd942599c0571adf73ba2af40f30216b6afa4eec;6251;Life;373672;2012-11-24
85633e1b172a3b6c4321d0b2636f0e0974994ef9ef813e8752f09b66835fb6c1;1133;Life;204829;2022-06-18
528e14083395d2cfb06eb072a6e91a37b5b1f61704fde39ef956b5a82720b0bb;7625;Automotive;79069;2015-06-12
545ffecea48578f82d7074dad6d018766272e32e9000ee91d5852bf67cad25a7;2854;Automotive;517409;2010-02-12
c94b5d36b424f4ef8a71829757a5ecc6bcf7bd696ffb9b205cc1994cf55584c6;296;Automotive;449904;2003-10-27
b089f7175dcb1df1e34b264baa055f34007f9397650aae10047442ba7520f36a;7507;Health;309685;2005-01-17
c239e112bdacdf6f45353f2a726cf72e0d41d45cb0e91b00363064dee08b5628;4961;Life;458818;2005-01-15
43f90c1100fbda016c30ff3a93279f9072c9dd288900cebc05353c08c1257d60;8217;Life;955680;2002-06-25
6d19dc10fcd057428fc2ae4457b722a4e8fdac72e30263109561e671e8f8386d;2982;Health;325449;2019-08-11
4509e4f0ce7265ce0774f35c6e219946b96da7bc36311a114f3042e9f6830e6c;8212;Life;15868;2015-06-24
81e3934dfdd1b11d82ef19c1f95f5269ccc7ad72d7464cd4945ed23d945648e6;5186;Property;426334;2012-02-07
77f3081ec2581b5dbc74e1044f69062a0453d80c566808aba0a960da17048511;3137;Health;397033;2003-12-12
5e15656da3a3bef6b5c5535cee44b5cea606151d840c68cbc417e14003018e27;5439;Property;641212;2010-06-17
ef9e5bb36baa24e4ce7a7c9d41344fbe69669970e071542bcca8dfaab82900b4;1924;Health;144292;2001-04-21
029efe4c3da5adc6aa6b6be2b106eb234f2691dbe6fc5f10cf372d3835d02b06;9755;Property;710756;2010-12-22
19ee7e7c3917511b48128fae778c38ba3b41fa6de08fc75e2defd32e7bed0e3f;9323;Property;7750;2020-05-03
61d47478ab8b9fd74c7c1f6749def4e5effa8317461e8fb35a8f0fd8c1543d84;515;Life;479622;2002-11-04
015d4a6c291639497eb624ec86c65476b3fd2f0dff2490516479069995c42a6f;4007;Property;947294;2011-05-18
b16b3b8419d8ac234ea689eeae0eac16f23a9a776cd87e4045f4785eeef97377;935;Property;231983;2012-03-25
a597be70c3f080ab29991ead11be4253859f95727cf99643c29744f94688e2eb;5715;Health;489579;2006-02-08
c2e3da2b5799c59f9863fdf61221b283fb88620fff90bd5c1bef066f65758e6f;2416;Life;160941;2006-06-21
b6bb3bb65cd14183a79ca951fd503f27a885cfffa192f00cc974aa2c0119efc3;242;Automotive;903782;2014-08-23
166083ccaab3f114204a53eec47571a46c73b7ca5200978147cbea24cefc7e79;8171;Property;717070;2021-05-11
84657ed2d4128779189ec818ae5999ed2992511689be075a75bd16c4dc55ef6f;4019;Automotive;545347;2012-12-27
ed8d1971414bf560412226f2d2070dca2126cd99ce8c283cc3521a5a9b10db60;3421;Health;694016;2003-09-05
64643db18bab0259cbb3a38f9eb98dd3d2c24aca3eca03dd529618fa92f3ca06;1151;Life;654087;2019-05-14
8ad447e93c647a63520a7de224a42d95588bb00ca121f59ea100410489629468;5223;Property;636221;2009-11-14
4b09087cb945a9de46a99006ab9dcd9ad6f31cf9346f5b6c26bb9f89f610ec7a;4331;Health;575582;2023-09-25
36ca4b9807d9cee418b7aae91ac78ca62e8192e3104f1f4ec612387010d3e20c;5929;Property;25805;2023-09-07
60172a3fb212dd3ea783239a82e7a9cc554f24483cad4716feac13269e7498a9;4359;Property;474360;2013-08-14
d619e2000676e0ac8ab25d51cbdfc99d5dc23d992b6a1ec91d4a6d5d45066cf3;2567;Health;232980;2023-11-12
984f0dfed4b786adf463ac28b6fa2604a8c3e5866cb472f7296b25e69cf060e1;2634;Property;868513;2000-11-15
98b81aca26543ae83c44f215a076815fba0be13b449bc503be5d06536895885a;6956;Health;489947;2015-11-19
40c94c55faa1615576ea9b9ce66bca9b4031a02f144add3da14bbf70a091e56d;6677;Automotive;959897;2014-07-28
f334a0f7c141def3cb8e6f782d54ae8c889dd04d37a551059f16e20109ab67f1;9597;Life;679026;2009-04-21
f01b5a99a3a1d00b78371f1cfa1542ca5da02a1b70295b808cc10abee8a926a2;4317;Life;454833;2022-10-09
492b66db2353cabce131aea5cd738b05bf768dac1185f73fa88d3e240a072452;3981;Life;427518;2023-04-19
2061157720cee642d63c008711384712d77027b0a04a74d60d3757cac84ff2ad;3621;Automotive;105328;2009-03-02
0e03c2f45eb75694a69ee822561af0d7797a6b9dc7e3016720e14bd3cd394dd0;8031;Life;637733;2012-04-25
3df8420c873ae716d17aca1dbb1d3c20113723cff48fae07876a908b9f4b57b4;8891;Health;434880;2021-05-01
358c088e74b4b419f1eafeda347501be8d57fd47535b81160971cb699e85dc85;9707;Automotive;715146;2005-02-27
906f89aa825e40969bf8ed6c51e4634b638c0782d37052aac66afbd7ba1dc46c;2866;Health;792373;2009-11-12
0fd4ea47fcd8b9ebfb6ac37f89b8ca04d79dee704358171ee0ea5493fa7098cd;1152;Health;537601;2018-02-11
4ef7c1c887db10e6ea61398fbb64a0185f0a4d1aceab4754334cc438fdce85e6;4674;Life;997756;2008-07-21
61a8fd4a9a54916fa11463053d73662333fe91fd24f88865420fb703b7fd85a3;9555;Property;298374;2011-01-17
2db69f32549b27b1972ec46fad551642c2c03771281e818921d32db74bbaebe8;5156;Automotive;655256;2001-12-12
38de792a296debbc2fa2835696334a07e0ba743ca0c0ae4530a1779fe6ef02d4;2354;Automotive;966426;2000-12-19
ce32baf39a8a2a38f07bf79958db61e4b091df5f22d310d60d1fcf60374a701b;7656;Health;896908;2014-01-16
a10ed1821dac4c5fc981aad48f755dc82f5048ddfa65f74ad30224d3085cfb8a;8808;Life;812466;2009-11-25
30521fe9b5614abdb07ca7352cb28c5949feed1fcc683d912c435e8de473151d;4318;Automotive;544418;2012-11-12
13b4c4a68d8d8acb4a1c0ed0e433082724979ac82aa723ba2996ed81cc6e5fb8;3005;Automotive;136525;2021-03-05
df92863f8a42d43a8a72409ca4bdb8bb0fb88b5cc6efdc72d853160abf86e7fe;4963;Life;570748;2018-06-08
465010dc6fb9c07ae84c943fde8f0b1b3f54da74a989e7efd10371ae75fa3d02;3985;Health;41956;2022-06-06
4fdc7c57f34d7889beedfeaa3534fec90a63e7ff75d29b629c9b421e33ef6430;7217;Automotive;530134;2020-01-14
7f699e4142c005d8d6c5cd04b35d1e2fc859ad1ac6b814c9c9866dd65f2e0610;2341;Automotive;722406;2022-10-07
ea2d7295c781884f01374cdd4bc28ec2f24ff7ff2f7b6fc9273c88c714f4fe31;3870;Life;361540;2018-03-05
b2863580bae0a6391f7a14f631e56ca7ad111a1344d5e9f44197f3b512090b53;5788;Health;860479;2009-10-15
a6f1537b145875c37612f7e2f8bccc6d94e854ec74e8737ddd9511414bd40f05;6987;Automotive;662106;2001-09-06
5a0343d11fedfc4ac65fbd44e4dd4ce02cbfef9dc06f27b88038eaa2f5f2f8b6;8902;Automotive;379567;2001-01-08
2bebb6701ea63cae878c02b6bba5c29c1983aa2141a4df060701fe4dce6fa9e4;4410;Life;866508;2017-10-24
b1bf49ffca7cf4d7be1a0dd1b91d087c48a46095d8b816dd88579e3b45ec3a26;5250;Health;809311;2021-03-13
4e8ca4e8f8101a600889a639290e49a1c171b86201c6592a44d492313f93f4d5;5785;Property;314878;2007-07-03
9b178d617b1bf06d3d753260b2093beaac877f87e90a70fe7927fc660bb53a01;6913;Life;219971;2023-02-22
168bb6acf3540f3f41df3dba557f0bcbcfc15b6fa0182d8000defcc7416a8d77;2265;Property;71186;2023-08-26
65daabb9b565da9aede5eacde814ecd2694ca24bf57ebd7c9302646dc4dd4276;3412;Automotive;827777;2008-02-08
7d8f1a07f80b7610d34265a084711fd103bc88e79407e6208c57c2bf462a47be;9898;Property;133495;2012-08-23
f0d263989693396483f97d7fd7576284f545151c3db2af6b5a5f0848cf9e3614;7269;Health;536945;2016-09-24
aeca331a77947ce5e1ff388da29e8aceeaed8d23f874272e3bfa09ef5a401a89;8727;Property;530374;2001-11-12
82bdb3cbad3f8ba0f929e6251b978babb047e006849b8460715647f5fb5ad561;7953;Property;201891;2002-03-23
b0014e12e05e91d38b4a168bc34f0db4086b72eca81e2d361e13d0e3e1a90c02;2210;Automotive;837869;2023-11-02
028c4e01833b603420eaa7a4eeba878c9e98b294720591c2965018cf9ebbdbfe;1285;Health;458394;2011-04-25
897373c373766546a71ef5541090a2dbbee5ed47b602320e7f6a7b767b20e6e3;5672;Property;435558;2019-12-08
d18ccb143d3202063aee178fd8302632c7b1e12ada3b510f8fcdaff4a75acb7e;7293;Health;91720;2004-02-09
52f993d8979cdf1dd88bdff3e67930cfa9077930fff1f0461e7dc1f0d00b453d;3461;Health;255251;2019-06-13
0a8e7d7d071d6f89d10ad8873ee2dc79ed12f354e78f109d6f5b003cf027fd76;5489;Life;187299;2023-07-16
0c93f2212e074edc9f4e76a05ab0512674ad000ac150452ab8bd317d512f3b35;1706;Automotive;614235;2000-04-04
8654eda4f66c4cb50a1499de3307314b444532e9d35fbbe03f6c793daa8247c3;4850;Automotive;614529;2018-03-23
226ba1f4da2838b6dd24917a654936f962c75bb84a88d71b1c1b13e6e966dea9;4127;Health;200060;2015-10-21
f570dd3904f567d80da8a2d702e558f30b0a09edcfe80fcb19d38e3ae5aec574;3682;Life;671191;2000-05-22
7c0f8513049d261e10dcbea70f2abe8213317f29d2c67265ce161638176e3c06;8350;Automotive;839895;2018-11-07
29e4280c6612b053359a19fe8cb28aa178f7ebd7bacbe648148bc57c1870b861;2169;Life;784944;2009-09-24
c898136220dd2d9895a094c0c7322fc0bd16d46da0c53521d1375214c9422357;8318;Automotive;526005;2016-08-04
1c1725185270e1311440293f49cea465abc3151ae807a94f8ad44d9aaca02aad;8823;Automotive;737889;2008-12-26
7cd9b68f7de53d2ec282c1896c8de874612c36eb42e0974416d2441f1ebc9ff0;6205;Health;847724;2002-01-18
760d3677f2bb03964572bdf3ba19fc69191974a1d66158a604aa66e01fcffe19;6870;Property;859067;2013-04-23
21e792fbc104a29f684371f9f80665ccc28e90a63d76502ed28ff8a945940a28;4453;Life;244260;2009-02-02
bb38d000ce04b7729b1ba3b289e4c738b233fc1ba631ca0b0f871febbb61de0a;1233;Property;692139;2018-10-12
987fd49aba51cfe1c8e68a5473932ce04e39433892116e8e87e2b4e81cc4c0d2;9854;Health;152078;2018-04-26
1ae877df5391514c9d2e8aba369173e6b6434b32d267f7431fef032477e52d58;1033;Life;672981;2008-08-21
32b2247f7cd57ea942cb95687283601e99b098ea93c6d153a9d344415d3b4b44;9342;Health;828759;2018-07-18
0a93f424b6840bff98d606fab4cb405ddbb5c9bcaa9c65c9aa141c3dbfebffa0;2110;Automotive;621226;2011-03-15
0539df5c93d2628ce75d723299306ebd616a7fbb46bc5491ef242250b4fdac14;5590;Health;545018;2018-01-04
bf61ae7970ba64b4b3cbbee297101f188583d1bfcc1773a74cf252cdc2bdf533;7990;Health;246361;2022-09-06
d9e6b47cb84c7f7330d7de7c4deffcf3c4b3f3e138f31443919ede0bff5f8f95;3286;Life;998047;2022-11-20
c1a73a1a25576a9fa1ce7c0f911a4d572a76a6c042eca806eb1996957b6d9919;6312;Health;756981;2023-06-11
d9ce40692c01a156f661fa5b5222892763256bd4486b352a737b4e034d71df39;9624;Life;845659;2009-04-24
2f07169f505190c80cb62a04dc75435f83bb131e30a7e32754cbcf540f78998d;8339;Health;946132;2009-04-20
7b02189d5d51c99385c1fc9f4e08383c796dc39b8ef28725b415413e3cea1611;3968;Health;836362;2016-07-21
41b13b3c408b55f92394d776e11ef26195d67ef559750dd0bda80f5e90e6b418;7474;Property;385865;2013-03-07
7b935bdeb3f3fdf767455e81449b3dcaa250b4c7a8f8a984fad464bed312a274;1446;Health;417930;2023-07-18
f10b095f08eedc5d9b922276eaa3be6f30e2bef9e8501c3008701f6ceeff9ea9;6519;Life;337238;2018-08-14
257813fcd8f8c9cdacfc8f864544c1b8cff13fabd59b69167407281ba307cb36;7674;Life;505741;2021-06-16
a63a0d300bedbf64f7679f2753181357d3a8dde95f324e7300a338c2db6ea1c2;7524;Property;103835;2011-04-25
2cb761ed9fbe1a040f6477e50d903cf92c4883233b043c07a3824e4c7e3e2753;2224;Health;563501;2012-01-04
ed0227bab4c6c63efd23c06007f322901b5dfbcd233ad366b5d554ad22dd2f53;6216;Automotive;160487;2013-03-07
146dc5ff4b961868e5f68ae5b1b190a991436d0e2c74d5650c61964a0f101d75;8669;Automotive;174184;2004-10-07
c5df7c11773ea7484e1581bca6dabdb030624aa09c04a19d9094bbe5c83d56b9;615;Life;171966;2003-02-11
0aeac179ec1b6615593fb22e0b92f3d884f467df972f076e6c1381c70a3b6fc7;597;Health;44156;2001-03-14
8f03d2b1853225b3915c89f3df9ca38f6f830c77f1ea692b0e3de1192865457f;6099;Health;359713;2019-04-25
05620d6730d651e89270f82a678a9eb9f70bc1bc37085be4d22636d65d1e2ee6;452;Health;268151;2022-01-02
bb508289e3977b771448b77f067024701e5cc59cc9aabd4dbcfd2ec9ad83caa8;490;Health;220921;2019-01-10
61227c09c012cfc9ff56d3ddb7b54c254b8d5f227db3f652efb4de0cc4badbb2;7677;Life;564584;2011-05-27
17f804c8060fabec7caf0d108e9c3d011005caa56204d94cdb769b2df4d55e7b;9774;Health;747347;2015-03-25
1ff367c7cc515f372ebcfbe0bd896f24724280c5bda19b2825ca467e1f7a0a1e;4509;Life;645593;2017-11-12
b68f2f1e61b4ca2b61f69399fd2a2c5354bc540c4d6f520b1cac6ece710825a4;9016;Property;805259;2018-11-08
f582e0b567beac9f120939a4903f22d9a68dc5c8b5f88f7383aa35b77b3934fe;7058;Health;542752;2005-10-21
1d04afe70a9565c5534ee7b0698bb10fae6a093a321fbf2e0e82372373875264;6632;Health;933062;2022-11-25
57f35c66bfe218c9fe9a414103eedf8d8d62425ef7a59c066f48bdd56a5b9d2d;530;Automotive;803193;2011-02-23
f4f01ae3507f3bc217f035ccc1656ab9520a5f2f20fb704d1ac2b0cc69f7e713;3482;Health;807764;2003-05-08
2e6fd5d652cb3e5a6ceda44e113862a6606c9a2db4d5242faa398c7b9df30489;1266;Life;329745;2019-01-08
57605a82bd8fbf077f6bd06bb92e8e3ef55c76800965e7431a7816fa50492e7d;501;Health;278624;2006-01-08
a7a7785dcd46784bf2e6faf82ed8a6238fb3dcebdbb2b44c3b04a19302278ae5;7003;Automotive;37543;2022-02-07
e29cc82ee4aa2a48db4ae00200dae9a05e811181cbd53c99640e7b6ce3648506;9477;Health;87480;2010-12-10
4c0dd351cbcb46a44bacca9c1d0de2ee9d2afc41965c154ced0f4afd35ae2cee;1089;Property;570738;2000-08-18
b95c09e31290c31ee2611c16b0c94c5d86c8782d15c7ae7845300e1539662217;4371;Health;695369;2016-10-25
aa32aa94c44248fe9e4041f25931c5fc75db5a3986d7be5c4e140231df0f044a;4702;Automotive;491394;2018-03-07
b8f9f6c262a49e639eeef6e3598a06e4881ee35fd800ef339465a2ab14d74b72;781;Automotive;616292;2008-07-15
364fd195b3c39c59f799ee4770a69524cb87515bf9ea47b1435e965c87be53e3;2569;Property;890313;2000-12-22
a406333980e46bfd7e4ae47c18340ac5b2fd1e57dcef0fdef0ab1d76742b5f60;1868;Property;246083;2006-04-04
5c753d3a75b673544e94b10b7a7ce416f32fe8821bcc1273105f8fbbdc124c3b;1174;Life;813503;2023-01-17
d85e0f55621f7432dc3e56cea5a591d9d73301348141bb6378a8ac5e7a623272;7047;Health;431161;2006-12-27
c9f882183a74a0f522bb5773bb9c36dd55d109d84a6af983a8a3e3880c632e67;2330;Life;211666;2012-11-17
d986341eebc0f2f4d9e17054d70c7d196083674433b4ae95bf07ac98669a1352;9375;Property;180895;2007-10-10
59434b0a6325a789512b648ba43db3c95e2a198796554a5bbdd906e384a00c12;7030;Health;234961;2009-08-10
21faf3727823f35f961e1c0d95f6e6cb3ddbea1fb9261b1b2f5b58564c026a92;4615;Health;172432;2005-02-19
ccb007fe3fad4bc0a43437606a596ab67bceaa47a735375b8cc64400e08cf8f8;9655;Property;404914;2003-07-09
7ec2d01350444149f9a821854f7a5941003846613a331c00fecc7dae8a6ce550;3681;Health;952025;2015-07-12
b4b57bfb09e1a65b70fbb087bb218d4d2058a4e60146c36e1c73acc625b05df8;4598;Automotive;812522;2011-06-15
c5cd8fcb4a605aa7366cc2753d2cb86f001d57ac678cd9fd27529f08a95054a3;3543;Health;497266;2002-12-11
e8b4553163a6c9b309d299e5dccbeb9faa50ecf030841239bd3e42d7e00a4ef2;8219;Automotive;661499;2010-04-07
b09a2744367c1acbbbe26232cacaaafaa341ca67ab18c1d47a62eea267d2df6e;5766;Property;883764;2003-12-02
894d6c670c052c7aa4fe6b44639e795ad5fdf075b023fab4a16fe8f65cb6c01b;2199;Automotive;140735;2004-12-05
cbaa6c029943d7420eda1a798c241742020f91cbbe2705a6b0b29bd4d907076c;6549;Life;848560;2013-04-18
8a920cd03d0bcfa350d635d0393cfb40d623d819f11c22a05c88d2b1f81721d6;3238;Automotive;862605;2001-04-15
b9c12b56bb6a79765235f2e32b3661361c44784d73eb50c2898ef6523a371815;3019;Automotive;577952;2021-02-19
455dea3ad53c9545b57feda21f47da04ec928915552c652aa07e3cb9d6e5715b;2128;Health;535479;2007-11-20
ff5f53d5425a330f32848c23bec42c6bd70e97cfbcf16e5dbc436ec414670e0d;5644;Health;296887;2004-10-10
ca9bd2f976c3546713c4667c6634cb150d54235d7f14de13e48a4d88343ddbbf;1408;Automotive;53692;2018-08-06
5274222c05c48d6808813025e241cb2d4b5453accfae830705d5ac27058e7b8c;6631;Life;453044;2005-10-06
e8d264ce0a6831a5f278f9a120d9385b5ec04f152c74d38b8b0c78777b93ca30;3880;Property;81029;2022-01-12
43a7afe8a6f54aca1ae301af766e62aeaceae61a0dc7f69e816a47f275c190a5;6407;Health;417066;2014-10-01
11af41b3836df8baa40438ef30fb7e3cd610cedbac881d6f17342a6a778ddd49;5170;Property;978982;2003-01-07
a1062b1c08f8bbe2fed4115e80bc11f618527bebbd52bfe5561e18d6fc730f81;371;Life;958643;2022-08-25
697ed5ab0b00b38059d1e5fcdf6afabadd30c46b828770cb531d64cf2e383a24;1146;Property;616424;2010-03-16
87d48581b550515ddb2a5781f7bc05c09f3d484752c46bf63e30756a08fc3bc7;1683;Health;762138;2018-02-07
a19aaad9018342a3d9debd266b41ab7d94edd0a7336fa1c149110e8d88e94a9a;1559;Automotive;425840;2017-11-14
5e7c85062f6eacc0aac0d8cabc7872ccaf37a8b356461262f582b0321d98fa3f;5685;Property;830447;2006-11-07
fb200ebdbb9e458a78504613dbe970c110b59cfc4d3e3ed0eca8c9ffe17feacb;9435;Property;223011;2008-07-16
a539d85c268133dcc78681977490908084be399626e1118ab0c9ea30398cae9d;1531;Health;757240;2021-06-11
b21f21d015aec700f644a657632e87fd77c9f8c58889e5cf5b700a0c3b7dd086;6418;Health;494170;2000-12-28
3cf74c3432a7fa9a973f4cbc567310e7ad5506e8c2ec10da973ea134a9e3df2e;8491;Property;249140;2018-04-17
c4ec7c5ef2e770b4fa64db5c68b997887b344148a7dfd5c4ad7b9ed9413c3c21;628;Property;546102;2008-08-24
5eeb527b1444f4df52ff5d0e053920c9fcf8369afea93975aa593a18faf0d7ca;1707;Property;151633;2011-08-16
77dbf73ea639db3503dc6695d051114688821f61404796a0cf6fcc88ec6e4e07;2458;Life;225401;2001-11-12
990c72af137cab445a4cb0f67ccf5f477372590e7b32709356486fee53e890ec;7173;Automotive;156269;2011-05-15
3e7918f3149586849a1026b8417f224c8bbf9f19c76f5922ffed7f3be7c0cbc7;8167;Property;447703;2020-06-05
97e1d3919bf42e6dd8c5909986d95be48dbdc04d95a01bafb390cccfc1790920;1723;Property;799460;2021-01-01
cd784c5a02341ccef1a510f92e4c8a7257e94c96b63e5faf8e4e9c31d4db09c2;6204;Life;552573;2014-05-25
b3d3a78a20510091cb9f78e520ae3b0e763eebecd1d707f72244599bcf294d50;5809;Automotive;419706;2022-06-23
db5c4b4ba476ca521e1d6f14a3a3dd08829a87c62ecbbb0d2104fe1749e7dab9;5915;Property;155133;2018-03-20
4a561a4b959f632ac6b0dba3191c2b325e5e089886c01e0d574fd84d3fd0f995;8287;Life;262903;2015-12-26
91db7c7deb8f3b6cb73f03c48948a25c8de5782bba3981f16d0661a2ebfc9466;8169;Life;167216;2001-05-17
45240602aa89f83bbbbdf286ad1d9e898f0b9d819729c96058be008159d2754c;5984;Life;883587;2005-03-07
a7d3aeb3e663f439a7defe90f8e190ebb1135793521cc8425d692806d26dba24;3926;Life;479220;2019-09-21
9dc75d4a1789565d8a2ac7b504146bba8dfe3ab7f1a96c111193804c3a070aa6;5084;Life;885800;2008-06-26
ef7052ac0e1ed85ac5743b846bc36873158aa3a145f03d164056f3720926a75f;4219;Automotive;695804;2003-06-28
6ea60b46eb95e46d88cb8bfc7045b9d1c1fb99e6901e159f4e833b5e3bca39a1;2471;Automotive;212973;2003-03-18
fb040d3a98c68f92066a05735e7e54a64932e81e38d1b7bd5b90f452fba9dff1;9914;Life;721868;2010-08-17
de4eb8197e41ff7560f4ef60526eeedc0828952dd1e9000b790e6222d1d0de4f;9155;Health;725288;2020-01-28
815b21d0235b8fa7611db9edcc85f1010d8d15d217a19ec6c71f23f4c03feebb;2788;Life;439506;2009-07-12
61aef8d53420a5cbf47ac297d2c30c037b228e211bb1bf9b723857a758abe134;4710;Health;542782;2002-12-15
60bd5945902ba88f4e068c9151aa87c94ecb1e7f657b67b63904e6257ac7ca4b;9520;Health;966576;2004-09-11
14327be58ab16415e63f947b72812e74a348ac10095b4a9c344048f8f7182856;2059;Automotive;10757;2009-07-04
db8e5f651674fb08bf93a0310f35dc06c1479b4641d119bc4efd27e3e32dac20;9265;Life;756107;2006-08-13
db93638a5b51ea426993d5b1ff8ec3a8f0d621fa08f826db2f0e531046fb426e;3377;Health;762455;2007-01-18
6daa02f20c2c8f4e965d3c741ac4f143b8b17627df5a7a383564a618c81378a7;4119;Life;616826;2000-04-16
e4e751f85129be3ea39e6eb5e1691cb55df50abec85e47a1ff929fb2e967879b;9349;Health;234029;2013-03-18
18c1034a8384e63fd813a92c4c0e578fac016e991704c9fa0c8b5f50e2f3dba2;7162;Property;265260;2021-10-05
564c173625d3448e487f14ab0df519c9e61f6194b39ae2efffd1ab8e0dd25a5b;8489;Property;532513;2021-04-06
e56f9f0475b4b2353adc347da3382158343ae365a2ee49c6eee0d18d3e42b7eb;6196;Life;211844;2011-05-16
9c8cdc60024886f10c8e3a3240c29d4831c016e21e024b0d66fcd2950004a83b;9317;Life;287455;2012-07-27
df07606ba9afe53b2d9da4e7ce5ca1e26ba61c949de2c8d2df06e7d4494311ba;1386;Health;122052;2005-06-17
b9ca52b9cbe31142e0703e5710a9f8a7e768a51896d83e896e84991a0ea6527e;6889;Health;505603;2019-06-04
522c7c5ba1facb7ab29a5ac65f115d15c9a5d6c16629a5f25597cd7b599e9b7e;6822;Health;829511;2014-10-23
244dbcb4fc9e7afac5163492b1d34aa9f2f52984753bf8debeb4663ee0f086a8;6021;Health;889775;2005-10-11
a683224c4827bb2d81c982b8a75c5b25519532336f8e5dddee354f636886fea0;757;Property;679590;2020-03-24
b616e397fc129ee456979e914a55f87f559238735553293b723a77667f549b07;8024;Property;966989;2012-10-12
927d9ba7a4165e80149688fe2c2c7cba1e62fe1fb14773b5fdefcdf5f9cae8e3;5172;Health;247031;2000-03-01
ae1ca1827b6e2e162cf91622036549c9b78dfcce6b23f3b212be9747bf777e1c;9646;Automotive;120505;2002-09-14
2df2a0dca6a13af0eb4e2abf33773f75af9a422c3fd0ba037abfc6e210384da3;5447;Property;892215;2008-03-07
c801adbe80aca97b8b04742bffa47619332a2c25df821077e416080a38b8308c;765;Property;112926;2018-05-05
9aa88f5a07cb35fa3bf528677f8f5d61450752a28caee3022cf3a5dbd2df2601;2383;Automotive;594639;2003-01-28
df9c873e67a2e3b4a1d92545131fcb519f59223756730210c6e2b16df8e6b4c1;7271;Automotive;849717;2011-10-22
e80c4b4ab3042ee975f61e25fb6a6f07b0db843eb5feddd14ce76fc6994b5520;3303;Health;131916;2008-06-17
e2f173625a2a20745b85dc88d322ed5e1043c352029cbc8b8af368d670ad08d2;703;Health;166398;2000-06-11
f3353607b756e3e22170602f234cb5c96a42d4c5d05f4af4024382096ad7a8e3;8636;Automotive;808947;2020-09-02
91b309305e9c19fa2584a2439b0eae0c5b6bc131435d60465d88253a2be35e3c;1067;Life;279082;2016-04-10
d0c10285fbf5fe76308aff5443c79cb2876f30848a07fe5c2200754f0daf4373;6846;Automotive;103718;2002-05-03
acf67dcdcdde8db9e1a847941b8d2f8509c2c3c3e5ed7d6c853cf86d18d1cca1;1857;Automotive;595012;2005-07-23
09a264a693e4c893c29d34dec0b003891871b9fed1d602fbac7aeb0b473a5724;9951;Life;258047;2016-01-02
959bee35858c1320fc754be8a3f5ea8e1caf4bc590c54cf62dadefb26dc3c20c;8260;Automotive;976255;2023-07-03
79da93167ca8ead137bbe1993dbc9f10fae3302fbc241bc3ceb878dac9d6e7d1;9119;Property;484841;2020-04-02
b53666cf250ddca6a355dc1bc69d13b4b3dcf4a93c3dd73035e780a92c127226;4949;Life;985598;2003-09-13
b9e2a86391a9f6108a535312d34a036af788be126d7babb9c65f35effdbc218f;39;Property;306821;2006-09-26
dfbbb15911e363bf839d62714f4f6899b6b57da34d8eefd5ca92e09cdc2d7bc5;5086;Property;528495;2009-05-14
f94a9b202cb57b9e88aaf7da66e7ce745d5dfcbeb70b5f7504a1cd69fdf128fc;5664;Life;951998;2012-05-19
252e0e885b6a11d8cd5c470e63e345e3a82c172c021271ed2e9823450c775a91;5982;Health;171484;2007-12-02
99bbb01c0903ced5acae9bfffdf70ccba584878d21c77832eeaa28ebb3cba46d;8673;Property;181031;2010-12-05
01730ce7e633252b43cd0d22c3eb321b61855fcc6a408a223134ce8582596075;1804;Life;101127;2014-01-13
72990fd16eda01f890712909400fedefed761e8409693fbff7cfe0b3adb2e4d9;3725;Health;160442;2022-09-14
e4e9a561bb5a9113b1fb14ac8aab9723ce44c7b7b5dd0b76a2e53e7b42b1cbdd;4295;Health;544641;2001-04-13
aab295efb8e1aa2f96a8b674ceacffa1815daf377c233c8fd35c358bc180c6e3;8102;Automotive;80743;2008-03-26
d1ad9b6582717cf9c940ebb474b26b94bdcc90b1acc2cb13886b1d9b33e1d9c6;4579;Health;145775;2005-06-18
401e677c9a88abf6a3897ea3d8a3f443c71508b67868fda165bcbdc205491d20;1136;Property;278723;2021-04-12
db8c0d922fa578bbf97432fe198971197342bf9294146d483cd77a5218997edb;2679;Health;206608;2003-03-26
1984b545251f8bfb58a4fc379b69a969196f9c6a2bed8ab220ab4ace8443cea0;7174;Automotive;745184;2010-09-10
2885803ec5942d545356f5d29439ae2187e5e87d4a769091073f15539818e9cb;6235;Property;954117;2021-06-19
018fc2a8a3df900921474f2339dce86c7361132d943950d55b0508b99463c1b1;1980;Life;362856;2012-09-26
dbd59906f0f058774903476efa56267bfdde626f6a6edade81309fd2e745d07a;5386;Health;99780;2007-11-24
e47985df561ba29c271f768e7b0f6f6ef74c626f489079aa94aa5c7b1dbcb36a;8989;Health;950669;2022-12-08
d1e800d15bcce96a37d52f44d0d837c51876144cce89aa9c7dbd23ba630cbf25;7959;Automotive;983257;2000-05-14
52b554e86874f132422331db13c7d44aa014a2c0eb1c18f8c8b66013f116d406;9540;Property;710200;2018-12-19
6f622d46bb6af5f59abcaa1383805924da8b531116e5cbedcc25802bcfdd8a39;4770;Health;207216;2023-07-18
917dfe692eba9e0286c10ea84159399f9428b69a4b0442b98f3a7d5c76d6268a;3636;Property;231472;2011-01-15
4cd2397c06cadab39e872cb0b3cebc482ffa2082af0191c41e927d2de78f2545;9225;Life;422441;2010-04-26
2b42a44a47f3d3c0ee971e9393960490406e733246153869f2920413496b374b;6392;Automotive;368412;2003-02-16
df0a330552c05ac3a6f5f55b549ba2f9aa4987e4708245620e1d072c97286895;5312;Life;163198;2019-06-02
ff11db15410f5beb847a9bfecbb467bc9c3dc51798956d0ed5c381eead2f4acb;4029;Property;931540;2015-07-05
72c3b8aedca414e85a63f1b58a23ff0e7ed25d418b75f7daa85e33c0ace0f7c9;3682;Health;978567;2007-04-07
b82eb3544c02839f6c6148e16fde23d4bdef6f41dcb43c5381e7df5f0033733a;660;Property;777524;2015-09-16
d09387cc9378b69fa75918f2d02f980b14a19e6bfac5a6643b7e1f7e709cda36;2871;Health;294725;2010-11-16
7074244355d57e75b311689fa8431e6d303613a4f0b471620cb78fec1986f34e;7491;Automotive;171878;2018-05-18
cc348318a6a0701c1cbacedbe8ffec5845e1b9110c50c8e0e8778fd1d5080217;5516;Property;925306;2010-05-04
9e498ef30cfa396d7f04d66103915859bf25b734e06d76a65c7edaa4ad383641;5244;Health;201472;2008-10-15
95c1b3cbc25b70d06fc22eb50d5244a87a446d651e9a8a10e130de1173286a5f;3131;Life;986709;2007-08-01
25db764e74bdccfaf5d388e2d7f28d5632cd860ce561bc45e7bc09609f1a57ba;7078;Property;7766;2017-10-02
a39339feb7ca3c2d102af0f0bd9ea8d326021ed718c7da4f426acdf0dd510874;9495;Life;104123;2002-04-10
a8c1f7dfab92e2cac378ec20889c136e4f12ca0c16b1611ed644da39aecc6c8c;1375;Property;812269;2022-01-03
da55d30bc83fdaee3ee013ccdca42f5cca947155c38cce69c1ec0ae9fa74dfec;7135;Life;244383;2022-03-01
e418dff136f467dc0de27fdcb1b74fef311cbcbbb893482eadec3ec0b71c37e4;3810;Life;888159;2023-02-24
a663be1100d2a2f2603522d6c710b6bfb6a425d0e2e4daec047570d6b4f680d8;8798;Health;654268;2001-08-28
939a7e0967c3d0cbc5402b7a2c53a4f2b8588b322b3fa68bbf349f07fea7ee69;8974;Health;816531;2004-01-02
1ccd1e3bc8986bbf822ab1d5e19e3a9812e842b4af3088a3c1171100cde165aa;5188;Property;559210;2019-01-06
221a0009cffc014bde353556938833504b33ee1cfff0b3fff4cd53e93196b2d3;5266;Health;68389;2010-03-22
5f6345a2a7fdd5091d988ee9b8268ce47e0c1c097717238aea90c85335cd32e0;8349;Property;507926;2016-09-02
2a553f2f3bf915869b8fb68837e28fba1dad3a3c78072919986d8ca3a51facee;7064;Automotive;118665;2017-12-21
80e8f7fc915b9fc290f8dc8cbcd8de6bbc86c8f275401ad2f9963adaf50c37cc;7375;Property;306746;2008-03-27
a35915b6ea9812381f3e50f694b8853d5d893f3719c8ca35aafa8b27a68afd42;4669;Life;368362;2005-02-25
ccc0148030e1c37a9d90914ad71549e8760d76e4f12db52de8a2a94545a3fb61;2047;Property;44063;2014-10-10
f568e4ccd8a3941157361ed43f5fb5380966affadbcbdfa7657eec6cf506d59c;4465;Health;4557;2016-02-10
88aa7c6a31a2cd0868e095e1bc1d32db58aa90ca8cac4e88d53f737af42309bb;3062;Health;383853;2018-10-11
54222ab1c5f411e8d4f810fe7885a37875dbf2a4652b24d9d2f7e4a124fa5761;8851;Automotive;76851;2002-08-03
9968656313437c792e4d3c5bf7e1b7f7f420a086643f116eadcd8fde3ff3b488;403;Life;752905;2012-06-06
3173003df8dc1cf5f723c3045628aab25f35ac8a35c9436e6cdb41bdf9aeb5af;3340;Automotive;128403;2018-12-16
29f34abc8a32ebf27bf17bfca5130a64963fed16f26b74275c69ca74deed1140;2039;Property;890451;2020-06-05
51d4a5f4d08bdf1a9d2f7ee5d39e45b64e42228420fb6bbb5c069e668b063ec0;9831;Health;348455;2001-01-04
cffda54368708d72fc86a93330a602599260aa3858cf1f4ad44023579ecad23e;5044;Health;192021;2016-10-22
dd8f9515da3864cb017c6981663690cceb1172688836d0245708c327c2cac352;9144;Health;255040;2020-02-03
d70ae13c4dfbc0c9db9d9e4e414463ed79b8cfb9b122b8f3ed0b66a0c0d290a9;7035;Automotive;52924;2017-08-08
c59c3dfccaad11af16dc42cbca12a4465a955f1f0dbfbce69a1a4063bbe802e4;8943;Health;160848;2000-05-27
c2783b855b93d3ad60685d87672d06b588f5d27f52f49284e44839dfbeaf0d2f;7521;Health;440837;2000-03-06
b8b521285c760fb039b3ab46fac32b812d5f3084b4277c578eb09ce7143734f6;3115;Automotive;736193;2016-02-13
41579772dfca87f724c82e446847f827134d12eac05c73aede163fd4da3a588e;3049;Health;286103;2012-04-11
011a79e8fa83bd10bdd206154fdfe635f0fc0a9a18d80bd96a9576ff2836c3fa;6462;Automotive;328750;2016-08-03
83a05ed422c718f615ecc0dc21f712a023fd98fc0d553455d7019022f7e1d5f8;9470;Property;814948;2016-06-22
e4bf9aa828fe35f4345d4a9bcb97de1e72268a6b191866c3c16a53a80dc82ef5;4500;Health;713054;2018-11-02
330073f1c91efaa3402c9fa5daf32d0aae6408fd154600d7256144aa7b5baa9e;4053;Life;951914;2003-09-10
5d32addfb83d5b2bd8500eef107f6d09a86d1242eeac70344a7e2994ce0d4583;4590;Property;762967;2018-04-07
d8589a1229468683399c583361883a28ed3d0456b6de40fb9e132e5e1619cc34;1849;Life;568663;2010-09-20
d77aa43cceafa8effbd3a376ec9a557f0d6f408548c6483d496eb1669db069cd;4716;Life;844002;2019-12-04
0c5a8e0c810070209563fddb30c31a249995c116c885787e45e4538b21d0bae5;3726;Life;383257;2011-08-08
16ecaa7763ba6a79c4a72d9375be5e7b7a098ae88b774f8fe1721aa94a98b43d;6759;Health;447669;2002-11-12
2f5afca0082a10ddbaca4e17c542986c1498b724f4dde6d063478ed2c7b65e7a;7872;Health;383390;2004-05-28
ad90e22acc270fe34bb3bfc84a1a6ab2a4324c480da3bf3cfc8a2c14e09e6baf;9280;Health;650065;2016-01-25
0264d0db03d5b2529f6fe5966d01bd59a52654a57a1b0eaf4c9a10bdf1c14a05;4972;Automotive;277973;2005-11-16
7761738af59420b8447f868e522d67729aecd8e68596d64013c809dcd72e35f6;8313;Automotive;869240;2005-07-17
722b183bb47adcefe79c4819e88c54c79db0beaa09b0e5911cf53d2c04fc48df;988;Life;262046;2016-07-22
eb854b1e1e1644ebc114a91815b4ceb5daf0d449bb2169915866886c0945414c;7492;Automotive;865051;2013-06-17
10e7caaa6a70db0e567c330e58892971561fa07cdaf23dd483e57bf97457cf2c;2895;Life;585497;2017-10-24
38edcf146d32bf49c6771702734e083da4dbf2198bb4b2fdc30027efa4ec2f66;2752;Life;179283;2002-06-08
0c087d429d1886e6693dedd7e2b2c381e08f6fd61edbaf623cd0db7cba974ee6;9370;Property;635002;2016-09-08
988a1665011771aa5d21fbb723415ae648b4e20b135bb1567d3200e061e14a9d;421;Property;790633;2020-09-16
7c2ed31cb5aeaf320f5b8b83eb67411e59d0a155ae46e8396b32677e5fc7f99a;8812;Health;288588;2005-11-14
392fa3582ae7af3ba526f550304d4462dd471e3d142948e00f9a8103c8cc4de0;4439;Health;700637;2012-07-13
6509e3dc77f1c0f2ca5f8d3acfc4180a8ec39e0049760c58214063be09510c69;1019;Life;905722;2001-08-11
62d5d05b327e142682bf6f1d1e1cc24c689e722b51e55d58afcff404c5559a5c;1424;Life;52202;2023-12-09
925aedf80f856e082697218837781bd5e7d3d287ecb7cac27430902d85dae15f;5059;Property;133901;2009-11-19
4e2d88e44b197409e6e9764c1db93ce1e0ee7b900ec8c33c0a88803905201ff6;7414;Life;957839;2003-10-26
b8b115138621838f175bc9ce906d10e77c2e2b2863209ba647b02e62f4959dc4;7919;Health;953851;2009-10-06
b7e483e4c352be50ca87d2e0ef52699b7708f20e6d5137acc546b384d8c78f76;1812;Life;451512;2003-06-22
2e3c3672d2b4dd15fb7474086b48892c0b8b6b20897c02677c55e35cba8308e3;383;Automotive;22903;2001-04-06
70de8b92754ea118a9a54757ae74a33c17999e702c1f13cf920b95b5a41919bd;3828;Property;502108;2022-01-24
c97c83f3541d34d95c1e584ee0b4bed3c9a880112bb432a50b5d149b5a3a6e9a;6704;Life;495301;2018-01-04
57301eff244790f2f41a2e93a3f65b2f93fd54f7cc6b088648cd129a9dd8d383;4334;Property;354673;2018-06-09
29dd062fc7b4529d67c0727ec7c49ef28b19dae070bb28e204e02fe6000ee201;9289;Life;99492;2006-03-25
7397286e2b689da9d35f533ffd2e7fa61fbc1738221a8d2df0afe19f6b5efc92;9464;Health;591910;2007-10-20
acfff81fb74ab603e604d46cdea7ab3d0e3831ed6eae00ef22404546b79ee48e;3972;Health;55916;2000-04-08
effadc1011a405353bdc9b107fcffb5e60d1d59d3e801145567999d4456bd475;1333;Property;641796;2010-04-10
31f68cdbbb4f2c5651627ad4628af42bedcc5440b1613be6d7fda26466edb4ab;7720;Health;563818;2000-10-09
f4e0586072825de10ad139f7d22745c654879ba0659fbb7a51d28de51937bfa5;8428;Property;652882;2003-09-08
59c602ea7313f0f1e48d02c97cebf708d00eb1a4b26b21135390583ab9c82110;6381;Health;52932;2014-05-09
4c6dfd21111f84d164bc15473e3efa209782317f3b656eb130ed4180c96f1b21;7805;Property;951292;2004-07-20
a030e3ac9fe37a5a47c0317dd35f0dc92b5f4b1d424499d7abac8d63002a8223;1724;Automotive;569723;2006-07-24
84ee6e62eb383a7d13ba3dbc56534e28c3cefc6becf77e265e25ba0498e9652c;2210;Automotive;182422;2014-06-22
f1dec597c0aed01141454a51165723bc5db103fc10dc3ab5a9c96d2bb92312d3;495;Life;343898;2001-11-25
014de7c73accbe9b875cba7dc5ade869cf0e49547f0393a3603788a925e9940d;8111;Life;930660;2000-06-06
bca4edffc3e9fa2ca663c7fcb7019dce989adfbb71114f308c7ca61e5284402e;6946;Health;179616;2020-03-22
408d969c320175d19729ff45a1e503681c50af6a238bc484e5961bc15d3d83b4;6956;Automotive;411093;2002-12-02
2213a06e1afa2d1e9e909d8835db33ebe5331a772ea7397103c4855b85259d5f;5134;Automotive;232258;2023-11-28
8696b611ea5bae1e11f815be5409071c193ba120f886539f31b5042417100776;6204;Automotive;867514;2004-10-26
039206d0bc4372ea9c6b75e7fc2c7504fa2bc72d7076f4d360417e2a339f8c88;2693;Property;918881;2013-09-20
4f7001d68c414daf3de60d007f6539bed2a8e88d8c16b4fbbbe948317e915163;2955;Life;362145;2020-11-23
0a4e3080c7afc4680dd697683779c48adfe895b33cfdd2c08905040922a13c26;5415;Life;812583;2021-05-16
4abf6b5c10dca3227a916391aad1be01ac7ec9d8b77997475c1cdb41362e88e9;5311;Automotive;101997;2021-08-17
49617ca2f205e2992944001bac9c4fb5fcc66a6a0b5ebd2ea2d3593508965014;2867;Property;349369;2017-02-03
ec2cf15e28e4bb20ebb76b4800c4b166a06d90aeb5f5b3a5e79ca0feacccd20b;8036;Property;505116;2013-07-18
e10c5e20c73ffab33dc1a774a991137f6ec8cf87b92291d150e2b241d74ab6f0;9120;Health;492585;2001-09-27
0962e23c22b9cdfd8ede727b286d029c1c4f6b28fdd88a008f3076aa4c07fd3b;1974;Automotive;766644;2012-02-26
a27592ec91587f3554fabce59dd2815d75a800455f02009454158b9ae2d987cf;2006;Life;267312;2017-02-19
0dbd7d6c2b3ba01275406e13362b36cdc44a23301bd1fa3df5945414a8103f28;5250;Property;492649;2007-09-04
fd75e1511eca7579bf6ba44e108afaabbb9ef2deeb862f11a7fa5f3d20906509;6674;Property;375404;2019-03-24
3ff7997d4bb19766d35403f893ce865d0790f592d5c527b578228a0bca04d471;8172;Life;597875;2011-03-21
874522f2fdd39f3da394bb2748ce0ab03df5ed077c50ea85255bd9f414ca92f4;2980;Property;866870;2011-12-04
7a1b2975b4deae449efa774891178e53c7da8b6815ca3f66b24baef8bbf0a0d8;193;Life;106894;2000-03-16
90cdcf313160ec30a635b85c0495ad6e1a733ab345dad73426be5a521d8c7eda;5729;Life;272960;2012-07-28
e1d067722d45c6094f2522a07cf79f8a5311bba9f2e61dbaeee690b86f47c304;388;Health;497299;2013-04-02
1d8d9917fb9c06fe6a22fd2fad1896c8d529c7decf0c657f6ac473a512f5028e;6965;Health;728956;2007-07-02
5374038551a6f6b043fbe06a2565a023847e67f7e0e9b3b40c2d37d516a852d6;4573;Health;782131;2010-06-01
1ec427cb243ae2b2432a34afd8396066260ea52b4a42e5b1516c3da9077e0348;4910;Automotive;192372;2003-01-27
a5194a3d6f7bcbed3aa6432c57cb1dc1b621735e3a976caad2404675d6bbef55;6445;Life;486672;2004-11-10
d2dbc3cec6aede1c82a73ff5507dc85be17f32bc2a535e809c49424cff49c08c;178;Property;594772;2022-12-03
e1a34e3c125232d948b861863a5682080d15c062e9202b0ba63644c85a4d342e;6576;Health;397696;2004-10-04
26ea08c58f9bdcd60bf454f7c23c01e2462dae4c0ef56af5c4471e602afee827;9484;Life;707958;2007-04-07
1634c920a0e7c9af77854612abedcc964eec051ea0ebf3f67424d5a925f0a884;8546;Automotive;909946;2005-02-17
21e3b7c0a2444a637b9549b0cbbc681e83bc7fddb48d1d2ba56f359bfa0a7e72;3213;Health;50811;2002-02-27
64c1be625b82ba816c55d170298cb6dadea0a12e1c7ff5a97b4f2e8c48446f9d;9943;Health;182046;2019-11-12
57355e23b2a201917658c4aeed1dab602d20b90e78e529282f42f771e979f527;6263;Health;533008;2020-04-01
a320ebd9aa287c5bdf1f571648f0df2063e3c90778af04fddbe90798532541e9;6327;Automotive;703465;2005-05-18
f0d95dc2f801435e50d5c2deccff0fcfdcf6279579df678f972c64791d371223;4386;Health;548915;2012-11-22
7b8b289fd49a9753d375001f10613edf785ac21bf6bdb140c53592f0762ca3bd;6330;Property;7316;2019-05-09
ac03417c1006f8ac469c7199236106bd875e0ac85848347c8ba5aa913c242e90;9638;Health;547564;2012-12-16
28e2616812c30943cb52b2bbcb2d9d0095a98c618de2464ca63ad60dc5e149e6;9535;Life;107963;2010-06-24
bbca5aa76b873f63ff2a3728d9076d7b13af25e062d03fe44907fb581c8207fb;7001;Property;610861;2001-08-05
7acb8bae16983b84bf65071a4bb6dbea7934f80601daf8bc6a4c507941851e99;8148;Property;496924;2004-02-11
a3ae97b6a27d75f60bebc47546246a28d10c35adb96dcadb1bd980d18f67a84b;8104;Health;244416;2011-07-02
8de339b643e467add110f07634ce2cb2d011b8b824376a164e91951395903015;3190;Health;221270;2017-08-04
a1613bad03ab06923f09f098297769a912fa4b18362352c8cfc8cbf1b8d8823e;9700;Property;92365;2018-10-26
12900596036a8a2468497218f8849af287437aa400b89ddbd54a84a5bcb287ba;8235;Automotive;543174;2005-03-28
a1267df05cadf84c3757f85422302a5b71f81b31433ca1da796c7b3f6dc96177;3056;Automotive;451779;2015-05-21
6e9a9f9105d07dda1555f6600caa300156fba6adc5f592d35550f5154355840e;9216;Automotive;588150;2017-01-14
2d52757e280d7a45d892679e1010fcab23a97678712b91c433f831fa68829557;6426;Health;824404;2012-03-04
42e8e81d30d794d8cc1fc70889ecebf5c9f889962ab59fbe3d487239daa3ab72;9009;Health;290475;2023-04-14
aeae24a58306c1cd0597076dea2cb1fbf93e595d69d8a0404557c9cc6298c651;6028;Health;62779;2008-04-16
aa6c3f39f309c9ee873c30480e293120db5c2ecf6d1803bf3c5fc4a75cc78ee8;2296;Health;219010;2004-10-06
508cd2461039498e16700faf5de9a9a95c15a7dbe26822ad8d6ed88c6c6b6b08;7571;Life;245562;2005-10-11
4334efa6e23d7f2f794e40b4acae074f89faa06d2814b2a4c3612a2655fadcc9;1486;Life;18195;2003-06-02
1ca1ddf6bf1cb22078f46f0d5c397f8606691487fb19700a94ebe28d41f1912f;764;Life;696688;2004-10-13
d1af0a1368d1cc273780f93c375df87b6c747a4439420fdf3cfd981fd5af9cf4;1110;Automotive;523896;2008-04-23
0a569c024c790854251e12c758f1b4db007a9b14802031e3345e49b201a6d319;2583;Life;790499;2019-10-01
1f61b22c562ad20c5349ac65b61a0a1f14c349d64ecdad262d6f84322c7c7fc3;8867;Health;454646;2004-05-17
15897fe641ac278aa31ef4af9b4bfb9d17636a06148278b48e0f607027cb6f57;6821;Automotive;540587;2009-07-16
5f8061eff531ce972802de322e6913105fcd2154c30aefda219c8f5aa366b9c2;2141;Life;718751;2020-08-13
ddbeb758058812b8714516165a6866effc0fec5b3cf7df6c52dce3ae7f8ba2ba;8262;Property;513952;2012-06-05
d182f3e600a76e4711e1109c6090eb1a68558ebd9b871574c3492de7eee37502;8154;Health;234069;2021-08-05
d5b57e2529ea69ab86527d8bbf1531353d98457611bb479ddfdeb5a7fb36f970;5078;Health;956104;2013-09-08
ff267ce68787a73138cf6a827bbba5d56fc56fa62b16de1723908d1983f6c347;9241;Property;814600;2001-06-18
a4d5998fca883cbc0344d694ba02b48078c63005a6535865d5570441a3cd6590;7622;Automotive;56636;2015-06-16
2a2b73c323f70825dd46f4e94954b53f58395ab5a22ac9e807af6c54f08e63a0;2660;Property;471680;2009-11-11
590f5fc57b252ecf5bebb06ef110dab3d23bf8034870e8e32894ac37c4f50b0c;5641;Life;607421;2013-04-05
a18512efa6334047ae0ef4e23e175ff948b4cb79e06bdcc7e38d56ac3b4857b7;2715;Automotive;378466;2023-01-25
e75bffd658bc2f9787929dd474104b5291df164872ff4bdad4971a437c395af0;7892;Health;748403;2005-05-26
b0d94cfbbf91cd74041adb2dbfb37089bb4449d1dff9b717ac91b726992afc17;1430;Property;549207;2018-10-24
dad3b802f1ef4e87ee7ccae014303086caf916b6cb3d6584e063100afaa33e4f;110;Property;199389;2002-10-04
d043bcd25836e4df30d80c72334dd6db985c83bda169fc4e4c4865b29db43d52;6628;Health;578388;2007-12-12
029fc932d7bf9f9a4eb491a77c2bb735e24ba5da2f63f9fac05692c7c272ad5e;5473;Property;335586;2016-09-10
271fc5da6e84ac21ca16f7307a0eeb7b6505c8ac534e5f4575506a208d1b4118;5949;Automotive;149191;2008-07-15
2800a144d5d8f87ef5793484bfdb165d627ea79c5fa4573efe86f62eddf73405;5490;Life;373369;2002-06-21
f24f9380d23e778784f8560d3a04d451065a6715385a7f68e3eebd531a800ca1;2021;Life;355672;2009-12-25
f562353e99d32a34ed63bbcdfa35c8a4e2971f2d303ff6c903af4c6e3b8e2830;4974;Automotive;466855;2005-06-26
af79bc6d6a3799af03aa829df2f474115caae72a8b59a6d133780e1f516e1e77;4111;Automotive;613858;2003-01-24
33abf54705476488b198aa11b7de02cef2c1eb7c5729f06ad10bb3f2f543fcdc;9212;Automotive;55661;2011-02-14
b4cb16b715faf9fff6ed4627531abf7cba72a6382fe54c5025e5f0ebef625789;1974;Life;666328;2001-12-01
299d1c9f0ebd55aedc41e16133ea5d052e0a796bdfca589238b156c28ec36131;8850;Automotive;885492;2012-04-09
c63c40adbb5e1623322e584e387d88ed4d8f4be6c17113030aca1fb4a056e2a6;7449;Health;926450;2004-10-10
492a5605115ac6124657a2627f57282b955ae7442e681e23ddd58eaa9d5885c0;305;Property;485453;2004-02-09
73db465a02066ec9e4269857882fd2e7ed53c5a47462dbf3181ac9cb1324e4b8;9987;Life;139227;2014-03-06
a1a143298090e8f052fd59d960b34d44fac939f6a9f1860def43a7fd1c4e6a4b;8894;Life;490371;2005-03-18
ed9c34af1cafc0bee615c13b1a7600d9f6019d6632f8e7c19e0465427fd13c76;856;Life;876865;2005-08-24
a62158f0d57de35a5d2631aa1ae0494cd17951aabf1604879b51cfaab28b089c;8190;Health;357449;2008-10-14
007be3f3bbdc467c492979becc6291c12c5488941fb3d98a0ae9d379b86d8374;5272;Health;985406;2001-08-26
9450805bb4b5eaf975ceb142c6049ffeac7f8a837adb8b7dcff68f7bce75c2be;2435;Automotive;636115;2009-12-24
5db6b52d559dff120ba71069b44733b9ea19649be98a73372ac0ef181bb49be5;3799;Health;472659;2011-03-19
744c170b3a653aa60b824c88de163a2144cf0a4e9bf751e2079de1b52501f062;8673;Life;260674;2003-03-13
abb5581f63d10a290e6a7260e52878dfd06b4ccd7bac52dcab62adf28f8f13f3;7973;Health;804510;2023-11-11
819f3d9b74ad3c2a32ca11c8706b05d2e25573418c19bd295533699e773436d6;7550;Automotive;592901;2007-02-19
95117429bef76605771460f3b97cf381bf4d40ab1e5d4c97010198c1770b1de8;4874;Property;580001;2000-05-05
dff6012bd70bd09464c4573f6a3512603867d9f1f026c515aefdde71dfa38b4c;5088;Life;755831;2011-05-21
42585e98bf8a8b853d6994f1dc53c0c780b9d421790e8ddcfb9bedefae122b1b;830;Automotive;616673;2014-01-20
8a968012ca661e0fee84c66c45038666d3a9dcba7f3211acac95d08e7abb296b;539;Automotive;581861;2008-07-08
0422b082ee9e11e357dc3a5def43427b40e4f6b39e4398899b9152c610e480d8;2501;Health;677581;2009-07-23
27eea47c1169deae2f89fbabe66d0fd2d9f5718f8911bb862efd64e35e4f86ed;5603;Automotive;651460;2018-05-18
b29efc1ef77d259f4e34d6d47daa9c2f088d8c51396a8747813827dd20a41cfb;2560;Health;980156;2001-10-26
e121097e6c864f52d3291f69dfbaf859bdadbf3912ac65e23885e3f2cc088d17;3042;Life;517960;2004-06-07
e4c944a8afa72f3b1c46911449871c56f3bfd90b1a3ed1de531db9996f2207c7;8834;Health;989186;2000-12-25
863363b9e11e4afdf485ef8d67bc2fd6c8990a5d6cd969c7c0e2ea6329fb4dcc;4416;Life;290335;2000-10-18
dc3a9fb079b51469536cf1c377f3db32e839e1a8779f060e86f3e6de3ba32a83;4810;Automotive;732557;2020-11-07
1fb8a0363716dadc12efd0daa0f70d66609ff0e49ff9ce30f6409077fd41a0bd;7684;Life;523200;2014-10-18
0b49b295aa29a1c884505e4dff24f37d47edf6871ba1dcfecd77c3ff6e8c4b39;4602;Life;988745;2004-04-25
5e78d3f5a6254a0caba07771084f54d1f2f5855f8f6c6bd52b0d121704bf9c17;2045;Life;701172;2013-07-23
47cca61e7a66c6dd72315d39e6dc570cb7c2f33384fb83ce07bd87831f4b7890;195;Life;856943;2009-10-05
ee463c095a273a25f995527f0b09dad6584ca1c0d658ec3baa61bb3cce06ac75;5637;Health;579885;2012-07-24
5eeb64ca7f6215f92131b8686976d98b337188cf2ce6ad74499a75ddaeb9e203;8721;Health;307010;2020-09-16
2b813972509d1c1d9b097f47f4c5fcf73573e97fff0cb7ac85c431dc51818ac5;1500;Property;907097;2019-04-18
280cd18fad6f8d7179104d14c5c311d2d913f42edaaae0e8af984825bf76f1b7;7716;Property;697654;2009-03-04
aaa7d1984f42ea8bc4b7acc69cfd53d8c96acd703c64be3c832611babc8ba3d4;8258;Property;871397;2011-10-10
46da404036b98730ac011d02348bc57230e044dcdeb21dedc9211597c5435d65;6562;Automotive;412425;2017-02-22
a8aec76e0be2b4d031a910fd6ea573a29ad974b0331249261c9c7c712c1522a1;6071;Health;39805;2018-07-09
8751454c111caf681787967903b4b74db23045d084627c4c553288adc29c5b8a;232;Property;530485;2015-08-21
1a18576ea0bd138751c9d3fde92716ab5cc0ef7e37230fa17b24fb24cc6eb749;8419;Property;236281;2010-12-25
4c4611e9656e92023cb126933ba27db58e754d303eefd326b0ca9d3921070091;17;Life;456580;2007-08-06
0c8cede09637343c94e606ffc13b52b51f4f7779bfa7f3757be12a528239c31c;3821;Health;413040;2021-11-17
34d752cf3ea22b3e7d9345ace9cef4685ade7deb7e05078d25c06f4515c6b46f;3220;Property;672317;2018-03-15
de546c4545daa0ba2df426ed06f5e863a611537545c803c95826f977b5ab7242;1054;Life;531470;2018-10-27
39e2662fe1338fc8ec38d81304035db755c4b17038a1c45932013f17ec62486d;8478;Life;982170;2012-10-25
1b9800cf8b8e5010a3254af0df9c8b934c238d1e9e8668dcf787324ed424396e;5282;Health;858678;2012-07-19
edf956831f7d57b18d17f5a11753010c8940217170ed4871f522dd9b64e754d2;5532;Automotive;665453;2003-01-20
e59adac01b9c161b264ca7c5496b00a38c76ffe843e542eb6de4e30f3aeb5523;6568;Automotive;977131;2018-05-10
e14d3afd15644b0cc8f81317f52f81f8cf48c62fa00a8713cf2f2a175bc3d648;5287;Life;849728;2022-03-26
8499ba9c32cbc715ed01e30c73da7fe2221a4c05460f7446be90877f51d85150;5832;Property;935884;2002-07-17
2cc17ebac1ac94e26b282ec6c108ea0a781a83bab5d3ce120d58082d99797fe0;6151;Life;463577;2006-02-19
352eab6253d75ac5bde3b0cf3b371abbfb5434c9e23e5fb9e3226a63e8e9c8b4;1950;Property;451373;2000-03-08
48fb9d5b0ecc5bb3aa205853a433cd156c7293b69fd5ff560c88b5853f0957fc;6334;Property;436051;2009-01-17
fa049bb6bfcdbb4d6e8c69d596ea51ee2966dc202d377460a58334c9a9ca902c;6069;Property;966672;2000-11-11
c89f070b9effdda1ef1bdf5632a8846cb13f3dabaf1388be523abbd9bd20b2cf;6691;Life;134212;2013-10-20
ef3272e949248de71b7920479a0cbf18cac98f756d749e9687a29562aa569f00;1793;Property;178807;2013-04-19
a792c3674539bd51eb35422732c6379b13105f59c14aaeb7113f0b8d557e8426;5144;Property;612799;2020-05-25
df0fa8a98cd86084b09a650937faa65a994fa7ada2fe21ff392b1ddcb6b15ffb;8036;Property;344810;2019-08-15
851c49fb4265a0026ab78b67beff96722f95aead524a54e3ab984cf86c155b78;8147;Life;638024;2000-03-19
bddfe7dff3a8de6dda86e3937ce017bf27cb2642f901fe4afc3b3f4a49c299ec;4686;Life;441138;2002-02-08
69c25c2a7f5e54709a94e1d977e224879af4a3c0ad76a9ad044e540334db76c1;1380;Property;507828;2010-05-27
fc69cecb6306bc6d2044cbfafe2dd4c2928fb665bdd95ca08bb46d864b618050;7060;Automotive;635192;2019-11-14
3ffd69589dc20891a8197c221b64c4c9ebecb5e31b7c7e387ee1bd52c1ba0ce8;2939;Health;904440;2023-09-28
9f691c1635542ee2a0f052f4df94776c5ccefa9d9bf234a0291bb3a57176508f;2729;Property;706152;2012-01-08
f5226835132bf6069927fb5b6baf3def484b6d5800fb455353602308541fd4e6;8834;Health;351522;2011-07-26
7c7edb13d3813cf567df2e52d22f4c816e962826ee0e69ed5c4e374067982825;5952;Health;43108;2020-12-03
13c9681ab2a50cce79d04f073fca28e6a3d43a4daf0db31ef023b30776f83686;9158;Health;468909;2002-12-24
a5330e458a7e81db6052127c3c95c25011abafd3e5a45be394c3d0b4a237ddef;8556;Property;522500;2001-09-01
7b0180200a96a05fc1bb5f11a79c94ccb495f0ff861d6bd6b6188b9d69e6b352;2864;Automotive;233429;2007-07-10
a057c5f7227fb589ebda573039b024a0626980f6b063c7e64b6033b7d5da7590;4274;Property;5368;2002-08-28
1535cefe5c8c620cec76ec7bc3654fa14a383052731e57b44f75878ed1311b83;4539;Property;36784;2023-11-02
f9392dcc6604137ec45cf8b2120e3c885747aa940657a47faa1e2289cc814b75;244;Automotive;801115;2003-01-26
b98a0048c1d2da0d6a3d1e6ec17f062d6f8ba3d84a71cf251a033b2221077260;8868;Property;213878;2004-08-17
fc96e48f19173d1a059cad7332f3ca5f8f725c6a7185c1d3bfb892580399333a;5790;Property;251174;2017-02-15
2ff6b116c0379462029324cef33d6143546fd30189a5b63aa201229e9c13e5ba;6519;Life;800391;2000-09-28
17494270483495fba1343f47420e4e976828d241ff42955205baaae8667defb9;3637;Life;433283;2001-03-04
c0e5ce49fe54a388f37febe77cb1703e8cb27994c036c975204f183994ff3132;8012;Life;464489;2000-04-01
0d639d2493523afa0c7726e09af4b68b69ceb9b03d47c9515a19b5997e7b8cb9;2430;Health;90983;2008-10-19
26dbd7266e34ef8adef1343a27489873632a2ce0790c927e1852d4366313e326;4867;Automotive;275709;2020-04-26
5927d2170b95a861023ac216361c256069ab54933190bb30e162f88741640067;6438;Automotive;244770;2003-11-26
b9ec3f73eee95f22607b47cd181252fe70663c183091d83b1b8b9f6f212b6d59;366;Life;781524;2012-02-05
4787a2b17b375bd0bb5e46309a3feafbbb62be0329e6eb86c3b39d981788941e;6887;Health;651313;2004-01-03
598de041714445ea14b45d0da1f7a57af515264bd490cfb159e0a258662927ca;5989;Health;892549;2002-09-24
1a36f0d4a7537df8603c93c7ae9e51b704c49f44d4de4cca47f3ca9b7852572f;5761;Property;317771;2016-07-03
a79787f7cbab5d29a1ae800bac949fb09caa9bda2f69dfe87a3813228c386a87;6207;Health;357127;2022-09-14
5fa58bf599c8241b7150d392a77ddd0dc10a6e32c3e1e9b1b41e6e3dcf2cc391;2446;Life;789342;2006-07-20
9ac09f57ee8750f01821d7481048e8e2a7b646b0dde2041e72500b3b385fda3e;6583;Property;396731;2016-11-18
36a554d40ac50818b7fc695cfb0d1dfa54cf74769baf5a6481c84cba20f6df4a;6447;Property;939361;2022-07-14
3c659a24341f1e0bdb304c77210e7f76a5b02fed28eeb0dd9dfa1248f93813d0;7425;Automotive;343538;2004-01-28
996e2fafe4e791a12f47d7aecef06b49c6faeae978affdea5c2819db5c508756;365;Automotive;955875;2013-02-09
6bd19cedf44b19c89ff5eb0d2528f59153a7c2e2a7f1bf08ce12ab969790a518;4322;Automotive;840813;2003-10-04
1605dda2da07a59f54c4e60200759a84722d678ba771549e13e84d3d4ed1c13d;8248;Property;191562;2023-11-27
b76ba64fd22ac6dbe181ba1f822941ffa57763717dd53f45f579496af4d153d2;7409;Automotive;88459;2000-12-03
9fcbebb0b6b7390e90a59131c3eddf1c86fbedab1c7bae453c9fd1d906df0b06;6937;Life;804715;2017-07-03
513191049170c543b6e1d116fa312f4d5428bb9796ffaf890ff9848e89263ce7;5405;Life;168296;2020-03-11
57aa6fb29e897179eef4dfa3d2a7066e5bf6b5900601c30a1ad2d7a53eea22cd;5561;Property;788555;2007-03-21
23dc88b4f945fc86990812e57821532c3c5e739b227e5c2957d3929cd0352420;4001;Property;597309;2007-02-08
883bd868811b0b8d1ecab75af78e28b1f6afda37e765c7cde779f55d8f9b918d;1276;Life;410048;2018-10-19
091e590eaada35e54885530485c59833231e12458513df8ed736acffa65ae88c;981;Automotive;867479;2018-03-10
eeb90427cfa81d4dccb9e38827ad18122bfcee9ed7306fc0af8ca35a8b63da9d;8808;Automotive;18887;2007-12-14
83e9fd72d962645a9b3ec68eabf2f621fffb5733bd6f4a66ad659f7cf13b7bdf;4989;Property;675539;2008-10-09
1ace473aace956619745cb6438c49eeb114000b2e8a177f3665ab08dce21fbd9;8722;Life;658578;2002-06-20
dc9891052872a4d30ef2e1a816a2ab2febcb005e45df241df5db7e9f4e0c7c4a;3855;Property;335508;2018-05-08
ab69fc041f95dcb3e36f651f800b3274bfb0b1f0d395c02ef2078633745c9cca;4364;Property;328637;2010-04-13
a803d738764199f1de18f50c623711890b3eef6aa4f55d857dde08c8e65afbef;5762;Property;815205;2011-10-22
fbecbdc3b54b123c7210f6dd2de416b463e0b0aefe340cefa568963509d00379;2687;Property;413416;2002-02-06
ea925ce4db7c7fd7ff50e82bfba533e71354b9aa144e489afa30d2fb82f74d8f;1335;Automotive;378429;2018-03-17
42bd89cc0764f19a14dc234da2198be822301de226393995cb4483001a3c273e;517;Health;29682;2003-12-04
ede30ac10ff12114ab92581809bccb02a8089a693271a1d219f3855e07cb2b34;8010;Automotive;402567;2020-12-07
a0c3617180605a33adf95af8514c564233a8dee1171cec9cb2ab55fed51180fd;7992;Health;624014;2019-09-05
b5dcc8dfdabb50a0c8ce72276ba0e4ccf4bd11c824cc17ffa999b24e83fa95b0;5120;Automotive;110047;2001-05-27
3a9e645cf6d7124327b31003e32facfb86ceb95ab624c48bcc324ae85f3f0bf7;4452;Health;468271;2007-08-08
282073d3f3c53a9880500532f5602934442f3e31e6f0ceb0c933af735a69bfcb;4381;Property;173144;2009-05-08
336969f7263ac1931574abd0d460271de3ebfd210fa7a3d8f8c1479fb6093cbc;2593;Property;907975;2012-11-23
e0ae97777f54ad79ef69da27cf80869e52aa5e4e39dce577414570bb6cc84194;1449;Property;111914;2020-09-26
e978012bc8185d0771373f9e0c41085e95fe090d01ea5eef8433a5efa7006c30;476;Life;491248;2014-12-10
664721686e87b6e05af3287ce2cc0913deb8d38debc226a4c909d01cd81fdfb9;903;Life;410913;2021-09-01
36efbcda9a8f1b99a7c9f3c2cb8f16b72aab677662ef8536c5b6f8d1e205c123;4635;Life;41299;2014-01-22
469a0bfebcd14fb474c40d49a9e0c82f32c6f7d4ea17a8dfab24823b126206bd;3081;Automotive;477565;2002-10-09
a51d5854b37e69265acafe013d7a79a4a2864910213200f0cb989de647d3da24;4859;Life;862551;2014-05-16
0e6393679ccdeaa92a8ca3d5a7a1aa3dd5cc71dc26d725c69d08f027790ec1d5;2413;Health;949329;2012-05-28
ff68909f5eb7973d5e8b43cb9ef352feeeb1bab0ea9d1a5518aa8358fb3140ea;1830;Health;675334;2011-09-16
e3f508a6de29ae31158128af5f16ac50fd2321614a8ccf873d9b335705f94b98;6747;Life;58534;2013-07-24
3a16fdf2071d38725b17f676e0396000081e27f086e2ddfab853d1e923d9ca98;8685;Automotive;690316;2008-07-25
fbe3d38827ac39830335e227bcfeed50db617ef737961ea103e9787a363025c1;169;Life;204327;2006-07-02
29a4250803f0da0dc5ebbbbbcd6a85c41c2611534f2bc13322eda4e35cb2cbaa;5554;Automotive;261211;2008-06-01
181c6714edad2b68c53d33641094211ac83e7ffb6753d472b5920e44535e1808;4950;Health;100156;2023-02-02
4a8b1924a62ba0ca50c3a73e91a674d9bbd184e8c5bfe82147003e3f67e39fb8;8128;Property;576122;2006-03-23
082aa55647388cc9f59b40e0f5c2464e7d1f5da4db7799ef7e803d40610811b7;5578;Life;808741;2003-11-01
63d34d2dbec6326aee8a49657da46bf7ccfd9cf67f030141f6ca2c3a9abbf49a;807;Health;638609;2017-04-06
b6519db16f078e4f6282981d357bf9a8d87c1a83269d731fc258e6f482b5af9f;5694;Health;912321;2014-03-03
c620a5dfe8aac3d3e655e2acf5c98c57eae799ec326374f03e594eddcaca4907;2245;Property;70801;2001-01-28
b8f487df44bf8f3c1e346e94642d802217282e5d09166bac0f1f626a168fdb0b;2402;Health;935571;2017-06-15
8c1739fe18ae998fc9ab5cc0fd25f10b8560f7f4ce7da2cbfbfa94e5f8828407;4358;Property;629736;2009-08-20
c92a2ae50cddf4aa3bdf6dc48678df9ef37140ccd81c502272ddce108fa1c93d;5287;Life;890034;2005-03-02
324502af10e3b858cbe37120b9b6b8bfed9e5daaae5e7af0835ec8f0a70deddd;3111;Automotive;654520;2021-10-21
7791fd2bf4fd1600735b4bc3dfdf5f32034f84b29f024a0749569f0e79a2463f;2620;Property;442388;2022-06-09
b0202ee5c8071f3173af272a0db0ed9847651b1d8cf18ab2f4f8fba5a9e1a986;1967;Health;639852;2012-12-16
a5e1c11c6f350c7b8af2377174d3b19af7e1ffbfcc5ae1cf58f3a6658b9a0034;9387;Property;492844;2009-03-15
43774848d165022e2b49b58aec151c9701499cfddfd696e80c5a7641318697ec;7088;Life;448412;2010-11-13
6364d7be3ad67a06b3103a2bc2f973510dfb3f0cf7341e12534d2f175ac00d9c;8260;Automotive;520134;2016-04-09
4088da1cde1c0c350a2282110c18a4bb733e360a10b1ff09e267a93f6717ea27;3319;Automotive;283828;2022-06-12
18efb75a6dd5834decc1ceb8b3c48a68797919cb298fbb838ef4354e4f770e16;232;Automotive;507102;2015-12-26
6944e2854893cecb5493453e5df6be2feb7add197a6786df3d5d55403d94521c;604;Life;163722;2023-07-27
0fb6aa08e12bacfb9b261cc7b85d27dad5ee30377e4776815eeb8dbeec499a52;644;Property;306438;2017-12-19
4211b12648004922dd707243de879322ed8d843e53d2885fb7cd27e70b83454e;778;Health;284548;2000-09-09
97775ffbf6eb9dceade9e8205ca8ee5c0aa34425eb59806cd3a1829b12fd1cf1;6726;Health;653871;2007-06-02
a94a41a1d4d34544886fd9d62e11304596c310f864a156d29add7675d19b4cb1;5090;Automotive;98889;2020-12-23
6be169eaf98197d823cc6cf1c4a486574210c71950aff4eb9491ebc460a5afaf;249;Automotive;222386;2001-01-25
c5550a2f633b914963c30e7cfd2f4404c93693fe6ef7c708efffe9bd17777a70;2293;Life;963023;2007-03-22
4ee49aeb7b995b14bde1392a3c4e739ea7ec62ae99c1f6fd24e2bbd00bf19a2f;1951;Automotive;40553;2012-04-24
893a8e4ee474626df64fd44893431ffa58c1d141a6a3a6eee6d9dfd63e1a47b0;2872;Automotive;681370;2012-06-03
9c5d45e701bd07b38bb4d3343ff8c43493fdda92bf008ca6889c519ff33b3926;2139;Life;174266;2006-11-22
6c16aeec1d48a9a5c9588db9bb6ec02ad76f27a89928ca3d1c858e7a8d45806c;6321;Property;815051;2020-08-01
8719d824723f6783233a289d490775f06ff7365924240358605c16b545fd155f;7826;Life;869627;2002-05-05
910f0207b192e115a035b7024c07f22f65edb13602c25973cdf034b2cca27c7d;2578;Property;871322;2013-05-03
927824107151c1046f2ba5ffab6aaca6803c23e2b8ca4af4c1662ef9a05f32ac;1408;Life;405754;2017-02-03
72bf0642b1cbf254a7dcfc2e19db98a5a5b74c242434bf1527a43e157aa2f8e1;666;Property;992332;2013-07-13
1463324dee111f97773f12d2d058d0a6b8dfda86a0a097bf1f199919c984e8bf;6706;Automotive;479506;2018-02-18
be289b6f90e2ba73984c000dd514558d77cc3120c075692f8a815eb03869fe13;8432;Property;186770;2018-10-28
9fbe57dc0807697095a14ab245cfba6c79c1246bbf3708d67e670cc7fe9dbcdb;1767;Life;806654;2012-03-19
f23577578857a4277e120cc3bb7e4dab7aa16960dcd9a55aa824824cd247e4f5;8799;Life;740275;2001-09-25
7cc5cdc85c3d6529c49633c16ceeb1adf23e15a5dfaf0d0a8f873483eab50b5f;9451;Health;593571;2017-11-19
90457edcfb62cb9adf6720a85c570091cfd04e453c831c3a984381a5d8c30110;4474;Life;347431;2002-03-28
a6d28a1a7cc05a0a8f2225c4ef715cde7494ac83c23bed78463cca511aeb9518;5833;Health;866774;2011-12-13
ca33ad35f0fce016693cdc7fc5d1f8061e8f043818045c02155bfaf4bab02d79;671;Automotive;668160;2007-12-23
573e022e84afae052d93002f76665907cce65a59e577ec39681403b5756f3d79;6444;Property;832857;2023-10-26
7f9e085777ba90814eab591a473735e95d5dd2afd69bbf77a9aef30142db7f1e;3366;Health;923619;2008-11-06
f8211c6875aa0fd84eaa5e21ec642f256b62ff9b2063e4de63b2e642b43af963;7008;Automotive;96600;2023-12-26
12b6c852ecdcb6040f9785b4fef05ef11077a216a23bcdb1380bf159fa5c9893;8854;Automotive;328377;2020-08-15
06402f2f942ed322878413bda39a43b464a597374a6373066f385833e182afe8;1340;Health;773662;2019-03-25
6ef0f748c9f9f494afe01987d1fc21cb6d2b64a9f73f43271874ce98bcef5f8c;5972;Health;638239;2015-09-03
7f9fdf7cbfba297cd0e4a74e4065a496b48225284aecb27ebacf8ae8e08fc2aa;7650;Life;898119;2002-07-09
005b64e47e74588f08edee90fff6ea11d556c5981cd20d4e1c58559f0eb496f6;773;Health;296980;2017-09-15
ca2bbf64fc3fe3c8c15fe7458de9717868c6ed2e1230b774fbfe71318b2f94a0;8903;Life;571905;2001-11-15
1072e2e69713d69a7d82bc954936a2ef966d86da17f59eb9606e8d5f1c976e32;5858;Life;107101;2014-07-12
09dda864d30a200cbe8571fd9791f535193429be40badddcfe805f0c3c05bbed;2978;Life;623734;2014-12-04
f993c16d5ec93258c90fb96b47ce1d07fa068b8e171f43f199727dd2e64a1316;1676;Health;203860;2014-08-12
41e55c4820bb53d4166d6fc179ee227476281f059516040252c3e02ff949100e;7213;Automotive;632143;2015-01-17
a5f6283326b0e77049ca1a4aea63c04593c6b4d3a35e2b1de8dd4221596d29d9;5842;Life;287673;2006-05-02
92229d36f8ceb21c118b2d5da016adf729d8967bcbeefdc79dc80d12fd858843;945;Health;521996;2013-07-20
d42fd2967b7a492fd4a42c0c0a67e1814c53ebaf480d44a719ff3eeabf280e04;2151;Automotive;824513;2011-11-04
36faa4906996b51b3f17679e84f2bca1edf8a8d1c38fd54fddfac4bf6be8dd0f;3665;Property;679308;2014-08-05
71ecf162190d4d6920fa2f5e4df9f5856136ab65b2adedf5ca282985cc55bb0a;4754;Health;475017;2017-11-16
11c4edcf7a84abc511863a6ead67302ab1c2e018e7c97d168cb272e1c0f5a8f1;1093;Life;188836;2005-03-09
c93e1353a0be47d6331a3f5f05b35d4f068e0afcab8004d5c002fb1c86376170;5097;Property;324242;2011-02-27
f759c41848b0066df88893788d055b247fca99132c2dac2148d6cfeb53df6b1b;8136;Property;88305;2000-01-08
0d2486735460811e3292eebc52661bf15c64a4e5c5139d3d3c5b574b86494cec;6797;Property;74466;2019-03-23
e08af8f7a02623553cf80d31a7c9b2a0181819b6cb98bd153ad6483c9cbee44b;2747;Life;516352;2010-03-22
52a3003a9770aa112be624b8a256ce43fbfd534b90a47c457e2297361e7b3263;1969;Life;62226;2008-02-22
a0a24966b4b91f8bf609825d8e11d167fa8ce72713ed5da944c66864d0f001f2;3558;Property;905684;2008-08-14
089fdf2311c08777fff565e168736dce9e63daaa38c5753477d8747d360fc9d1;610;Property;48330;2017-04-21
dc3f29cc1d38313858043f6112745524c073dffbbfa57cbc0f89bce2bc390a03;6663;Health;653404;2016-06-08
91a4e48f50ccd0e708997806f71649ff1d9e183c55bcd3a7a95e757a00446dc4;3162;Life;459129;2002-02-15
0f846f6dca55b1aa5767cd9970604d5e67162b8413d4c38eda90d05ad23e036c;8784;Property;545827;2022-07-17
cb0e57d700aac660dcfd662f55c8d4c63bb9bcd5ecb9eadc365b2f42e1bbc678;3935;Health;147088;2011-05-02
38b45ea7b46b7485bcf1f5c87162e1e1e42814a4804884da1c932a604b1e8053;2355;Health;54110;2011-10-07
701690ad341aa58dd2868fc42822fc3a267b291d435ae8bb9167d0074612043e;5322;Property;713368;2002-01-21
6c7e9677b7f55a9eb292ac1cc8153f3e45b43ca860ecd8c9e1cc0ec725d43c25;2679;Health;347070;2023-04-08
8cfac1a2e99cb80532032f1111728c696a091544c19d448209fbacc8c09884fa;9271;Life;611491;2005-06-19
9afd1de10da6cee51ff55e93f09190a17ac0834b4259200b7583a6aa0af74012;9858;Health;888910;2007-08-06
ba6bd124c1dea3cec3e2dc40b8890524df1b655b6e771ed6a20e1df47a8670f8;291;Life;638460;2014-07-04
ee79aaf8014bc696312f5c6b841ccc13198cb53951617902b3cc80fe91040c72;8219;Automotive;561438;2019-02-10
a9145d782b1d080c1b4054ef5591224159e19969693fb80a312a0cb1844bbd2d;737;Automotive;430427;2015-08-08
33265aa33d778319f1e3a18d1a5febae65eb1a0634c3ee8960ecddab4531943e;4811;Automotive;298673;2005-11-17
b4ec2181daa1178a2cd893f34a51c83bb1e3638d95a96768d5a58e1f64708688;5692;Automotive;650045;2023-01-05
f603e54377ba125d7e3e9ea0c7efe91feccb7707bc8cf236bc85bcd7cd1c3db9;2480;Health;382184;2005-02-18
133b6ebf4f55d65977392f1ba924a621717ce26a91292c1c9455609547f0e588;3581;Property;193800;2008-11-25
63189cc6f99353359dab24f7d928a7d6040febfe16ba44afb73c0b3c83fe3b64;594;Automotive;971822;2017-07-26
e491197365833c082e058f12cd9ab5b9b207901c72c153bc74c32f16517874f1;5643;Health;496948;2017-10-02
044136114871ec6b7d4d83b975e19757784c557bec7a7bba4bc5d59c08d1c768;878;Automotive;502458;2005-10-13
510b6a426a75bd7592285fbc3720f8971fa5da4099d61ac113ef221f7291e90b;2109;Life;846725;2010-05-11
23f39569c16cacd5c0f72343601da3bdbf270e375e06176e1847b7111fdfba8b;5702;Health;541364;2019-09-26
1e95047c36de5b1e3714c20cd78d6c76d286b02b377a73f937da25bb14f7d424;1055;Automotive;235678;2004-05-13
e93573c724de01871a5fb268f7b5a2cd4f79ed784c7d2b3e1cc02ffb34b5d1f8;5442;Property;283547;2000-02-12
7c074d2af161e1fc918b3cc48838d46f0ac53281e096baa533230b50554c2122;2520;Property;896017;2018-03-23
f7180e2f2443d17f5c8918f9413c69f7a837114fca9be2dcdd40918ba1113f64;1118;Health;338743;2008-05-21
13e0dfac3e9fc99a3fd4a18d094c85e955e51bf15610abb07eb420622f6b931f;2250;Automotive;304102;2020-06-09
a997d084db1e331355c2e7142b77e4cddabc8d8c0c97305e9199499ab2724fd9;9488;Health;561636;2001-12-18
317ca2d87565417ccacfb83e7eb69bdb2f4112789f8563564832ec005e0910ff;8444;Property;897102;2002-07-12
64157c1f053e03ab7ecbebc0f6a6e6f76ea599dfe31a94c2397c1cd519aafc67;8258;Health;927684;2017-03-18
d5900917e9e4ea9f5847949fecf250d90d0eca82d71deada6c57c6549a1b8695;9066;Life;805593;2012-03-23
c36fa683044d25dbb03b185f5820c598abb63d6dc1f799bec15886d3960bb119;545;Health;735714;2020-12-04
da866c0de5493bacbcca9713269b874674ed127fdef7c558c972bbd7d9827045;3862;Health;896006;2003-09-28
9d4a04681994ab1080bd06093f880eda804405b9facf42a59b7957f29b72f3d2;8016;Property;867721;2000-01-05
fdc929b310c807a818036c1caa655616dc64af22b2540badfe45b92206f68ff6;4468;Automotive;78517;2010-10-08
c44930eca0bd0c871170977cd18c6e06af0203b6c1f914afcdadd81af873148b;4339;Automotive;723158;2001-12-06
08a878c317668588fbd863e07924c3f6c2bdaead11d3de639e8686d04df09f90;8139;Property;943914;2010-08-25
59c31c5954653ab98956d28ba221aa2354fc450b6b0ad0768127f82a739de9a6;1119;Property;2930;2010-03-28
060e06fe291bef7e46cf038b5fb6613a6493681281f66eb462677313e199b577;2768;Property;890005;2004-12-14
845cb8bdc33498330cadeeda87766b369970a584c4e35a509beb25a37ad137f6;738;Property;550359;2002-03-06
6045282261ccb2a2099c58bdfddd7c49263b8d65c206db5bcd54fe35e83ce9d1;4974;Health;56946;2006-10-25
4fe8ab82fbf000cee35879d321c01f4ebf5be02832b7323d3db22f9d2de945d9;9925;Automotive;92696;2011-06-28
722f8fcc9a01d10bc2a044236b8290f2f530cd98556dfcc8912c98ac25104b2b;3725;Property;603668;2016-06-26
e66fcb19f6308591c57d287ae5939c2d50d53045340781e00b0a2ff5e31eda90;9312;Property;13052;2003-04-13
3d88d553afdf45cd9381c108f52309615fec8a1ef56612c1c2f3ef455b16ab43;2467;Life;1891;2001-05-03
bc9dcef3838eecf1477e1846eafb77dd8ab15cb87410564b39b993c416ffdf46;9;Property;675674;2012-05-11
c7d2e6de0f21a0ad6b67e5ea369bdd3751455148900d1044d71a4fae7ad321fe;6701;Life;668009;2018-03-12
3fe5cb9381f415e74dc7ced2d5c4a89bdae73f93d69726f7724429f89c1602d0;2560;Life;203803;2000-05-06
d2957873326792f12b8e68f9c3bea60dd2b506f1eff9339d85bf4958a7c83ac8;1639;Health;538316;2011-11-17
982f38712a84e79fc991929beee0ca604522a11d173baaf37ec553af040328cb;475;Automotive;272044;2001-05-22
37fdbf08e0ce94b717dd455f2341668b95f4630162a04aac0ee811e9e04defd1;779;Health;142024;2018-05-22
37534b00412a4fdbd2383ee08d53e734f841532eaa1cc478880f668e9fbc6715;5908;Health;45390;2003-09-18
2d845caa24f86331bc128f5b252d4ce11a3ad4d24564fbc1a2a0775bab6eaee8;695;Health;865146;2012-06-28
78e810a69f982a9871ea85a319d409f276b9d2ed034014cbd8f8dc6d7259f127;6632;Health;217001;2012-12-04
0cddd2b4cb1897dab8add8a29480fe92ca647bc787f5fa29037b39e477e8d1a3;6770;Life;868114;2003-09-18
d838c9e8b10a9de44e10ecc55fc7c3e1b126ffa9c39763ee180a4865c88fd1b7;6602;Health;981847;2023-03-19
cb2c6fe3402e0143c95df818f6d865e9a7e5aba19622485fac18adabd9f22e60;6521;Automotive;745239;2003-09-07
c3a3e5e041e6ec62abf677dee3a6b10eab59e443ff0bc27c2d2aea8869311cda;5560;Automotive;149380;2000-05-16
b0440b768fad6fd4accb804232299b5d3260481055409a6d7de8276217d0d59e;9047;Life;19793;2012-02-09
3fc0945a05bdd0411e85af8287baaaf6ba485891e91e35d2113d6dc4465fa1e4;1695;Life;857691;2013-10-06
9a96c6370aedf6537a0cbc4fd79057c96fd0eff9fbeff70876d708e562bb023d;2112;Life;283551;2003-05-14
016e4e6b189b8f52e17d65f80f7d1f1ecfded03974e3491475c5d11b80caa05d;3420;Property;339568;2006-01-19
6b14360ea3f0c47a1d04e4e44889600ea25c969401a1c320a3c611461b2f3dc6;9175;Property;391038;2000-06-23
8883d3ebf1f352833fa9b96705666d08d1d46ec6f8e5dc576a098735faadc672;7679;Life;491103;2018-09-24
2a05a46ba41b79c4d156c25038c9c079d8cda4de62521f07d823aadc0281b81e;8071;Property;948749;2002-03-20
7ba1ef2dc81695f32e9932c4f1d23c12ca5327f85be87da87a35a24ef9fd7606;7476;Property;82960;2023-03-21
47786e8821b84127450ff02ac051282b8a8dca2b24300e1bc7630c90f2bce36e;1707;Life;220969;2016-11-16
9920f68c78bdea189c8ed5972a5222393139984892dd98d7c977ad68841acc14;6743;Property;361815;2012-09-20
ffd14c491e1dfc23dcc56942be7b09e11ab2a0913a0c94cd65df91d67448f4c4;2142;Health;488594;2011-08-09
8191c61eaefae432f71005005498f692728c16f71f982f865cf05cde6500f089;3437;Property;434896;2000-03-18
e411acaf31d5110eeedf3144fdbb4b75153e16efbfa9fc9b85892c2138ab8e1b;8165;Property;446283;2005-04-13
a2e39682e55b1bdfa4707d507f32cdac92b4fca22d855dca565e53a726f0b211;1299;Health;52770;2014-04-07
adeefd40351705a13cec8a9335f131d4fac66af756edb291421bb29e8d0ad7fb;7402;Life;604016;2016-10-25
94dc939c590091f67fbb160ef56e921231c91b5fcead6a6c6e5d82efc82b4f88;5828;Health;995625;2005-07-05
3881504976b05f91deadfab5fb85dde7bcf7f75c1ae6710bcad048e33f85bcfe;7814;Health;636415;2009-08-13
3cafe685a02acffaa2520b82bddf318b03bf4a24641a8896faf9f95345404c93;5348;Automotive;842519;2012-06-23
afe2dc4a59403481d9c8139935d4f660fac5642100b79162f785ac375a36850c;1166;Automotive;423969;2017-06-12
fc1826d66a2b62de669eadc5744b0a5325f93f2e4eaca4e5e0d5cf7fa80b491d;6802;Life;849644;2014-04-18
4edc6f0f86de0a0cb17980860aab30a272c86044a5c6032bd32be6dd375036b3;6432;Health;928672;2007-01-14
96bf7b4b16619b74e51505bcc7e5e24cabac0463b995b2503639dd557214ea1b;5960;Health;143497;2011-04-26
1a3fa1ce184768fc0a015776090b600b803ec38b7b52e3eaeee9de0e2246659d;7184;Life;495685;2004-10-24
31413945151fda121e494b91a7bf72455cacff3de25d0feaf7d7f43e0723645f;1904;Life;580352;2019-12-13
25d22a859948a91f0308d0b7fa92c9b38e8035669c1e35ee9c7acb8b5f2b2118;4148;Life;581607;2007-08-10
4834c760398b442739b49840678c5f4e241263b2f85c53e4ef81a7baadcde2ad;1984;Automotive;380873;2005-11-05
7ac8d9199e58d549e7e07401ea04aae169b47f9ebb4da4e4ad8e1192c6defe13;4171;Health;608716;2005-05-06
4f3a48d071e69528540db10e3b2b0b37cf9e2ad3e6ac0cd2374572bf1855034d;8593;Health;873064;2004-09-21
b28737115f061d382136e0aac68c5fdde31404648c37fd37ba35677a4a8322d5;38;Life;469381;2008-08-25
bf0c31552639ee068b9280fce755d3a8b9f8217e7a8a68ffaaf5ccf98a367310;5827;Life;786968;2007-11-23
9e7d0aac120ca4e5f46dfc63b75edd23fda1bf37707631a62bd0dad1afe15224;5606;Property;244075;2008-09-28
48b3e11c5333d2f1b8e407841397e6ff2c0b13ae0d66b71537dfbfbef2e1d669;5993;Automotive;251636;2003-08-08
bcedeb1468ec313eb0c6cf57244f9e92a2c3511349ab28ea241f811a0ddd9ea9;1968;Health;841088;2016-04-27
6e008cbbaff6e4bb3cb5eb30d31d713fccef9d6b9e7dfac51e45685e691736f8;5506;Property;250737;2010-10-17
18616b9f3b2c0e7e60ccd0f25ed7730932d2bd7ea808752e7cd07bb5c4f0c441;7428;Automotive;672885;2021-11-22
d86ac2dd4a5db57645be9e37a86b395a46e624908fbf7ac411ad1784ccbf4407;9266;Health;677174;2015-02-04
0229be825622ca3630fcd30542e1d14a74a1a3f9fade635b09ff21b2eee31f66;3187;Property;168742;2004-10-17
3cffba1376cdeede36ce3bba954c0c2849072f092bc02528ebf9b7d995fa000e;5599;Health;465714;2013-01-06
7479e0acc6047a6670e03c54dee5fb08f47fa7b369ab12967d96b4467097e1b8;6147;Health;339525;2004-09-06
2cfa9d23c0edc58d5cbff2df2240f457628137e261a1a1bd6926d156c178334b;8919;Property;712300;2016-12-01
7460caa53b00b70fcfede788ba757a600fa3e719c62b94c5e44cd47a2e4395d6;9937;Property;255384;2008-02-10
c82b826ce06f697994f24a22707cd6034ec3101e4389a547c2142fe18307b2b6;622;Automotive;666844;2003-07-02
9cdee3beaa793d6c18dedf4a6eef148345dbbdfc045d9ed0a18b932fdb60f95b;4886;Property;303443;2023-06-14
8cdd8d486772cff9251d76c765f4cf6610b02d475f1583d632cb80b2cb1f9934;9485;Life;215521;2013-07-13
c896c48663ffd10f328ae1c63e7f83938945947f64900b6b16d49e4b319e1706;5573;Automotive;479237;2007-10-28
843d3d7f458408c05fc5b6def7622e45398073fe0a483578bf4c1394a17e9b20;5562;Health;401137;2009-05-01
c885dcc2d7deae12d40e15e64967178e448ff30ee45842eed21fa2c6e576a661;4139;Health;528539;2020-10-20
a64b10ec38c8b25e01bcf68590c63f7ecc5da6727b7ea2457316586dbe883c02;2116;Automotive;104558;2011-12-25
2ec11021c31e7504f0b1e1bba51e72964e137285a3a9496b3d672e4386ffb6ad;8778;Automotive;419695;2010-12-14
460d704e4a62255e5e383efdd97db2e5a6915f6dfff895995207c0fb8e972499;2354;Health;434430;2017-07-21
2876f968c54d9bc1cb318d2b35736ed3224f4515cabfb389bd6919e7945b1a12;6162;Life;362508;2007-05-17
39260c7855d405064f1d9c47c5aad3a5a3852a077ad206c352314fba026d13d5;1683;Health;333725;2021-06-10
8a482bbb284c191debd8b98849492e483dfd12f592cb76ec5d5b41ff36df8783;601;Property;959086;2013-05-25
2e9bb5e75346cead404757355b8c2d31b33ca089f4aa583990e58fadc255a934;9446;Health;346812;2005-04-03
9fea6a4f7e88bae3c734a83ce6a8e20d7f84b6f26d36e2bb93ad7da5907fae79;6029;Life;942925;2019-11-19
e97822a8611496ef2e5c94af541c855e1fed0fa80c7c22f760a072dd7231e4e4;6482;Property;411321;2023-08-23
a1138ca7bb387192c0bfca2d5895da8505876c2d2d86caedab76f4525249f96c;7207;Life;739466;2021-06-13
073d4524ea4c6b2023776ef425bde864c341886282c2cef232f3c7e8ed58692d;4727;Health;612293;2020-12-13
04da3f172b368894c39856e626317025ffdc577b7a0365b3ee2d9dee978828bd;1368;Automotive;228368;2004-10-23
961cdcdaf361cb212eee6790554b469be637348b0a9c4313f3ab8de88e5e0b59;6428;Health;841151;2009-07-22
f08058b742815541b5bc590e028e1b95e8a7dd119ebd1a1c43d7013c8f3feaba;1981;Health;985629;2002-09-15
88f58af750bf2c5022b22910013fc6d554076f12356186c093eb1668c06d01d8;6358;Health;362757;2020-07-06
72bdbf27c7e20966a3f16124c69ac9d21d37e9169c845307f935c051159994a3;2634;Health;888911;2009-09-13
1b5450683775945a984ec509a89f220f51a51d0ef42af1d14fa0cc9d04b96d16;7701;Health;991594;2005-05-25
e3d102353ceb81e16ff629dc039334c88beed9d64cf673c45d3957f26c1ff5b0;6162;Life;913863;2006-08-26
a56ec75c1b32cfaa13940178e26920c580fba3099ffa7268eec66053c10b4bfe;6569;Life;381990;2009-02-25
380231163aec9c77ddf283a652538e39ca58c3e713aaf3186d20ddfd98b408c2;1075;Life;962336;2003-09-15
02f08823799bf48aa37bb2062ac1331513a0e7aee14963065cb87c761ffcb67c;5537;Life;461065;2001-03-03
f541caa96bb67c766c7b30169feca10eb029378ec40a4f14a5ebc72e4e0c4791;802;Health;464766;2005-10-19
8c0277fbfc81cf1e5043963aa3def9bfe6ff914b5b080ba4714079933f9a1696;4222;Life;99054;2013-06-02
1a70553794f8236fff93ea6ec7253a3c0b985694be7d8f29b5c452accc714b32;9829;Property;703149;2008-11-22
840e6f831032b8eff1f5d19a7a85081efa82b448e07a23c0051abd6d3acf99dc;9783;Automotive;28709;2005-12-03
08e927ddb40067299c6a7f515460d356311f2440f8a8383efe076568cf54ea1c;2178;Property;668156;2022-09-03
81bb5d84dfdc9008460e194f6b01abda38dbda59311243c64a4eb105dd7a1d87;9044;Automotive;26339;2011-02-17
7889d57a08f643d17409f620d87004d5f66f0e6e984490f61a4909fc9cd31f9a;9776;Life;265063;2019-02-21
509529f6bacecf6e43f780d3e50d492e7eb52681c175a1e2e0d70e4f86496361;3943;Health;212759;2015-12-17
331cd348b1000ec32918377ae3675b91a50c5c9e7ff51500468e35f4e783a034;8786;Automotive;57164;2008-09-07
7a9f6995025ada312e58ece9ae57c27eca559a75b1eeab5524542577b21d4fec;4136;Life;55375;2000-08-19
5c72c3ae33a01c4f4bb8e8be8dbfd1c32c5e8e642186d44b936a2d9bd8c6d2e9;1874;Life;7318;2015-07-06
ce75f97182fc9ea79abe7f138c8b40d2f93a1c5536c3ed31c6561a382a7058c6;533;Life;174597;2002-05-24
ef52e03bccbfdf4aaa93c16b663041fcd3049ac15f759ff29806d8edbfa29306;6615;Health;313379;2014-07-10
341d4257daf3246792f05412975b64a91872566871ec15d4c1039ea05c0fa1e8;9092;Life;97463;2022-06-11
523211ff1ce9559e4f36418f77a47723a016db816ec11db2a96fc3cfab96f526;2762;Property;381205;2003-06-01
3fac58640f628810b09693990e219d7dcb2a392805d8fbd11c3e59dc55cb6b2e;7867;Property;164553;2018-03-20
54b5c67536b3816239a1f9fa0bcd32a17ca394f7d4b8a924affb44f7b796c204;613;Automotive;725591;2021-08-25
d83e5c07dffe1ff02d3cd47eab1ac80899fac6ed0a12b2437bffd983d9b2bf32;6178;Automotive;99371;2006-03-17
3e53684190efa39ac21d569dd3c8e2f9886416eb2e6ff536e2928c2ec339b0ea;1569;Health;977802;2019-06-21
0c1c298de9567f4113b19a9ac63c3d5577e585d1199c25d8ad2056001f5e5499;4332;Health;389242;2010-09-08
368b6467cd73846af9c22c612848bf865bdd8d783afc9db5ff5360cd25ab9790;5523;Life;463337;2004-08-21
07c57af6daa51bb98e88ffecfe8de301458008417ecc064e145c1ecdae3c55fc;1241;Automotive;960816;2014-11-11
0be2ff8a36e7a94ac0071363956e23f2e2d3efcd5cda4092fc0a7a9b5d629526;6142;Property;154025;2012-10-07
94e6500976fce6babd6f6292f9bb5da8d55fcf82419a1667d5cf4a779b97ef49;6843;Automotive;771191;2005-03-05
40e857981f7b53ecf25421ebfc2f9e35123f26c999e88401e4192f40cfea48aa;3941;Life;465854;2001-05-19
404771ba4f27e531941793df9f15f86ef04a2a83cd4ddffe2b86afbb58c87189;9369;Property;931255;2005-11-18
cf94e6564841a509238b27e28cc7d5e81a98861d330f9ed1292b7901484c8ad1;4426;Automotive;771611;2000-10-19
c5bd71a43b45f1c0683ce31459d22aa57af63d5037bca7af1b92c3884e552859;9413;Automotive;314895;2003-12-22
123884c7d15f833cb6f682484a9f303df646400a9c389076ec2d7ec17532d035;8488;Automotive;675192;2019-05-23
4740e39965cae0973802c7473e0b1b80a95f2955635c9c19d758b8a2f3fe4caf;4608;Automotive;135963;2003-02-16
9588ab45c973e40bec10d2c5b519ca165bbe3729323980bad92b86e1742ddd6d;4314;Property;739780;2015-11-23
e377645eeca29eeba9e1c3b7858a5193a5f568f9092fbb536a88fd4246f78043;6748;Life;889176;2019-03-03
38932fec4bc1b1e710c9a669588ddbed33d9f82689fc61a4f24207be0fe56647;6599;Health;707418;2021-04-03
ab93e510266f16ff91ff06a05071ae9b9815787344fc04192419c03fd3267c1e;1520;Life;229805;2017-10-18
e5049ddce7371038aa7a38ce165106cb10be77f44422dbd96da9292e8de89f88;4104;Property;624521;2001-09-23
2631b4ed27051c024188a18fb429cea14fdc1a197d64f7164fe2a27489424c89;6872;Health;625860;2014-04-11
b33ce751d876c25f57f394a174b6141c35137c73de6b9c4b7979718c69497bdb;808;Property;644318;2014-04-21
264cf0eb450a2fbe46e87169bc608b8d5519044c356aa7a8ac6e7f181ae96da3;7935;Health;703249;2017-07-02
9c54be07668ff1fdd049197bcf08eb44d6bea2cf76c1cf0a1c0e0b9b65f10e87;4739;Life;740930;2021-04-04
e4b0083a889ade32c107115bf39a13e4c36a487fc93613129a3334e9f67d3551;9565;Health;250920;2021-02-05
aedc1c04e17ba3f1cbc7169eff78228fc6956ae1e04e5bdcdf439b30db22ea8d;9233;Life;143208;2019-07-02
7b68675194c7fbd23b158fceeab0aade945f50f7e1fff3019788773ac975317c;4457;Health;163135;2018-06-13
5fcf28aac99b9460330fb3a80ee61300951df31c33afe7585efd582220114f62;7479;Property;473535;2005-11-24
68f7080b96a3627861cae4e37057bb513eb4ffdd248ae8bf50a84072e3657ddf;1270;Automotive;701335;2002-01-26
80deddc7548aba3e42ab4ab5160e2dac29c8f5d913c43d511b97b4cd38759006;9274;Property;575331;2009-06-01
3972ceaee57785c256503b381424a34efd2b61da1dcb0b8aafbb7bffe1212338;2325;Health;362098;2017-10-25
247070c4542473a9e336e44c611a88b2c144da78111981cc4400c1c74a0393b7;4915;Health;878097;2022-09-24
9f2c1d7d346ee7a9fce5676279c9e227707363d340bc22b77dca34cb0c34cf1d;1500;Health;158680;2021-12-11
1d736444a777d3e15c7dadacbf3fbe78140dd94fbb871f05dfe6efd10c64b0e0;5702;Automotive;401543;2002-06-21
1e905910275c2c601ce994a7a49da4ec309e75d76104b5fc3e0ffdceb1e4f754;5301;Health;899602;2007-02-08
01962a17afbef9843ac342aa3b396d855a7ccf68d968e8819bf07662aa2fcfa5;8076;Automotive;1591;2004-09-21
95bba4c88ba66dd0e5e31e1046cebecdc75d8f30b0908b890a713c50ef26d63d;9268;Property;203474;2019-11-01
2ffa000cd2b4dabf244369aa6bfb197ab408a21fbede87e0b7ced41159727cc8;750;Health;186197;2015-05-27
f1f6cbe5bf20bdf49913e992a5203f2a1e87fc844f87f6133b0c931a13301390;9939;Life;597838;2020-05-03
0b691e8d230b5bf2eb84958df61531b96dd343c3a0f0db0cd7586937635dd3e6;7516;Health;574798;2003-01-26
4e63e7498c380ef6450d86fbe34c25b766d1ff20bf1c1b6e8eff8c76adf75e7d;2443;Property;236722;2007-11-10
0f37f3b7a89a4186563291bbf248a2c2dc1d1be59d64d66f0a8ad1c4e3259462;5704;Health;661098;2006-12-23
c84647e2e2949a74fd9f7642e3e8c6f0ff7b8b8c559b2242b72beb0e252f2c46;4112;Property;840456;2004-05-17
bd0e52f0c2ef6587c160f6b842f58a800fbba5d6110baab5d167b20578b42d76;4277;Life;760492;2000-05-18
87277ff2a98d0b682f9c1ed8b5d1acd172cb883bb6bb66f0ac954172b1c3f19b;8545;Life;264566;2011-01-20
54b1037e08b059fd7268e7e0d7a889c2052969f4f5d4c82924f8463692cfb566;5966;Life;16766;2001-09-10
e50853c5cfb169ac3473044cbac4d50cb3c4c6ebe344ae5a93c8b0478952ef23;3493;Health;846051;2010-02-02
4e0569de7e1be1a871259180c0e8773f04c44515a90ed907e3cc3f55709ca8dd;5850;Automotive;296771;2014-03-18
b08894b38ec1eb910896685bcff8120ea4a8a27e49fc4c86228981c1d8816f79;5166;Automotive;889353;2005-06-15
0d158ecae105026a75ba3db1d85f9fa4ee0030e3d3775e3c16380df8ddd54f84;7402;Health;33966;2013-10-10
bd1b93828daa017fe9403af4f3956a6a60606a88e8f43841df31eb09090cc05a;6794;Automotive;119342;2022-10-19
d62d663aa746fa994fb02df97bb78067bc226b9dcba290afd57808e1ac2988ef;5107;Property;637987;2001-06-17
3c4e70cb954412be8d4a38f884acd343ad0a4192d449a14a640f7b39655f66e0;567;Automotive;653103;2009-05-27
273bc2061a9d9b0e4efa0a934530fd3cd49fb692380e5ca002c00f1d2391b3d9;7876;Property;526898;2015-12-09
49bf4700a9f6bd464252b26243eeba3aa6cf886c73c86e0e6a51cd33b1251122;5970;Automotive;542807;2014-09-17
89e4457887168ccf62b3b103f3a005b46d7e4ec92e9e08c333c6d8c9e2ba74b5;6495;Life;632272;2015-05-25
89697e6b8bb41543eb2c4065229e691c373d8e3e576866cda0339328f3d4efb0;1021;Property;153956;2015-10-25
fb364566f46c0bdd94846d01ad1c3524add1b4891da2b24ad271e2e0b8484daf;3101;Automotive;721643;2006-07-24
aee1f4f66ee3c04152aa8803ea23c3a4e7be8bba97e345cfda43e97681d9f94e;1778;Automotive;2110;2012-04-15
b06c22fc3b57634c4b3ed5faf52eea670524ceb3d1284554301d0ec180a53041;6648;Life;625815;2009-01-13
a1b0f4422d43f9c94dec96442e3d7e77e60b64657423788198f14981079d873b;4386;Life;252800;2004-05-24
0b8310f9889f232cac9977f4f53effef1a84d6a7bbfefde15b915bb38db273b6;4114;Automotive;464525;2016-03-11
f88d920cd0bae2ea74e4199b86f11bcc493d667fe54c9eb49963ff4656e6bbe3;1372;Property;154301;2014-07-20
49bbd4ce6978b800559530258645e92c7db52325ec3b63c76bb11259546b0416;3873;Automotive;227733;2008-02-13
d7b8524c9607d4a9354b397b655c16606540c104dfb4acd5b836cfab0b2d2490;2498;Life;254510;2021-04-06
2019d753d978cd9233bc3d484b66225c05264324c6722e96d805515d89b846c0;2298;Health;108190;2022-02-15
6a61b813738d091a8b24d904f9e2091aea7be505133d94f1a7cf32ceb86e5027;5388;Property;106354;2000-07-10
9502603af095283ccaf621a893b28eb92d82408af85e0722bcb7a09e77055d3e;3501;Property;665322;2013-04-24
2ee84772b4400dbaf81043c992db6fdf38d5a2fadef79e8ceea9e84cbc1e6e14;5730;Life;145611;2008-12-17
facacc740cc19ffa13f4b020ded185cd0f68489cad21cd97bc13931749e87545;5774;Automotive;746617;2023-02-28
a7d87548836130bcb685fd61ad3e688dcd315b8f43791f5862c078010e305d5e;7746;Automotive;270655;2009-12-02
ce6d9031389bd98a1b86efd15a725f1dd709457ea71814a1656a13d3fe467ca9;2706;Health;140999;2005-11-05
f97c7717e53d66b5610064d9af55eb94342e2a8daed9d78f05d1998b99115b1d;4656;Health;319396;2016-02-23
922a6bdd866617335207e3306b976828a99b760ea5aa9acc5bca1b07dcaed042;801;Property;54905;2012-03-20
91a16ca8b42fd829d48a0add297f3a125d6838d1a5e09174958c45523d0f7dc7;1510;Automotive;995182;2007-03-07
55d88b9d38969fb05689e57afe33e3b8a97f1711aaf399c964e74c224fce2fe2;6764;Health;527795;2002-04-17
bd9a07841576b1ed8c8783714403d54c143d73e07a85baabbd921df62a944617;6871;Life;714349;2014-03-12
d6f404325d569004f8fff83d12d7d7c85f960f6974d91e14c9e1cc16e74ecd9e;7544;Automotive;512579;2009-06-02
ea0bf9c963b01a7ac47d9d26052f44930fd0e051a2e7678aac8745aee526e572;9786;Health;614177;2017-10-23
0efc5acb2e6742c00fe5f2649222b2899038bb867d93912f88e3a7e671f00ade;4399;Property;214431;2005-06-27
59b93fedc28ecbbf029d486b3ad8badf8ed2676c133aa61b6bae99744e1848d6;3329;Life;338837;2009-10-02
4ab79c92e6f989b95f706c834b8cf6e38b98bbb719441ab138556197dccc7e93;9490;Health;871665;2016-11-08
7a3c4e3e03de0ecc459f0bbf437fd96e611f42aefe0b83051a1d28bbfa214980;9931;Automotive;850300;2001-04-25
ca410e74987a944f7846af91e1ebe45391c2f61a920f717b45404c198c578328;564;Life;270566;2019-01-19
142ea7944c5b4f699f8bbbdac4b5394a08a5464950e14455bc8ec9107e4028b6;6984;Health;613635;2010-10-20
1cdab328479b8f0aab2e519f75a65c4b0d9735466bbb2f8052596697ac4dbb01;8633;Life;250736;2012-11-22
747e963c5a9ea573f1d09e90880ba1f4b6c5f4bd8f86fcd4b7b49affe59dbcfa;541;Health;143933;2005-12-03
e7d71d7a278e9863510bb785e7a6b568f207ebeaca6b77e620113993cfce8940;4499;Automotive;451356;2014-02-05
dd450a0c39a375f99f526160ecfaed7a4c27e9ced326068d913079379c4cec0b;4322;Property;561173;2021-06-19
949d40408a08af4bc9bf3e52edc176e1eae32f613c55f638650ba8eb66d2931a;646;Life;476288;2001-02-09
1e84f4111d644b265c9b4c9f4370119364ff93cc4ee262d43507b0376c1ea6ef;8735;Health;792362;2016-04-02
16bea140dd789cae9eb9d6b5854741449a0310985f6451cc09b3e2703ee40329;6339;Automotive;480773;2012-12-14
dd0275762e30475d0bdef87daf24c589ef4970dee6349900c086c6074637c5c8;1698;Automotive;715342;2017-10-22
cf4c0d8d651c5e63f186c9d046383b5cd4de37ea46251a1e13aae8ae193eb08d;5354;Property;392627;2011-06-25
f5c659fbb822eaecd801f8c4aadd514808e173e5ffc6fafc04f446ba9f3523b9;1655;Health;577652;2010-12-12
f377c9d481912f2206def7577f9be214b913864a04b335fb031caac7a681e8ac;6264;Property;397955;2003-01-09
a56fe98e1b214f13f270b7df2b512a306ca5382f928f3b80fc6a81e86e5e86ca;8416;Automotive;683563;2023-11-09
1b948a823c208d5319579fe352693ac51ac8c7be864bc234115171689ff470f6;4197;Health;981802;2005-07-12
f244a94239c4bc45ecdc85c6f600a0ceff8912d2a4b3a09a18606c6e701b2277;2291;Life;789267;2004-08-03
b43aea5e5af945a49ca3ef9d103e00730d865d02a1917fde8b5e4fd1e7020dab;6293;Property;502406;2004-07-24
fa964feb8401af81757b6dc3ede094760b17eb3a1743ed08ed9d958cdb6948a5;9689;Life;891225;2003-05-20
23bf29b4a6f1e3d7876f8842159c01808731a2b9a47047880553eff861a1f0e0;6305;Property;377276;2005-07-07
c53070b30f29df54c4161220a5fe164cfeac8316ac95fc50daa25216e302a9e5;7194;Health;335450;2014-04-28
e7c7da6ea28578161a8afa86b6ef4435f39d01b35b1f5c0da9fefa0de79ac991;6582;Health;366183;2010-03-17
f79a53be87395452b07703602f9dbd3163f01ae9192fb1b46bebb2171bda6fb3;6284;Property;166289;2020-09-27
7959a6c2baa27a2303cdb09549894763467e5e0c2b93f512604d4e1cea724514;4951;Health;400640;2008-08-22
4d3e67ab70a497b2db0eaa96c1aadb2fbd7e7f40daf73b5c2ae9765bae4ce913;550;Health;208291;2020-08-05
fbf76184da2c7cad2b9a53d98e747a6848723705849770f232dc492b15b0cef6;7943;Automotive;307652;2002-10-05
fde300f09a94d96abeeb2b4b312927dd94b980d191ecae149068b89ad2657077;4632;Property;381320;2011-03-24
88e92acdc094f7cc9a8b3f8c79b52fc923d127acd9e8c1b37d6c6a853b6b5247;2330;Life;826679;2015-01-01
57f520b53aecbc8c213b6fdfef90e01f4dd3c5df25fcdacc2675824990f972c3;6022;Automotive;317166;2002-01-16
56c4d880c6fe988b76c4167f7459c41174215244645536d82aefcaa167d7f91f;2699;Health;285680;2005-04-10
f394baa1e6ad6f7ecd758015c5255f6d166b2cf4e14540f21e62274e483961f9;9151;Property;624626;2000-06-11
b357f320ee24bb1ccb96b24f6229a62caa10162c3dcaadf3d260352c3daa85f9;6592;Automotive;478784;2007-08-28
6ad013ebc5e6a28e2788af2355c507af9c6e7ee717399ca8103dd3bcf0c82fef;3820;Property;889124;2016-11-26
f0d55a38c09882619ce9ac52c6262696ec892f94f10718e52e9bac14964b7f08;2317;Automotive;949314;2019-09-16
1290a9aba67d6d1e75f2911c2714f4bc8bd7f29e2d611c76987e97d6232ede00;826;Health;560956;2023-10-05
9aad47c41076681312fc5c452b4798b99b4624d37f8dee26591208105921620a;6101;Automotive;763568;2021-02-07
7fcda6509a1084bd104f803fa3dfe72c34e6f07ce012b53f9f9b89a9bd3c5da7;8532;Property;543127;2023-09-06
8d07325c36e0f87c22b5a8cc95609a1fb62ef8d81eeca76226ef04e00b8946ec;8024;Life;415136;2018-04-28
666a901a0bc47cbd2b1ba3d93ce3476c24a3e2acc6611201f991c44d09b24968;3824;Automotive;800617;2013-03-01
5349922138d7880719b1d3a83516e162cca705211cd6b48f3257f3e4089e67ef;5091;Automotive;51174;2010-07-25
5e6d9183d256570c16c59b38d0ea6f0631d9741a9df846e8cff4b6f839af4253;2358;Property;462262;2002-07-16
da1878abcd2a39f0f391ee06c8eedfd32b40cf5b664cf06d882929151e71a586;9446;Life;735597;2021-10-06
a255eb1be3eb76ee618246f5ffe6bb4c455eb423fffde49f11e85a1266fd339d;5586;Property;471575;2019-02-08
5d44d0e634586a159293516d934c9c28480f6ce97dc73c0134fcfc804baaa624;8904;Health;206440;2006-07-20
3e9775af9156169f5f9c2ec57b2021ba73d10701c9c236e47ac95e968f40ea73;1221;Life;597465;2009-04-17
a8a0ec911a99d931c1eb028a7c0463d9c148d1cdb8ae107f7cc5cf50d46b2aba;8509;Property;120984;2008-04-24
206e367f1e064f79397686976d781aa2058b28ced3493efc1ba4c13bbbcce5c5;3091;Property;213135;2010-10-13
d435394cea578737e7bc8e557364930257d34eeda55356c3cb042dd09de5fa4e;80;Health;784857;2023-02-05
01345ed09fcaa44a1162a1e4ece31e84fd5ce3cf748f29792d87c4f77dd36209;2832;Health;444464;2021-12-03
970c8c3f25b108733051c14629e47a250017874da8da143f420d9c9a3651f26c;8514;Life;526005;2003-01-16
8dc2884abc81b2e5e2cd59ce4b31e88576fe7d5434aa5d285c0dbe838e06c9d2;7900;Property;73249;2023-07-24
b9f47690d8afae7c73d4a288e417d88b5249d9711826d7c683324f76edad57f9;6498;Health;208343;2013-08-03
4770813edb4e330939412459c1fc6d4de88d4d99ae1bc011c8aade5b69db2736;2569;Life;161214;2007-02-12
7062f699c949f14c79aedaccdbddb88545f5e6e658525b2c38fd657cf3c7ef8f;1204;Health;511217;2004-02-11
ceab9f7692c456539cda1407686c3c325832e3e2afc7923891eaa8fc4ea5621c;4593;Life;178630;2004-12-19
f4d2e5562a1e5f8271ecf9e92cdfa2e927ed55e25e982680cf6d966b19bd6e0e;6893;Health;741545;2015-09-09
552a9712b2771077d6e1cd61e7ecc32ed3a4769e3f5ebe08a3f5deeef78a55ed;9110;Health;48300;2004-08-09
7085943e52b7f0af718ffc3b4bab8e3f4baf8c635e66db5872ecdd544af06e80;6063;Life;220629;2002-07-09
378e7e51af82edd39f2a975fd5461a83bacc4fcc4ab12c03302cbd94eb84c93d;7241;Automotive;565531;2010-03-14
a3abead61c16519c5308aff9ec668a9c78632240ff7abee05358f76510972fb7;4590;Life;727702;2012-05-19
6ed45593b470540d90251d136a29f92427caf153d40e45a9759deb5b25346d7f;4753;Property;440881;2004-07-11
3a79ebe79b5efb20ba81fff99db8f90786e03b2d6a267c1abc6f197260be623f;2061;Automotive;504504;2007-06-12
239182e63b4d2ca23883558a30e1f8e7177ce60c540570896aa5a25ef3bee72d;7471;Health;979821;2014-07-11
5370295c8b2734f667334ec11863977f8352f1a9e7e15575a3737c729f8e8b34;6953;Life;443161;2020-04-26
13f4346a4517dde29f13c6515208b1af693d2b2683e0d6a6054e6b0c31947fe5;3413;Property;827192;2000-12-20
b3188a4b37b9194e56d52092b20e1b93daf48cad4a077d50956738253d3bdc4d;1703;Life;718877;2018-02-01
f15c3efd6fdb1d6fdc3a7a26790b597f715ca8a0dc1569864a37f082d8c4d32b;6828;Automotive;265878;2008-10-04
f24926258ebc9c02a9c1d1b53d4feedcc944fe1dff949be9423537448b1946bb;6812;Health;616393;2014-11-22
26c06b14fa3e1f9757e01332471ec8664667141902ccd25260bcd88899410a48;2010;Automotive;289104;2017-08-23
413a1d737d1027da8207aa27bc6f63f9b9e88e5106e02793fd7d1adf8eef7091;2436;Health;387604;2015-12-11
21ce50e22a1fcbafd8d6acb2315fa38817e7ac41ae6a6478134682b6c561ff76;2468;Health;279913;2002-02-10
a934aa5f15c2ae0b20ba34022f78b4abe5557b0bded188fc4c0fa9d2136106cc;6713;Property;727111;2006-02-02
c282c1ef144ac7bccfc7f3ec98d62b893d8b8013399c436c101eff53393e1af6;4485;Property;849327;2011-10-04
2f9f5eca4c5935d84108454b28bb9b206abc3a4087cad529af7e4a5a3219d53f;7058;Property;749312;2004-01-14
3eb525b949fc2c7e3666f6404307f4b23b38756b7f161317ac9a925750f46ece;912;Health;473343;2005-09-09
bf4f630261f925aba0e320e039ad63b1a308e52cecde265dcc58d73ab00bca0c;8371;Health;465215;2021-01-20
031ea4a535c0ffb8f2e0e238d195d35f72fdd61e7de6cf34d27d24adb8577e72;8115;Property;119813;2010-06-10
a6e19e9c380440cd15efd41bad63de358165b5b08e44f310dd328a0c187d53ec;4266;Health;484133;2022-12-22
be815b7ff5e347292534fea240c471b99b17ebcd792451f211a5c372f35b4c7c;1570;Health;45113;2019-06-16
37dccdf1de177946650a5522a78d4802799ea3266d0564d2f113f982738c3580;8454;Property;869005;2011-12-05
571a2817ccfaeee0b99153270986051043cfd95c9d764f86689f5cc0370db68d;1267;Life;701786;2006-10-17
412840f9ae1086c91765c17c70b3081eb0b8c736de093311734bca40e5081690;3644;Automotive;851206;2005-10-07
fddacc396dba34cea9a00b2a4a2938a97b698c89129137aca36a927f7ffeef44;953;Life;946140;2020-02-14
991453d021921100b9b21614698323fab642349be5fdad52c6962cb8bab009a8;9503;Automotive;731862;2022-05-11
161ff931553227a34c01af8e4c01255f9d459ac5b0a9f5e90bfeaec4c2ec1743;2493;Property;401256;2015-04-23
bbf0768938847e2a461ea4101f90256e0371b02f84430e278eb247f40ea5b151;2213;Health;716374;2019-01-13
944a64e95e9fb894ae812f47b19d2c8b8bc461671c66fd34c97df259d4080b5d;712;Health;863659;2016-08-20
ff5385dc7270bffd44342ad5cf62c0eb2febef034537d29442d758095622af4c;7910;Life;724726;2010-11-27
98cc8c1056f093800cebd59443e1df238a479c01c8edba389fd247015d64462e;1521;Life;216789;2009-06-26
a717fc0ebfae88d683610a135cb845fdc7829e11ea5004eef10d8760501a8a60;1901;Automotive;989977;2015-10-26
9f780878aa1fe419f7716946abd47582a64edd997526f7e3170bac6f3f382f3d;5350;Property;188319;2012-07-15
eb2a059825282be1dbb286c625e89e227d5dabbb71eb1a9dbb0235ba8c9500f8;8812;Health;159515;2000-02-03
d7ef45d8b1c99eaee328ce981ce383d3abee8b42e0a01aaaae75a4cbc8db3eae;8742;Life;833494;2008-02-10
5043a0f7aa79ba5f577cee86e18af396bc9a493fec75b043d700a6b148e0719a;969;Health;998667;2021-01-07
288fdec82912a811825a2a800e911e5111c8c6850ae84ffb5b322ce79cba308e;7180;Automotive;914699;2016-11-06
aed45cbb6b4a76bacb93dd3f81e770c0b4d63c7a06a272e4c8a4c2105d53e033;3596;Automotive;690293;2016-07-18
874871e85f1bd17e7d9a621bc44d7c49e7b306014955eb169c6aadfe2d165000;3077;Life;951855;2001-02-10
0504ee4cf195f3ed22574d8339bd0ec5a118912438d0aca5e29cce313d3d658b;1594;Life;744302;2019-05-23
7c326fe215f4261385900eaade917843682c0a31b0cd41fa807953b26e235aaa;1187;Automotive;3035;2015-01-25
2392a85b34cf1a2a58127bbd5383a0a74abde94a76d8bc95bc5f7bc684ec1e97;925;Life;204068;2002-07-24
9f9a4979870f8e87e17c9dd54b64c59f51dd25078817bf356d01ab6470ef6852;1831;Life;739245;2001-01-04
e5f5ad835bdb8247abeb0489f52275c9651c7541738682a2c06894fae9aa298b;8596;Life;723923;2007-04-24
48c36582d35e39a4ab704a8a5a0ca8b593bf40314a2bfdbd45f5945d4ce9bdc1;5136;Property;859880;2015-09-06
1a627276fec1663dd3e5c1797090f1134275c18bca111bb2b011c27d3cbc7883;1180;Property;838200;2006-02-05
4a5a86f9655bd031fbb64abee4facbfed2310b961455adebedfdc252517957af;1385;Health;451727;2001-01-02
ae522588dfe29c67419c79815d6b163fb3a2bb199a399d180209e85bdcb78bc7;8790;Health;301404;2008-06-24
772791494c955e64d8ce06ed1cc25852a82bd351ea02ca6e667333845201532f;811;Automotive;928318;2022-07-28
67d24b55b2aab1ffee075a2df137288e91e1079af3eb95c6357c791968a29805;3569;Life;602688;2003-03-14
07a4fe2aeac99dd138f0c8a0ec6dcbb83747b64f8ec1fa7e4e2f25984e5b2564;3781;Health;758905;2016-01-21
0f9a8624b3b81ef0dc1c7963b599a45257cdf63d1054ef3abb8a976d7da13d6b;724;Health;830398;2015-01-20
e3b25493cc1ab00cf5da1ae9f10cd76a15541145235ea047d15b2032a609b18d;4202;Property;679272;2010-10-16
15ccb250617d1595fa72fb961b7e5054d50f5d7a713246d8559e049c0703ca2a;6731;Health;877839;2022-10-03
aca0dd5af58d4727e5df46bee3531bd8c2e624d9f1dc71a42daa2632c5db629c;306;Property;427418;2016-11-04
d9fd14ec2418f4f852f5a6247ae00d7b5c87052af1e4a9c970b66012790b938c;1683;Property;815677;2008-07-23
21baa2a7078d132d381655be50803e8184f3229381ae95f18feadb757d77eab5;2394;Life;611953;2006-11-02
dde9afa1074364a4c80a502e51afc6ff9bbf3b6a7c56a57ef5f23be74baaa1a2;3680;Health;882839;2011-09-22
d8c863a6798b517e585bfec338b841720b3c6b701a148d54c258d2e8bf000274;792;Property;226244;2004-07-23
87815d4a84c4ff503df796dc74ece739527f8483aff201a2e268459cf69a2a06;8895;Automotive;88792;2000-11-19
7e490472bccc1da7c24e261902650141c98a0816fc6ddceb3c433732ee2f3659;8302;Automotive;169534;2015-03-15
921474a33af2f8da800afa778d3dd56d5ed20242a529269a9941852dca0bf0cb;4846;Health;190038;2001-07-20
96843cc4566f9590fb3771b28d728b208d3371b42663dff42fee3eca164b0f89;9957;Health;529626;2000-04-09
aaa9e535c49b53835d7e033b422f33c248ef90547194f814c85d09c5ec8f77cd;1034;Property;65599;2010-09-10
13227d6c532d933766778b06faa038a37b3330d90c3924a55b78f2de2914e4b7;3595;Property;4446;2006-03-13
ea95a0ab885b8e71fd5a69e4d9fce5002a1e04f8dbda737aeadcad57dfe281ef;5882;Health;245194;2022-02-02
de7c49b3ecb404ca22b0ec9205fd5a090e20bf9a63271603e0772c22d12ac2ef;2936;Life;141020;2007-03-12
95e6186a16c7bbabe673d7795add96fc10e92a3f2396f0c269ed5fc5256588fd;5436;Health;671475;2021-10-16
f143d79710d121489a23541cdc18c7d6663c116127ec601f9c5bf7a97c42715f;4705;Property;457693;2017-05-09
dae6c73f890085fe14838eeaa1d7da0092d2ea939e1ad4e6873bc63bd18b4b5b;9950;Health;770435;2018-12-24
f3e5655fbb5a77ba617aeddde6d311f764bc72a73920670765c4c194b0340d57;4080;Automotive;741272;2023-10-19
e10d4adaf8ca7a2a8004ba27692ae11f41024cd32e047902fad7752065b1a38d;5569;Health;470499;2014-10-18
0dffc250e0d2af6545f487ac36aebe1da22a8c4e7b4e7c8ca91cb3c3b1285b86;5530;Health;25703;2016-12-13
44f0eab11b580faa561ce12dc774f92618536869daf2483ce9984b055ce4d657;54;Health;782478;2001-07-02
9a6c23d7de17532bd9f24c8c25f2f201268f0e7db6809d4a120b9dc893bdb874;3725;Automotive;216405;2010-02-26
eb298250c9805067119d764b6832def33201871ef0407e70d1af188cd9cc724b;2909;Health;130366;2009-12-18
d2319b68375db9349716ccf62a684e08a147fafa92f3f66214531e93eb5be8ce;8110;Health;214357;2017-05-24
bbf6ead373a5f9110f5443c9351b3ce53cd478729585c0cb879e25d23afdefc8;5958;Health;337283;2001-03-01
f85f5b9a376292ca5648d2b5d5a8247dfa7fff987002e77a12789a047b69a0b8;9847;Life;745551;2004-04-13
6bbf2acebd8288aeaac0655069e210affd04c029d40df533b3d9cba94d0c5d96;8558;Health;985381;2004-03-23
f6ebb9411e3fa91b446608d82dcc84c348d4b270305cd473985bd61bf025cb69;293;Health;393260;2008-02-19
4cd3964da067a109547f0b464e40f65a557b672b3d5826b93070980459c1dc61;691;Property;339028;2005-11-17
6958a3b75085e0e58f8e875dd98e0ec5df908dbcfe611ea39689a1a9c876d73e;4497;Property;616236;2011-01-09
ae98c6c78789499d574b902b05e36b910b4b35e442aa7b127e44a93e5fe95b69;2110;Property;848457;2002-08-16
643b3ee69fac5065109e24664ba2ed0a380560f47c0637d8956752a98740a438;1340;Automotive;950499;2004-09-13
b4fbadfbe7b87e3242338f1187e3698b25c943435c74569f69f783771d21590a;2009;Life;902446;2022-03-01
cc0481e0a086d2059738e8ed7577f5c08708622b7f08a96fc0936d021e5fd047;580;Life;346487;2011-01-17
9c431447fc427add945e0a2eb0c0e2eb5db5801540eb1ce2b3ea91c523879fbd;8511;Property;235500;2003-09-23
02766f93cbaabc7bd06bd7c80ba48bb466d5980988c6bcbc3f02d1f19881aeef;1767;Life;365803;2003-01-20
de28aa652be000dc66c930fa7e6dc3a217097dd9aa985232000340b11ee438dc;4219;Property;436097;2003-03-26
9692ed6c161476e7ecfa4e92aca535b80253e6a4d4f905c5932ae8c9c5b3fc31;7921;Life;443710;2018-03-06
da80b8e5f2def2ec6e73f193efade5fd007aac2d3f6616bc441990f03a776ffb;8185;Property;330964;2022-09-26
4207278b6fae01bfaa2d1fc1430588e411c2967dd860fefa3b4e4333f9ea7109;566;Automotive;505413;2003-04-03
0eadb2d4fbd66c49a5bf313c9ff42a7f73ccbf6ffd729f5671398867bcfe1105;1074;Automotive;967921;2023-10-08
6f80cc4d93a2070832c1ef645d84ee69b878ec0f1e4c5c41572e5105c7e93e9b;2988;Automotive;601720;2020-04-10
0bd8757a9f355e7e13fc5208eb84b21b17d1473adbef111f23e17987fab9e347;1272;Automotive;922161;2023-05-04
a1459529d849e514ed17229829e66cf745de169b3cd7be42925b9ebd9c1fc426;3932;Life;313320;2023-03-19
5ca09e1701e1ed7b8cbac0acfd20b1a7464cc722b5fb9142289aa893fcc48485;8930;Property;438786;2021-10-17
526fece3b6ae1b101da6f0972b34d5fa1a453ee725aab3018b682cd71f41736e;9959;Property;288817;2005-04-09
038af098a41b48adadfc7b6d795d8287392afc1d5b3ad494210db8c16ff048df;6226;Property;344912;2008-05-23
2fe0c41c6a140559b6e69a6af2ef93838d52ab3ac83a52680df8cb08f6232759;9675;Property;84639;2014-12-01
a6cff6283be08b94693a78fe3427b28ab3567ce95f5918f0804079b4f50ad37b;8803;Property;516163;2007-02-23
b3a1e2ad6aee56a25abc8ed6125d58ed1e43cf08664350dba40dcf3d390a76da;6472;Health;885064;2000-07-03
dc0132b6915dbb2bb465bf97366ab0bc01c33bb365222ce24f3b3e6bf107bcd9;8394;Health;184925;2015-02-18
fb3c1d2bdf7830806bba5a74d16af122e2d27ebe4779f72fe0d6815d13a8ac47;3595;Life;414971;2011-10-03
ad98fa9d2bce0797c99b976b2830d496884d4abdb1638a9dbf36b868bd40c4a4;7371;Automotive;276613;2022-12-18
5d166c137be2cc21e0813a262cdda7764fb115fa3af13d2342ca4c8c0caeafb4;7006;Property;934435;2010-08-12
af491d3f751b5cbd2584ad34a7ba65a1e757c773df98b30a7924a298c1f4b42f;6633;Life;391150;2013-01-14
8bd74f7903462f7ac7564fe9083c07c70ae489fb147421ce57d5b6fa84074121;8203;Life;237858;2012-04-14
8cd4e5723f5066f9c2e61ff36fc90729a8ca7b191235b31ce99363d2b569d69d;13;Health;49199;2010-12-26
2a78d5432817a5169f2e19b29a9a6ed0cc8e3eba82970c82a93cb36c6f14f42c;12;Automotive;627929;2005-01-16
18df0c42764e49195e94815a1b5acb4d6678cc53c71f4d43419a6ce7d4721410;4238;Life;73702;2022-02-26
bc66c4dadbb6e68dea5b5814f29d72b00769b4cb8f153c0b09f4a53aae138580;4722;Health;306865;2000-02-22
1d40feb88a8e44e152bacbd0e506c904c850a1759477aa42039147ac0ba8d226;2912;Automotive;572089;2006-03-03
d5aab2bd63f4d62196247305151205898cf35eca98c0b726200c276cbbe1d4ba;1999;Property;475252;2009-12-03
c8777185e85daea53ff651345cd1651808242fd1cbaf85cf0add23de6a4cc1b5;4038;Automotive;206620;2000-08-26
b8e5ef16f2d8e6e0354531f387754d840ca37ea40abfa53c594c1612e5b74dec;4642;Property;146183;2015-10-20
39f61ae1e2d59fba576f50c988ba640f6c2da31434dcd9b0eefe0e643977b6b6;4258;Health;344339;2006-12-26
fc8dabe4d9732c29ab076c0b4622ce19f657099ca95751591349cb1daaeb6eb1;5030;Health;77726;2005-11-03
3b7be60b43a4028d993ce83bae16e63b2a9820ed4970720e2f9a19ae629bb4f3;7879;Health;245070;2008-05-09
697613f77f4666136dac8dcbf9c27f9068bd6268c5b25cf4321598be217b5b33;8430;Life;291778;2023-04-27
d03453d82e7846760a140384ff1252a83cd43d263fe9bec038cf40c3ecbb506e;3522;Health;806761;2020-03-10
4c29860e7a18d4e05feb7ae4872e5b10f838c58e6f35794cd3a2f9e2a888743f;5681;Life;128472;2019-04-24
ce12d0cbd1d3b5932fce111cb2720bac007e11984a65eab05c7b4a248f6bd851;1696;Property;522000;2003-05-09
6a02296b547e7752965db3be7568a8a30349ccb869021a5b577f6165aa9f2f3c;769;Property;568238;2021-11-15
b9565f0891f010f2acf71f384d2dd59ffaf6d729b3d534bcf59e30eb965aaacb;8549;Automotive;810684;2002-03-11
fdff481448e57d09a9afba01c24ba9d99f7b8b468cb4578436183d3508065cf0;9245;Automotive;709448;2020-06-24
64612087c23b5922e6b3b943940a49ee418a0cb6c6206030023376cedf81b69c;927;Life;58167;2007-07-06
c39f0f6633316f625a2f7174c454aa66f805432675b0ac8706109e46c1ed650b;9605;Property;73965;2013-08-01
6638b59f96c524f33ae048e2e49d58dd4f4558730f02841788256d42c6c650d5;8535;Health;925248;2004-08-10
534c69abfd26eda98e494a50a0b08a43b60d4c279bee50036005d830e4a3dc77;4426;Health;266918;2020-10-01
8c7fc1ad7161a452d5fa7d153fdbc9730e3f0cbf74600866127571b5953ef108;6378;Health;322899;2023-07-18
894fabd72d49b49f50dbdfbe631218c8ef2c3417f1452fe789268a2c9194bdf1;16;Property;739708;2022-02-10
bf0855b8a5e89a2a08b9990f3122c3055669701afa7beec70ed9aa6306a2c116;1597;Life;838943;2008-12-06
da7f863a801f5e5dddb4c1c0d786274cc1232dcdcc9e39451eb461fdbd4d42ec;4562;Health;881005;2007-10-09
03f2e742ee0ff0dd90f9012bab1fe4c6923bd954cbe30dc5b9ca1b7b61d746ca;657;Automotive;245747;2010-06-27
6d76c87ca0245ab598e8cd878bf7b0fac2b52df071304e5cb332000627749647;3620;Life;458013;2018-08-03
7fd28f272cde03b32b019e819ccc44c57c8b787e8d048e57e4a0267dd4761d70;7996;Property;27018;2010-12-11
69255ad68be9d1990393212f68c8af9c66588738773a28bd218f8f4348733db7;3749;Life;473911;2015-03-15
7b9428ed22ad407bfd3f37db7aa3518f11095c11e2af44a6fcff1c0948bdf7b6;1251;Health;531293;2015-11-01
6ad2093247e555974e36fd14025a2441de9cc5018f9d6b9c9896f3378d209e0c;9729;Health;832769;2017-10-22
efbf87262d5afc61d0d4b5e08a883e97e358d33d4625e6f45bf6f1eece9ef882;1480;Life;674605;2018-07-22
1376c25c87d89e23c7201418589078acf43deabaf87b46c010a44de4b1ff5223;4380;Automotive;170461;2019-12-20
b80451967a8dcc2ff53ae09b4b6472a695271ccf78a4ee5d0b4affd82e16cf8e;1620;Property;548841;2019-10-24
dfa8f96dc4af587545e3c450b89fce897066d1bda01a0b2a3164d67d052fa3e8;4946;Life;327586;2012-09-07
c1e0cb7531479d2b70345e007bad49cad9ed9d1007c2a2060a7afebc669299a5;5725;Health;656843;2020-07-13
f634117b3029b9c03ae92bf17be4f40f49c97c43ead31c40e20a5eee272e9bd4;3814;Property;250773;2002-10-14
c6836545ca4de86ed6b7ff2980c5402ea94cd06f84f2219dfd58778fc6fdb510;2955;Health;507668;2014-03-28
209aff9e0c5f39b22f175879f9a4ff86d72a2cf7ab3b4ffebfc66f18c195dc4c;6782;Property;28250;2011-12-11
1724ddcfc274051eb84035d1b7b4c4903efaf3af64da3397005ab05493f2135e;2735;Property;941251;2015-07-07
814af6454f65136f562a54b814e65d713d7296e99de1108fcb57d2d9c5cdf0c5;8747;Life;85500;2004-01-04
f0ec469e9b7f8c4f2982474f4b93907b415a3771b73211ac2cc68faabc99dc06;1904;Life;473474;2002-12-08
573f06f1b2a236175f4c7c8a79e0653b6f9001b4fa78262889dbe1b25755b58c;4278;Property;102885;2002-09-17
b3ba6e9c216b9a59c382a7eb3c9c0b4e976e1400262bf64da6af1a22eb5c69de;5484;Life;84059;2003-10-24
f3a44cb9ec6ad390a77ca577519226bb8282dac2939ae12b965221e01135404c;1606;Health;619060;2020-06-10
1b6aeef227637504b8c25283ab76a8d30d7ab30217f633a3558050a4d20c0c84;703;Health;864552;2013-10-06
deba665fad0a67d4cbd3b57be4689afdeaf00716110ba81e20e793a9c319f312;4277;Life;898180;2010-02-27
c67e8bf1c5d559924963246a84ba8211367c89b86471b162c268caff4047150e;9053;Health;601481;2000-06-16
1964f35c13761b777c41037640eed423e7c5d39aa8445241f1364323cbc36c4d;3828;Automotive;809063;2021-09-17
2d786ae90f0b90af0918726b556d77ad22b6e03237dd83c06a47be3e5038772a;2423;Automotive;343952;2007-05-25
133eff3e298a004d0488cbe4e69723aee86395f3ba06aec0d5cc4cb51c055106;8863;Automotive;629997;2021-10-15
14e1cb46cd45a053702eb3d2fec8c3e12477b85705432e98115b2fe5ce97a797;4605;Life;958435;2019-11-15
6ae0fb04facc54f8b7d8e727b4dd47681e09c042604d43612616fe0d9e5cdcc0;3649;Property;321800;2016-01-20
63a37f9aa1e12bc2610c8ac0da3a9734360815215d45e76330517e1658bfa312;1056;Property;531733;2011-10-08
801abec83b3a343c5a0c77ef98804bca28599e6ba2544e0882dbaea4fe5dca3c;972;Property;599416;2004-06-19
ea9217564b5b6db6ce9d7d14e7a773dc4cbc61bafc3f514cc66979b349566abd;865;Automotive;835743;2000-01-17
c0624cec7ad3d7e15ab67edb6e4036532659e3462b64501a74a72245d548b96d;9013;Property;952286;2007-01-03
f0eeb42d9f97426c0f0c5246a0b308d534d76fa91bdc8c91e90a554526a11ad4;6105;Health;725486;2023-06-08
c412d07213116245ab03400cd18e42b0f1dd92b0635d7b57ed8cc8722768c9d4;1537;Property;778032;2019-03-14
325124bba0879dd8b31863f79ffb6299c82752e2f8bf92155d615299a8a4b0cd;1814;Automotive;292833;2004-08-18
4895dc140012891e6f5998efd1ef4308ce9b353a80da00652afedb402d280a7b;9389;Automotive;206387;2018-04-07
925919b2fa11c27dd0e78037932beb1483f46e00e5c9f4084f68ce6aa5da8787;9515;Automotive;728748;2005-04-21
3446e2ab717d357e08246ce536d8e0b6741c3573b2bf9a0cd89193b9cf40eb29;9152;Health;71763;2006-12-18
87171640d0a6310a7476ab4eaa5f65b9488b1b28a132143f85100bd0e37682eb;3183;Life;425241;2001-02-02
a1115b2906080a5f4378d1082a84116972f29b38cfc2e43e678e34b5dbeed16a;9791;Automotive;474640;2011-10-08
251b90937453185720eb5b31b44ae0dbe6e3685d79ca414f5b461cd0bf721fa2;542;Health;890095;2013-07-09
b111f62bbf9a0cdc0a7081ed5ea2d983c3d205c6c45151b9853e1b7376f0424b;940;Life;908239;2017-01-28
4af2fd19ccadfdc7e05f03e951b8abbd042b59366e2ddd2f1620c685da9f58a2;4683;Automotive;654939;2005-08-05
69e873afe030f6ff1d867bf159f57fe2dfc46c263d387cb86e0113d10d50e3d0;2146;Automotive;334018;2002-06-09
5fec1a4b496cc982f533cd599ff78b452e6f65a121bb58ee334dc9adce421661;1459;Health;244568;2017-01-14
bc1e3dcc13c2a5954353fff73a9c87a4e1a4107a50628eb84a6148acdb0a17d3;8921;Life;363189;2012-03-18
cfd113b3376981fe29f985cac3676e56324727921c23be8e52a3191584c6b316;5998;Automotive;376178;2019-04-06
028842a4035670bff8bd3f6b9ef0219ec182a05cce58f2d3c92e23750dbbc851;9817;Life;119588;2017-04-24
2d4f328848bcbd7c01ab50005a5629068e393029a7f249f2fa460175da291d06;3795;Automotive;328031;2002-09-20
49c158f74743c08d3ecf32f34f96ca08c302861c9ecfedb2b5db131c6ba251a8;4077;Automotive;86340;2012-12-06
17870152d9c520d21ea48a0a3864a83a360bd8727bca75685ef0762a0316233c;7246;Automotive;568109;2008-06-24
d3dc32519426e6955e1f3677f2ba57054a19dcdefbbad6095bfac724932894e5;6011;Automotive;190919;2021-12-28
1065aa5030709f89496bc591283fbf93cf33332474803d452e24cbb1de52b90e;6537;Health;641674;2014-12-01
3cf8b2cc8393e996271ad70261c73f1c3b2f691f6632872950aa32e0d59b7ddf;6949;Automotive;561479;2015-06-04
40477c4a8a3e229cdccdf46b37c4356d39ba78bc34c530c53b0173b86df1e92b;7965;Property;984287;2016-12-06
ea33f055d2291c64d6324bc5c15a32da4c7ee181de4abc257944cefd6383eb35;4630;Life;167881;2016-03-19
0d694897c92d39ab0d345c396b4b322873bd0b968347819fc0b2fac423d47e6e;4402;Health;711125;2018-02-05
b09a39c36bf2d90b1e92c92592ee88693abdbab04d9cce05d5f2d2d8d16d9f02;6967;Health;313331;2010-01-07
6dc6dbf75b640274aa995618178575301b8d372f57bb8d56b5c46f75e591644f;1871;Automotive;761026;2007-01-02
a589b7f964e682a047eac47e2f001614a3935eb6ca0f05ffe00bc403a9a39a78;4035;Automotive;20799;2020-10-14
b8e80e0e2405defd550ed424bf41ae4f4fbe0ad58906e48c3d9dc97019b27548;2539;Health;977077;2023-08-19
6f8649e16d357308dd7284068331f52b40fc698e7f1024d1f6c59c90ff701466;5772;Property;704648;2008-01-10
cdbd0216b527c52dbad5a684187231e3335afe7654d2274f91788c490f92f4cb;5157;Health;885715;2012-05-08
d3bbb16bb57eadef6f5f543c2409d12db948b74222a11856cb209398c9c0f367;7757;Property;404813;2011-03-23
33fd1165b5610e7878795b9723271aa56995e8d5f0e3ad8d8fbc1d5339b91a29;1531;Life;406659;2002-07-18
9574effc3828797b0b455d18df04cc2ed13fa3d06274c1d4ff14d2949c388e1e;3377;Life;97589;2023-03-09
6b77995881ee069a8014fc38a65b5500894760c733963daf08d4f4b41a25723e;4078;Property;696973;2023-03-28
f685512f1bfd2f5b51e810b42b013d13035835fe468122191c482fef7ef193fc;7497;Health;279547;2018-02-14
81f5bc9076dbd887cc28f3c31fee8dc67f47b708f489dffdd1ff82fb50938b36;8986;Property;214735;2001-08-27
f1b3d3d0b25bfae46a8a640935d5b7fe547f55c6946f93f9977fb5dd5bccb3f0;7947;Life;748182;2006-12-06
397ab052c3a3a2e6c7df2515d1ab05693c40ed99070b46dde63cc4994376d9c6;7121;Property;21327;2019-06-14
94732c57f2795384a02b7ac79eec679450fc0b6dfa7ba11b3f63fbad171143d1;7281;Life;931664;2020-06-27
6813c61e8b535ff85508a4675168ec3e65ffaec29f94035a840a6178c56c7da1;9313;Health;96905;2006-05-19
8d741f00d1c00c4fcb4a4cff26eb1e1576153eaffd79e0ae90cad5c20b676ba3;6765;Health;207629;2006-12-21
47707d1fd70c4a9c07114439c9a10160e50cf234756b6ed61d83cc1446c7bd60;1116;Automotive;797001;2003-01-09
64556251aa833fe9160be3dcb13f09f9ba12d267738d2574a22579ddb7727f27;9016;Automotive;223316;2019-08-06
43a70715286fbc45947a3f8ee78383ff98726b737668db98d48458ed62e65267;4511;Property;505767;2005-09-17
46273f5f916e394e6199606358449ea2aff13a942df551bf417a42cb30cfa4bb;5798;Automotive;837232;2017-08-12
4e867fb8431ba8d836928c5217bb7ee083b1d37fdfccf9d7251e96caf5da2726;6771;Life;392072;2004-05-10
039540fc9b9a06fa7e938cf10608ce5cec79cc1034ec3021682de69fcdda3179;1070;Automotive;502777;2006-05-08
97d68ad73fa8ed87305da8a591fee2a1921b5e5ccd759b9b0985a9fc4682ed10;399;Automotive;461264;2020-10-02
4024661cf0aae81ac08349f665fb93d37cf7bfcecf5742c5f24b1910eddda1e2;1372;Property;336903;2021-07-13
d8ce19443f5ae8d46ac836f5ff116aabff5767fddbe31c54940b6fcdd33e00fa;731;Health;318882;2022-02-12
1c2231b3992379fe33fed13acb2858e6cf36e5209cb9673862b1975c2a3f693b;2097;Life;424282;2021-01-15
f01f58912e13b2b50932c08382057e8545ad3dac5c40f8268a86827d3b2a9437;7075;Health;538430;2011-11-11
9f853ccb2a8d82290644bea92f7a0a08cede962542ce26a90afe4e3dd781a565;1758;Automotive;845797;2013-04-14
f1fac028d9a7a065a0862b885dd8b3cfaa5b19f7adbb95502a550361a4ffb7e2;6808;Health;973470;2009-04-05
ad78319b7fe3357e70e195c26f5432381bde969c0b9bca4efc7f9016b19df275;631;Property;614878;2006-11-10
a858b12d444e8e91204bba7be3aa3158be5b52ed4ba7457de5f0ca4e00911ec7;8494;Health;86747;2017-11-18
8386c296693f9fb36a4fca212df72a6bc10d31f7ae2e5f39ac112e2ace453db9;2020;Automotive;395323;2007-09-18
30d7692dd0aa56902593e22da2c68f024b6a860341f74935d2c0893ee86300a9;2851;Life;783984;2018-03-03
aa5dce3914872355cccf70fd66175b398991e95fdc1ea943b359cad46f7983fb;6192;Life;735703;2023-10-13
c5ada1e7bc912edb5bc76f6df47771b4e3555365e8c54f07463e4d3ed77086d0;6281;Automotive;836748;2017-06-26
30702c9ae45b946e04b8bb27b763e0d5c6e24c76538c4648fc920dd66533bec3;2084;Property;361298;2000-10-25
167c220e95d6b9f5c106338ae78e650192753c5cef1922448715419ee4ee9132;3700;Property;495387;2004-06-13
0ac717300a887e05e0ed4fb8bb1b36689479e2fc1109c26737b10747297b7359;7932;Life;792599;2015-02-28
e6fe6c8259a49d60bc40eb5efe929c4a3dadcd4abd94ba3b569a32ea57b45b7c;9841;Automotive;72708;2016-12-12
ed669f817fbf15c9409b9ea0c8903c7224637bbcb6e7862a268ef7695551f960;986;Automotive;331804;2018-10-07
4c6b570949afae5e909d3cb63887f7e7bbfcb668a57a0b733cb95d2dfe35c91e;8554;Automotive;113586;2007-07-15
658e2aa29a7c989d8f2891e686c62f4f641af6c54abcfd1f9cbf08033f5f43b1;5090;Health;468757;2009-09-06
e07377d553b1d113a8b006f48bf862d7a69a8273995e443a12857b6c21ffb761;1002;Automotive;935250;2003-11-12
fb10b7d574929a1a54671fe5863f505f7bd14453857d9799b5e3c3951f37dc86;604;Automotive;787467;2018-05-27
c6dd9e12b334b6e7af76ce7ab2ff1aece7330e9279787866f85ca55b6e5097fa;4281;Health;467043;2003-11-27
9b9b0ff1fb9c55e6efeb1d1aa5d1df2aceb7d510573a285f58f4b5fea7dfe1e6;6138;Property;995742;2006-12-23
234873228ec1242ddc0175e339caa7d25bbb978810038d2466a88b37650b0c13;7799;Automotive;867469;2003-09-16
d5dcab0f8d301f602787f8cf0548acacc9f6bbd6bc6da7a77eb66042037a8b25;2773;Property;739783;2021-02-25
423d69fa3ad34842d3aea743584c13a541f93c71b206bc44735ceaae5798e064;2033;Property;176929;2009-10-03
29249d70463607c88cf1e5144d5ea78853a22289917bde3fb42cb44a967d7270;5635;Property;620714;2010-12-23
653cfde49738a9c291251070e023fa417d04e31da11a99150e5e59e411928680;7524;Automotive;446383;2008-10-06
e91ad3e6dd8d1affb31d91c1004046d1d9f9d50575d49836ffbac3023d9c367a;6612;Automotive;208006;2009-03-25
915d0245daffcddea21f6a838dbc25ab56e3c2b7927f18e6bf0a66dec28ff76d;91;Automotive;521261;2009-10-13
70c12eaf1072edaff7d0349e047bd8236f6766f1ef0f51e555807a800bc4d475;9358;Life;658485;2020-08-13
c168616aa24493d694a6807d1a38387b602368f571f617ec243f38cfe54fd46b;6105;Health;440372;2006-12-17
f0d6b5ff0ac77736da2f210980ee2c643a8f91f2a743fef0b2357debf4fd6e47;4816;Life;184330;2017-10-03
186a186754e3ac4650ffdc9b4d43685c4aa97e73c58b11d17f8ac650f9a86c60;8947;Automotive;578196;2021-05-13
881846afcffaee345a39e4b76ecb555c52a05c35784b672940832f5545665a0f;5970;Automotive;342065;2000-10-04
ecb9873649ef6603f7ef94a50b07036dfa736a77384137bd6e888252b5dab609;6714;Life;160810;2018-08-08
92e8e56d7c273df74f779b9c0541fbe18fb5273fb1e648c1b245b694a6be7c70;5983;Health;154564;2020-03-16
c9b9774ad4455c64846c60a9c595b233d21005e0788611937785eb583f0070f4;4107;Health;176282;2023-05-26
5e7d1787a40b79eaa262d6f3a8fbbd24c6b994d456f9089493c7b58bb1b051c4;4129;Life;115538;2018-03-22
5f92691509c90d8155d0a9575a6d5de6106ba275600fb9d6a78f914cfca6376e;8116;Property;706868;2012-08-05
4e433f8f3eb6ff8de2914657000520394f2501b3600d208c11df17a53ab63bf6;9905;Automotive;118396;2018-08-04
7a52f06541ac7262dad47e22f8092b3c1066d7fad81038a105c910a4f5862c7f;8482;Life;428378;2021-11-07
47a69046092a2ddeacad00918fb92424f5cba043ff7db544bcc43ba1fc21ecd5;257;Health;142123;2016-05-16
84c0067fc1bca7d53446d468085056ad59677e45d5235c0e4a4db84126c7925a;108;Health;69094;2008-09-07
bc7a7c02a09f0ca605ba6314f6db68aa187b83cbff264e7b0661342ee2334a36;722;Property;165747;2011-03-09
70fd9c7674f7b98b22ecd369abbf7ec7aa1e2539cc4279b8f167094e1f2862c8;5165;Automotive;551232;2002-06-04
37d14c310c08fcfcfd86ada10dddf17133fe0fe2f94d65b6e98e93e0a2d1c4f6;5702;Life;177736;2015-02-10
a47dc69a0c51420adf36fef31aee2bc53a7091facf9259a329a70d8fb89ead99;4424;Automotive;464986;2019-11-21
76c22c562b90b31f5e573c617d2cf6e044c13b2f3226f1b462b768820cd67b9b;987;Health;91637;2019-11-25
d0456093cd9aaf5bd9cbda210de65f94667edfecf1178b8315923963e56cadde;3172;Property;126700;2019-06-26
b30260d1b5f66d637139ed6144227bcb14da9cde7cf1e9ce0d68f016a100426b;652;Life;373728;2022-02-11
0f6cfc794d941328f1e2c6f0a978a70ab871f82eb647fa3006a1c63a2604814e;2158;Automotive;652778;2023-02-09
eec02ef3230166bf783839131f68b4d5b3b77dfc847ddbdb20d4f57f994248b4;3165;Automotive;128808;2016-04-08
b7b59edf272dd80dcee866f954a07bdce8173a7e1ebeb248f8b1ea0951456a8c;6758;Health;620885;2016-07-14
ba571a5db994e730f676f1a1ca19f841cc2748f22e50c43db294c6dfae70518a;3062;Life;423402;2010-09-09
1ac29b4941a2f930f7f0ecef9d1f17bce720ad998e5983c8f9f81e339e1440e9;7346;Health;362463;2017-11-17
070233e35a0c7faa104acfe98e842926d41e0a04ee50acc65d1cf83ab9c0d22e;806;Health;322893;2000-03-21
60bb80299236a5195422d63ce19bc1706f6bda308227a20b210797e391fbfc9a;8828;Life;245115;2011-10-12
789f42cd472a1b709f05fc32a8c5a2f239ec1298d1fa1ef8388248d2e6ec7f96;2387;Life;338675;2018-07-16
fe78ab9c928415c7f8f74d4e10b0df6e8e3a8ecb9dbc4bbfc76aa3b59d6baf1f;6790;Property;114545;2021-12-23
ba5c027ead406feb1fe1810e5dffc4322620543cb32ad80c5dc74e3d01fde587;7035;Property;964686;2002-07-28
312ae5ef7c83e5b95cf65f03f90002d502896c2fe63ec10280763c3bcffe7ea8;7478;Property;217382;2010-01-23
3e70e4f0a54a09087e85abdfe9d05d27de0dd49a0126a372638be3dc4514b80f;5398;Automotive;569785;2000-10-04
b8a3ec8bb61c12bedf2d8478451c17e1049e4907e86a228bf3bf1436385f2974;7083;Property;974409;2011-10-06
2218b05265db31282f8b4f235b9d18c1784c8914c59b20851908fee8261195ee;2934;Automotive;3386;2017-12-09
5caf982aed612436a7753550f4af3e561fa0afab8c625a603d32ecc3f4c7c591;9343;Health;207528;2014-05-14
49e9f9a06269b7e4b6c872d708dcebedf60e955e66b7a6798584eec835d98c1b;6671;Health;945571;2006-10-20
6b8085f4a02c978a90b177cab3edac7c86311d647b59df23707a834009614d47;5916;Life;320241;2018-12-27
eb422b90fa5c23384a13f031c1d423ce8f6e88ff6333e65b1a53eabdedbe5607;565;Property;697533;2017-05-01
a7013d82ef9f553171289de2ff0f98ac6ad2e92febd39b73d0733c1c0e2d7f7f;5494;Automotive;706176;2005-10-11
9b52ce54630f874a46336f7a8570c43641f96206262d5f8a8961eea7a39e7580;8667;Life;103202;2007-08-18
42d6f8f0d5ee788863cba4858c1fb12ae84f2451d3b99c36a7dfd336bf4845cf;860;Life;159728;2007-04-28
d08c9da6b82ec156e7a10c8941d05e6a068fb8be8f8830032cb8b7783e142e2c;2886;Automotive;293263;2015-09-20
134d796b075d7631f31cc47a38caa732fe9efed2c282d4f2b9e3d248ae4310b1;8247;Automotive;306883;2010-05-12
d70dd984c9cf1ffa4212319c9f38988c6bbb0ba8b8f937dc63b15c39eaf6be0d;447;Health;665501;2000-03-27
1a40befa8b411aa78b865a8b8258dda40df74d4037726b220b41d33b857b0ee0;2697;Property;905994;2013-06-05
25164182e9461b10e9e9acbaf3ae7b8b4d76ad32b3f97301bf9eeba88551b38c;2378;Life;783036;2020-07-26
d315cb51321b6537bfb2c54fdc14355da3e7d8684ffe37488bcf3479bed2ecd2;2028;Property;771491;2015-04-17
924cdf1b2b7f244322bd37ab1a69ec0cc267e23af4be8d1adf592c4eb1232358;4226;Property;726930;2012-01-25
1564e20aa741fe04cf70ef19b8eee81d29a8f34ab275e368d6e12a2a7baf2f05;3016;Automotive;952201;2016-10-25
7595d2e077ff36b3efbc367422794eb00e85735cbb843eb337f085cc37fdcf2c;1235;Life;189711;2016-11-07
a1c70b8c854747db43da8597fa88e70f7732a4c0e1a4c478f383b1dc00a6f68b;5202;Life;352367;2000-02-16
8d3a822fcda6b453c1623a6e4c86a55aaa8cc694232ec488b3653493c2fea91a;3155;Life;151613;2021-05-23
aca1ad033b400b7ff577f93a882b688cbab4626513f25494a34bab0b2bd0cdd6;1359;Health;885581;2021-12-08
0b091d63adf2d7afd0cadd60f5dd15faba6e737c4cefa274b5a9389c8ea16633;3201;Automotive;29537;2002-05-03
9601b67d75cf96c4328ad5008fb196a466ddb825bfb4190571ff077f6d7eb2e9;914;Health;332627;2012-07-08
b573d723919abc0f326ad2f8bbf6fc1b63bcbc24883d2daba2b9de0f47a82c00;9478;Life;288791;2022-01-13
9b766a4087450ae1dc88ccb0f385fe5c698096143d62b6bf4fe4e3aa12d5cac3;7103;Automotive;306750;2012-10-10
7c63c7d91e136567cc9accc3008e514518f165942f733006cc036e87093b8625;2004;Health;304001;2022-01-05
a536fe35e3254b88fb3b62318e60d4e2cd13b26db326d2b28ee832b21a39846a;679;Automotive;264494;2020-06-07
b7801386ae04a0bb6be5367d703e0ab478a0b6e361ac04a90579c953ed90c48b;9111;Life;482652;2011-01-19
d76c013fa07eeeaa49d4c5763eacba44c792e83114c365559f5c348e1f547430;1436;Health;574284;2010-11-14
afa6d2a6f5bfad56a570df509d4ae7424135f0dcf5aeee778114390e1eefa020;8687;Life;176556;2018-07-19
f091f79e37acb06c25458f6a6d54b90cdf2102c40c259916566c0639853dfefd;2039;Life;950342;2011-09-02
a96b26d940d55c77257f88f51ad4c8e2c75ea42db74757085150be9b7dd924d4;1575;Property;936932;2016-08-20
9c0efc57658f18b8ef09e22be00d301922603a06e6cad023bb5217bb13aaf21e;2943;Life;572866;2003-09-11
107327edcdc986eaed9b2ba6ff6e3ebb23f649bdf862b52e4fe63a2f5b5e2e3a;4564;Life;455247;2008-11-14
b5dd38639786a06fdf3be4f5bdadf52ed0929427a806c2e39f8b77071d0e5115;3477;Automotive;84599;2013-08-02
5043eb4ab8305ff7ac2a56dc65e4405ec0f87c2ff2fc057944930af6bbed0b70;8458;Life;374130;2007-06-28
a12af9d1e0265380fe5deb99bd37f3dd8ddeb7549e95c0bb5ec5f1fc0dc16532;4049;Automotive;4975;2003-01-02
0cb33322fb9b9ed96926c760b2a04d205a5a23f2f0b3ff8228098e3ce1c3b705;8152;Health;962702;2011-04-16
f80072dbb5239260f4f36ae8f117e85dc59ce34f1ac3028a8fa90cc47bb175f0;696;Property;302012;2004-07-11
646325bbd1f1bf36851f48d2de956c03bb421bef75bb0f23fb211363db62decb;3821;Life;176007;2016-02-06
7e0feeab675f13645690000d621a0b54e45f3749537d4155fc734a93c260a8c3;3043;Automotive;562538;2015-06-12
8c6f15304f70241ceb4188f9d2dc62a13402ecd8189932bc400c645a515db60a;7519;Automotive;536150;2022-08-07
de81829207279427372726accaf447c78a51c0e7e988d71a4ebabc71254998cc;4895;Automotive;728701;2021-04-17
d4ad0b33ce7dbaf0ba66edad8dff172768e84bf4b07e9063a5db4952f1ad448c;2543;Property;11067;2020-04-14
b6811a2da23de9b4d5b0b5d8249c082a5f10e281ee7d2e86cf7676bad4259541;2969;Life;611450;2014-09-01
6e67485f095f2e0c45f26bc1b84e89cb35f94ea9b0e26b65a2da76d57ff830a0;5048;Automotive;881501;2005-12-11
2116bace835a637902df284ae4279b0d6306b27137643aa45b6870b85049c3fb;2143;Property;570741;2021-09-02
c458d518f46867c0d03e8ddc000e9cae0ce7b2f2ec225620ae30bb17e6578ab3;1914;Automotive;100611;2004-06-15
70085d31a44bd9c4866e49ad708efa35be4ca3dbbc16a1cee42da5db6f7ac967;1807;Automotive;90177;2000-08-22
f6cc8b23ed79ce9eec68b9750581e9fbfd7cbba0bdc0f43ed78a480dd97d5f74;3889;Life;888615;2010-01-05
ca27c094388ee24033f948fa887fb7940f1eabfb6695af013a87f081250cb531;354;Life;930967;2022-08-13
f4d9b65770dc9451783310efcbc241eb8f5c4225e75cbbd5cf684c20203ad6fb;5250;Automotive;199040;2001-12-25
3fa70ddab6579910d5dd873bb92de83d32e5710981ce01f77ce3dee009d412d3;2119;Automotive;311073;2010-09-12
9784f977ad669bc1106cfd93691b708676aac15c9e1b09c23ad557400d6cbbc9;9783;Property;223902;2018-01-11
5b011663ae68726af6e96944724b21715357a72d9fcd9101c366d9970640fc2e;7357;Property;731898;2012-08-02
396dbf23304e1199ff813d365821ffbfcadf6707bc83aaf153a69d7a5728ad0c;4294;Property;918969;2005-10-03
3ddd0f966c2d9c4d93d3202af18ed79c92f41c225ff91393164ffebe4bd3eeda;7953;Property;954353;2016-07-23
7935ceca6952f3f712d24f115a5b06de73658751bf394d11b1233354552c5c9d;7245;Health;732549;2014-08-16
9230ce77ae9d66baa80a0302bd0f5efc0dcd83c645e0f1489a0f8a5e590b72cd;4039;Life;673916;2018-06-09
acc8073e7eee311bb82bd4adb44836ab70728c00713be7c16c46e2ef4902fadd;2077;Automotive;757162;2009-03-10
f0c59ba21c76311c8b26d02b7351bd9f5377930192443e3a7d44b0560555fdb3;686;Health;991348;2000-01-07
c4637269880e48774876a51a45f4be4d0156ca50b9fa8d1bd67398e88cae28cc;1501;Health;240911;2014-01-02
4c1fb1f0766e3007e080c7b0fa1b4054575c3b864eacf420bedcc8c1146ce8c6;2501;Life;357634;2020-04-01
12dfb871507382f859d3461bf1c0adb4460246f7748eb14bfea1feba9f52889b;4925;Life;241918;2019-05-28
d3d2980195ea9dfcf15bb60d3ccc07609a87efe6e2719dce58b2d84043aebff0;5272;Property;791597;2020-11-12
a87d7d93aee5173d2b5ff762586eb9d171a348472bfc02d0248cc54bccabacac;1108;Automotive;518691;2009-08-28
9845a78de9f73d414552efb7ecce29603c4ac6f26f5e3f98c270ca42e164296c;9998;Health;81581;2006-08-26
7e1872e4f546a9c5b14bf1c0a2172486bcbbc2f9b0e37128d8854fefae1a2b95;5353;Life;230832;2014-10-28
420a9551723b2d1c01dd4e7d8de324de2ecacbd44a7ffe690a707776dd2aa6c0;8693;Automotive;526924;2017-05-25
6aa8ccd80dd23c1d26a285344fe7284213bacc3faaae068faeefd56ad9507992;1959;Health;376152;2017-12-17
3287be7c0fee52a655cfc5e9f8e1325f238e3991210bd05b9cece913c62ed069;7353;Automotive;814346;2013-08-18
6173674498b1da3a15fafab4a8935ef1bb80680d1d3bb518886f6269403f6f36;8066;Property;257252;2014-10-22
9df7ddad6c33ff8078792003b44fa61531d1b3124a757deb742e645247057fd0;9594;Automotive;843337;2004-10-01
fb0b80d960a6a7af2e75ce9765faa02cb256c80c5f98175e5457da555657f115;4786;Life;742307;2005-04-23
be8e60a5993fc2ed09510717cfb8c3efd4b40621b08e0880f677c95da691acea;7119;Health;141586;2012-02-19
4142e3830260d2a21b280e856555eb4f33379b4c82b91202df3b6e513d0e249e;9493;Automotive;804259;2004-12-05
90b113380765c11591b66f29ca6c3d0e602bb7ab8c201267fd601827a796beb1;4209;Health;413308;2016-10-02
93d9e2592ed218363e6b64a2cf6f1d05d6df8e42a8fd3f4dec36fe3e6fe476b1;5902;Automotive;433933;2022-07-25
0fd55ee6d645a38f2f09d869897e1cafee20509ca243c7b1aaba74931fea7426;213;Life;766992;2010-03-06
150dc5d845a07f0e16537c979d7cbceac11eb836d11cb132283f39d8655dfcd3;9379;Life;627191;2016-10-22
d20d8492216096f5a5f340d387a6d3ebbc2cdb9cc417bfa4da2412f29606e066;1962;Property;794121;2013-07-17
e48c0244d954a9736ffc3a4003b886828d1932e0a2fa9d41dee1df3ee78583aa;8474;Property;688073;2010-09-24
44a4598fdd94d42506db2356a0e801c91cd302b40ee51fdcf0cb402c941f5cf5;31;Life;212865;2012-01-06
43c0ae4d7666ba525a131244c36e7ad9136046670d6ed0c0730933df4235a7c9;4479;Automotive;240934;2001-11-20
f5e1f6e80b320abd2a7d8239d60e67968664c163c508a9abeeb3fe6e185e4f5b;8313;Health;601234;2013-03-22
2346af7a96c82aa0a7e86b8326ebc611f6daad4f10fefd42fa9824497e950060;529;Property;387353;2011-05-25
f58b6883c4fb3e702308c3686c4829563bf0ebbc7be9ded9404dd173d1015d34;864;Health;854061;2001-04-12
4da0e3aae12a590f51460afb3487742ae43c029ea5f86bd5ee145c93c4d0b821;8101;Health;295061;2023-06-24
02366f721cb619f24688a7a8e47158c8b7534105f9f8257bc8f66e7f838a2a3d;8748;Automotive;453310;2017-04-15
923c6b2a3e58dc521f3063d3c8d2e231cf2a49194c1b8f832d6781cb967a68da;1856;Property;63430;2016-09-15
47634f4cbcb49a76954e6868730151c62f3d45fa1d1527d9a0d2b95415feb165;3481;Health;785589;2014-05-22
b2ede0fb957b0cfd2736f237633e7d821d51b87c93a5d4d8ba9a88dc2ff60d0f;2872;Health;631943;2016-10-23
864ee98ded79bd42dd0ab371ff7e56b9d60850693c1f8d3e1a6c2be9e645a730;1964;Health;990355;2005-04-07
0a3901354c5dc4e111f6e7a1a959ffa1b42788a3f9fbee325fd6e56fc455bf1c;3285;Property;141892;2017-02-13
d601c3cc4eae5c345743067a2d4a2b6658d04a197b62b7964b956b81a4786971;3482;Health;742145;2003-08-02
52510878d01c801b74de2e2a87f029618f290c3752305454a4db4a1de40caa65;6187;Property;247284;2021-08-26
01f1e84338c91038942f33fd48f3caf33ae603a637a691bfde92f364ab957668;648;Automotive;566923;2018-04-02
34c1b85d8f80a4e7b413845b8741e7b5fc233708b2c0c01a722322294ef57775;9632;Life;358786;2010-07-08
585a483c6d92d2e58ecf29ea726815e61c0ac66b0ee4441657a95bad65b5acbb;7261;Life;807681;2011-09-21
331bad11adec2a14d5dc160877b0ada4c162dfa10281cec12a699187017bfe52;6093;Automotive;544830;2008-12-15
0cf686e46907d1fc20e358ff64e4b3cdf44ad723a3b9c1332fe1942d76ce4a0f;6719;Health;832737;2000-04-26
061e66862c536c24c9e87828003c6fe9798b389d35945d1f079de66155c70069;2763;Health;86380;2023-08-26
6f21140b6615039e2b2b17ce7ddda0ca6e0114b451f6789a1d29394745fed595;7707;Automotive;133418;2006-02-13
70fe4796a6f739f27d82e6d9ebbd3a7339d5c29383a7cc2a9cb1e4fc3c1437ba;3412;Health;643978;2021-04-22
8e8a90fc785194b6273b35ef4fa23c92d3750691fe2e38f591abcdf7632ebdb9;434;Property;779526;2009-12-28
0e27d8e053bb8f9fa2cc86358bcb2aef20b996fb9476973ab352c557960a5ef5;8553;Health;508493;2018-11-18
988f45908143d4ca63bc28ff5d971347d0f715c4bcedf00abdc67c2ee7f69f38;4896;Life;280230;2011-01-09
592796870fc3c4538bc3746e4514bb6c412b877d077e5f038e90f64166c5be63;8091;Health;770279;2008-09-14
c1ab37133ae0bad31d3398c015ffbeddaccf665e970666f7879a2e07ff0b4b7b;6751;Health;268355;2001-08-26
7ec30b7762dc23e8d1547fe591b3a8936cc676449b8e5c40a75e017bf82dedcd;5348;Automotive;543099;2002-02-02
85220366c1e99e720295e2ba8dafc663cd45b6c34d2f918357ff44b9ef44fbef;3816;Automotive;987503;2007-09-16
ee3d905142d47109b84f72b452128cc57c8ef5461f965953b29b075aad6b21d6;6784;Property;620283;2005-10-05
b1138f96d8efe8578ee9956ce1e6a7847594e74f12e34b2371efeb56fc89cb70;8460;Life;893875;2008-04-03
6d238e18d9686644dc4fa0989a5c4e458ed94d89e8aa42056a46c185c403cff6;8828;Life;816717;2020-09-09
fa94dc6b3fde67f722d445f9ae8618f1db2bce91646bee7684a7846e270493d3;4381;Health;782258;2002-08-28
9900e4910f9cd34198da28fe81ad3da00de03b154b3cddc4d38c84936917c356;6578;Property;897298;2008-05-14
547dc5fb06975670b0038a20ebc293881cc16af1a264581b936c7cb3532b0dd6;1084;Life;646616;2000-08-08
507c24c12369179925f77ab028788d9f1bf984d30ee03d12402f16f6f1a3dfb4;9715;Health;99181;2012-09-22
7165dce3085b5294365cd4aa3b04e3b14404b85e2bc5f71d2f4d7f91dab1a9e6;692;Property;518718;2022-02-28
b822e8256afa891bcc7e3c5e19f1fbfa3f36a5c99109793de14bb72b288530d8;968;Automotive;876615;2015-01-26
753e87ebacf11e79e6b888fd392821f83e4b89131f71125805b34bb6af9096fc;1192;Life;707218;2012-05-18
df8e083c993f8cdbfa5a177f845029cc4032937b8eb95e6aea8318ff13e97d9f;6969;Life;504214;2007-01-13
455d3b6a1e919931821813840aa155680ba15cacdf513ad8f30868969d4160e5;2874;Health;388217;2016-03-05
4d1541f274123ca188dafac3f8126db80068ef5588e4b57aa82e39cede78aed5;7960;Health;108500;2000-03-03
e345b7e6d4fc053a1bd288fc91eec191d3391bcdb4f7b060a39b095ea23a56db;4849;Automotive;829804;2009-09-25
a8ed029366fbe168d7f2df7249c944320f1e9800b1e5e07af3b73a6560eed1b1;9522;Life;142295;2022-04-10
fe54078ad7ae3bf7110efe37dce669b55b0939f05a2a507e842b82472d63aab5;1612;Automotive;572163;2021-11-06
3236e9e956e4ace53375a18d8e1d37e39c7ef30cee433d9750c0b0de4e91190f;2720;Automotive;48965;2009-03-15
6d9eec1ac01278b659f55acb6ab159f49f93e344ec834b862410bf61a0122292;3873;Life;337039;2022-11-23
a05a95dd110bf4f9e60bbb5a0d0b248917871e326ef21c4163f72315471149dd;530;Automotive;370757;2002-10-21
db32f627ccaa877260be0a23a930dc246d0c0d6052188040695d407b70fc8a89;3958;Property;327746;2000-01-11
ca8fd6a7bf35b2b08336d2c147aeaf291736ea965c3365de06952003241c47eb;5787;Automotive;846292;2021-10-15
13d8538ba0b6a3ea09092842dee9680c641bd87bc5156ecd310676327c2ad57f;2382;Automotive;617087;2023-12-16
4e59e5ca7488d2171716a011b325766df8da7dd41d2f9a377c80886f2e3ab689;9552;Property;237278;2020-09-18
16b89388decd85908e9660313e3046059fcfe0f43e57c68c0fd144e83f7b635b;983;Property;692441;2018-09-10
9fd76a056d203faa44c605950b6d9caf68921eeb09970c5ef06d55c73f14428b;8145;Life;652131;2010-01-26
a0e8025c47d1a70c4e5815f87fc0ae5c7e44b5c865600e7b68aa0f7b1be3cbc6;474;Property;369670;2016-05-07
08e6677097a8c4760831a41c023c78df4b89f1869d47341b80d8ddbd2bf1309b;4195;Life;278093;2014-04-22
19ca8b9594ac6d6b87a8df468b467656999850f746a5649763cc8f4d3eaae22a;2485;Property;264200;2014-09-15
dcba12f8bc990e04780369190b86457e61b4d5a66929eda9a691e5df62ba5a8d;461;Property;134748;2012-07-16
4197a06f1724527aead4d9c4ca06be143c427e83e57bd0bf3912cb689bca52c6;5192;Automotive;510635;2022-08-13
47e50c41775d5b0b39376ec24c7789aa1cea4b72beb681717b1780cb07cfa3d9;2807;Health;222234;2010-03-02
7683204e5ff05c1660bdcec9a156a91423843986003eeafb1ad52fbafbbf05ab;6552;Property;316493;2014-11-11
35844302f70ff8967f00c072826b9836d5b6b29a2456b97d710fc0f53ae3e95f;7156;Health;871833;2019-09-05
cc61985ee4aa97878e6cf6cc45f5808d49d03b50c368fa6dda9c21fd5c0a4056;5096;Automotive;38832;2000-01-18
44d8c18a63b2b617d266059489fd2c6ecccc3bf3c5f90071526c5c03ab69a9a0;6719;Property;758845;2019-05-07
13d55df40858995436f9f747f14936ff37eea1092f63b04f0399086264ed2d3d;1244;Health;305676;2000-08-05
ff3527707e5fc8aed2a356300a5d13d4e83cfd080580d87728e43b7846d352e2;363;Health;421849;2023-07-11
0eb311482708fbf67d5f7c269f24c5415305297459056d73a29d38a3c5afc842;1095;Automotive;148721;2001-11-03
893b031e554db51218c0b980b3e3de460560a497f6dd54810d810a2369a1ce0e;1548;Automotive;881239;2010-12-26
ae1f4070005c55701f80a051212b8b78ea68054e5ce3fff7ee4b6bb4b1672e9c;5862;Property;37369;2008-05-17
5b525dce3ccf5d4f594e132706c37458854a1bc73e46c1fea7a63a5b3452d1d9;380;Life;351224;2005-07-21
29df2ee26478cdca7e11e87e95591d1880904492518d57a6ea11e6a499f6b2ed;9157;Life;594431;2007-07-27
1f1cb73632c4087760d3f03afdca8d7d2337a9ee3ed08d885684a8773cf88a92;398;Life;479466;2004-07-26
036ce10e606daaa681d584c5269c95b6eb562d4de572d6cdbfe3cbf42b79c507;273;Life;816249;2002-06-12
8955c060025c81871e9842999c0d8fe9a8fd93d940cfb85dfc238faee61907d9;7666;Property;261868;2018-03-06
6080661b4bfa9fe639740814e8a462d50159e84db7623bb50fdec14973dad430;9425;Automotive;112040;2018-06-06
88caa5220ad33dccf1b1247b838ec9a544db58577ea39504ad1280b9b514a6a8;6670;Life;421889;2002-01-01
b1e52bac78e162595fe70c6271e2213d21e4762ea36c6d88bb4672acd41b935b;6258;Health;731066;2020-04-17
68533e68f4232f40aa999dfb9e8594a834dcb14ff1461aae1b615c5317c13c36;4724;Automotive;287819;2002-05-20
0144461f7403fd63dac39a60c9062465ae8396c96884f9dfd2dc746feb9501f0;7084;Life;84641;2010-06-23
ef724da15588a394e3ca0385f611932f40d1c78288c5850cf107c540bb14653b;4577;Life;579004;2013-03-19
bad822a3962e52945d5aa2790a8f5ca81e1fb15795c77090fdffbbd8011de2d7;943;Property;329146;2023-12-03
5bee25f6787ab4399e8cf3a7c03e5ea86cfb449896a6b4b47e5fe1d9eb8f44ef;4885;Property;24646;2014-01-25
9de09a42fa4a8783994c7e0449b74bf1276e668c2da3191065735fdf4d8fb139;3338;Automotive;897978;2020-09-17
ef096ccd678c1bb5fc1f2ef4eaf671b503db70e7db10fa20730cc9ddc1c2bd75;825;Property;603233;2015-03-10
31ed84c8c32a133a14036dd33c763165d82523cd4e78ca45acd7958f553114c4;6427;Automotive;905714;2017-02-16
7aef64a2bd04436bbda9cd61aa1f1648e6f543e1fdc03f7cc465e939d656626e;9515;Life;387741;2017-04-19
87d43e9ae5a5ad83d3961118c606c4aadddc122f7b8dcbeb7415881024b2b3bc;7999;Health;378023;2002-12-13
d983a78752dfd416cd108aa799acaeec7ec23cf18094c097c2f6b406aa0c3cce;1623;Property;350316;2018-12-25
0e7dc1507e506ab5e409987ad832a1572e86f04d12aa9b87998e60ff122cc368;2491;Life;421278;2000-10-13
c769b1aae44b2089fb45deedc53b5f9d8441edf2bfdc44a500f5084dd3821c11;5718;Property;780318;2022-12-08
29a3b8e8ee7117b3a02194baa74eb91716e39e782e4ac9bc8e446736c1da673e;920;Property;734447;2013-08-08
f0f512a250ad5a1f8a072500e2a87040563bec35b1dabc3529da9d990e75776b;8249;Life;747822;2015-06-19
8c94f76b4d6f0a4edb2fa836dc90980697d2e3914952de4eeade462be10905c2;9749;Health;590661;2007-04-23
de9a4ac1254afdd54be52c9556371c3007741302b3ed4806c910f186ef9e6ebe;6193;Property;972960;2017-09-06
c6f1931a094d9a5f3c01bbc5593e8d98894c1e156b0f18c29a5f517af0bf9991;4580;Life;129449;2016-02-26
e05aca635118da464f56e74e1dc9bf86c6cc06d28306960e13892c6c3a7495bc;2211;Health;132734;2004-07-21
d2309d68f320508a44b4c03a951b5dcf181648e58f2580083a86c9f27f6c1345;5271;Property;119509;2008-07-27
1e2e0c5a391a870f2abb4e7c7b80e0144838b1ad8f8648a8c796b17491c0439d;6142;Life;755286;2003-08-14
6a5235828862b3215431d4ac14ad7a530b4c89edf9959b2fd9098330e4dfe79c;5149;Property;237295;2003-11-23
b58a14306406369a08f2190e9dbf6cec302479c99103b6a806572849424fb34e;7930;Life;545753;2021-03-23
de863d02580ceeee53de386e824cab2e4b36f0adf96bfcd8f8b4ae1d890ef03f;5824;Property;392315;2022-06-04
e51270e326ed8459e2259b528b5f6dfa3004c9b0554276ed4f3c92be3cfb402a;5572;Life;987544;2019-10-04
c2e2f24021a2ab31a6d3374d9f0316223904f488935db7aa3960c48ececcc594;4642;Life;277824;2007-06-15
73280fe54c0eff327198a632aacb166a0b628a2da73ef87262f214e5329e9644;4713;Health;187355;2003-08-09
3107f63c0fbba7ac8bf5a706acda3fa13fa2ba9f59357ba2a1364533e40bedf5;3746;Automotive;938629;2002-10-05
cbb0e9465a967b53b48cabe57f79b3a5ee0defdc267f4181c341d7116988540c;9410;Automotive;20314;2023-04-02
e3d981bcbf9d17e78d79b07fe4da32548aa9abc7d3cdd664e0df9ea843ba3fb1;4813;Property;401079;2000-04-16
542774ed09c52ca8a353e965eede9d6780bb29ba20fc5dbea9bff79ca45cafd5;3370;Property;953138;2015-04-14
90a0af220b19328c2eaf6454e5a0117d0ea52f3723e0cc1e19b8c2e4b5a4906b;5993;Health;589095;2014-07-08
d346eb69f327758c9b423c5add90cbecce1cfcbe664f22f85b64a25348987d7c;1067;Property;272811;2000-07-21
b89afe58a224de702b4eac9b2399e8d08a241999d4501577ee586ecbd4625cdd;5172;Life;449939;2000-10-22
5181fdd4c1fdfd5824cf4d0fbcefe544d27a64d9b8aa0f2aead0f66aa30b025c;7777;Property;547066;2019-11-20
6c413d9a4b38c0351aa17c3f3b2312f7499afeaa9b0ab164850221ecab148ff2;195;Property;799859;2018-12-02
ef52e288b84d639a516c43d20813a371a5bd30572e0f5e518e63059141c15c68;1412;Health;12909;2017-01-24
be8e7e203eb13a6f7a6d0e1adea785684d25a9425bf03666e720b199b0e9202d;3148;Property;138612;2011-09-09
fddc1b994fe945519fecbc5a53f8aefcab0dbce19fbdde78028e534912af85e9;8091;Automotive;573768;2006-01-12
131f6462a6db12d17aa74b69c720ab3d30efbc55869c2a5b4c77dc3e8c2f244f;3297;Property;864533;2012-05-10
6cb196a3eaa344b4587dea78607c8790dbe54714f6cdf5a9faa0f10edae0bcb6;7678;Life;785751;2006-03-28
9594e2076eee98afec413d7260a6efab339a4ea13fca5359f8eb89af304e3185;6401;Health;171522;2011-03-10
cdaf0ddf5ab277e228b2e778e6d45c33295f582671f872133cd5b0179d7a4d48;8146;Automotive;959043;2012-07-24
a8420aba4abf9e1b5ad540e340d341c93fbe7a16d2e4f755189a7975bf62e817;541;Health;606074;2002-02-20
9f79e8068e20cdcdd2a5f869b28463df9bb82bebd251d86987341536d28e04ae;6707;Health;642593;2000-08-13
f9d4a7dba82e6483667205a294859f7802f9c94e62ef4b70a78939cc15b26d8e;9374;Health;954849;2003-04-13
79ef71448c8661e546fe5f0ff4d954ca0ea3012761b0ea1d9ce0172b5ae86ed9;4804;Property;373340;2018-02-17
a7a194d0558e8a652a887365212a7f6ead8a7dbce2abf1f831d70e1092d38f1b;9179;Life;628218;2001-01-25
2cfc6ae9e9a6108808324cf3d3e709bea3ddbfdda89d3a3b9c6aa6a156ec1403;7783;Automotive;520019;2005-03-18
911bb4e0a2e694d2b2d0f73c8d0b4ee41621befb0cb832cfadc70640146bba87;240;Health;221359;2008-09-16
60d466b5890ac6dc0ebcd10da9528361659da034e7ca8456fa8e80d83f9b1c36;1935;Life;405617;2014-10-28
cd1a730f1d762f73ecb8634ef3056cef9fe917ed8bd8a140013c233b49165a03;7844;Property;779035;2005-08-17
ab64c613d4b2b792b04b4ba6b6eab723775888658ea4ac957fc64e89855f5021;7387;Health;504285;2011-07-06
43edd24611df1a735c6da674965a71ce6743ef094e82558c5c9ab6e229c19289;5942;Life;417858;2009-05-04
b4e284fe7bfe9744b1ffeccf37dd007f7efb72ca1063b74ad766a10abf67ffed;6451;Life;640239;2014-11-12
aef43a4adfd7e13b161968d885bfd28fba48659bf78ea02c6207cbd2f1d68fed;6539;Life;772949;2016-06-01
179c3ca99568335b11a59d90ce3e99bdc781e3ed639dce2ba14adab8b31e0d9a;446;Property;77517;2008-09-20
909f65f6814a21744853fdcfef4d97c7119049c2e254f0d91a4af9a76ca856e6;9554;Health;417677;2001-03-26
afc8c30407bd0a6857f9b77ddb0b06e8c954f04834b5c65ce4c3cda19c190394;5580;Property;74062;2016-03-26
86419ffc0fb49b67fb3124dffd5efded9413260e411465dade5e314a0b20dfc1;8880;Life;605790;2022-04-03
dd3483e1a494d113b0be14a86e44bee114710bc2f1a124bc542dc631048669ac;1954;Automotive;860024;2009-05-20
e37ef5dcda460fee7f9c0f859aa1a7de83cdfb11be47867b9456b132434d5389;4206;Property;340825;2005-01-18
505daf6dc145393d5a9d72c69f33361b01771d8a3e5e7bf575a08655eaf99e0a;8999;Life;913387;2009-08-20
4767c45379e3fa2335511a393c9bafc9f6376f21934a9ae7b0d2f611b878e145;1110;Life;357857;2003-11-28
97e272e6019117df65954b5a54894321ea13a7aa95e0cb6e669073d64d479f66;9918;Health;686687;2018-05-23
9ed9beeddba729343fbb3437c5d3eb6fcad07cf83c08ac37da47a55cec6c1f4c;2051;Life;132227;2018-03-15
7e08cc30ecb0bfa889461bb3def4f85beef45a2c6cf8983fafcf2b70d7f5a553;9900;Life;486392;2007-09-11
53b48ac85be35eb8cf76d001565d124027b9c1b579723cbf48b8f5b1e615f3dc;8860;Health;224217;2010-09-13
00efe95f7efdf56130d67c17c339324bd26567bde766539cb270d646780a4d4c;8482;Life;614577;2016-07-18
71e6fe94b0b83f8270ae28c99d2ecd94f8c073b5a6f2432cbbce15a5b5f6fae1;5828;Automotive;316792;2008-03-08
2a4f5915d961603c1ffab993e5a57c428b3ab9fded05e38f99e2db28e92c1414;4876;Automotive;665752;2009-10-21
837e0c3511b8e9dba0b29ec9f0370ecffff32acb735208cdbf278ebc1b87f3c2;4130;Property;894145;2008-02-04
5a92dcfbc2437b34f47cc97bf925c7844ffcc65b2fddd04dff1c972994ee8b7c;409;Life;808439;2010-10-13
db19e965ea824fe01c184051b08abb367b5a4f9e78f23866d9c6b10e6cd2ca97;4340;Health;417992;2014-04-26
d72254f3158b664b3824ef748504ea346c85b9e69c304122c48b94d9e56f36ef;7673;Life;27191;2014-02-03
8b9cdb7a1f723abed17e19111969f5705b69b8c0f5d44fc42514297a4e656a57;5629;Automotive;735594;2011-04-08
0c5083acfd7dab2cc126bfd1c6737a632f16d610a7d4e7a9e81a6c894ec04e92;1374;Health;934161;2003-05-18
7e126f6ad9add09e3c9f7bbef41fd45d53abf754b06d4a8fca3b1e8b2bf26fbe;5722;Life;772885;2009-12-15
9e2d388385c34425d43f51e09ebdc73af0a785d164c250206fc7d0bc3f5fc2a7;5238;Automotive;355695;2002-07-23
7cf63ea96c7a454f15454c03a603b34cc4579125f870b15aa14961f1d1454783;7596;Property;854829;2000-02-18
1e9907107731a78e3a1cb813f1c07a2ba4951ee49583142309b40fe89cfbd6ae;9020;Property;25752;2000-02-18
de6a80f3604f76bb6ed9478d505cb4882898715b54b04b638909583404b4d6b2;8867;Automotive;661699;2003-01-23
226056a81d2899eb5b2ab68f2715ef3d8db9f047f0110a9fea054bee12e24ee2;801;Automotive;453007;2020-05-08
dd50fac921bdf67a5a37889012d071cc19c98a33032c0eba49a2ac5395ed2a0b;6515;Health;170493;2003-08-25
f2aae543c9eae93174e6c6c2aa7fb956e303ea7f2c612b471dd164023b176af0;3112;Property;903036;2023-12-04
37906e28aa6249041dd2e0c7a03f4d86fb1d0a51f9d35ffbde1039f4534987f8;1157;Automotive;322277;2023-09-12
bd81f7cac0117aa4501d277ea4cb41a1dbefd8c8a8f50dddc08989ea7a770bdc;8486;Life;732031;2004-11-20
b4cdffbd8b7eadaef07fd2e61ded87341fdf4cadd5c10461a2b7926a2b47b86d;7613;Property;853897;2011-10-01
cf3a7c18b11efd5b6438d4493bf66055353ef06d73d1575ab2bd4ebcdd425f9e;2336;Health;286695;2002-11-19
94f29599e994b78dcb8fa85a3b64beca810e2646fad02713bf16f0f359975df0;1006;Life;494438;2006-01-21
c1d0c28ac1d14d7e75f50f715283b43916a81f1c29fec19f0ba3e91d7b146fe5;9353;Health;533391;2018-09-13
99225e2203de957005355345647c08b83647879596cb5bf95571fc9f6368b1ff;7465;Health;225321;2007-11-04
d4cde1f0caabccbb8c2b3f7e579e5e85feb46fed750edf64879aeab58ce7607e;7157;Property;889043;2017-04-22
92a1a2c259a40fb4aa636addf74b942e933910283cac60e709de9d304bac2053;2939;Property;659090;2018-03-09
0356d0c89e037e5442dcdc2879dfefd2df869e02e2a4c67792d4b69cbe3f57cf;6311;Automotive;776187;2001-07-10
0a4486b5aa202f0d645a4c7854cfb11f37914a7d1322d096e01abbc659bfeb12;2819;Health;969216;2011-10-08
bc6984bf1fd7e62fe14fe84a09a7d68af82fa590c184aa2e85c529128dfa61d5;344;Automotive;851737;2016-04-03
5847b71c0924a8782d780a0e2bed6f9278458a2e60ad70d83b717b913ec20798;3620;Property;224020;2015-04-21
da9c84fa70fcc2d830a5283287a42f26bd7cfa396a80aa51368a9209119e0a61;7139;Health;409965;2002-07-05
1023b62078361b1941eca88f57a74ad6d9365ef7e68ce9ca6b276606202f9149;9538;Life;70618;2008-02-25
05370fc17197df14391e0e85d5f8a8a32905e1391a297eac1483599cf57453d3;3667;Automotive;222914;2004-08-16
c4b2247fac56b516a5607c9417d523518423c9da098cadfb54cb6d8026b49323;1907;Property;86239;2016-09-17
2110a318e4bbef5a6dfecaa0d724c84ce3609c4c4bfe79e2a962c1b1b654462b;6325;Health;418231;2009-07-16
a560d353535c764671dd4fef46f78b534bc0661bbd9633ba6aeab8918c2d692e;135;Health;438454;2018-11-25
35be3f8e1a65b576da0e5b32bb139ad03e5b9a2830a58c9cfad2e4e4d0bf1a6b;6718;Life;865901;2019-05-22
6d51cac0d0173f04df8d7c416146a882bacbf3cd361e381e5d1e6762e598bc4c;4618;Automotive;563949;2014-12-10
2e4986ef2c7d06348eca601e3d0645fb84d808cbe179ab206451bce54921ed14;4328;Life;977281;2023-08-01
062f3d506e49e94fcac1f806df451cf4ad56c70c84afc8f16a37ac73f205d29f;3705;Life;388070;2018-05-10
715e1556984d5aa07733dbccffe7b7d446f599638a6c08018b5bd29d5b241183;5433;Life;490604;2023-09-28
a4eb8b31cc160e26e71b58a8f4701b607d9760c64bae7c3a634b42adb79a5063;1299;Automotive;864510;2023-02-08
0a7120c2e646a8e79bba0703b8947506495f6ac3baed9a7f4eedebff3dbcf73a;384;Life;467117;2017-04-22
96a14037281916eaa03d5bc218d0e998a9047c2b54485d6734a3c540746d3b58;5541;Health;627233;2010-12-25
543b9a29aec013b1faba18321f4167d488fd4285d8c4f1ac1b29c8cdcc2ebfb9;5572;Automotive;484125;2018-12-22
7087d024fe98ef5cc5895e776c698b348a8c93db97c228692089f59203d77a49;1552;Property;548720;2019-08-22
d1f6385bac01a662e536bb4b3aac0f58977719f79dd7627d2e10db51c0821e03;7344;Life;915667;2021-12-22
17526ed805504b8d5084f5821bbfec9503e148e8d8ce4a145a2713ef32f60b82;7491;Automotive;957624;2009-07-15
98b3a1024b1fe23fd0b87269c22e21bf29f7ba4720074bf50b0ae0b7dd82368c;8553;Health;570237;2005-03-13
bfd855e584b63b7282652051dfe8ff6ae68b397dcba5ff8e130dce2dc2cc2367;6837;Life;451149;2000-02-09
1be6844191f2f496585d23e3d92c91cf507612d760e09eba20c1cfdb2d9dc0c2;728;Property;74512;2010-01-21
dbb5da51dcfcf3556d7f08fbb9e9a29a17839dde3318d8fc11328f7e456f56c1;6338;Automotive;434016;2004-02-15
ac8e1120be75af8966395c4413ed073ab378dc63819f03c4b849288ce97691f0;2150;Health;450602;2006-08-15
f20fa4ce3ec7c3609ea9b8332937de27aa8479978e6f0b8d160dde060b5152e7;8853;Automotive;601855;2021-10-08
986d3a67b5ceb010cbe3684c812f0ef2fbdc731b54c73bf2e1e4fc77ad4b0fbb;5110;Life;593556;2000-03-09
4375c36a0a0fc438325c61c4cba906b093dea527b4753c85244cfab073445035;4965;Property;695116;2006-08-25
7267b2fb4e97bac09d69ff5224256b291b1e0cb06ea981964ca772333fc168ff;1472;Life;115507;2013-12-12
921cceadc02ce375a3ac7d16dc49dd3d8d6fedea3f6eabc18059f40bc7a846a8;6610;Automotive;983070;2016-06-12
3f2870ce192e3e1a8fab267799301a6fb1fc7e549bf04f415901b09b5bdc3121;5271;Life;487437;2004-02-11
7a21921c12124e058b07bcc12bbb7b7334ff6685e6c6f4f9c133b3d756d7050e;6524;Life;882359;2004-08-01
3132a12d4b6fc086adb0e8d7694849785ca67a724baf389108cfdffde9536cd0;1995;Life;662299;2009-04-17
845ad8b526ddf3f455146e14c554cf99519a92cc514c242be8ad2c34f4597f8e;442;Life;491959;2021-06-05
aac1e14ec0692cb47e6f6f028ad24d896f4e260d60c0062d61f167a19ecb09ba;5073;Automotive;801909;2019-10-04
fb1f8811b06ab73824bddf60a0be6d0053b8a3a45ace80fbb4ce440d1ffddc89;1437;Automotive;929045;2003-11-06
336996aaca898d92da457cb0d184a07ad8eccc508699481f729464233d21bfdd;3230;Property;450494;2009-10-11
8bdf33c6e2465336b6054a4eb0c8b8c5d6996e072bd2ccb649c58a9facaccfec;8047;Health;481500;2011-12-24
78429b52f7cef0586a3371dc5969755431588b4ac47e6af9b9217e70514f3bb8;2403;Health;308125;2009-01-26
1ae2b1880c9a009d5b21b359a6d5c858962f552ab30f81a1a0e4c5bfd5465a2f;403;Property;129701;2004-05-14
191469d6df9b87bdb79ab7b62404627b71d1ca85076cff0bda723ef0a8935d75;1694;Property;332468;2001-05-03
17e780124704fe0463d410532666efe1ad5499a2744cb2c5c5d6683db24620a7;9270;Life;655991;2000-09-28
12e31507b5b85389bf65daf41c222766a672d37e80ae66730960731c5aa3d060;9131;Health;780899;2023-08-14
b82bb728afbb0e5c52a8ce463af24a2d5de189cb65e133647a07210f90952733;526;Automotive;728183;2013-05-17
f3d799b0517b43a064cf110681fb8381e08a31bb4391a48e7209ada06907e610;301;Automotive;133429;2018-05-02
ed91278a918fcef47c7b5c5bf063a1157639d04b7b6f26c2da8c7905838e30ef;6333;Health;855882;2019-08-09
55ee7ea8cee20b3ddc592ac429da936bc6700b6ba0cd57aab493227f5753640a;3043;Life;244220;2016-08-01
855ee23a3ff7b971e6d78800042ff1c69a4340f65987f619cfbfe4b6a1560de5;5222;Automotive;611828;2004-05-20
a03ea9df4829e0cc6f75cdc5979343215495356d5b20e5f35151c19a18bc051b;1442;Life;350866;2010-01-08
c2282927218fecb41a4eb53a857173220ea00042134f2edf224146d14dd9d418;612;Property;617741;2007-06-14
8d9dcc5217eaf4e1bb893ec90b4bb5c9b82679bc8e267578ebf516df7ebcfde8;9419;Property;323866;2017-04-25
a464b688ad1b285ad00a12d08fe107587e64fbdab44b6bcd03eb9e3434a1aaae;6740;Property;127809;2018-10-15
934cda99c08a011478377398ceee224162a6c3febb87be92270f5f4e2c8949da;2193;Life;349189;2014-01-20
4887aab624ad34095ece38c052bac9113f3216728c7cfa8d3a2499593bc97728;7169;Life;510161;2010-06-09
38b136f2a22501655ce1d1c157f82b4659bcebee9a051b5cde03741be7226fe8;9768;Health;626517;2005-04-25
47f49e371be4096d6c4297832304e1be690386c180149f7b0fdf7c22f6605890;6659;Life;811927;2020-08-23
d2390ef7d2da84c37b79aec74fc90603e10fcc05bde5086fd0748f983f34ee0a;9144;Health;863095;2007-04-20
f7d1bfdac1ec7e375c3e96fce0836e320798e604bb2880d2113f431ec1b158b5;5274;Health;644130;2010-10-28
8102a991d72f2ef25538dd1348e936fa52ec5b68be9004a0160fd676d6b0d6e6;6136;Life;699690;2021-05-11
555f4f0042b5c85848f552eaf72c3dab9853e66cddc45cdc8a409888d1eceeea;916;Health;198945;2008-10-09
1108314e6c318cd22940cf7a11143bfdea539eba88b3d418434c77ce879688ed;6638;Property;435262;2015-10-13
2e647136c79d35a4ff6543a9f5c33b22a19dc780ac760b1e9670e5ed74e53406;9380;Life;974434;2022-01-21
c8b28d6ef28afec12f6aa42045542d714cfdd2bc28ab3237d9fe9f621df3bd41;1190;Automotive;471182;2018-11-22
25046a57f69feb3c1bb8bd43f40e826c4d233b7e6806e33650f22858d5a23c01;4110;Automotive;996364;2013-08-10
5b10d0ae817d5e463e9505af6d0f96435cd3d957e77c388442309b2ce6e3da6d;9170;Automotive;469473;2008-12-14
d605a0e3ee5fbd3d605a4b91df8a39e7c3d2f1ff5997c4fd48fb09dc8a5e525c;3701;Automotive;529744;2011-11-11
498d2f982cf58d611d1295d75b835fc62a6f57bce869443b1df8eb046a8ba260;3330;Health;750537;2008-01-15
02a899a81b60cc207afd8f6f42b13bf8255169bc9a5a8c0eaa996812ef7b4ef0;6376;Life;333336;2002-11-28
752e5b5cfcd3c337b383d5ac025814d52212608ef268c43175c17639d1818d75;5269;Life;492982;2007-06-19
be543926d60d2f131d2d4c81fa1f450cd806ff8a90f9f941df0d53f13981351b;5681;Life;220329;2011-10-25
4bee5fe6347485b0d2401f9a611ba8ced08c41ed0f5db231f83f822b232fd6c3;2257;Life;356729;2012-06-14
f9d39d60945d20575b3c98660b033b812398ebbb7677f08c4cdf4b0aa097fe27;432;Property;196314;2012-04-25
324fa86b1b7ddadffb650fd5a84cae0dc15025b535372f3cbe6848783cabd560;5658;Health;947407;2016-08-27
5723e16e9da12d7b27bba44c4ebcec061ed610978aafd6aaa285abf72699d30b;2475;Automotive;186690;2021-07-15
caf75f37ff829ec0dbb2c0f6633f0d57ce102d2dd1e3befb0b2c1ff219d435ca;6151;Automotive;825598;2019-06-22
af8ac8e8cc48282aa3d28b5df712d0b75fc2b981cfce75cfe984588db474be69;2914;Automotive;614770;2014-08-04
4a63057b7fc01e16be9dee6e2a564eb77c99853d5b6068fe5c49153c25f03a55;875;Health;946330;2018-09-05
3ba3a5be039df69939f30541275ff6e65f981d9ae594a5562654933bc52b6d55;3672;Health;368307;2016-02-14
173aa97365301f49336f5ebb2bb05d48843bec544fa7d7be4dcc851aa277ea17;273;Property;222404;2007-09-08
57940fd2cd7447bd52f7eb63685c21fadef6b14d32ae9a887a3db3a5c8d2efe9;7138;Automotive;646955;2015-10-25
165e303b415b2041559012ae9ad94f6a337da964b783fcb03979f12f6673b1b4;8759;Property;758198;2017-07-08
353a656c4e8ff2b2a0373ec91fa01529f37e820a76c2822fa67c75692e9dee0b;4993;Automotive;594439;2007-10-16
4938a5c6c268c5382f6d2ed5d35a2cde348ef594d048006e3074206d188da034;7808;Automotive;934600;2007-03-09
29a2a9a9dc4494f10903315e847beffa0b64e9ee9e5491738fb189461945b214;3938;Life;907836;2017-09-11
dec9e001d156bad73244be0b5a6e53e912d61c3ba57464d8dc3cc4eb9b480372;2230;Life;908507;2016-09-02
9741209c12d72e384726d698ff8321e2e18cee9c61dc7d14255d256e41749aa1;9347;Property;306179;2000-05-25
85e3010f0233224ec7890401b70d07dfb3370ac4748a783db6a93046f6208022;539;Life;522377;2021-10-08
daaf7574a7f0a1ddf05f41fad428055abea04621d506dab4e2fd170d6d97e775;4251;Life;572499;2019-05-23
90ea5e551d1cb312bf47926be1fdd4d5947c68b613b3d976dfb8d2de6021ff1e;408;Life;587284;2002-02-07
4c53d743684395f1b84e0b07a2be5591207ce4f8a1dfa8b1960a34a55f2f34d1;742;Automotive;979552;2010-06-10
b81655c1a94f659bb72efc23aa5a739d604a7427c0d980c1d9301afbff215ccc;5610;Life;907639;2012-10-08
a8e3c15228da4f578bdff3d573defd372eec474dc4181bfe0530cdcfd3da1b5b;5314;Life;879898;2014-01-17
e63ef1fa82b67c11eceb8ba9d623dc42dc9eb304b7094cc0dbab2c63b8f46e66;6652;Life;595888;2006-08-08
ffe206885ff4173226c55a2f3f15c3f930cdea5d34b67150c6bd9e8b36464490;1335;Automotive;369115;2009-04-17
ad5f5b4a4763f6af552e77220454623ac0095834fca7779eab387d6abb57af58;4432;Health;652610;2013-07-19
4bba4633bd82e328a5684b41d2d1a8f6fe06c6e7409d9be9c113f1ea308f61bc;7278;Health;704379;2000-04-13
49f6586e418014176340aab5e0dea2fc8779eada6da7b7f4bd1c305e2c4c8e94;9780;Property;1546;2008-12-27
ee9b13e99cb2775d5aa9fec51a836101fb8b8db955a9d66c843c8e272937491f;8060;Automotive;538538;2010-08-27
396ed15685096aff643670525aeffd13d61eb9c98168f21593ebe1516b9b7cae;8677;Automotive;427527;2004-10-02
adb5624dda30677e967a86834a6ea6a327cbcecab8d082192a73918e4ef041e6;1083;Automotive;414349;2013-12-13
e6bcc32c30643bd6c8f8d63f4c0caf5ec3b39442a39fab9d451429ad2e5128bd;5760;Life;403181;2022-10-13
50229cfdbb45c7f084246619079a8e1b1da3dba5483f9bec64f3f44efefff56c;3000;Automotive;583639;2012-12-08
c6c2ac00fdc47affef855a1fb520b10830abfc9997239caaeb63d897ec067995;1021;Health;911129;2020-11-02
c39159f962bd2bf12f32ebdd427ecc3251c9e9cf95a587e58b7dd184c6356f05;8620;Automotive;816234;2004-10-27
1d139b0afb49d739a2d58ff8359887254e52e62029076b86781793c782d1b25f;7255;Life;136502;2001-06-06
9393934d42f6d41665989344da5fd72a5f87f719e28cab8720fdaefdd693efcd;8044;Property;430827;2001-12-17
c8a949216fc732b710050782bb8effce5f60a4c7eaea777b9c0524b7681c6bb2;1452;Life;644047;2012-04-12
6b622a92873f4c63fbc76426e7ae8f443c34547f7d024b43052e009251c5e111;4590;Automotive;807185;2016-11-23
e67aac0e355cbef3e53eec77c364d210210659c251e3f7c2b6d77b1548329bb0;361;Property;263474;2007-07-14
16ea4b2b78a64c8e438d4035baeb0431687fbb3e6822e7119f7ac62ca41aa18e;4589;Health;422273;2002-12-05
38dba6ccf74f416dd894ee7ce8a7705d48b91692999276570086ddfb426a5e2c;3970;Life;782886;2010-10-02
69335de86fd62f7bb08a54c014c4eeb9b6d7225e612ac81ae0ebf1a61d5b2a81;2802;Automotive;629000;2018-11-12
a5374ae02d67b9a31472dbd08ab3dfb9f0843b9ea4ba6936d9be6a38ceafb25e;2328;Automotive;164853;2003-11-08
d1b6b10dd124154dfcce709f23bd60d497ed69709ff8ea1ba287ccd448ebf872;757;Life;753002;2018-06-07
7367b547239cd6fd9e718723a39e9c8c392d9407fb3bb1b20581a44641190bbb;5472;Automotive;58549;2001-01-27
0b0b5970b611957a82ef3c5bbf280b5b51b65bfd5b4e45d4d8b60bfa09965595;1699;Automotive;145622;2010-08-21
2b88ea968eb2e50fbeeac01989e227c5d7d03940669c51b3529f5768e50a832e;4395;Life;297651;2004-09-09
4f1c99a2eb2c7c4aa878769e0ec26d8bc25cef80c14af654d5be4f53b3f6af7e;6604;Automotive;252594;2010-11-24
8d6e332299b2973392561ef42facd33ada47d6b4e73fdb9993ab8e5289d0cd0d;6182;Life;130475;2002-08-24
cd174b403d9670e0ef46faa3d0c909f4b1b2ac421f24099f0a4b09edf222a1da;6266;Property;677465;2011-12-20
6d93e7a9c38f34768e3f23cc53e8e6e24ec850ebf67b31e991a97aee4a74a53e;1803;Life;675730;2005-01-24
64a0bebc5279da4e5c88324bf31668aeaf1533bb3e969736dd9aecfdde05699e;2131;Health;53578;2013-08-22
14d5c417e101bfd26f2cfdadd1bf40890664a0431aaf5da50b76e69ff4d76dd1;4619;Health;678087;2022-05-10
b40d79248120af5a6fd9d649369dda43fc896519b51c6e8a3db613b7c74dfb94;2000;Life;627685;2023-09-14
015e06f431691d746fdc420e27fb4e85f9de00bd0e67991d94a085a44754c8a5;9293;Automotive;762198;2009-05-13
e18ad5f8c609f3cbabcf8f1255a963e40c93c51b7c282cff0636d7ee45cfa564;8275;Automotive;196575;2021-04-15
b8316988b7613649604b4f1c013a6baf2b32840a349571aca8608035b87a7e95;2957;Property;353930;2022-05-22
ab45100b78e21cd3a6ca26c8dec77935215e19346d5f5b746b11d0e40aef6e97;9965;Automotive;781210;2008-12-10
e08c45067c1b232970bcd95db37be90d9e0bec3fb512421aeb3394c0dc150871;3672;Health;480653;2002-10-23
7fc10af15e322e87c5f10beaf297824b48393bcbdc0b67d0fa7e0729877db880;5025;Property;638512;2008-07-07
0b0b97fbaafaa444b32e304b211538e65f70f62d5e37663d8c2885ed44979ac7;909;Property;528050;2019-03-12
50c910f16450a2b14c97279d6be58ccfd001e6560be39ade2119596401cc25e9;5664;Property;283830;2013-04-11
d89a52c4ed4ed036060a434db1374a8a68917c1e271a65eaf0cde980a6f70f77;1111;Health;219932;2008-10-04
166b84d530436afac993f8c08e599b0f557c0d9d3b494c09d13ab8fe9278564f;4135;Automotive;962139;2010-11-19
78b893fc674f940fb893b2617e355d1f49d2f6e4ccdf2a19c66b5209f1bfd209;7168;Health;475527;2019-06-14
559c41261bbb95c49ea5c11869d0f303f83ee7c9ddc0c5e050ab41d2fe3c1012;7532;Automotive;804021;2011-01-11
5df1321c8d3d2c99bfbf85b00aaba9fd7d7d2ef9e537e6adf04cab579cf058ff;3466;Property;198708;2016-04-07
6ffd7df9179165a722eb2502ac44d865db22ca6822c7f085ff052326b1e7efcf;8184;Life;770206;2004-09-01
461fee75fbdd507cd6decb7cf23e0ed4efa526adf3a06e480ee4a68856ae29df;5940;Automotive;457184;2009-01-28
c3264460e619741fdca825bfdd4d2d03edeb35b6ba583dc8b67725829aa4eaea;3591;Health;51290;2006-11-10
58184e32dbe164e6f01ba5edbe79269b636cc12a1c5a93172c52a8e42da5ddb5;3915;Automotive;758217;2011-10-18
33a41c80f06a25263609dfc96a0631c2db6db66d5f679913a0da5ff6f2e7c042;8647;Health;684297;2020-02-27
2df19a2956f5a2834c4ec8d46e4b8781631151ac57d29e6634a3f83ca89a1101;9108;Health;803799;2011-12-27
ff38a87188d744624392833bf35dc1ce3edcb90057ad50f27118ddd49abb85cf;2654;Health;592670;2015-08-07
e08cff85815b3120369f0de69af74587bd509f5bf32a6536cd90cf3127d2717e;9876;Health;274353;2012-04-27
90d8fa168239169210bc51312ff4fac14beed94ff19aeda12acca253281c3778;7228;Automotive;881255;2010-11-09
d4cac2097813a2c3d0dd44934fc34c1c30510ae41a24143e6a8c0abb6194faff;268;Automotive;416179;2001-03-24
ee1398c7d51c6e3387f49c8881cbb763f4d23a2e5b99304501e7acf63c2978ed;7399;Property;450340;2002-10-26
6852054595bb71afd81d8959820433ba871f207eadaead3d0a5b24f207aa93db;9924;Automotive;133375;2016-09-19
b61986e1637c9a92922c5497d7a6874f1ebfad78a161c0ad1d96645bb506b829;9923;Property;990136;2021-12-18
ad8340bada46e403077c082da8adb72c55f7892d0ef30d4d0388d42b85ef0740;5690;Property;826072;2018-12-03
a0d3e5dce40eaacd0e3931d2e842aa03ce413dcb798abdc888742eeafc0fcdd4;9027;Life;899386;2017-05-16
5cff94ea82ff6fa32c40892fcc5a3f82bc12a3a62e4859f0c8c0ec9bcb017e1c;37;Property;594754;2006-06-16
ed3c458794f77cd60829fab2d575563a66efcbddfd53b2ef509925efef9c87ea;2754;Automotive;509349;2013-10-21
b19fcde975052833247e5dff96cbcf9ddfd16bfee4a1e0c62213325df60cbb9b;8138;Life;847029;2009-09-26
cf5c7971a3e64d6c58a755abf50b6bb52502c8b4d75f3639b382eb8dab2b18e6;499;Life;550890;2014-12-17
7e9bdaeac7fb319d8c0dd2f12c9c43c2aed5878ecce080b786170684574280d9;5929;Health;265098;2003-01-03
a963725590246ece0cadf8527545bc448ef87c6cf1f195bac93e33fa17f938aa;2257;Health;763777;2015-07-20
6b8b2908360147fe7bf6b8834ef863ceb5a9e20a03e9f978b7a073096607bb48;4105;Automotive;795556;2018-12-04
26f1789b49eaa61fafce5939c53140732c395b4de75a88864601048fa94fb6c6;8835;Automotive;851154;2017-06-26
38c0b4b1a29a2d9b5312bdf447b1490e3f4a183402de5e9cf053099d9b690f10;2705;Life;302090;2004-11-05
85430e6be6983e88f12a59af018274b2d4c03cea583608e4093cda4dd49997f9;2314;Property;440128;2005-04-05
eb64d6451e841207a79dba9a359d97c145155ea3ab34ed80e60f8bd200e6912a;9410;Automotive;319974;2008-04-25
67615450ab93b721b7e6eb066db1c3623f89a45e256eabc0ccedce4146b178f4;8397;Health;500225;2019-11-09
5fd09002acbc14a88a59ef34439baf312046a4b4439db9a23eab963ac6fec7c2;7991;Property;797195;2001-09-17
3f8391f3aa2c9073563e3b22f12e57891b53e6c948354fff047af82aeecc0acc;8211;Property;555999;2017-11-14
d2ec752fd430079738f4ed8783cd15a73089107254bc9be07974eb76a59a0e47;4253;Life;821329;2019-10-12
9441ff4666cb09058323323292ac5ac2391a58f3cbada7c8eb368ec563b9231f;6132;Health;416672;2023-12-16
8a793a2b0cd2f900653db2bacbfcf5f2e127682a60dc2854e692326ed46bfdf5;4878;Automotive;936230;2008-08-22
048ab7c46a8d35c28d6b11927c1d6b9c1e40cf8526b1945c187983beb4ea43a7;1276;Life;200557;2021-01-17
fee927fe83879a17c679e1adc4aa7655a7ba3d463b758081bab9051c1b30debe;5905;Health;606264;2022-10-27
ef3d061be0c529064003fbdcee0e384b976f01cc76eacd93009810a1ae2fb693;7080;Automotive;913935;2014-06-16
3d332f49aa837ee04d577bde0d0caa067cd9a66093501dccc6d241665708cb97;61;Automotive;325914;2022-04-15
dc92daeed0d8d58fc045fc6a9de621263e185e258a223a5ebb772861d6568abc;611;Health;236008;2014-07-02
38553d8ae7a1f4d22536b282cd9e29663f97023240767a24ec888957a647097f;3654;Life;205353;2021-08-19
c36aabf8364c7837c5e257f719d0beec347320752a13bbd33ee81c88914ed33b;4189;Life;417721;2019-02-22
3596aa5d7f8e194a741a026c7a869f394389b81a5d503967b42c9aa33d494004;7524;Life;687575;2017-06-23
74803a39d74ef278647ea72f2fe67222cd19188a6af45aba574d582e6e6ca12f;6557;Automotive;824924;2016-06-18
ab461f6461823596b5de25d3160feb18026874d538876ac8713e6fd3bb7486ad;2492;Automotive;203849;2001-04-26
6c1147112a291892d62af680c7385844f2c3c4063e5f4c078ccac35ffecfdeec;6740;Property;303282;2003-12-28
24a2a728b13b762fc064e676e455e62ce5d6d87c1ec3b5927d5b42c91092ccf5;5106;Property;670593;2007-01-21
0ee6564269dc6fc6155ec1973ca7bc6197aaef9f855f1827549ac1564a7cf8ce;5841;Health;503069;2004-05-12
7b27f943512d31b65c3eb5c782ab5546b5cfe827fe9ac81d00b0a9841cdbb481;7829;Health;831487;2005-11-20
60d0e91e7b437dadefa1c90ae688a8c89564e56a02b49fe0859f7e4e5bccf77f;2462;Automotive;219051;2003-06-01
b04410c325bce74bcda9f4f5ca8d3dd63713faf0cb4e94f2a4c103b42227d321;4731;Health;121728;2023-02-14
cea1f40477c238173c1521f22a24ad1076d6df550c44dfe48f52bd4b536ce20a;3688;Property;25003;2020-06-14
67b29831f65bb8103c0e82009e33e86a42d7dcd8198a1f1bd6ca2964cc89b4b2;7252;Life;214738;2005-08-23
be18f6a0b2ad53f70cb2e792710454ccafdab0cba1a565e8d2776deb69b4b9ce;5382;Automotive;303090;2006-01-13
2bc86a0fca6b44e625c2f277f6e65eeaa5bfe7b44c527fcfa3b0f50687784379;6375;Health;52846;2010-04-01
b0b24fb9b553c66f5504727045c7a9872a59c7e692c1555a3303d7c9192d652b;7490;Automotive;960210;2013-03-06
a4a07e304adb4b5824c4baab86d2f1e73c0e0862a15d700659035dabf70342de;3186;Automotive;550704;2022-10-08
731f7f16c59e6395858e3f0953487e985ab944f75d376619a6538833d9711020;2466;Property;129501;2001-12-22
a52aacf8e09a45c3dc41ddde6480f6a1f302e0d0bc086d6f3a1c42ba354c2c3e;1619;Life;978259;2008-06-01
54dc2107f23d893f0df8fc349b98b0fcf2371a1a24c8ea03d4d539dba93cd43b;3949;Automotive;967023;2007-05-23
399d0f5cc1a26b47f9ef66f0edf3161a68116ee9837430bea328028e6e803979;7195;Life;17894;2017-06-04
c8ee2082be5b5d59945cebd94caec33c544031097fb3621e4e98a5cdb1eb8715;2654;Property;920766;2005-12-24
fa234b7fce0d21c33120b80263beae04fddca137756eb663199d37e89a16b53f;4422;Property;69876;2013-01-11
6ff95f404ad8535b64bfbcc3382cbee0836feb1c78f395ec66e34cf44d1d4bb2;2274;Health;816164;2021-11-20
cb90d4f9233fe8f8e8a36358d21d67bd2b44b74cb179afdc64fae3a334fba2b0;1237;Health;816568;2018-09-22
433b7858bd2a94ed63a5ee4ffe6f979bc540ec8ceda543dab5869b51a43d3ee6;8199;Automotive;661823;2017-08-06
04a8cc1381b539c8a287f322c83527d28069b53e8ee38a68212ce47bdc7997e5;7743;Automotive;98070;2014-07-23
26701d0d2e06c8ca0387053bb60c1ca9f0cefdf3e37ea129ccff413e3fe02291;3046;Automotive;187316;2011-07-04
626fa3225cfcf66949015bbed03a8ed30ce6c10483ba59a0bc9b792685bcab88;5072;Health;89584;2010-07-08
93e9f0ff3ce37e4a774485fdb8c7a4ff57be79f36deea488cccc125455ee097a;8629;Life;626166;2022-08-15
d4d5d156cffe7ee5e4f007bd34ad3cd727cc79d13c50e55ef88f5f7647b837e4;5477;Automotive;339794;2021-04-19
f3f11bdef2f4450d70a83ec30fa5aced5787089589301eb7293c80cdbb5c957c;9598;Automotive;874473;2012-08-21
a0ec1f64f5b669cebfde4541d99b99ba093fc874a909f369f4a4ded515c20e1b;1515;Automotive;823618;2006-04-09
1b48f413229c09752598767dd273aea25df26c6611a691ff6224f440c35c6772;7852;Property;387996;2001-12-03
231feba670c2611541008800eaf7007989c9c2c8be686ebd2dc643a75e46f8ce;3411;Life;792786;2022-12-21
1df8b72948718842896a5f8ccd603dc3878b61806c4c75c30d85ee57dea32096;5098;Automotive;773626;2007-02-17
c4e039f41754ca5edc83344463d6a958feca08d8e24f928cf0fb0b752d280206;975;Property;935667;2016-01-07
1fe72f2f29eee74e0a48f894ef47003116cd8ae6bec1ff29fb1ef9e864ef04ab;9442;Health;114642;2009-08-12
09d0811b2deb5b7d90323c8ed1f56c47c5d35a4d20aa3ac895c632c0fbe1fea7;229;Life;264808;2016-05-10
30d128801a97fb057ca6225d0f3fd9dd90fccbf6f83e267f8960e6e0f0d9de3e;7583;Automotive;502096;2022-08-24
a150db0615b0eb27ad890ed4e2031bbecc1e16c1c68f73b51be55b7b0c17dd49;9641;Life;475876;2014-01-04
df1133da57d4b15b2ee9740bbc15615103fd20b9efdec9230c24fb05548488fc;9336;Health;329983;2003-11-10
7524fa41ee65b2aed521ba9d51c5b37e5a410b4aa5fc5a0bd9c64091f158cb40;4733;Health;834380;2017-11-03
e26561381322d313d4f3288b30b0b4d845bd9e45e0e046e357a6f97fe2826acb;4984;Property;637398;2004-07-17
42fed117c7343db005a86ba037f80d609282f98e3472b9bded395b1d1794cedd;8516;Health;124767;2017-08-15
30894ffc46e85ab879ae2b2c22344513b247cb3923edc4fb1c26ef0264eb1b50;3918;Life;148794;2016-12-13
0596f69f2a27b6fc30e9f36efd6ac53ea448c8caca7f204696e2619e84a41839;5431;Automotive;710729;2012-03-04
b2595f0f7b11a0fe42cfc00c2d63b1f5d183e63983479cdf1ea780ad67c8bc33;7661;Automotive;635647;2010-07-12
e52f06cd9dfe1c3fc112be826d06a38296c04ee109a9abca6e54996f3b211f87;4583;Property;197238;2002-06-20
7164cef5dfb04b80d04e9db7747a2b63bd1e4efc35ee43ca0d94b9fd83aa7114;9173;Automotive;866829;2022-04-24
65ff65c8b49e6344cf683fe372f341fa900d1f4ddda4c966cdf6709cc39681c6;4882;Health;87525;2000-04-27
3e37e042a369b298914b55eb6881f92e611e153a89490477198f3670f1c4baa4;5597;Property;564813;2014-01-13
214dd5192ad8cf7d1ea124a2f9e25e589fe7ff4bb9d9193dc6d2e6edf2330c81;6117;Property;901926;2012-04-08
66491aa9b92d67a39c6d00822c5bc636bab6c24e3f31c4ac6d807e2f21b851c6;5743;Health;596687;2004-07-15
d994e4956c851db9488e2d7e6b27b23be46d2dbaedcb0802eca1ebd2ec3fef30;7609;Health;331775;2011-10-04
030abdccca439fc9f7be7f5322e4e814a740d7a571c95e95c7c3f541422cda9c;8908;Automotive;676771;2001-08-26
a9a7730e1e834b2fc4c0b7c79ca883b63fe8284f0ab929d25449b03ee975d0ab;9328;Life;808518;2023-01-14
eab83edb1be331aaa79a9325604ed6caf4c653006220533c98b6c83d975f58cd;8409;Health;301252;2003-09-12
7cb34420b80ec70ecf7d4c09b2b442611c246340dc644189cafc9cbd01acca4e;5309;Health;249378;2021-09-06
7605b80690aa1d80671418d969486513a150db5ae3f08368d3f82e6bc32b5f26;3568;Property;896998;2012-07-13
c3e6cbd502615a449961eec43002731d11fcaf13a95cb6e65caf74949608c34a;7209;Health;290070;2020-04-09
82be3595dd0bdbed72f9c5b4b2ba27d7a0ee930e227fa9549631ee7c5684119b;6889;Automotive;619201;2008-05-05
d1ec19dadfbf7e5e65a229916b35123bc1a626001522f2be86eaf2ca0d6facdc;4814;Automotive;96125;2010-06-09
a459d3e3130ca91eedaf884f943b2b56ec318c79a14b34d3e258ce4a50b2f843;9633;Health;291904;2021-08-18
b584ebac48ccb725b85f22f97de915b61542dfe269d74af47222ef503f08acb0;5406;Health;193526;2006-11-07
b8f2bb7c6ef82a1a516a4540e2e7f9083187049fa545282aeb7c24ee1fd43c0e;8573;Automotive;553955;2021-05-15
c82e0d20265c376ef3b8c29568d6cf17a80db66d1f1ebd59f4c01d689c601c6f;8784;Automotive;826894;2001-12-19
5ebd26497b494ffcfe4e926bcd634a6d25e8b959b5acc5e86eacc899733fa169;8752;Automotive;718451;2004-09-25
ce8bd27d16758f0421ff70829b7b5b60f7e488ea1ec486c4a4c2a35fc93aa66f;7330;Health;768430;2013-04-03
d07b2925717572c055ebb5078851dc05e5b9efe18980d3c15f3b8e7cb572a79f;7838;Life;897283;2004-09-20
0f45446d4218ade6152a40dd7fb3bebecff438067c408ece6b12c38ec60b3197;6539;Automotive;856936;2012-01-13
9cac83506a2afa3083b0529c092fb48361953ff4eaebea8ff857e5ae2c76ddb7;1298;Life;22014;2003-02-21
772c637a869bdb280cdcbcd9c5f80ae1b517a2445787e19c1d03ae9a1846fc00;1081;Health;25690;2002-08-12
8baf6e41b9194e98ad8aafb9b9b3629f8b786fb4f157865de43fa966866ad47f;9209;Life;568980;2014-08-02
567a79afff9288aa0de4f1e301677b1f39bc36cbd09980c6244fe86e952303bb;110;Automotive;718303;2002-12-15
126570577d1a0b43c7a6ecb42743189628693fd54388656326f7ca3c1eb1e92e;6576;Automotive;573026;2015-09-18
9f665ac02a513754b4531c71bf742c0e9223b8d3425d16d6fde2e56d5adaa305;414;Automotive;660088;2013-04-18
cd930c2f46882c53f7bcf3e4900b8458136db39340461f5de028420856378f34;8379;Automotive;412090;2015-10-18
0cdbbdc09cd7061394b6bad9337d618e6af50d4c9fdb0192e732a426c3ce7f73;9243;Automotive;32784;2010-05-06
feb86588c6d802ff9bea88e39a7a15258c42990f06fc299db88e0c8c1a0f8be9;9667;Life;890073;2021-11-07
311b65840f1f6c9d2cd41d181e14c29b7d86f63c0c756ead4004235401e86313;9779;Property;11884;2014-02-12
1809fc6f7904104f4184a2f9e5e84f77f2d4eac9b8453c5942584bbd1caf8cf7;2766;Health;605097;2020-03-16
b327c66b860f39e878282669dc4d0d026401e3b52c09138d0e87b4974f158f8e;7681;Property;794768;2012-02-16
619e058b655ed16d98710e568fc332009700aa7a7edd5e8e8e5b0e95c9d0e67e;9195;Life;145628;2010-07-01
6d1bdd97574db74e7413171c557b22b89f2ff89b47690f1e82cfb5e19ecd7466;9896;Property;233011;2008-02-22
f88ae613357e1760bb23ca443ab1da365c2940a1e774f19c303d8471f9396f2b;750;Automotive;509241;2018-09-01
a942979a345bcccdffc6b0f899e35635e6a1f16f065a0b97494d7e1b23828b30;3387;Automotive;366777;2001-05-21
64818722f2c22849ff447aae5330dbd1d09cb5ad2d7adebaa287d184c0bf84d5;2224;Life;186055;2001-08-10
09c46ffae70ed80b21be1aabefce740da776fcde28bf2ad9b22f15849fc97103;3503;Health;696898;2010-07-27
8d289c3e71b9563dbd7715fdf7022794923cec223ab125450e7c0d1ca6073a83;5035;Automotive;637865;2007-11-22
5d06620c8d3e5e76499300180fa7e9db6cf39c64ae680012a714a501f2225dec;4128;Life;638569;2016-10-11
a92ef232c39b77ea1862666687c601692134c729a7bfba1450c7ce7f90a60a63;518;Health;989116;2016-12-08
0c4f2b0dc812629c49b1a84df5b7580f2e43fdc84733a86aaf84867cb0d6e7ec;7983;Automotive;465319;2004-04-16
2ae9cc462e6e8dd56eae195c5bc54dc342ec1b0531e3f2a240eda1e44b9fd097;5981;Property;368280;2019-03-28
1a712a2d64797a26cd45b0a5adf1fbf940adab99f305f221b1534c9c606d366c;7456;Life;38277;2000-01-05
2e7d370489e03fcd338803e9661d7c954608922cd9cbea6bd1b46d54f13c450d;8636;Health;20868;2002-04-17
7ef64fb50be61749949f69ac525295b157a2d03133dc8d6ae351d044e824a456;4494;Life;43867;2020-06-23
3957dcbe4768e24bd0f8c67b59ea5a548389bf3931f071b2eb57f7d6ec092568;2850;Life;764988;2020-09-27
98e529e76e5f412801e6f9cb0a793a379f5468fd37bca8ebce8bef73407cceab;428;Health;20199;2012-08-16
2db93e9f3f8192091b5a511fdb026d043d87f730912fe4c0ca11d4c864c0f9c0;931;Property;17046;2003-08-27
c4b82a55e798c7f6c57194fed71b2909ae914edea40808e4e8d15337f5fb3a9d;7210;Health;265484;2017-12-28
af1ad2e40ec67b6b9187d99f1289465159e1b80149793e5c70af1b74ead30adb;2958;Health;881906;2022-10-15
38d562377666c06c4ab6a1933411016c84c7c932fbc87cae2cabe74bf1b40956;7709;Property;406861;2011-12-28
6aa232bf9287235da8e0b3f6640af1ed6824681a7b457917e468e645c55c355e;7416;Life;662721;2004-04-06
3b1357f8d1bf479d03c9c1259f08cae5983af79712b66c9b07bd2073c45db69a;8701;Automotive;914086;2015-06-09
59d63dafc37beb89fcc4a7d85174cddb431cad3237a3b7b3cb8932a620dded8f;3864;Health;864534;2008-09-22
d57bc6c2d17845234ecdae187f57f8eb4b323de79d0a1fc85f5d7ba7005979bb;3750;Automotive;344882;2005-07-10
0e1e4e744b9de6c450d6a3216c8954aa41e8bad9d5958a2890bb34dceb8f42f8;5047;Property;512845;2021-12-17
64e1d14cc63f4646039f979af62d8cb06583b3d44311649fffde53bff723c70f;2691;Property;906835;2015-04-11
d0dbe83a7e7800660d5e1710fc9f8f7488be393ed7453c39d106f89139930a49;7959;Health;209181;2004-10-11
f0ea6ab1a069645b65c5632dcddccedb74a9f346d45322a367208b66cf26d11e;8266;Life;82663;2022-11-26
b3b27c25d5173e75baf88a0c91a97a675868ecf1933e7aacec57379dc0ee022f;861;Life;920778;2011-01-20
5e28fc89f4556887bd0186a9b213f35fcdf907d52d7e9e9a1a7ab61f9e58f79a;4572;Life;640817;2017-09-24
2fe80b3d1d2a1321b44bb2cf65aa96424c0c899084ec8b580b3c1cb7a59ebaf0;6387;Life;650878;2020-12-22
d9bb4c9557aa8f71ba1d592606eabce60feecfdba131abcfd29d66e442259166;9014;Life;168831;2002-12-23
55948281b1ee478edf93d4646b7089506c12144474087d0b37e3405c43305790;102;Life;279682;2016-03-17
c494480d4784d0435d9475a1ec24d5b61b89d7afb5a1cc846d5e4a5092b2a7e5;814;Life;331276;2021-08-07
5c53c0bacc93c0c192dccf06cea46c1943e026423075ee8100cbbe3b705aa623;7101;Property;335228;2001-01-20
10cc1e3fa888be3f69421a9491f79017982a1bbe48d058766295fa652b32e9f1;5091;Automotive;232326;2014-09-08
e1dfefabae4da2e2d2a0261def2010c6c89af3aa9063c1ec19333f81abc4d624;634;Property;253677;2012-02-27
2870fe60168ee8655b6ab256fed69dade95230e0584dfebb15f8d96a5210e5e2;9334;Health;740854;2019-10-05
15f5c5c10b8cf0cc8a8fe494bec7909437ac82991d1ca54263a299ca81a26f16;4639;Property;860465;2018-10-14
2f7f3f57a5b73d6b45bde237fd921990bac34a76f676605643a728963185cad5;6008;Life;433269;2013-09-23
91bd7127bb87c5e054898346dfc813205fdb04b5a2152b5d60bfa840d27da57d;7754;Life;717265;2020-12-06
805bb1e55bb80e561b13705eca43dff14834e3fdc2d8f4eeba71c1fbfc3340d5;7648;Health;567985;2021-10-19
ef4b362f7fcc137386f8af3f623f26cf24f579a8db097c56a14ef7d8ac96cfc5;7224;Automotive;827439;2011-01-16
92b52365dbf3cc2de9bd11f4273b8c530fa5a488867c66a3fb6e34aa9531e5a4;813;Automotive;628306;2001-09-26
f69c7e9b8be2322ed14163ee75c78fb75bed46ef70bad640cb8cda3af125a207;8892;Automotive;275236;2014-11-12
7944811c7848946d276095e4938ea28dbc7aa96f9fc53c376bf5be3cfe59ed31;303;Automotive;927038;2019-02-27
2c5014cacfb8946d109ee2611f6b5fcc94baf42b3d33f1c9bacb66311fcf35be;6994;Property;614645;2015-04-05
5a8bddc8da13730e67844ac6a2441b9609ff6cf022eaa505168fdd30d31a602d;4017;Property;596589;2008-07-01
bbd61d65d0bc828cbd55ed5c7768783dc0adee15ea313a3dffc555ea0ac0773b;8602;Automotive;449743;2013-09-15
85a7c8cbf66a2b4d4df08d517b72dd44b30cbdf53cb73edcbce07344f2036f8f;7635;Life;578407;2013-12-24
6e338d4a1872bcdd194443a98d3a7f19e08a267121c5bf5f66b0f12c6b6e5ea0;62;Property;437716;2021-05-14
b97296407bab1fa359be9bd8979c106d73a8702cd5d015ebc0023ba3d6a69fca;4311;Automotive;999584;2018-09-20
30829ccc643779b9422033e586c730635ace7020e0b89abc9ebd3780a611d3fd;4980;Automotive;925173;2003-02-26
b3e5323137608e8613a6f305f130a8d683d90691a4061bc53216909762779145;5740;Health;278245;2012-02-02
3ba70a10ce650b45e2f8e0fde1a0dba9b9fe0622776cd3a76976b063c67702f5;1784;Life;805257;2011-05-09
5d057368168001b7cb72b937ddf346b7e79b50bbbb20fa830b42ffaf954f0b71;6253;Property;814621;2023-08-10
6a745737eb3ad065fec3a25aa53371e6d25ae04a017c3bf294849d6f55cac056;8395;Life;270410;2002-05-11
ae152a71a93791685ed5cbba09eef955ae8c3f81a5741bb935cd69ea7d5686d9;8538;Automotive;418030;2017-09-09
91b98673aabfd7a8605a76bec2c7bcd558407e7e7754558b964e2f7c5e5e9d4a;8266;Property;34789;2009-03-27
3cb989e3b332d8749a899499c540a4a22d22c9da324047fd6754f5654a6c8e43;3428;Health;441753;2012-07-05
d67df352bbf74f680d541fac13a42a2e9bea17f7730525536a48a3a9a252c6b8;6127;Health;825856;2015-03-24
5edd80931f9e802d4bc7a5c94660bad60b7c48b08e46b8c88eabad34499a20ff;8393;Health;257865;2003-10-26
3267ad64120bf350690dcce9ba242544baea65370605a81825bc0487ece07ea8;7799;Property;29701;2008-10-12
1ebfe68a719805010c36f6cd5626c120f0637110068fd03820c3f30365389e30;731;Automotive;661366;2014-07-24
9d197a91e0f54119b3a1ac2c1fbdbc3e37dc96279b5f915638e5ee8f681aa7b7;822;Property;558731;2013-08-02
aeea9860616b0b8ab0fd601bc806274890e27bc3010cf3e15300f18b044c7d7b;9368;Health;519415;2016-06-15
5d4be6f565d2883b9b258ec6dc9fadeffa4c5a07522f109fbcf1f157b33977c1;383;Life;325249;2013-10-17
7533f895ada25723101a217f65b01f1e24ccf22842b2bd078a112ff715065a9f;6238;Life;789064;2022-11-21
d59e9b0994bfdce9ebfc3a3ea8ddbdd8500cca0fa7f8fa84bc70ce54df703778;1629;Life;463570;2000-08-24
2265ac9106a2c2a75132a8decf2641c7f055719454af4cf731b951ca42ce967d;8900;Health;306048;2015-12-27
bc1a70165c9218207952f6450ca81fe98b638e18e50ce718ad357da8fa4715a9;8264;Automotive;347883;2006-09-07
8082fb8ec9963305c5eeeece688ba6dd2700daab79d51b5476b8eaee16e24fad;3771;Automotive;184162;2022-02-05
844539893c28671d5aba68076acc8d4399086eb42ee688d2fe20de884a54bcd3;5443;Property;711660;2009-06-04
dee75f85b29cb721d0605aae5cba89b89b2cd678b13b8bc25a97a809827305d9;3759;Health;710414;2004-03-13
b392635538f2845e196e06d67b915449a4619c6fb7f1d21e84542fddcf175f64;235;Life;222994;2007-07-13
d46a7e68f6583625d49fcc9029183cec97d1abf0b16e11d09a2809d85d220bac;1393;Automotive;89044;2017-10-04
92ca726b43a2d5bdeb0491248b4e1412deb90468e15b0239d7dbc719067114e9;9157;Life;347216;2009-08-13
4be4a52a94c2d0d180ee6311e1731a8d30eeaa767a577d301ad1aa05f432fd43;2259;Property;32412;2020-12-16
09f3cb95eb9799728e2acad46605d1f7f6ccc0684b8ced70478c65709b61521c;2817;Health;280244;2014-09-14
0eea50f377d027aa78d53f22ce41c8ff687756e86619c8ba576eb3aea04b7004;642;Automotive;466313;2005-04-10
b9e3df8a24d5ade3f735a1cac89144a56208b6fa7b935f95b1c6ee920e3f7128;4190;Health;883552;2007-11-15
f4eb0a6386936d8577bbda07171ff27d63a59da1ff406c682220b27dad1be42b;2482;Automotive;94269;2012-07-06
b02d772a1f2cdcc4a843cf4dcb5610074361f023ff3c3836b0714f4489375f90;8487;Life;294648;2023-11-21
15b932b6a8c473ca28442a61ce69a3ba7afb9cd3c982b94833b096c388f77039;7230;Automotive;83984;2015-03-12
4607ad1abb942ff8e342fc703a3ad4aa6032fc76fc8de2dce3a92f8672a95a3b;5146;Health;532540;2020-07-07
95de2ed4d6054869398d77c7c708eb3ec8d3250d7cf8edb8af8f0af87e1b88a0;2636;Life;630963;2005-02-27
8490df6846a1fd7167bccd4fbadaefd40c4572eaf9dbec958d6654ccc640f577;8650;Life;348394;2001-10-16
e5544cbc85227c08ed61b6c8132cc7437509d7f8bc75d4683fe3a70e717e1a66;6549;Property;902590;2006-09-21
7510a2f28fa30a7f2fed1c101ba715536ce9fe26cc76688006155303f9302326;6598;Property;372257;2021-09-24
d287552b39eeed6034bdd7c0f9dc7c08cdb855ffa1f5f9d99070a50855e9d330;3540;Property;955506;2001-03-01
bd6b039ceceee97bbe51a4d6ca9307cda94ddfa369f6355de8e546217261b90f;6418;Automotive;816887;2003-05-24
f8252adcd1893a0be44f2fc1702d3c2a536a72b09b02d047795cfe6e8a0ba8dd;589;Property;916723;2001-09-18
2eb10edbbb587519857de3cba405a51b5abb79583edf730a5f45f686c3537a07;5207;Automotive;994675;2009-12-07
41145f0125dd9f2c9d78ac35c640d76769c00e78488646168d45e0f1bf3dd5d2;2125;Automotive;314721;2006-12-10
a663e29f282f8fa94ce69a3d636cc68e3d53d35b87e4d76417a5f6a58447b15e;1446;Property;32797;2006-11-08
5fe42509bf9497740582f3bb082b83e9a6e0806fe47e46a2f962b48908950784;3780;Health;5018;2005-12-01
07da84a805fa8b92f75a2630d8a2fc7604964c9bb653406f4320258cc84dbc8e;9555;Property;820708;2006-07-14
f410ed31332933274b1dfde048e2581249ab762f20ba1f7a1a71a351ab7d6bd0;3055;Health;542149;2021-12-11
3ec1701d85df6bb7e17a9be54ec437da81800d368ea78a47e17aef38d61cb83b;8764;Automotive;567786;2019-03-03
00c3658998554881bca47ac6643d3b0d04dd018fb0d0108d81eaf8be184dc3d3;9032;Property;678395;2005-12-08
bc4ec79d1b62213ea3b5994715d7d03776c02b2e06a27cccf23828925d07f5ad;7626;Automotive;140321;2022-04-10
3683e2aefe5ca280ee01edba874c710f9931a9b62529917b16fc9a2d0e6db6ee;2452;Property;196356;2011-12-03
ddca63ed5b18d86710756734424d7e44cad293bf07099d6e31da9409b60d6b30;1944;Life;618016;2017-10-01
9b3e25461099840f63d4254d94a3b11621154746a207eea64a0c1f4dc903736b;5459;Automotive;706652;2009-02-01
085cd4e3e233ed67dae313c9d4bd0f8e31d2d99cea14b5e8474379d85519951e;6946;Automotive;904770;2023-05-04
8e8ef99b49bc6674e1dd644f39f34de62742c7bf6df403b761abd18b73596a7f;6809;Automotive;990372;2002-03-22
899c1ddf6fee7532e23ef403c8783fada21a221c36ffa72ab1dd6bfd99e8c7b3;2459;Life;546689;2006-12-23
8abca5fc9937d975a80556a9cc4085a1cc5d918ac8de917cea746bfea7253f00;6158;Life;203793;2010-12-26
2377c7b7433570264e500050045a402a54d9e51c18fd23cdb979dfa3da871cf9;2344;Property;882676;2018-07-28
e0cb1bca11d0cf936e10d4d166a2752f9e83333a11a15357b2521ba8066b53ab;3910;Health;327457;2004-02-27
8caec9142a7b7e5ab7949d70b5db23f5aaba0329846f7551503e749bdba7e6ed;812;Property;952819;2003-04-24
99678ccd9bdf6cf4cff37183a2b647c53538335a34696d4ca5fdf7950b3a4d78;3412;Life;646783;2004-12-09
f219be0fb2291ceed885540daad545e7c1787f27f8008ccdb225de5e5dfac0cf;7022;Automotive;668393;2020-07-05
e26e08b084dc9e5a80b9f5a96a08de921192f6cf64829cc663cb88c9b5f78e3a;7768;Automotive;466403;2005-09-18
5c1806d5db477069784f90ab78591e55c54bd7897ed7137dac21b2fcce27ff1f;2;Automotive;114192;2019-07-19
ac61c5be907e21aa25df4cba0eab0658ab2ac91cf0784f015b0fd6c391e4f4f1;4783;Health;765803;2011-02-23
3cd5564690c68ad69283543d9c3aa7be19f1ae1d72a8fbdcd7ac0d003ebc4a5d;5548;Property;9216;2002-05-02
4b120457702e8f027a5bd0a53a673ea4f599e1dcfa3aa5fcac741d2482cf5902;3483;Life;402835;2020-05-10
737b83adeed474bcd78ab0acebc878479fe6a60b99e87390fa5c4e9506c03b6d;5395;Property;108395;2001-01-10
ac5b24f2cd0777484e4a53345557802ac454844a0b863abd694d458069e9f713;2508;Property;172119;2021-10-13
ef616bb2e8c39868b0610ed5c75decadf3dff9fb27c9c662ccdb1b3670c7fc20;7608;Automotive;714120;2012-10-27
e16b4ddf47fd2dd0f2bc3442d12bf2f23baeae0e519cbadb22f869967b3b6b4a;3312;Health;575471;2020-08-08
c6d04ef57c4a9ebabef7a049dd0c94d8ea312dd9c53e0d7b1a64516aa07c06e5;5995;Life;221517;2023-10-18
f139e3a6dd9fc20279fe9be5341caf8c0633515ce13c114c32a303fc6fecc41c;8631;Property;85867;2020-04-01
a1b74452382f41811b66c300b8704aa9853af5f0f442f3dc8c7b5c82ba9903ad;2587;Property;552471;2022-09-20
33d601525a33b64585471635bc4f56b8865bbc491386c07332bb7322a9db799c;8254;Life;911832;2017-06-03
cc7e636e363e424b15ddd7193a4b8c645214bc91523efd6a4007c66416341440;2309;Property;890232;2012-04-15
bd6e4ac7d64d8db8bfb3b0c5e4d49472f78c880473791219a0382b9f939cdb89;1745;Automotive;2955;2017-08-23
9922071be2469e9d9fd61034272c881f2647f9fd3d6ce98e604a77ff4841e3ee;2881;Automotive;851487;2010-07-23
6ad8f75a67f4ad37ae1a6f1d405c1bc7f658eb7cdf73a8275c6d5ef43984d218;1891;Life;338425;2016-03-21
7c6a66cc4a7990efa95580eaf4a8a91e323b9a08f085f84734e57b46ff23f471;8011;Property;912287;2003-01-17
500ce858c86722b79a539c5d5333950c507a39933c8dae7957d876f615521d05;4777;Life;230760;2016-08-27
6065b06acc769b1f3168390181ef96325fa16d90b93532414bf617f481437c88;1070;Property;108817;2022-11-22
f0c27e4ff9b7b6605e5a5bbeaf726ecfccfa2ee940d6cff9ff1fe18f40d65112;9300;Automotive;469709;2018-07-14
8ec515c0d5ffd07f494ff5f0922793bd027ab9d8751d5985d0dec6ad26e314fc;2216;Health;218499;2000-12-14
6992f399b197badf98eaff14af9448720accfcf0220bf3e2ef830e7086f4de2d;390;Health;182247;2013-11-04
fe441613b536db3d2dbc7cb9dc6dcb029958934db786bfb2fd2aa57634add056;447;Life;557709;2010-08-14
757074973ae822f7ad5c6e24b1bf95913ad442697747fc5e8fcca9b8474f3d55;5264;Life;111513;2000-11-07
1170280454d58052439f7ff5f7439072650f4cfe40b2b40399805667de0fee76;635;Life;777889;2016-11-19
81632049a489e152b66491ef9cbc41179dd9d15b4b02d3598b7bbd80ab717f33;2198;Automotive;448525;2019-10-03
075c9551d78617cdf08c5ddee9bf05dee32281c5183c3012958242ee66ae8fdf;1436;Automotive;207639;2007-09-08
618dcc145f038381ffcc2f2b64ed1321cab69b4bf767899bbbfc2ad02587b73e;773;Automotive;177006;2007-02-27
40adea3c3117aa757a61663419a284c6064456b32da5eb153e55aa4499ef26ea;5617;Life;185818;2001-10-07
a8146f4de62eda5a0cb5e2e6da0ef2d3749a7a2fe26a62a6acfe7378a4c16ce4;1213;Property;535039;2017-12-15
76c263f47d118380feecb5966ea4b25232785abab0ed327ecf7d22df45f7d619;2574;Property;436438;2012-10-19
79d9a3eb8d690409b20316e479ebcaaf9168d756dfe65af6ba0d626e2d27b12b;9836;Automotive;671708;2010-11-06
6295e602a6fc5f14351ee41c07e398b5bf0ddd4c8c1da923f1b753df4106347e;8317;Health;733205;2017-03-16
a3e59267c0b691171c45d40c20fa6472d0a09098aaeabc812291f1be04785c73;169;Health;723514;2009-02-21
f0ee5a6da02c376f6f766a8d9f1e875b1822c70024e72e638d40327b357e950c;7562;Health;676401;2018-10-12
ae7eb966e241867091604e7432d7c10ad0de796fb267cf11e1579b946c7e94bd;1246;Property;208383;2017-11-17
713d9e7d071f03bd6526b5d5eba4168f444b11446cb863acb34cf7453ddb0753;1621;Life;629030;2021-09-28
a231ac2da5a8aab3e8aad0a1bafa4c1737bd96ab0776fe2d13d77c51fa79f532;3292;Automotive;351075;2007-10-15
cf7f5514fd79cc08612a707b3cf424d2c10c9c099b9f7f0efcf64be6c2c5d824;8050;Property;247338;2016-05-05
e3205583427d2b427f240320d22903038dbaf2bb6326761884934c97465ed72b;2693;Life;486920;2002-08-26
46929cf969408374ef8c017a4ac6e5ac3db342974e913a56cd94b50242b20a34;5448;Life;998617;2003-04-23
9cfd1367c429d3e7b21981fbf7c73a35ef01af40bbde7fe96f807f234459be54;979;Property;124200;2011-06-08
5202542ed7534b06f92ea39befab933320404293a5d678e52b78fc2d2638be06;1012;Life;899193;2019-12-11
6977ff6e6b5ebfd7cfa95448cf0dcf44e328dc3f305ee2af08126f0ffad423ef;5687;Health;513253;2017-04-04
5c77f8dd434ea28ecf2ac097cbde8e1ea1af960c62d1874fbd715c4fc838ac04;4513;Health;990263;2004-07-25
facab1941848824d7949b08fec0cd7b07d068ad7b60f5e719d35851c87e62d09;6936;Property;672537;2002-11-13
11c215a709bdbc9c6cc88bf9fab9d0ddb0b93cd3d2646a4f88e78df233e827d2;1530;Property;505631;2008-04-21
41e027a1fb299fd38203b4e51efffdd060efb69630a4c48d1de06f7675bc42af;2098;Property;467284;2011-10-04
a9bfcae711943610be4785395501b6a7014e99af9946bb31e8cd0a6934588573;9276;Property;967731;2006-04-12
5a9fae843a7fec14f2860bf93664da0bf866ce408b6b48dd004212dd7a27b9a8;5584;Health;100687;2010-08-08
7b06ac6a07770e433eaa700d92a6b96f16b80d7c9e787cdfdc02b6288e008f9d;4942;Property;894869;2008-05-13
18580bb35b91f504318e45594c507eb44d71fc4968d9ae7d37fcb394ecc39b7b;6079;Property;131013;2016-04-28
9d8bc96ff31300c9a2f3d950ea5beecf39800aeab1df94e6b9095060c7495c90;8533;Property;301048;2016-11-26
954ae28afa44a587b7211570bfdab56d105afb5e2b1983146c68675838b42d88;7221;Health;556048;2009-04-13
08ab0c4a009afa141b3733e893b4220ae4e3c7481b6bb9894ec93db1b3a5370f;1563;Property;276047;2001-05-25
d86d71eb27d9bbf2fa194a9828000fcd4b95ec75d2de29cbf7e6a02408aa5d31;7991;Property;863547;2004-05-23
5432b5b5e58ddf1065e43bc7059c9da782947b04d331c6d6f33d5c3ad8395b9b;7644;Automotive;609811;2011-08-10
9bde8961da9768c95ce421c371e8d5ec7fa32184293c546d6bcc4acceeeec3ab;640;Health;375928;2008-10-24
b3c16c13c75ec92bf3ed5d8b303c81d985197158b99270a48e99804c8b816f9b;2292;Health;987336;2006-12-15
bf7374c52c2f492ac629e1b7dadbee36130297a0a2de655a9547724b30b7e0bb;1033;Life;605708;2005-01-08
e4e38c6f37200f37787ac7a0f5070ccb9936a524d7e2f4142e48207c07a3edca;7906;Life;453601;2003-11-05
d5b53ea16e29a974579d66cd33eeb3230361b93184ee240d6ef00e34688f5da7;5051;Life;570004;2018-02-23
dd7e5b3a5e75c624d002966230447ba813b5e669ac7724accd66c01486f1e13e;5531;Health;797843;2008-01-26
3a51a23a68580cd39beaa36f7e0638037dbd44abaae7e10fb61fa8d07628afb4;8381;Health;120526;2022-04-21
411e6ffe4d929b0e158fd21bf03cb9bf51eef3f314e691e62e3f7296fcdf9756;1457;Health;318294;2016-02-26
8d93c42c99fd44ae70baecced19a87d326c407148d9ab38778c2644508608d0e;4646;Life;576318;2016-11-21
50f3327ba02144e2c0743870d80d922a0e62775da3e0994a49869515734037ca;7128;Life;647726;2008-04-12
eebf38f1d8f3ed3eecab7fc395d7e29ae1324ef76e6b13ad27de2540c5ba8e3c;1187;Property;853490;2011-02-26
12da0d3b8688c3aa7835eeb162f51c23a25b7c00672c1383ee9786911bacabc7;9207;Property;210502;2008-09-25
5a6c4384da9c4e27da2285457910a675ec2a76cc58652517d0ef714dd6657f0f;8109;Health;47427;2001-02-03
6a5667979412509e2b8dab7c5d5a3f90f157ffa584671eae5a597b241b298202;3183;Property;973743;2022-10-17
00dd5a7f335ac2044da0e8903de405f7fb18e951dc780c0c989389d4732a009b;8876;Property;344581;2018-10-01
cfc77d5fbf335f40f706f09850bc10d8eac73f1a689e5ff5333efe100d179859;9518;Life;498545;2020-11-14
8fb0568d06bff4066d2bd167439b1eeb17187e65671e42ddc967902ceed64554;315;Life;282778;2006-06-13
61672887d10a80f13928667c299f8def6dec035c86e16be558098099b05a7cac;7190;Life;638753;2019-07-02
3b61f98008fc09ad57e37af25c48b983394bd74b459b4680697f8878adc8ba52;4874;Automotive;884317;2020-07-12
c50e375fe796f44f332df65ccb2a5b7ba2ab8b4f2d073a46da3c679d865ff453;9251;Property;915440;2005-11-21
dbfcf42e4ac6b46043f94fba4c2c7bc31bd0ab08ba431a56acd0373a148b3766;5513;Health;127036;2003-03-28
3a104bebac6f54f09b8824cb2da7afcf363e1b686985657c36ce0808d12d4b73;1010;Automotive;722823;2011-04-22
fc1bc04aa466c7564c07325e1235922e1ba0e001cecd216aa35faf34b751505a;8232;Life;445385;2019-07-08
d1ba7eab96cd8edb3b8c57d18f720f971ff1a21efab2add6f0c69fbbbebb7300;5983;Property;805550;2003-09-12
34911484d1e30e6c8776187089b301e3eb9c0bc0c0247d3390430df0858d5dea;8091;Health;116002;2006-06-08
15194bd3977d6a63c2e77bc644468b04e3cb75a1b1b0d55fd163f470c0a6e9e7;7241;Life;24875;2013-05-03
5ce56d0bb258ddf10af0b152be701bb50178f890d336be0bf8d1077535471e87;702;Property;965289;2005-03-04
2b1bc345d46df16b49b6985f88239fb696285de01047e0dc9c41d1f473101c5e;9584;Property;396986;2002-11-26
0ecb0390c7fc643600d1c58fe866abd2c2aa074bfa1d102ebc874a30f3cfea44;5406;Life;207500;2011-08-25
db4478a2ab190347b4792357803376eb421bd8b343b774f6f552bf34dd765491;5658;Property;658142;2005-09-28
f758c1f58543378dc000735727e038ac639097ea8212da97f4a1419602a033b0;2591;Health;573580;2013-01-04
c962d6ae2b7b3d2dc077678855878fc558400a461a597cc5a715aa9f324fe620;4612;Property;784711;2005-03-21
a17a689c6e7ac452961da0d52bf2d2161cbbdd0d821ba3f693adf348a74c3cea;1573;Health;265810;2018-01-03
eaa36d2bdfafc7501eac30867ebb5c788fca1cf3300900892a163aca6a345ab4;4624;Automotive;725772;2019-11-13
0b87fced6e8b3e79dac16807c408c991ed4ebf71d7e18ec482087dd22ab670e2;2092;Automotive;480902;2021-11-15
88a03a40b059aacbdaf2a820b19a73df02ce02c69c12abc8934969aaf4756946;6639;Property;841724;2016-05-01
de8f85c792dffd43411ed1e609a5a430ed6839bb3ed294f0182498e6797ceb25;5293;Life;844597;2001-01-15
ba4ef99cf33111c762f9b49c7d51b23fd7db03c51fbfc00f3bc971d3b39a1010;1797;Property;21336;2015-01-19
77feac4525f641774379b3c3085bd6cb06fca4fb15abe152fd146cf322792d73;4272;Life;723908;2015-01-25
33055219132f20e74a0fafe5fe634e6a61cf9f93de9127304fad45c3b41c80f6;6896;Health;789932;2008-09-17
86a772215007f00ecd69be2a968ed0956caad474dbb6e573fe69b3194b9eae7b;9131;Property;242264;2008-04-25
26976acb61a1767777e936a9ab0ed0a730ed4d9d98e09e5887a4d80974f596e3;5140;Property;345280;2013-10-22
87fe21b408934a5986efa976bb0497faa137b3d2a020344feaef509e52aac2d5;9581;Automotive;682569;2007-06-13
12b62c8cb0296a0326038af97469e6e3d0037e79fb60b55b1beb8a18e42c4063;3194;Health;869812;2020-12-26
8621c2c2662e880318de28866573a1102a49f6a175eda322a161371d6ef06db1;7019;Automotive;199941;2018-06-08
2526d8128935416380d5fd460432021fa3af28b5843db64eba45a35f01b361a4;3233;Health;186995;2009-02-23
7828672eeb7be30e8bd169a88ca44ca25d24dcba840b8fdff63923dfe6a2ec87;241;Health;434080;2014-04-25
937b26a1c9809e4aae23c325855398cd15bdc07c75ea2969a472eae1525bbb5d;5075;Life;595774;2007-02-14
60ef5ea9d54c59d8aafb57ebeb8c02f6a6245b42d57c84e4fbf49bcd4f20d90c;7409;Automotive;624567;2009-10-03
275f0657361ba7837f1f38dbefba33e57d99e7f6e27ffa937682072c89742b02;401;Automotive;563943;2013-03-11
b8f421f2e2fd9f6970974a0061497f77ab2205e273ce67adfa2ae7564ef73522;6090;Property;157468;2007-01-28
f86131cc4cab3acc7ca016a28a0590008fcc63537856624553f72f602aea6d16;1361;Property;287155;2017-05-22
e1624963d7535c1db922b547368dc3ea343cf971c8141aeb0783dc9bc42af7a3;5553;Property;864067;2001-03-14
d7fa880a68184439fb5252dd8df09e5145d8853f321f225a6b40dc0803f767be;5688;Life;362646;2019-08-09
5d0699a35b82d248bfb88c6e67d1162a3c524c7f43986a8733e6e7069e42248a;1479;Automotive;336067;2001-11-21
3bfe0b42ed0b4b3f04e694e9aab47bc69eb43d9cc3d07f9af28ffab168bf6544;9602;Health;643518;2012-08-13
ec5fb7ed3c12f39ee3f93b4231595c200e685e0993ed5ef40ab5d76ff9ab907e;3513;Life;742763;2001-02-09
ac8a911c6974c486f1f889c5f84665e02f8cec658401e17ef203c31dbb8749a4;1262;Health;49334;2008-10-14
15c9f658d507520d258eff56a8f9d7386532be88a6937d7af5055763ad627886;7636;Life;239172;2001-09-28
f7b9ac15537b5de50eb6cb0c6d588d3590b49ef5ea32483b91000285e1d5eddf;8184;Life;4122;2014-05-03
1af22f2ae5a723be495b027ddbda07bf67a9d92414edd5f928ea4115fb4bdd48;6600;Health;49860;2005-05-17
2c8719725a981988fd391984681c23fbac3742c4b5257867edc69fba40eb447c;3418;Automotive;836062;2022-11-18
b63d5d34dca92dc637f513be87f06f90683ce1f4ed69720c297830c8ec44279e;145;Property;556703;2019-08-15
0af0ed4fab4df38f3e1b407c46a9a81ad09a10339a6adc3aae5c6c0a9271543a;9635;Health;263179;2005-06-14
43c3a09472f81136e10a4edd9d8a48cac6fd80fcf1a5cdfe89204a4011880c98;19;Life;949527;2021-08-04
34d1f5d085de98ef6ef2bead86be54335ecfa5a942cb32a63724e3c804335633;4980;Property;332601;2020-05-25
45e439bf972e74be007d671294daf06ac736cff80fcfbcddb7fde609997622c0;4079;Health;294379;2023-11-02
c0ea3d2b8697f048461c5c823fbff04c6760444e3e7d17aa55cfa0cce0e9f7a7;4391;Automotive;973116;2008-11-12
a6e4df2aa7b47ab77204f919318fb11e2e33b5639ef3b6179b5640c2e11e1947;498;Life;438246;2018-04-04
b3a5ef3f7c9ec035be0dc7b3c9f0d88f391c73364aef65434fe25eda1cf24433;1822;Health;504282;2016-12-24
2bb2e3bacc5d0fc7d35b599fcb5ecfc980d93dd63233288d3f47bfb5c13b1451;8327;Health;874396;2019-05-01
fd93b74a8f9527892148d1479154538852d44e21f8c4686b1700d6558c970de7;49;Automotive;73207;2003-10-04
b17a2a90fc8051aade99c74f80c0cd245d972132e7cc993aa0ca4a826e264bd4;3429;Automotive;571025;2018-06-13
9004c8e4b273d64084ed3c63a6a148945d543f0c8495d41b601ad9c690541184;6462;Health;555622;2003-09-06
1e2f117812183f127137cd3d335b3eaac25c2781d4ba50d2ef712b0fc7715cbe;3987;Health;908476;2003-01-23
4fcc50be6f5e849aae0a98d083ad940fc4b570ed58bfa6286ca07ad2c4c65327;9916;Property;110969;2006-06-05
76abfb5bdaff1bf5785a2e89488e841708b90ec9c6b3ea52c74cadfa10aee5b1;3615;Life;224002;2001-05-20
338ccaac1621f25b8662dce3cc13fea453d79908186e0c20d01e0238f868968c;9265;Property;171754;2021-02-22
39ec99337846c09782897cb1ae14ada56b1f8b3f514cfade84d74d39119a8f7c;8308;Health;860383;2022-04-23
586d087913f3c1c0c965c060cdb1ecd9a6bb85e2053b2c3d5f97f92530937a50;4648;Health;26521;2020-01-28
acd3b2963c774c8d946ede9f75288a2746023c276c22294ca6ad26df54076c74;8697;Property;43217;2018-11-23
97950de558c549cd9c4bbadd89d08234f81e85b1c22b59685558ceb61f7dc440;3994;Health;339258;2005-04-19
738817aa05bfaa72e04dd69699d8da735018d2de45c3c52c7e3ef2957eb90ae9;1567;Automotive;335692;2019-06-05
2c529b43bad2069a15fa8ab2bb0d820c3e410fcf39555cba00e7ffee31600650;8189;Health;909068;2021-02-13
be3745cbb76f68884016b9cbe9a128a83bfa197e1240d7542b9f6a6b6f874d5e;3407;Life;930450;2011-08-10
d48a23d3de4df384d3afb27294feb6a61c61cb43911470c0ef392e0447deed44;5877;Property;743253;2021-07-10
89eb4be2d63d88c528f2851fba8dd14454238f901c7a302e80f9df4911f815a7;1696;Life;718466;2011-06-06
eae585033cedb1bb0053485a9fdda71f861df8ce39a5a60dfedba803adceb497;7185;Life;82123;2000-06-08
a6cb835194c1c12c6fca209758a9f87a2a0d9e8a735c2b3b0f97d3aaba3b6e4d;6501;Life;261530;2019-03-13
08ae21d027f37d24ba1e6d67acae6b398f8a666376fbde70227673a2df76b4f6;6630;Health;585880;2007-03-18
e55a34083d801a7b6a1e473bb5b5b105c3560826aae143182da2084aab602f0a;2791;Property;35270;2007-12-28
11db94e9e47e7fad807c2d7eb6bed0beb9cdde64f2ce7cb6e1107993a7cc1822;2714;Health;511278;2014-07-06
4f4d1eaebf6bd21a1deca4117edd43534fa35b22542e68cf9f74ab70e323fc37;2093;Property;559174;2006-02-07
a35ea5ebadd79fd3a83737ce5312b7ea0c8dcd3b3ed610e59166c866963a340e;7866;Health;204299;2021-01-26
285968ad013666d6491c8477c1722a5fdee30b03c96ce94dd5ec48783f0df659;6506;Health;533445;2019-07-06
e040b74d588de5b3badbb40db3bfd13f929b1a5c7ed1fc16d5fff7c6429ded6a;6407;Property;903841;2013-05-10
285a897788cc5fe8835497461efcceaa13736ccd7bdd8ddc85271cf198fe7717;6241;Life;694573;2020-11-05
2a429508434c4662a536d73635391f9bc561709050b65ab6def954c03db73e7f;9615;Life;538011;2013-02-28
9f15fa2ea4d62740e745488ef2e373de68c24fd073ab45ac6ba24b5358acdb9c;7409;Property;649591;2002-03-27
8be205f3f0e3da6a264ba8769f240be24fb80268a28f8e412639be5419034f20;7180;Property;66011;2011-11-21
5ee8259e0cb2bcdf7c71291315e63df6e4e6ad335eb5ce58e752799891ecdd39;2134;Life;941561;2014-10-22
f7dd43aaac6e3e0a473daf1882501b01bca45dc0ea61d6e6346cb6a6d31b4365;7915;Life;191030;2017-10-27
1d039ba783302f03c25cff4fc75b7ef844eac01d5b8e0be84c39606e558949b5;5327;Health;889590;2009-04-14
9735e9b148513c6c9af2706a0c40efd31a0c5484456ed91313da392468a677d3;4198;Health;543966;2005-12-28
b8cee238ccae7b8f3232e0de3c9892c04baf3276f68f11344d287d2ffdd6e1cf;7267;Automotive;405391;2001-05-19
468bb765a49a3d95dff5c7d321f8b3222689c18f462a3366475a5e9065232437;6670;Health;811373;2006-12-25
44f15a69f01a9fcbeef76340d0dd09dd392d1389c6680b47399045f7069fc48e;9183;Automotive;991754;2007-02-21
cc722a8d99485424ae9331beb4725a8a8ce14e77762f33791fc202aa0e8c2fbe;5421;Life;570109;2000-08-02
b27ca7debcddb12c6f4b130a6ec7c2328fb3ecac7a30157351c6b0418227f6e1;6977;Property;951245;2014-08-14
b8f26c4c17e8e310956f611b5573149fbd4297c6438f7e5a150517d9960586f8;660;Health;651039;2000-07-17
795580af64d6713867aec911d59e38b2f4c06c018710026a0716403c4a2523e7;2203;Health;72897;2021-08-13
a48dc9e2103b3c62e1a35c8e718448dbe60a8ef7d025f5809944daa53babf5d6;2693;Life;849180;2012-02-21
13ddb3e0689cc6f18401bedd3d32c428acb2e0e9ac65f64b0a42e51c4f8a0ecc;7756;Health;406604;2017-06-12
b6c884800cfa9c3f1c49a0fac80a8b9902afaa13ddd9f64f2a0655c3fac33875;8002;Property;2184;2000-07-21
a13888ea4d679550ea5499ceca4de3edf385763e64eb8a13029343c314f8863e;6960;Health;372541;2010-03-14
01081e6478a177aded020b334eaa1af15563a36ffcff2c15d760b140200a4582;263;Automotive;725321;2004-11-15
e80b0c384ed31ff7a4d0d70f1e9be26951b03fcdcad8f906b69653e1e7047e66;9350;Health;445338;2004-11-26
20475acff44e463f44f2902c1f2c9824d95ceaee4f5b5ef0c19a8a9a02ffe276;549;Health;899348;2013-11-01
ee7018d97c2d64ec7ca4f2fb3f9891b220b8fb4fa4b5ed89ee6661ba6674bdcf;363;Automotive;968099;2001-06-25
3ed0501f27a32c307909b1f2c27e2bc5d4b29aa0b57befa84f279e28150b0d7d;1745;Property;660463;2018-12-12
b4bf6038fb52219810f6d23164bfa586e2dfe4e8b6d1f96445ce47996224b0b9;9567;Property;808156;2006-08-10
975ffb2c8e2069ea6e615bb5837b5fff7ace2844f289f0401c4bf51523b81476;2142;Health;562115;2022-12-17
5dce86db873ea686600f64664a5bac2e087d362d220dbff2b6b20a0b08e9d8fc;9873;Life;875208;2011-07-15
dfc6f7c3da36108a8ddd6caf6e6200ebbd321ec09795e0b018f97bc056c63f1e;6400;Property;122208;2004-11-12
5bd3df67d431d0bc3894559a4fa1eaa9d1536da9f03868b49c730186e0dec849;2106;Automotive;330108;2022-08-20
3838c357d91548b4468ec57c6714bb077c68107ffe08694218d99071204d56e7;5498;Property;398017;2017-02-25
283f232faa9362d82d261d66b100e586402cb1c36c17c9bb1e716bf0b94c6b8c;4629;Life;820652;2005-05-09
ef189738a9d8d4eca2458f210593654b084dd5feceaff104c37aa948f92b85da;5043;Health;182113;2014-07-19
7decba9f15b0f5db77d536e9f713cfc523994b189fa259019ca46b8d3a2bbae7;889;Property;57766;2016-06-11
d5ac77bf539520cdbdc47339c3c977477b55a1d50f1a726373575a897e765be2;7169;Automotive;946265;2016-03-10
113831c1d180aa3d6a8921c9c4a939fc7913a5e2c04d5e2c19491e2442f597e2;2746;Life;372908;2007-08-20
47c9a8c157a239264aa77a6f066beadf28c6a355fbb65bacf3855154d7919121;2029;Health;490758;2020-11-16
8f95c31396a2ce2a1c08ebb4f9df706ad9218ec266586ae8f5a8bbf4b828df79;9100;Property;560094;2003-11-20
6e4150360b4ded7a89f9058f87e51f9397b36d3cc5a5439d622367a56a888249;7453;Automotive;810666;2002-09-06
61a571fa803b3afdb6ad55ebb22df8f85eaa8f80bbbddbfcc7960f5ea287eff0;5241;Automotive;921704;2012-06-07
4678c94ba1726b9c591d349ad08b0920f2a613d7af7820d9f1deb3439761c7a7;6719;Health;510163;2005-09-13
d4fd4e9f63cd2276a2d0f9ca95a0819456a44341ad0ca903877406ca8fef0906;4731;Life;650569;2020-07-09
9923f68c6836ab4ea7ba46a4fccd413927961b051f47189d2250069b60dc2ae1;9384;Life;669337;2016-05-08
77c4e7cc370b76041848b97294911466f9e4345ff697b0ae6e4ca801c97a2c95;1071;Life;17396;2004-01-27
7485780ffd8c66c2b525077c3878942acc45ddcfe22d236bf7c4136122cbcee0;4203;Health;272687;2006-04-28
fd95227492c1cadd688518718ca65ee305ebc8a4049235ace888e37554bfc81b;210;Health;915141;2016-04-12
0d105b8cbd1b185968ddeb8f65bddaa339e9d458888ed908537bfaf01bb6651e;5331;Life;387153;2020-02-24
91d55ec33730b1f4899b1727bc70f73c75566c0cc389cea6c93da47c3066c5d7;8565;Property;154332;2002-08-09
76a45110ce2145b529bce6100d88b28ce07ffe99cf3e1da2e6d26556d0eb7138;5493;Life;246097;2006-08-24
d9cd6b103e0461bd85744673af11c27b240c8e7399e17b245fa949e0f44b2798;5688;Property;424221;2010-12-24
217ea48b9f15c7cdeea1d35b83b746cdae889bcb421a6489258cf76a3ce2a181;4361;Life;960330;2008-06-13
28cdc7202e6fd13d571511b6d25ffdcb9ebfb8414646c1fad0fc2e80ff9a530c;8957;Life;924966;2006-03-09
7ad4598a9e9ca38b0ba6192f835d27dc5515e8c690064ae6e81843665afa05a1;1977;Life;597178;2015-03-07
0f3b5aec1c095bdeeafed12252b858aaf2ca2fa64f16a2cbc5a565102ec134d0;7740;Life;673169;2001-06-15
ee9ebbc496661fc8effa6fd8719333c867b0c6ba5aa62eb8eb48e604fbc359da;4847;Property;378386;2017-08-17
cda3068539351e6a8d82fd05a1b74781b98aac3ab5e26e054db72088deec0673;5091;Automotive;568153;2014-01-25
e9d5959bf68ceef55f4a9f2e22149be996d124be3cb6407ff64ae5d6c4533062;613;Health;423861;2022-05-18
3a1f0737ab2db2bde42fd14ab27870d58ffd83c90eb0bbf6884f8195de0ab425;8420;Life;738148;2009-08-21
72e16f056ee66d7243668c716fe757fb65e756ec6427bcbf85597fbf87ed5d85;2511;Life;964132;2002-08-10
9d56514256d49284158ee0ffcfcd25d17483f2d4a6d6e0ab0c9c88335bdb8444;3313;Property;36696;2007-12-01
e4d0ef216a0949228011db86c5458ec8e93ac53bfba9f3e6d4f78edc8203751b;6031;Property;717715;2020-09-04
a7d8b8e55e138a0ae3f5466fc16f3a9985e8d83cc2edad34bca5de7cab96944d;5035;Property;896003;2000-02-25
b87a8f327f02cf751ed1bc372a04e83b3109be182a43cc18f87eb687ee8b3d33;5719;Health;901612;2008-11-22
cd1c021381977fc88480760add3cbecee1c2fada24680e2a1ac548cb48ce1d45;6047;Property;518971;2020-12-11
532946fa34d68e972fd29674b6b9fb7a1dadaaf15c84d3dd8c6340d2fc9469b8;5900;Property;181794;2002-10-02
055bd08f6a3bc88e645bfc060cca037325d3b44fc0e8deff45b3413519507202;6987;Automotive;896196;2021-08-15
0d538f4f51e255d6c3f6da14506aaa4c8643eeeb22982dad45e771549fabbc06;9377;Automotive;559768;2011-12-25
01c68a4dee4087d23e7663dee8e8278b049043a224efbe25a30b7e4532cd673d;3342;Life;412812;2012-09-03
26d76e50c89c813376698fbd007212cb3e9ce95bb92015db890406835fc2c827;3566;Automotive;943245;2001-03-14
dffacdcb8bb9c66655a388d97420180a3fc5432e6bcf8e0f06e00ff09d12b1e3;1956;Health;267025;2003-11-07
7c4ce36b1218c7f4f679368304025325fd04b926bebad6392db7f9e5ddb2651a;6588;Health;47325;2017-08-12
c25d918eac52a9f99e9e59f29ac485ca10fbd4527f2c0a8f18be45cd2318f321;4126;Automotive;725457;2002-03-11
4b91c8e6c53a16f2bffa2adcfff71d1e90ec41585599b1d19e76999f77f41536;8272;Health;576975;2011-08-12
bd86d5396d6d04e1e1eb5add46a901389972f6903efc1de1eb89f1fc0ccc4286;289;Property;335959;2017-10-28
5a52e5c45a6589bd76ff7a2c24f36f31c996775a8099de24dbfd251980195dfe;158;Health;600905;2005-09-12
ce29823e99352ffce84d1928686d7af78fc3dde7b37536c6c06c74ffe83d66fb;1967;Property;72107;2012-05-11
3f0a2c08a8cfa5ef783a2ff4767f88acc0fb9991eebf7da54bd78fd4e096623f;7522;Life;711050;2016-10-24
20f5cf2cdd3a0da0f5b0d7e3ec88335db9137a6359af0e669c8aa7edf7efcaae;9073;Life;691714;2007-03-09
11de699c58675542e032965e15ece4227da5f8a2f2ece3c696efb73323ed1968;4749;Health;760289;2016-07-07
b9403e8548cdd5657d7463db051e59b59d38b8793a416d16e6a5673ec09011bf;9708;Life;986865;2020-11-10
b888ff6a237c784d2f5d736ccaffac2d87640a5541ca397bab3fc5949e1f94d1;4206;Health;889059;2016-10-25
65de4d5c0e6d862dd5b5f98af9d4e7ae4f4ad6f02ffe94e0fb6dc2d37503853b;5496;Automotive;632781;2001-07-12
3f95f9592535747f3401d1e8109fe3930272056dba3b138e95aa1cd4a0bc97b3;8483;Property;470723;2007-02-06
f6299f9f080d570c50f08176db6f17a6769d1ee8ad89c523ae05488fe5d91ad2;9155;Life;924931;2010-07-13
078f702cf4bf217ae5dc1a3023a0f1c7f87578b2491cc05bc1a5b47aa056910d;1634;Property;361611;2020-10-11
af70d87880f90d0ad0a2c03f1025547623213ffa60a3faca30e363bc952aa078;5422;Property;522389;2009-08-25
a3b10927a97d4cd01f7ca53028131bf5d755bba5bf1dcb9ed92127765b620569;3134;Property;595008;2009-11-05
82e7b2f96fa1872c025dbfe84a45878e3acb0f290259f987de15613b6acb261a;905;Automotive;68472;2004-05-10
1963ddb2181b9749f5abb9b02f9809afbecad2c2c07a17bb8b5bab8745b476a5;1334;Life;459433;2011-06-17
9f526302d88cc890d7742050b7f1b0f2234b8991fd163b48e3747b9ec347bf26;5097;Health;753967;2013-06-02
3c831a87d75b3966d7936c67db1112b0f96eabddb782a3347b2103d178a4415d;4803;Automotive;783537;2004-09-11
2f5e9d49fb97154caa551f7fbf31f19c7e6bf0964d2f69da67bcdc6011ea38e3;3683;Property;443157;2021-01-13
e2443d893f0c44aeeec85b9d594674e83089ba52f8a28bf41df4018b880c976d;2504;Life;504220;2008-06-05
134134d39dcaa4472e120bac24b2e1063533b1b2c944ae9ade3651c05c1c4e0b;797;Property;666516;2018-06-05
d694220292f5ec77abb3d6ad2afe321fb915345656fee1e1188afe5ad0f1c00d;9027;Automotive;817302;2021-06-04
6ab4f86dcc1d1ab0615554f768d0bd8cf54f9c3a4205277d5186d965f1d41402;4256;Life;630409;2006-01-15
68d035ebb02150cb51c14a524c11acd01df40292054177d25a66bb81bffc9534;1310;Health;100453;2016-01-26
ffff7a5e2ba093b83a517975b4dce36022e42ffb7bbcd8c8ab6c3cdab0f95857;3829;Property;373417;2007-03-14
6b8768ac77a515aa5157c0994a0cf983567cc2d02700359eadaed598110c54b2;1707;Health;458495;2010-06-27
321a43a14f54277e54c65c63316ffe9df3546a122404a1ac1ff6be4acbdffffa;677;Life;944231;2011-06-25
2c2727a137a6b563ede09970cb70e83020ae02f774ca391072e9dd10bfaf3870;832;Automotive;866818;2001-06-12
c934441ac2716172108c73b377b603ddb82c62bbc408e9768a33e41a048b399e;1418;Property;34655;2006-06-02
9556a7e28b819e473be0467f304e5db0bd30a23ccdeb6f267969dce3a77b36d7;3856;Health;397278;2013-06-11
2dc3f576baa93ec36af7c190e37d56ae4e5e4cf21696e47e7207e07c83a06a7e;1192;Automotive;729195;2013-08-25
ee8a35860e61f097797dea7b0cc04e9294403eef97246e702f79ff2beb28c2c8;3466;Health;849914;2018-02-12
ea8c8c5cb8c179c9d6eb58c56d7a4a2fc462a7842bd15b80b909cc5d5a57f3bb;4722;Health;427530;2001-12-15
a68a5ca08f967881ed8dce376457c89d5980e44c867edd0835b56fd7c4ba1deb;6675;Property;5406;2014-09-21
ed2ffdd142d6aa29d81fd023e0c55cf9a7531c68e3596e62d616df1266786732;9411;Automotive;245526;2023-09-25
2780ca831ec23fa5cbe3a5921059a3314feca2f2fcb69ccb2b5105b657c67716;2747;Property;530839;2009-08-28
6a0011ed8dcc0f7b41665552bebf7a76912173b6d437524ca5dd10e66b41bb14;4232;Automotive;633521;2007-01-02
1adae0eff1698535bc5692b6f32658e7e8dd77ae9838973800c51d4f8c2b6539;1094;Automotive;648141;2018-05-17
d88d8e6145afa20451b4d2e6a65121e4b8cad805c1fcb93c4d96e4679f35f8a3;6107;Property;324911;2015-05-27
3fee3b20ad6fa4c1b62ea5cfc81960902016b38ad6e978917bc6ddb6de7466a7;9546;Property;141139;2005-05-18
31d51d74087b0bfb406de683d448da8c23571d5cb048af802e01c38fc9884496;1963;Automotive;115312;2021-09-27
a4ad86e3b0b0ce6a8081e42a95bed145ac3cbf728eb5878c304ec732ca1f4365;4767;Health;110340;2008-07-11
7c2aeda1f7ed0b8dece0b1c3113d481a945c8dcce16ad59e07b0fe8337e8e946;6736;Property;804743;2019-08-03
be950c7cf5cff29da5dc477b20dc46dca5bce2d9779cee1a3dc88ee590fb638c;9702;Health;514673;2013-12-17
b7729f612574e2df797aad89e1b6531c250001e8edffba7b6591a84c18e43de6;4436;Automotive;69679;2023-09-10
d4a9c107376fd7a695a8cd0e58c919129a35dfd531d98d71db31d3fc2fa10323;8532;Health;298893;2016-05-28
a399ad21b8fe636e7427fc8ff82a8050d8bab00e137da85d731eacad6bb97f9e;9609;Life;161683;2021-08-09
6352a0bf9c53780b18f9e39effb18a36ab9a90c767109d619011bbe706a8557e;364;Property;13017;2012-09-11
5e73aaf1509b020ed4268c62d7cbd0cb120e7060bb4494c3ef1d6b0a146f45d4;790;Health;802041;2005-02-04
0f894e9b4ffe80614a0ba6ba33536e2739713af4bc92a830dd3fba26a0c154b9;3995;Property;579423;2020-10-09
f949a7e7c28f3577dbd25dda03b6f45bb3417ba04e0955393208caedef5c5fb0;680;Life;592436;2022-09-20
91575f0a1aff72a052a67b3cbe2f53b0a53ae10a74a5e61c6df07694f8aae55f;8222;Life;114716;2020-09-19
d226f3514b4d8f4100a9224bb84be817465adae62329401920f7f8bc938e81f0;7787;Health;964637;2013-08-09
c87d69730bd4d5e2d9ef589a2da38b83f3cf78ac409042f9afbe9c984a120a24;5648;Automotive;658321;2018-01-18
6544e827437fcba2351e34b2792fd37965c1aea99513b8b04df92de77d55eead;4033;Health;76020;2002-06-15
2050e523221c2d80690fd8080caeb6f5cdd3b72cfc4aa8750581d16a5c7dd5f1;9699;Automotive;32552;2000-12-01
3f0aa468ad8678e81e47e0e1d9b500f9068cccec8285403fd0eacdbb696ab8bd;9987;Automotive;304270;2002-10-02
febb9e0ec052644ae115b23d4ce3e936e239ade116f62308ddc0044661ed7930;4248;Life;157054;2000-08-05
d42ea99cad79e99b57812972e64755cc460907a80883b5619b5489250b6b7bfa;5717;Property;931900;2021-01-25
24360507ded1470cce629f0d943732958074da1c7ba488404a460ed9b40106a6;4280;Life;407209;2010-11-27
bdc86732b25b5c8bc6ddfe06cf8821280be527783e74b3117f23e8a665aa33b5;9841;Automotive;700343;2002-07-25
ff7091593d02021c7826d6615ec8292e94faba650992221335dc1fe566709aa0;3227;Property;626253;2014-10-15
c8896d257d862c07337aa51c879763ee3f1bf649e1ca9260353e1df602f10ffb;8622;Life;523627;2015-12-28
9a8c1059714f989b908094c863bf898e7affee9a0f76a8af303bcc3462d47f3d;8518;Life;251201;2006-10-26
8903cc96419f46b3ea67e2deb825a44d1c1b19717309f5aeccc540e1c766886a;1513;Automotive;565172;2022-01-07
3c886d1ee1a72b0f37559ff3774edac0d1e2bf6a82107b4ff3bb626d24948501;9502;Property;742863;2005-05-04
7299086282572852aacbc1fc8d7feca5870fd60cfa80e74d28265a28fe959735;5263;Health;355953;2010-03-20
d8e64af53abef8e38dfe554a4f2847b6173c1740fa14a63a929519cfdff2d1ff;5190;Property;898870;2019-02-07
abc971ce6341187ff47b6d024cb751cfff7eef07c571f1cc599f2360c91a5eb2;6292;Life;256794;2015-06-24
55c619292e2bdec44a499a2828bd09df7793c783840d6742f88ea28acac3ea85;4627;Property;70982;2014-12-02
5bc6d90f62381b116f9dd60451a6cb44091769a1a4b471a10ae6d9aa30489f1a;6583;Automotive;3999;2022-04-25
141a8a62c185d474121a7c9ba5f2dad6174e6b6d83f546d7333774db11dd78ac;2383;Property;781361;2012-03-25
1b76232251bc6d6a38ac66e394e317d56c2c031d4ff534918daaf302726d1d79;6611;Automotive;304589;2011-03-05
37f040f13528b6b47363b5fc48052beb3ba5734a6e75e0f1a93916f3c6e0c7dd;6975;Automotive;144050;2008-01-23
d7c1d5278f573083747d4362be3f36020f17936cc65e1907a9fe7a06da4b2a20;4366;Automotive;644970;2007-09-22
20e8568f6a9a3f92b26c08b381ab461b0a5e90d94a55e1c3efbfd257b884df58;944;Property;878740;2006-08-18
9fcf193d0dcbde217a03b837f3d8109c14fece39e93ce8bac0c3a9f20d4af737;7299;Automotive;209596;2019-04-17
bc7020a57587717f15231f649edea5fc61af6d7d9d9c4fc427baa71f5c945247;8592;Life;793963;2009-12-18
03f11490807f737210e055692c3c0b66009104956f719c5364d48007f9fda637;7018;Automotive;427638;2010-12-06
afe1ff097a9be4b0ef7613b5fb176c02c1edf13a93225084a7075caf9773171e;28;Health;529906;2000-08-13
78450f40c2f290eb77c2683ec01bec929cf850df0f412b8c4ea0f08a2d93e0d8;9277;Automotive;753630;2020-02-25
3ab8c05e9e4190fc4f647883f50fccae9e506f54a1cb02254e618b7d10c3491d;9344;Automotive;756459;2001-10-03
9db6f7952160dac8b79ce3aa9b6eec146bd74cd1a8be3a1f5d34fd1c92c706f2;3725;Health;241290;2010-06-28
bc5d49ce5b622fbcc6c5f9d534f8d17998280554b69e078dc3488c1452d7b92e;4242;Automotive;242943;2002-06-26
f9454f716b40b1bb358da0c0e04c24946603f43786a4b6b0ac83b8c8b733a6b0;3159;Automotive;200693;2004-03-28
da3b6105bd8065d22b8eba30cd45228ff90d884f7197c25ed556f18d9cbd7087;633;Health;333122;2023-10-27
fe58a0352a1c81278c88759b2305a48a7ae55cf5717b4999c4a984fff812813f;9486;Health;700928;2001-04-03
11ff49cba1946dc8ff5a2cb116e436f3a407b3e18ffc7f8f5fcc7506fb34364a;2898;Automotive;441491;2012-11-23
0f6060d1818331ef0eb85a6032e867ef460327fdf3f01c4f4c0c81330880795b;304;Automotive;597308;2012-08-26
b9ecb1024f796c3f81643001262170ce1487d0aa98516106d81fb9abc76a4290;4425;Life;502359;2011-05-10
fafe4631120f5ace480f7c5244544891f6372e06ef7e3ce862c8d5014938559c;1937;Automotive;743018;2012-08-25
51bf9f2ca0666d43afd582651f1a3317b7953dbe0134e614b12f26ff1ee04a74;6902;Automotive;85309;2016-03-16
effb152157647266fdc8d198e2064d71713c548414e189fcc33e3dcc82f1f61a;7547;Health;737692;2023-02-19
95450255ee15390adbc87fc70d42f8d53e1509571acc543e17dbb606c47e6b57;438;Property;829675;2008-02-17
65ac7affebf18ef0be891cd2af02d2ccdd43666d33838247b3653172fceeba6e;6046;Automotive;164102;2005-12-08
fb745995981d32e78867cc32d50414e3808a594f6c613271bc1b1fce467d6e17;5649;Property;612944;2023-12-25
31d427558fd51271fc033ccd39b101e3afa70696e7a70872794d74e5d90273e9;5649;Life;811801;2007-02-12
9b03080ac1b21e388d9905e9dd4361acc60634150e004baeafe9c29c522284a4;3531;Automotive;938608;2019-02-23
a9e38919bf8c26285b4492415f98e20c80434c977044e2ac6d3f535df182fe8f;8102;Automotive;704124;2007-02-11
ba1052d693332b405986fbe15197718dc2e7173e10cc0e4e0ee6bf8247520437;7228;Automotive;501816;2020-05-20
fc93ada24fd8f0fe236127ca68133a4f0e34ed0b6e719b81b0ccad5f6e4228a2;3697;Life;254513;2017-06-03
6ebd1e3299947e53da8060580209f5bf1e15149513c7d8874faaebd9c144231b;5267;Health;568427;2009-02-20
13c71589ebcfbda5113aeb1425fda5f029919ff6a440699a439960e8a0b2e394;7983;Property;817302;2014-07-11
d1bcececd0b5c69da4256e31cf1916f72005113bc5b36808514f146c9ab575d8;1025;Property;668110;2002-11-18
24ead55666ea6fc791f99901dab4b6de0326909c9543400a5e17caed025216fc;2224;Health;434480;2007-03-01
91af8d8299ab3b5a636e0b283937b181d9b7e4af221225f5587af2cd9b233df1;7127;Property;455678;2003-04-26
5f1e316b195dcffcfb0f15ca347701ca6006a85326376de5f2618997fb6b3b53;5799;Property;384665;2021-11-08
d480c535f495c7183022bce7a9aa807465e96627424b1ccf1cbefe33c2207617;2620;Automotive;818256;2010-06-16
a94793376ad9cddf613f5fd47eddbff6768a6c5205d62a5fc96376b1f28a2371;8523;Property;165753;2020-05-02
6284618a9b176a17719a445ab57547627eef1da5e5e65e6bc0c502d8b6dcb3aa;7652;Property;908850;2016-08-17
9b3cd5e4644e7e774baf2d8a8c76194a3b1e2c81cb6e88f85f6341fce4c43cec;5462;Health;252856;2015-02-09
4c027b0c0d9ebccc8eacca332c48a45eb5cd56cae57bc9426c01e5fff1efff91;6691;Health;561639;2019-12-16
cb602703b9a2a74ad50fdee9b0928b01d1d7611d7e5754564ec40fe29740ccb9;1475;Automotive;275872;2000-02-23
68e78ed4faed9d8c56b86b4aa7d543fcd0d22753c5eb843a6c516e6a27adabbd;7236;Life;464899;2022-01-08
19bb592276543f83393312482b9fb30780792b469a56b4574e21050d504896b6;5864;Property;641247;2014-11-18
867277640ce39e6e4fa1ac0d9ecf62fd9f3417b4be304ab039102ed5d8c674d6;4321;Life;183001;2020-02-23
78d53784c239659e218c33439db5f7a1ced8d1dc6d0188397575eb67e346133a;4476;Property;756652;2015-03-06
4d56dbbc851a68cdb900ac946e7ecad814ee926dcf7b1d861153af3f72adbea1;2521;Automotive;886524;2003-08-27
f05d3f2e6a52350917b3489ab9ee9fc4dbd006b75732c328055286120eb325f5;5254;Life;518904;2022-03-16
2477a0349c8e82227f195462d7a09c06efaaa00079f05e31d073054c5b7f4343;4037;Life;199705;2006-03-12
9cbc84b744f293f5a077c74a4e0567b61219a406aad34b29f35df6cff6d3b7b9;4307;Life;109420;2003-12-19
553257b4d3e3544b861ac06ff489f9d140eb880451e0a822f8143525132fafb5;7634;Automotive;579926;2023-08-10
79be6edec9614631c74cad5ed259ddd74ece496a6f1a8ee3c4c549005ccf89ec;4743;Automotive;520105;2009-08-26
1cf4e87e080b2be6dd4b0c5dcb24cd87b0e073698fb05e177f2614633f5a9bb4;2746;Property;742901;2016-03-24
d22aad1249344176b1db39021783af6c5a4a5f149c5ece84198c89df73fe9c7b;7503;Automotive;988438;2020-07-04
e85442de1f0be4944b7b6a6206e79d6651c72d50374c60350435fb4dd371bd30;8251;Automotive;313667;2018-04-28
fda638d01b5929b064f219a9dd9c8d4cba33a30b1301362cab4cbc31d8fc5384;4711;Health;740211;2011-02-10
322747cd554817b2074fe778cc946378da8e69df59463c0f4994836dffd57e2d;833;Life;601313;2006-11-19
db0935139563223b10f3117b89baef3aa81b6638ba6da0e9b0c6078a768b1645;8120;Health;338896;2008-11-19
94d3128c1dbec1ce4f9c0b2860ed54ccfae6d5a253b527e5e88e2c2104d149ce;3961;Automotive;368678;2013-11-23
f38f55492c9a82d19cac8e414b0a1d851aeff2f9eb95729849f027ab777eac05;5400;Automotive;315141;2014-02-11
014c322e3dfc885060b54c2ba74fb1b7bd8549b4e6c9bd90e4ac2941867d186c;10;Property;262251;2017-04-25
4b8b2c17aca6536aff07b41d74046e61e48f4c00c0b7b3d85f5d9de89e1c32d3;6317;Life;618330;2008-02-26
22d807214a2e56702af3330fbd1272790008d2b794d4e3ee045221092873782b;3304;Health;823599;2022-06-21
fe18e4c6c26dd9ab51c3ba25dc5b42414d710d508c72846a38729ba47b539095;868;Automotive;745458;2003-10-07
9e1316714ec4ff88c5df4180ea01914105523b3e1ff6b02c885c0ed1602738a4;1283;Property;269582;2019-12-01
a8d28898f0d7f9cbabb0f12ca8e98cbfa36aac7f37339b8ee54bbe798452a422;3196;Property;197683;2021-10-16
8b9a4bac9b7a072ab8dc90fdcf0989cd8ec2d24f6a5daad46915e7658afb04f3;3161;Automotive;206582;2020-04-28
43cdf8a38f412df07d43a0ba73fb9a6efa89ed5e991ecfd917328cd5f7d5733a;4593;Health;403131;2023-11-02
6650165ee1a51ae5a890887a844e41164a7e3bb22051f5409e53435976b0b9a7;3886;Health;5833;2000-06-05
8e87ab0f81b3193366263697cba8f374c9f45c7f19a3d699a8a6192c321e2345;2260;Property;571305;2007-01-25
c26a3d7fbc98fd2299b52a1e9f24c6d5b3631d4813f15d8e0905965e3dea40ae;7036;Life;768044;2009-05-21
52e3487b4a76ab9dba4e6882998977ccee1bf983f6451def7007f7e4865c7f29;9780;Property;755123;2023-10-21
e948fa1ef487e11fe140e59af9411c559d0f1667a6ccc82c839361229d402642;16;Property;266469;2019-12-15
af3f4b235627732c8094d92c7a4d81e3d9319980499f1121b8a40c898b2164e6;4546;Health;48456;2010-12-10
882c396b689ec3d22523cdb84e104d5ce5bd4f929716f13233aaa30826b3e7a1;2233;Property;545918;2009-11-24
401d2a0ad8ce6bb9eec8e70269d3d444782dec10c29e13aadeb225f56c1ef95a;1983;Property;317550;2000-08-18
7a5d6171c9cbac921fcf0fbcfad84fb7fea77e1bed03920e7d8aa10a02a891d0;7699;Life;783628;2006-06-05
b03e75056fb0c72b979114341f5e6b55bfd92d443b6a42bfe15bdc033f3611b5;6283;Health;38036;2009-04-27
76728ea554e19bdb68406eedd8e2de05d8863eb3dfa2499f9a6c63f2f8d476be;2270;Life;189322;2020-04-25
078c569b7fc370eefdcf0bd5ea181d32bb3fab54f4396a61f826fc9d151c8c3f;3645;Property;134437;2006-06-28
60a0122ce000e0172914194f43f65df8b1d3e4eed9e3a7301b2d3b41967f5721;4845;Life;982962;2015-12-25
b9e0f82b6c413a725ec493af924982093b0ea24b6be7441a450c4306156e84c4;4747;Health;91940;2011-09-24
d6fca61a73c0a08b1a17590003902f882bf5ef7c1d1697c334390936f84bb26d;471;Automotive;330890;2000-06-09
60b64cf6842d7a62cdf8538be4c40d49815a014fdf2a4892737430a6078b294c;7657;Property;702442;2019-11-02
96d190c6f50957b67a479d8edabfcc736513ddba862de42195e9b1b21853bd71;6468;Automotive;841301;2009-04-21
9344ec8a7ebcbe8d94cf271101643e0a8c6ec9ca4ca240feb728595d1f0a4e18;154;Health;983734;2014-11-05
198e5decb5e0b941e4e630262e4ba1ba9006abb10d33bde638758d33b2286b52;4853;Automotive;835492;2009-04-10
afe9d4031849b9d35e36ff708d777f9a3339064ca792aea7fa4600c1fe0b0572;6789;Property;775146;2013-08-20
35afede24fde31ad002e8ae154934126b9c09f0c62a1e6ad16611467a373a6a6;6570;Property;91100;2000-08-18
f851d66bd2069e8971b4f45aff4d2f3bf10ceb0fedcfab31516d49418488174e;8671;Automotive;168896;2023-11-21
2a66fbf2d304cd9afa3e1cd2b776400e828629e23edae77c297e7147dd48d150;2198;Life;761232;2011-09-05
75599491705f4a5d26e0621db47625b2be61ddad8b86f7ca7842a8289442160f;1902;Automotive;620903;2019-06-01
b27f2565c3060f746aff459d5148dbde884c252aaeeda4183142ea8a64813954;5090;Property;487715;2017-06-26
05a41fc213c624cc597eb8bb54bd3e571a4c49dbaf6c8979978c73dac199f01f;1718;Automotive;758753;2015-02-26
8839b6aca69e61ba93f3061df9c562cb41ad5ff41a1ffa85fbe5d92ba2668ac5;7066;Life;381238;2001-12-14
9738bc1aef4a473c76a948a1ea06c213ab29df98ef51fc575bfddcdc88629847;9428;Health;26697;2008-05-09
23b809fa75fb194b144f90c322ed28750e3f808e3276c69f94e846fc402cd965;7121;Health;782195;2011-11-02
1b3e9d4e43be207c28daaa8347a5ad7d5bd69dd526d8dd26cc97b36378e7d43d;3172;Property;148482;2005-03-15
248f89df87447cfab0cb61c3b3aeb8aededeb5f27ef0ffa695cd2272a7124610;1417;Life;973791;2017-08-05
7bba41e4995404a0b9dbcbdbe1511ead79e177c2344ced930d805ea233803492;5282;Property;318848;2008-07-12
be8755b447c95cd918a217509d1aa2627fc92931082f1b328de38697f0895e38;6406;Property;625241;2007-01-16
1154c7730ab0ea5e1a226f01e3ad3cf1e0341b67bfd46ebdb2d755970930ce18;8582;Health;341641;2023-01-25
19951f6bf5ec7e74adccb9f2f4b279ebe08fab0d6a1bbac77da96fff41876af1;5859;Automotive;114764;2009-09-07
6aaf886134810f1eb807e5babc1300d051b89668833405d53c16d0f104700a91;8779;Property;198511;2007-08-11
9fd719006827984cc42f80cda427f8eaf8cbf84182d4bd25219a80f656e3d36b;4209;Property;643418;2009-05-15
9c2e2008f0d57e0c80f2d94a24800467a3da250d5a542fee982155445bef5cb4;1848;Automotive;362786;2016-10-11
0f86a1583b84749b39bfb69dd0d588a86a4eb58b6506eda75bfb6148980a4365;1119;Automotive;292721;2009-07-28
3af701f135ae8e1c624ca4489b4d83c703eb0b10964d32b7fccd68b641b8d50d;796;Life;556884;2005-10-07
25ea71cca8b7490cbe0daa1d5d9e5f006909ebd67e65b86413f352a8781d3c95;1514;Health;761748;2004-08-11
3ad9cc8a2673ec18a9563ff576d3a1e9150106be754518bfe06939a8b797929c;9037;Automotive;159388;2012-11-07
4052c54edb74613a126341e965f7c5b4747931bb96a4985ef6888253aa0b5401;5391;Life;221961;2003-09-28
38522f3ba9fd3f88c6da2689246163e57f7c976b0f89e0d9a1c8ec46bf389d64;5397;Property;89834;2013-12-14
e6fd39062563a9d7490f710a2aab3ff3df274a5e53145c9c9150f4510a37396f;5286;Life;756213;2018-09-07
1a7f52db290abe7b4513def9ac933515d98bee4187cdddc87500bcf822d4f7f3;9200;Automotive;108514;2013-01-16
d91ffe128d1f2a8517194f67d4cb900117e872b7c7872c38142fb0008d30895d;8301;Automotive;560289;2002-11-22
6397fdfc9a07291881573ea6b67dce74040e6cee8cdefceda35e4d3e042720b5;5681;Automotive;570508;2019-01-14
360a08ed9b56482c3fad21b0e8636cc53a0a855079d7bc3d381c51ff3812879f;8186;Health;189142;2017-04-11
e9ef084b1cdfc2a6c0ae7b97cb5c2871145da57e4604142efabca76d198944fe;1733;Automotive;51480;2010-03-26
1959a95f94ea06ff737cfbce64ef7ff9a5f8237230219f47dedeab3307a7b879;6345;Life;616226;2002-11-18
d635ff1c135b1d151b9ab54d4a5c98f3d06be1d845e2b8eb5708e661cf6fa0f0;8322;Life;705996;2014-05-28
2d750f2611284193bd98405b43213b092250dd3bf7c5cf686ad9f6dd335dfb89;8968;Property;921186;2022-10-15
10e2a7a730497cf46ec533ea9c2f5382fabc1f3fc1ce6ef7d3d55195ea71d55e;5562;Health;82735;2011-01-14
3bfa783f55fc250e06acc9d2cbfe067a4327a7ab4eef07de0eeda91ed51c7f2a;106;Automotive;456177;2002-11-06
91588174d60de739715332f20ac24f087d2e9b7a95fdba7973b08e34a963dad2;478;Automotive;91430;2019-10-27
b546f837fd368242ade237de19092964dc9a7761c1b9e47a051fcc5c565d6652;1697;Health;297643;2017-11-03
2ecd7a92fa8e730632bda7aa65a722b283307a1bc84099a23d38c51b16e074f4;4438;Life;88617;2020-10-23
5de88cf8f66a4d72d68ec7529be60a12562f7ec6c0c89bceb5d2b756e2e3beaf;8814;Automotive;505737;2010-04-11
81ed001d3b35281e3be42d036973156012943555a67d57105c488f114be1a98c;6507;Health;850364;2023-07-26
533b4ab3103d924d7027a6b9bb2b8cae994455bbaf70b7475f1558c427ef48d5;1308;Life;104641;2016-03-17
c103da9ebe5a5cc34d5e2000a51a89752d3e59760f26011d011f6b45cf65e59e;5651;Property;297519;2001-12-28
30443465a787df68e66bbbcec0753b51b9529ef6cb6f4e3aba7aa67c34bed3c8;2732;Health;727415;2011-01-05
47bbecf46be0c71d7525b2a1f111d05833cd13316d35302f2e12c4bf805f10de;7720;Property;345382;2007-06-02
a2dbe41f4e6c5bbf3eb6d75ced61b1c2eed05bb8bba5fb2ca28c6f6f4753dcd6;6094;Health;608903;2004-11-23
d17350fade7f781c928160d48739f345a2b6ccded18929567a54c57ba5ee291d;9041;Health;809106;2023-01-16
47ca8ab83762c0e2e5fe3383ec5554a720345f17c888315b694599a24b7cd55f;8056;Property;155732;2015-11-17
6c53cf46f351adf786180650d823d0c7653dacf3d172eec102bcbf598451eb5d;8859;Automotive;795549;2020-04-04
a1ed15e5136e45da3247804238da551a8e75527125906844cf7aa6a7e89e5610;9030;Life;898936;2018-06-08
7e1509a6e8ed52edbf399613e50c6e9abe94f8d048ac759deecf4d320510107e;2673;Automotive;804674;2001-05-20
4d7ac11a4a2aa6d20e0eb76d9190f81cadb925e72989b3974691fce284d41abd;2033;Health;760903;2005-02-21
fe70736eed2175ae6c5430ec3e03bd75ae8df38e5bde1635103e1b9c12761ab6;8264;Health;732155;2011-07-16
47362d17687a0480e64706b86c6ef2cb8f76533d15f955ae179161ced8801c51;4397;Automotive;309033;2009-11-28
2653133e69a0c136eed071ae05843f259048bae50f8dd1d149314a996ff49fab;1547;Life;377438;2015-01-06
6be65e9b8950d3269367a34160ebe5ab0b6c2da066ab2f03edcbb74ffb18e2c6;4606;Automotive;657458;2000-10-03
66893ca7fd0b40f0492585c01a09a186b6b08e23af1d5edcf4fab98ce0b0f091;8935;Health;922503;2020-12-06
19c9d0f6b1429c01f6f3600c6e0fbac05db0c86c09724e2967a7bd6292a85a69;9999;Health;29078;2003-12-15
2f34396a76b7536fb619aa7c42bcb746b76e54d9d46ad51eb6e51b9cb352f22b;3638;Health;365059;2002-01-26
2bf1cc6fddf81437bb72c88ba0bb2f931b1f7e2b7ab0c1affd46ae54aefbb606;7598;Automotive;727264;2020-10-06
4f458c460ecd34e22c0792afdbed8671498eea79e6b832a6b15ea36d7ff63be9;9218;Life;12814;2013-12-03
9d875257a73b76f49412d68fcd822112eff6c9ec060878d3996c1ec921e45797;8024;Life;583917;2009-05-14
3d552bf2b12145d9dd399662ffbeb5f3d933f1eff3dcc976604f9549544f56a2;1730;Life;762663;2001-07-11
0e72c1d323ca97760cebd5160ecd5a50d2bed5b71c9516ea9321fffe49c84f72;8425;Health;523667;2010-01-09
d17d5425f19a6bf95e805e9eb0c8dd10d42d13bbba4b418e8c93dd6ce84b45c5;6892;Automotive;941088;2019-03-10
8a44813936aec77b23b962378e9afb37b9e526d7c4c69e11dec95d4284809107;19;Automotive;581912;2019-04-22
67aae2c364c14ec0b88e8de64420e23dd2ddd5c85e7ba4b76e607c0c0d05f452;4637;Automotive;370045;2014-02-19
18cf113cd0f7056503760f4ba0a08a4d5c189104fc6567090ae4b0106a0fec9e;4005;Health;195409;2015-07-15
825819642ea032bbc1c3d61674fa87f8147eed94813d28b68581ae6193b467fe;4947;Automotive;436938;2006-04-07
c3c46996b6c77a4485a627dc91a6d52780b838579c1433c1de65edc6bc91cd01;9088;Property;526977;2020-11-12
fd7f71694efa4e232eaeef68794d1e31c854acb6c971ee89dfb4de3f7de30e5e;2508;Property;533233;2008-01-17
ede68d5d8f34c278d594e869c48cc90927cf846023e9deb952cef84dbb323f85;6685;Automotive;631219;2009-04-27
54dcd7ece85c468d038fe3dc23065d9b549e90b1fcede83706486b8cb61e2180;807;Property;197911;2013-08-06
d2e8d5830438015450b7b335255da831759eb723f7306e3f5b875ba3ea8db6f7;917;Life;92900;2002-12-15
adc82ee866c1781da371c42f2f965b4392bcc31807c97d28358d185d4f7f8ab9;469;Life;192836;2011-10-25
239630bd09e7e4ab272311e8c00cf03bf0b74ac250a5a4ca48e2dccdceec18ef;4006;Life;173527;2001-12-22
cb8f2d1b3647978c6d25a8976a7d3280d00098aa1d850096e4b5bb2a584c9a80;5956;Automotive;788394;2018-01-23
69d6caad2d832d06a5943c890f3b02ec4a79f788cf296b706f1cbf8940f05581;822;Automotive;739736;2005-06-05
d426cb0f1e4826c91a70a7ea6f734c89fa8cc35a8027e5d86468c009754871e4;3692;Property;68836;2003-06-07
904945e4fc6d66b550270913ed37ebdcc9fd2b55d364f2a8690e4497d3ede73b;5207;Automotive;549503;2010-05-14
3aa1a0e3d62b5f4aac17b0e904d15badf06f0dd5904c691e5fa238b90764a994;7095;Property;337345;2008-02-23
e6a4f6bd26448de243281177f1b25999ea8a55db2b789d3794e6d303fb6eec9c;812;Property;488533;2002-12-11
13d930d1fcc4b41e434526e7830c0ccecd129f3cb918bc4574bbafa9a91c9ea5;8996;Health;38841;2015-04-14
190bd9e19a7dbb2c073dd3f3046416db9f94c67d43e964b9a30506b76040934c;672;Health;137945;2013-03-09
b36b3e7abafc6201ba5246422bb5198b5c42368b1ca0cfb5869578de95d659a8;5322;Life;164707;2010-09-18
b31e557315fc284797507234597e77a198336c25fe75ba8ee2186013b6494797;3674;Property;308791;2009-09-26
1a3142faf58267588c563336b56fdf457c1dafee55042bdde19ab295f11747bb;2777;Life;585841;2005-06-26
c6c74a1044ffaf5db943ec3832e56b7d3e986657ce7cf63d6225397a6f270f1d;8484;Health;488706;2016-08-05
018a776821ef594cf54557a88524740a75fa3ffdbd2ae83634c732eb77f37b21;4347;Health;186845;2000-02-03
14ef36ea94de05013e35ffbf7a033d3d68bf39b496ffd979ae6baceeab5be8e2;9774;Automotive;411576;2003-12-06
fd440c332602a0d043bf840005fcb742bf3f421fa8523820cbbaa235688b551b;4149;Automotive;865518;2009-11-15
1d75249b84b8d2ee0cb5621384a950ef8ca3360c64c9b325302715324eab0012;6589;Health;407315;2017-02-06
f2c18b8f88409f04e699143b243bc4a4b8ab7f4b46fa3bde104f7708079284e0;9710;Automotive;472846;2015-07-06
4756649db2ddabc20af6932d05ca7c5aa509d5779c5248cc90e29921f3c0ee98;8238;Health;333240;2018-12-13
5ca8142c01a06fe03b74497936e3deeedd8acb4e564c1ca682afd8ed0e831fe1;8872;Life;333421;2013-11-15
fda25ac0c48d92380cbc73af910d09a25bfe6bffafcaa2200894a1ce86903b2c;9262;Property;690618;2000-06-20
f99b8bbff63e314fa06f082b581c23981c071f52d21b8427697e2ea6c92b703e;1985;Automotive;831791;2015-02-23
97c678d1e51d7da2c733a56cfd6c07cd1df209c24d9bff4ff4ee31a7bda2d3f8;6682;Life;475127;2020-03-26
d2bc337b23202c5d906ede2326f0e268f83af1508682d3b319efdc341e08623a;9446;Life;371659;2001-05-15
e4a27cae0dbf6f6e1f52fa9129586905482b1b15788013ce8069389764f75f51;5985;Health;781316;2009-06-20
daa1ef579bffbade455e9fbe52bb5539fb5643970ee0b43493d857be4dda1b5d;9861;Health;310749;2023-11-27
ea0d97b5961a0eb9c801264a2e6ba734d4fef2b5033f7c937846f6fe9f56a784;2929;Health;674587;2009-06-06
3f64cdb96363f58198a8ca27a498a931be2e13e0ece0e9d986f0b0d7ebd6d808;1928;Automotive;748623;2003-12-16
2601cd936aaa6fb74204427991a4513fc8b60d3581e52b90fc0196f8618204e8;7515;Life;866907;2009-09-01
e2e60189d71743afb6435de73d68e430c69d43d7f0719f71c6420fdd8b8548c9;288;Health;253245;2007-01-04
c70a37afa07d93b5d8488d8ddfb94520022d29be2cc13324b5cc0e5c2b1a3bdc;4210;Property;238384;2017-03-27
c12602d89411175fcd671d6da04c4ff3a8fc376e388f632bd89871ac34163908;1575;Health;565117;2001-11-02
67828d104c08d5ed992d27d4c2d8d1142ac8e63cd5f53c82d0f07847c89b76d2;3973;Property;975951;2017-11-07
23e09b12ab2d714f23ff5f8150a17678a9957005f663c0969e893f319858fd3c;6469;Automotive;617725;2007-09-24
8319899263ae2d9a0e0eeb9c956dd60bf8678be0b0021f83676bd80236f2dfab;2552;Property;732498;2021-09-14
21370cb67c487d9466629c746bee02be6ea241114f508d75182b5ee202fa861a;5071;Life;876716;2018-05-28
c03cc6361c1491bf016642af9c71d3cec6ac52f7a37fdce8be73ddba436d5822;1198;Property;385894;2021-04-08
0a748d12d1225d3d03f74fd8d301cdb28f6a3135176b73039a3eda1fc350e4e1;3074;Property;766072;2001-03-19
7648b0b5b026b14925c1f3c80fa2187e1264e55f4b05b00b50887869912904ad;2329;Life;659154;2013-08-22
1557b721feb473063c5a186f296463e7e9ad233900ac5c2ef67d64ad022a8daf;9014;Life;931976;2011-04-07
527247420de5c3c6bf3c528c516356ee6a32ea31a63311ae8062f4d223834d58;5247;Property;434343;2002-07-12
d24affd6281b6481cb1387cfeefcddc377fb58d7ad0eab715826d4caf712be3d;5953;Life;710882;2023-11-12
e1f2d594e641b071111cef71d06ea949e048e68521350f7ac35a1359bf2163a9;3215;Life;498242;2010-06-11
43b64d9195bcf68f59c4a6d382141ae287683f7da734c4cc68282dd068529e03;9436;Automotive;786306;2021-08-15
d846a174d74d06e88acebf0d0bd7b88e5c74a2977f87976a832810e375570c1b;6997;Automotive;147023;2020-05-05
9cfe4c84c51b99aed1a36b2ca9491babe0c4096532097584343e79657b43be04;5199;Life;145353;2005-07-24
88a00ddc153083755791c932ce0de0c2c1dc1a11f1dde4660196ed71f5238aba;474;Health;323100;2023-03-08
6ee6653c033cd70170f6cb990e80771115fa609f20476eb69df4b068fb8c03a6;6865;Life;92814;2006-02-09
da0860656000ef4799041624fe589fc4548b37f3d5d64c3f856297d1bf5697bc;8231;Life;743030;2008-06-14
7b81cc2c9a2f89550b65a7249283dd276ec12278d9370ffafc3a086f8d50e421;8365;Life;508210;2004-10-09
ff34a2163cc7fefb8186c138c7c0056832ef1685fc16d6702f82215efd49fc8e;6068;Automotive;894231;2001-01-10
89d7376b4726796674c91ac10a3eac1e6e6a9765e3b1027116d41d443b9955cb;8711;Health;436218;2005-04-21
ec8e30b550c9405db9a2a8154e503273fbde765609914ab41e796ae87d5dab2f;6723;Automotive;523768;2014-10-20
e656eef1f0d3a25381d4cf94e094e44bb55c2e521a9082f8df8f5d2eb88ff74a;1633;Life;577051;2009-08-15
711ea2674d0ae853c6361c0268fabafaa119befc17204e2020b55cfa8b852154;2654;Property;294607;2013-11-04
f9526551b2b68a1bee19c8e7eb5d13d5387f899e89cf08d521deff3e1767930d;665;Life;500048;2008-12-21
8268f4fd4fbf2b8331db3645414eb441638f345e51ccf024090038543944e741;1620;Automotive;308578;2017-08-13
5a5f6e8f2ec831cce284129c53f9166c62d3a0a0530446e63c88a58cb093e130;7562;Property;917052;2012-09-22
b40cdf612a8ba3ebe38ffa271c29b5f60e9ddbc932bc4344653541f3b25ca3e4;6771;Life;152247;2010-07-15
16a1a2c131162f765f1683c1fafd54aeb20229aebf00ab6fab8cd33817995a6c;8512;Health;575342;2015-04-22
e313ecd250172af948d3be358faec8d2fec7eea3fa81c06940af8dba48d72c8f;6241;Automotive;566278;2017-08-26
692811be0310fae06878e69e4db8556239d0caa500742a8951e8750e73e0d0e1;9007;Life;863399;2016-01-13
6596ef09163eeebfa33969fb27702367222b3aac688536b51bc8f80b6cda8d64;6866;Property;102019;2008-11-06
05baca7f176b0c37f9c42a0471e1a7a061eab9e5aac2363644a75f4192ee82c9;6061;Property;14840;2003-06-11
b753614a67f01972a360f313fe366af709b82a166839e2e9d7bcfe722bd84664;5505;Automotive;144265;2017-10-03
aed212eba646b2bf4ff7903fdcdcaca6c3268cc3d6b4d54404f111ee1551042b;4341;Property;63180;2000-12-06
7b7a1f03591dda905264545d067d98baae9123410f7b78af1fdc682bbb8964c3;2542;Health;675489;2000-10-13
b6971e35611ebc704448d340c2036ab41fbf902aca4c8ea539f67daa5bf5d379;4098;Health;665944;2015-12-03
da2581880cb4e07a44711c9e51bef715fc3e919173c9464e572092bfd217620f;1123;Automotive;384491;2002-02-17
6f20e59e3ec97948375dec120a804d02af919e9d4c1b8f6567385a972de57012;5865;Property;900080;2022-04-17
b3e69366cefcdf8b22e5bdebaf22a75344b2b0ef173dafd4b3f43e657a085906;4855;Health;475660;2016-07-27
aadf795269d8f9c85f76e2fc5b64a0b62bfeb9ca9ed05c4d0f9e715a83dbe2cd;8096;Life;553945;2013-10-18
49ba0c32ba4b8d11eba5aeb2c8b11a4b09e83bb781a94ea6b637d971b5893389;9043;Property;239711;2020-07-01
e2d06ab57730b3b4bfd4e99710d2fab38937b909e653a41407f29554f7dd4153;2904;Automotive;232263;2005-10-13
f3a191cee11ca4e22f1b5c1b4d30b0d85479d28cca12974f7e4e88173f800006;7566;Automotive;674616;2020-04-05
f45b5894e977fe202cc30be3ffe313876fddf9f2a8d9c83847e953e078dcc006;468;Life;325951;2001-04-11
e8363dd27ec66d4c61a107e762e0cabe09f6a49dd0ed2ae7e2f5c2aca8cd3a20;9482;Health;809338;2013-04-05
50495143e1e5d1495379e7eb6336c4639c65c0b79825e51df4ef7054666c5098;2575;Health;722200;2016-06-25
ecff938aa0761e447237cafc4b859819c0589b48b9e719a7cf9858c70593047e;7140;Automotive;465001;2018-07-24
01ab7452e5ac34c7e0356ecba2199385ac9b93faae2aca503867178cfc93e536;7805;Property;230301;2007-02-07
117f65a45f6fe0d3ce9d3ca1ff30dddd3413c05622ea612ff8106098bbe89343;7300;Life;780547;2022-02-21
21783117fa2002f7620553cb56726a5272daf0ad6b90077d67173cda7c2337eb;9417;Life;16551;2012-06-12
bbc8923f3c5816f67301995102275c46bd4916740a7dd6bda717e913729a06a1;727;Health;859587;2017-05-01
d444b4aebe11232eef16ca5897be7c5f70143640ba8fc7d4af43bc8806b2fa0a;7964;Property;860823;2006-05-01
36ecc77b5b48209a6ace94f3e249c32d0c12f217f0f8d774715fc96761d1eb7f;5716;Property;279659;2008-05-13
5d2263be091849068b550a23ba007998c158f736b0669fe01a2be21b08b5cb3b;9166;Automotive;12321;2006-07-25
fd7124fe7ebe77b005f7b323673cacc7b26374ec6e14036c5e4b126be4a61abd;9676;Health;353009;2014-02-20
65af8a6bf7f3c5f155ccd94c7a85985c55d64762cb3ffb4fd43b487b8f85bd19;9022;Property;231467;2017-02-06
37007e55ae65c0c10a1f21c2a75571455597331b54236f4e4d3f2ad9039619d5;705;Life;204688;2009-01-01
b82ce664602fd80d79ccb8a826b5fe8e7859c58ad140413740e6f37e5a108418;6324;Life;647112;2016-02-28
1e1eee021002aac32809357aaed72c64fdf87f821ac772efd64286db0692acbe;1354;Automotive;93624;2008-11-14
bdfd7ccd0b8d761bb6e087e79722b5c46e1c93d33faf3f926fb3ffbe19289420;8649;Life;613441;2003-08-27
6b741fadb07f59cde4dd31d19fec6b1f5df4333eaf49c51b45737d829fc822c5;7672;Property;603416;2017-06-07
aaf27c52ae94ae5133579ff485839d94d5167a53af6c79a433cd24222733b4d1;117;Automotive;189202;2011-05-13
c086b7cdefabcf7cab6a3673a9b3662cede616512e854fabf57c6ffa5c5167cc;312;Life;976484;2010-11-28
f4760364429434e5066eef4240d43692bdd9c5dd44611d293c6164a1f53762b2;9001;Automotive;816325;2020-02-19
54b625245b1a9d7df10ad50ad14fc81f14d17b2d47074cdbbfde7400f0e8a9c5;2359;Life;897229;2004-10-28
9c6cb34448378193bf40d345398ac61a85dc7e43ad4a976465a5a001c7ca5338;4391;Automotive;543517;2003-03-14
6088a3df0e495e0eb0c8928d6406f96d0c45aaaf84c64220d50d65893c28b59b;9665;Life;387369;2003-09-28
12fa1ff99f2b16ad1920e306487451915feb2dc09195f2fbe7b56e78ed64ae1d;900;Automotive;213521;2005-02-10
6736b1092f8d278cab73987ba06e1dfc092bd8ffc53426b9718cfa66c76ea472;4827;Life;367327;2018-01-27
8649ab9e14307db66b567180dd43779e96fc4c61a7e5dbed26d3e5be54ea51f6;1045;Automotive;588976;2010-02-13
2ac5e945e7bd287947bfcaf8a597b89eb0d2e1579a1b7d386c1e322f124f6aa0;2238;Health;163840;2017-01-27
d44bec2e41b69f31d3c3903e014f57c31fce6b3027926148439a388a575750e0;20;Automotive;607009;2002-04-28
19fa59b5a6c13314ae45663c0fa32c5f177603d500e7ffabbd279a6b2c20a755;5295;Automotive;534634;2005-02-20
e2b7423f4d3aba821bbbc5d5cf3f7736e6444faa7492cf847a18daf4ef097075;6588;Health;748110;2007-07-14
b77139df2092fa524e1061dd706afba96cae4c7348879f9c9cd428c057b3a9a8;416;Property;23308;2007-09-14
8ac2d20fb16d64a9a93ecaee4409406ac2ac1533aa8b1e6aabaf5e59c98cbda3;3357;Health;350279;2023-08-14
8c9e577bf0bbee6b17fc0bba268a008131af29c55b4b2e1230c33f469de4a0b6;3385;Health;472251;2008-06-16
98eb11d07e642294b800ec6850b3c5b98444be9a5067fbe0761b2de1b7d8fa73;8113;Automotive;964104;2014-01-21
1559e9f810a1926e257f773f298eb7574401f9b91810c382cf923f12e19212a4;4189;Health;367408;2021-09-12
c710880c1b9dd15c5a9f61f29bb7cb053ca0e57ff1981e0f7adb0bbeafc80388;6142;Automotive;678959;2010-01-06
84dc9843d416ec233f0e19e49218c230dd388312c178067d60c37559d2908170;9840;Automotive;773883;2021-02-23
f50493c5dab489a131d0e6a37dde50ccb96413f9c309fb8df7ed281aeda277c5;6246;Automotive;226072;2010-12-23
4761695d54872cd88802b40a0ac153a4402fc597a12c921b2247869931d91501;7624;Health;714591;2009-07-15
85b00c0963f78133d8f1ebf92baad7b3ca1193c8b93c1eb0d893d6f0f82852b6;7680;Life;48925;2023-09-13
6f9b9b8d911538fbc4da3c9ef4fae4ab3ce32e0d98f5b3ca10528fd62c0d8008;4820;Automotive;248740;2019-03-27
401b6cb0f34693dd0ada36405baec0bc85309a9d4a60aaca20ea9c12a596eb18;2134;Health;16309;2016-02-23
8caa7f39bca4274798ec10631495d453897a8529836d9b53dfe6a2f6dac875a5;5861;Life;372115;2004-12-05
a351e8d45c4b86e323bd8e6568d45c2a2f3d78795939683d1b78d2c1a2eb1df4;7263;Health;29043;2015-05-08
99370af689aa81fcb40109498434a524acbd17398fd83b68408c6f5ed10d3a8c;3026;Property;900481;2012-07-05
fafe2fa7a7dea395cde2ae820cc395631a6e07af849d44ce0cd97183d87efb71;1450;Automotive;692772;2016-11-18
c020eb1dae8ee472b1d5a07ff5e02189cf1f41fb953245800b9cdc3755656e9d;1417;Property;795872;2009-09-12
9e87aed6260a2bfa996c06f7ed41a11e7e16d5efab2b884fc59c568e07a7c86a;2397;Life;549874;2007-03-13
c66dc55e22667b8e1dc5ea0c36fbdb78d6a4bc927cbbd495b41b3bd614d011e7;4622;Life;118058;2003-08-16
b56b70c6824324851911ac0b386bc6c02799008b9ff649f99300d290a97a45e2;791;Life;696635;2002-08-22
50782c15f49039c31d5f7da703841b8fa780b649e42e259ef26ff5233083379a;6555;Property;401923;2003-10-05
d45aebd1dcf8fcb4b376006296d0fb68dd0b92850a65de4a6557579814bba912;619;Automotive;38321;2015-10-27
9f75c4b3aea1bf2534e72342912b4228bc79684c7b62202569f117d611fc05a9;9685;Automotive;520762;2004-11-04
0874882341289fe085630a8741503b8f0acf663f30a548aa880264b99ed23ddc;9382;Property;886503;2006-09-05
17d4b89f4a9a6c5fd126ba63c089c1c91c1e1542c3e4784b1eb2605d0b1414e4;2208;Health;608026;2014-11-04
d0150b3c08953718eb5948f5a239c2ac3745c4394bddcba6edbb0c1224fe1e4c;9812;Property;260766;2009-04-02
6cdcebe58ba1f97113feec71c3668c33532a420c6e544b02508303ee0c4e7d01;6599;Property;396960;2014-08-26
875a7fc21eb665be85bd6dccb20443e7355c799f057920d8f5883c54a474fbf1;6187;Life;28372;2008-02-14
1a39df938a29b4b27476521002375981df8e4cca6355b4a74ede63a0af0865fd;9398;Life;480203;2002-03-10
2222c0bbc5951c23e7fb493c5d71fb7e7de88e2a5488d93b23880dcf99d2819e;1059;Health;406869;2003-03-24
1cc0dd6744120709bfe04e519f0b62f8748ac9d55dee4bf144f264d389f6b269;8540;Automotive;890859;2003-08-06
ce9fe4c4d66c00f3c5692b130ff0ffe137213bfcbb2c200c2af75ecba5ecfbd5;5238;Property;783818;2000-02-19
3b7d56bafb23933e70a0bb5eb2acc425702aed75f5fee843b491144158b448fa;3005;Health;648883;2007-08-11
4276740f2adac1757324c366cc0960a98380532da839a5c1685dfe096cd27c41;3473;Property;784313;2011-06-19
c3e21b3e75a9073d1d68b1261ed993b1fb3b7a8cd0a5487d5d49a7510fa6ae88;9017;Automotive;200752;2006-01-15
c6388a5b8aaea5ce2c13b56560ba350ce4844f6fe84a24b8d4fa3d7665bc4a7b;5187;Automotive;139247;2018-05-16
ea5215bac9d5bd006b274c3150333d9c3a76610770654f804e07bc40d9786915;5622;Automotive;351968;2013-02-25
0cf8d47925f25dd470a8ac300441a0322f6201cf58433ecc6c0d605e8b1262d8;4899;Property;835689;2002-05-08
b45f2098deab251b459b3222b0bc1b70b762ceb1e1b98e3c7c3ef26a8b420ce2;4751;Automotive;862547;2019-01-02
7081c1de65cdb6a8cad5daa75f3777b567939548d0f89eafd6691d92a8450033;9105;Property;17470;2003-06-07
51c4b6d101da29a091a5b3ac5320fbe229c61bc97ed374bbe2ae0e5367c2d054;992;Automotive;450247;2019-02-20
62f9709596f5049ea12c05135297e43a33783de9efe8a2e82af42f7d3c1fd368;5814;Health;77919;2017-06-13
23909a63e83a358d98470d5328bf401cabae7d69d4ef8d118010e3fd3b545c25;3391;Health;33157;2012-09-03
5ecd7fd8293af28990f30bac9307fc41f0870842c178e2b07fb7a268d1e16970;7489;Life;548227;2011-02-03
0d931a43b3633f389ba5ad0ddb2c8856f28599eac75d3c204936dc79d95db18c;3233;Automotive;804912;2006-03-14
f2f1112970133a6c9b5d9f7e9e6a3131f2bddd07b569311128807186637462c6;5176;Health;816164;2015-07-09
a5fc171b1a88668f6068eb662aa4a1f263a9ed724f553432105867cea445753a;5836;Life;112911;2011-09-18
65c992e1822a507fdd1b1f63f891bea16b79909baf3c26ee0038b71d5f9b6d0f;905;Health;269241;2015-04-15
4badc95345c0dd1357f1e97dba19a3dd2cc2a8ab8adf38908b1ae07e78c3fedb;5436;Property;665501;2022-07-23
4eb36aa232f0819bbaf5c36dd23bbd579db8319c23fd4ebe988601766b86eaaf;4166;Property;82669;2008-05-26
2f9137220aaf51007bc658092e2f28d91c04d78513114796eeacd63fe9c60719;2517;Automotive;504607;2017-12-28
4eb42d048bca78832db3c1b14812b0f5b3eae86c7075271d7f14c5231357870c;3849;Health;380883;2018-05-02
be506d6969b482647c6e7dea78fbd299882e7706356c189309301d3caa4db85d;6725;Property;733648;2009-03-12
fdbaa2abea9caa5d4603e02f0d1326d23334facccfcdd93a2809397707882e8a;3274;Automotive;679975;2008-02-13
3085435ba3b217ed69213578c50ddb422a5b7684e1fd426065badd4908cb49b8;1748;Health;524740;2023-10-20
a4a5dc3c6f151d0e77345681199a3b567dc1554c6ccd7b314ec1532ace1707c8;8945;Property;214202;2019-04-01
0d9ea7c423f555c092a45153d84712c097e11b1388e34f359186ed3206708acc;7621;Property;368601;2016-02-04
dfa68507f456d3d44d26810f83f0250b908004f8cca99da3f07c98ce18fcc4fd;9905;Health;121845;2000-05-08
9941de05474877a534ef23ffb1bc7d520c2fd2aabbe4e1b1d93397d08e453cd1;8840;Automotive;778276;2003-12-25
cfe3e3887b68ee4ed7f1d96014b90f5a26747b8946b304a38c4b663dfa4f1f43;4613;Automotive;912914;2016-04-08
d1827f5c713a91f30d5a5beab0ba0c16cd373b3fed000b7ed5bcac61d7bb046d;5512;Property;177803;2023-02-19
8851f0e4e78a7ec556b71ac30a3001743bad8c29016bf48dfcfbd814f9861163;1988;Property;514266;2015-07-27
7e4e3b20c4e127c3a2ee035eba15f2555159beacf5fc37f5cd479e87f33e4371;8055;Property;7742;2007-12-23
49e6e83b91021405c96f0ade829ee4de92db65266cdef84ee0f3c886173a5129;8894;Life;526989;2001-08-20
42db0ff52e163aa16e76291455a84bea38cf5a244caa6be1cf0f6ff8ab5f6a49;5554;Health;6701;2004-02-26
70889971a4fb0b611261d5d38dfef34135da983766152ef0c6f47819ccd75122;6050;Health;730570;2008-07-22
8d64fbd93c82c4171fa6a80105d62d9f3b1c099c11806d854220e547191d0e74;2;Health;542170;2007-09-18
3cb15a2bdf40efb2d8aa00557d4b26efdbc0d7e248c8ed9bd53aebe837a365f7;3913;Automotive;59363;2000-10-24
147ee4f4cf317f7ddaaa6b168ffbebf6589584708aeb44d8481b85293ff7404e;2238;Health;95096;2002-07-18
634887104f5921f97ab240f668294da07c9239d800e5158b9557d48089704645;6434;Property;204478;2000-03-05
612da03b93c2f06384c84086e79d9f63b2d07403698f2afa0c4232c6304ffa63;4288;Health;517180;2017-04-18
fc7ae87a3e860fa5f3a0de75b6fbb5ba71075e213aebc97c1795694bbc60a8ce;2717;Automotive;435150;2010-07-25
c7bce2ef4376bc565cd6e546006f3264fbfc37f33326ded091183caf9c31dc36;6741;Life;724195;2012-04-14
a04d1eb7ba8c9c646546e71b68d38b67eec089aca96b4c95cc59f1ff91b140d5;2733;Life;39334;2000-04-03
5e232b3952575879c08f914dfab08d1a82883e647916cd6d2a7e537a59735d38;4870;Property;614097;2002-01-15
e330b9afd595c4c5ab9f37bedd72c31d869c038c0fb8f2c6b974b8a36355bc5d;8690;Property;652017;2011-11-09
2b122e1c1b411c5213148dce0efb199a620ab4b9b43316ad268ee87185bc595d;3950;Automotive;101215;2012-02-28
601c5d20d8e160702f4c0a88149fd51bfcc41ba308f55e65bef7d57bafc24c68;285;Health;497726;2006-06-13
b3e6d3585f6b54c10a83e4470216c3558f8641349a028e6a203bc2d42d7f1922;916;Health;888355;2008-10-12
27cf310c94da5aa19d37bc779d28fd18b07869ae2e31403b7192c69e967950a2;5899;Property;760755;2009-09-11
dedd52e3014edebdf1999386546314a456f9c7989646543a9309025087b6d4ee;526;Automotive;436627;2013-11-08
015cb0c4309e8ae4fb0e489d8f8833a0fc5e2f54bc3aa4f5a259a392d04cfe6d;6606;Health;751934;2005-02-28
836d3da8873f2c87b40b74488c95a7b4ec2fe1ff9b80c55e391a403b1de794d8;4768;Property;519020;2000-12-01
ebc905ded203c7782b315f0270290a317a299f81034bd39e664e916d05f3c7af;2459;Property;360195;2002-10-04
f82e0ca5ef793f2562fc3c244068d174736c9fab466b4c1304bb1e3c4c326ea9;2238;Health;352478;2016-08-04
30e56c9f5e17d28c6683b135a103c6533dd46dc8dd333fb971cd565b70eaa7ad;3638;Automotive;513194;2001-04-04
febf4969d064b33f44260a77195b31a4bb866d20d1e3e3311ffd3fb039e5d3b0;4017;Life;403898;2004-09-07
56ab269aff039479f5613b9d0cead6efbee6aca32b9c248a3dd7593e66554ee8;4803;Automotive;137041;2011-05-12
6813949ba1c55f2336388abdfaa607ecfe85aa83efc64a26a494ff7dcd267f6b;6883;Life;546567;2006-09-25
12b90fb7cde4689c8008849d0ccf0090657c42634170b171268faa9d47f27f82;8972;Property;913144;2003-02-14
54a60f0779fccd23db2e06c463cadd075ae5c9307ae4d61e10754bdc3cae13a0;3237;Property;675179;2011-02-09
677ada0fa638ed7458362e738c4f24a406c36b129690f12497da10f8379f53ae;8119;Property;439837;2023-11-07
b85217e9cb3e6205c0cc62f6a875bdd3fb083769072d5ea3c969d44a3a9a7498;3460;Health;266188;2021-07-20
10a6110b0ac547f206fd9ad08039570e6ab50f286ecce2a15b96e5676e304858;1868;Health;379754;2022-05-25
467407bd9566b83b430ecd5692b9b19a3326203dad4f702c951c8dac976004ac;1277;Property;670198;2003-02-21
aef31093cee03c9851cc4a2511b5c912ad7ab8b893895fe93f2bbe99816ecacf;5586;Life;55956;2005-09-25
af7315ad8ea086e937815e2fe8e51e439c49bddbed1ba4367df87f8d05cb9fdd;3304;Property;889301;2008-12-04
020f48963778c72c8b6950284f06e9a5fd7e0d84d8be84f897d4e68bfb019d8d;8390;Health;222528;2000-03-13
70a7d55b70a80e3ffb21e1efe6ac94bff14ad73b4de1af8d18684ac5554472ff;4358;Health;768194;2014-12-02
cb95d14cfdc3178b8a5af386cf894b9af8dc48580daa63fd834b11d31ac3a874;40;Property;538535;2000-04-23
6054ba41e37f708451c2a31bf95a3148d62fc3b9f6e32e9be7e37288d70b8a2f;1431;Health;147633;2007-10-10
21c8956727af4de8b944d23a55442373ba64440b67eced6716ecf228f92a71f7;6784;Health;853056;2018-03-20
3e6401f0b8d79b615449556ce3c587862db85f90744896a999d8be6f41e85d86;9095;Health;228680;2019-11-26
4c2f423790ab5382f983eb0a004e980a2988ebbc4d17b63488b10a737021c28a;3519;Automotive;511315;2011-09-08
5ecaa032e99becaa5272523c36b8f5d8153c1e2d3fb59acf3ae31866b419f46e;949;Life;1584;2017-08-16
4593a61a76fc0bd3c6319eb9e24e9d800e750685c3f62c8c2dc3d9cea8aee05a;6043;Automotive;603897;2005-03-13
fb418a9495393a0499d6b540b76eb3f869e8951d22898a8c58fade8aa2c9fba3;1244;Health;399851;2023-07-09
c61562c7c6b309e964d25813ec59f48d362cfd8b3687b84410d52fffaaa360ed;3396;Health;331338;2015-06-09
1e7ad46b4ae8267ec301916eb8ebe3216aa04457bd99098f7dd9df04d200d134;5975;Automotive;408294;2002-11-05
57c4644c57c6214ca76c26a80254544f95fdb06a65c7a698748e49d34bfe4914;830;Property;688240;2022-06-26
fa334f39165a0922a1de962ab2c6011de61db10f284e0c5ef568982fda7e3e1e;7631;Health;717280;2003-04-24
a9b83be9e383f4a8f50933da80789fd6a1a3081fba2d41f9acc7a2693afe3e66;8959;Property;297654;2007-05-07
790035416e88226f87614e40ecf508855bd15a77dd7eabd992964409527b2a68;5305;Property;783600;2004-01-14
dc6db73963a2300c09c09264339b6b2ea4b98258edf7bd317c01944f125110fe;9151;Life;186701;2005-01-13
8ad72a9501bc575d4d6ecc7924a749419d9ad7f966d6879d7a279cc5595d78f9;6181;Automotive;29624;2009-01-26
a3feb16231d70057373e0c4002cb1abdf1214d0e8f6f881b3e9d3faf7443d97c;7188;Property;775476;2013-04-14
284b97be091fc90de42768e8ce58bae92947d29be5a47a50fbbee88d9e2b5ba9;917;Health;19148;2016-07-21
ecdc2ed121e5c73d52e309553fbad1ae0372ef3bcb7bc3ae5e1e096729517178;8438;Life;822987;2023-01-17
dd7d6ee3d967979564c737f61032c645c291368b5414f9071963126b06ff3b96;1052;Health;203417;2006-10-08
5a49ff4000352c0b1ba38257c699f999e072223dec3cabb0c4a4a9c268ba2a68;6982;Life;299514;2019-04-16
b31d786889202f9f95bc29255202bb7653b756ffa3f3327b779325d2e7497cfe;2807;Health;344581;2009-01-28
af4fd69225c2c65de3e065228097caa99da50911648724f00c73d4ad1096f1c6;6331;Life;693590;2013-09-21
699497d97d0e5d1ec561e404c7af881311f5da0506bef8a53d813b70289a1be0;7370;Automotive;944088;2015-02-26
1e5dfc2d674556c8d42c85b03d7d125947ccc5c095adc337289e859ba2e5387f;4637;Health;912902;2005-06-06
ccca40ea2e667663256d062ffa69a4681e655ada64af82d5c1a1a661f5b148fc;7367;Life;466710;2010-10-26
09a27ef8fe66a8181d7aedfe4373d6ede73b56e82419e8552f8e3aebe6eed954;1366;Property;547852;2021-11-18
0d517537a05e6c45fa99ef31c407d2623068ac42c503cb02d05f10d7a38e4672;9210;Health;883807;2014-09-02
a47cbaa245ee3e00f1427d9aa18a112163a41800c59c6ffe8246edaa09e9fe87;6501;Health;313536;2002-04-11
615b6915645d9427318d820b56dc1d444d6e187f8e1491da33abf5fe805753ef;2368;Life;783182;2010-01-12
ef071039f41c7ee659e9a0201a1b44e8d563e03ff99eae85ac41a4384f0dfa2d;6744;Health;174537;2009-08-06
aa08d540b80d37cff2e0caec7db54747c789fc6d1c899f01d87f7c479dc96d79;7253;Health;480506;2005-06-16
08d43bc0457bda2e14f60a2d043a7ad79a04b2f10852ba572e2e44a5624bf1bf;291;Property;785561;2013-07-03
e9c21cd19f2a44702002b58ba86bfa21d5b6a994603e6ae7d4c8e4895ec97265;4624;Automotive;755311;2021-06-23
7aa6a2aae2b37092995c0e098fdc63e53b868eee1a176d271162961805ef1f80;342;Property;33679;2011-06-14
309da864173194e6c3f9fde2c88a67726b8184ec6b0397a454e28f3d10f673e9;8325;Life;624141;2011-08-02
30fccdf614fae52da0545a12644b7d8e0da467b71c012771c7447edc333c93b5;3854;Life;794302;2000-02-13
edf19b65de15538783b5564b3f2ac9a28ef77aa012609bfa2dd3a60764f5c44f;2920;Life;976217;2001-05-09
79bc405b072ee3215e2bc435c3fcee3cb3c40b2537cc3c43b027db47474862c4;9247;Health;331924;2022-04-16
7c4fdac7d6e2b3aa92dee3b01a840b4f10ccd82cc5dd9f476a800aed9e0c53df;3901;Life;285427;2018-05-27
c9afa7e2094e9069d62e5e7b2c5198163a05f7d0d1e252fdc76d0c2adf113172;9864;Automotive;567645;2005-06-11
be12cc5644823b61462eb8b336d7763c87ca682ab2a8ee5c70547d7accbc5008;1592;Property;288759;2000-02-11
b87d62e46236fea29f1cf44787bef9f2fde6a752f5161ddfc1c2b5c44c2a74ea;5598;Property;878003;2000-03-27
ddffdf58cc2b1b1bdf6f783bc91a40b0c33121010cd85fb2ac0999db6929a430;3086;Health;190422;2023-03-14
6fc5d6de4763850b709fd22794db5a62a390f9a8ba0c3433a5d055d13f349b33;3048;Automotive;138240;2004-06-24
16f7665b3cf6d4fd608099f8741065a164beb69c154589173cba9ad6dd8ec1db;2817;Health;554619;2018-01-23
8005c2cbc495e19a9fd08de7a235c1b38a143753c8fa019aa763238d82fa439c;7842;Property;850545;2015-04-08
96d46770c3233874a78875f716e9406df80281b662d6767463678d117473359e;9171;Life;406675;2009-06-26
99bad12f3d1a633433beffacbf82f4595ab7df3520559c28c654ecc81c0acb82;7391;Life;786745;2004-05-03
7a1e4a0b5f41e5b31cc74d4cad9bb4da6eeba4d81839244c82a742f68fe5c7e0;4222;Life;924940;2012-03-11
565053dc5c74dbea8dd62897af54303f70b602aaa51471db79115c2d59bc6b2c;8994;Life;418545;2009-01-08
518306da6f0e62be34659d7088285d6aecfbd9f9bd52c5fc29c60c2d53773e88;457;Life;269610;2003-02-09
ff26e4aef0d2e06cedcadaec1db032eefd1ea3f199009b32b5a06588ae410085;2090;Property;266597;2007-06-10
ce769d6811aed2ea24fea62f70df838eb0df6f0887079f92a33c9e4beafdad92;8678;Automotive;215767;2006-11-12
7cc23ff2dc42f155574ca9ae64d2d80cbf674853a904d18519f3dfd2d440b760;4533;Automotive;966135;2019-04-11
b3990769879a4d5a56380a030bacfbd3503db100958c3780638ec1cb8d4a4b40;5448;Life;897199;2015-06-12
d5f73a30e079558ff3602f5286fbb47a3b32f6eb8090eb7acb06afee98e2de8a;4394;Life;556161;2021-08-04
05918daa76bcbd0146dca62bee14c3509c62dc6eac143812ee87afb7b428aae3;6871;Health;539563;2012-09-02
c6809f20613a40bebdfa53dd40dbe8be30b0cc10fa4f63fee97d2fab996db2ea;6290;Automotive;745966;2006-08-18
e27c6b15abc39f65a71ed5275d344ec827e4a3f9c510a4783ddfafe6bc9c0fc6;821;Health;665147;2007-01-11
a16594f40e2f3ef11c9a15bd7fd5b02e49ab2a136810fa3530de8908c142ac7d;1303;Health;470975;2013-08-05
96bf404c015a54cefefe3577009b7ed7a2d1f37d99f62ba21872eee96b1102e2;7429;Life;804831;2014-02-04
3936b3119e5a0c52db5359e037ba93b3fb9ece57421cb2e2b66fad6fdd1b0974;8671;Property;946895;2007-09-08
00dec4d2dac7839077bc59185ad804d69a48e1a2b36f11b3d5aa2d4b0bb8f406;5633;Property;502558;2005-05-23
a4317d01015614970e840ef1ea8c19397e41c124fe2c0a74835b46d31b2b08d1;9573;Automotive;650753;2005-05-05
69f96183f23c092201eb5997e755c0897c4cbd4a650b3d7c980dcd9b5d0b1e8b;9738;Life;285704;2014-07-01
d065fffe2eabb380d1b2cddfdaafff6518fc89f56bc7d7e729e1c801838b83db;5640;Health;969299;2022-08-18
8f207f8a2f3ed288cff6ebb1cdf84b95104d3c4b371145ac9b897d3f2552a7ee;4204;Life;92474;2009-12-01
f8e68fdb8c899be7e020ac2bcadafa7fed354655ae5c7fecf15a126144bf3d9e;8545;Automotive;694036;2005-11-14
7f67bec38d0ad3dfcde4aa2eeae614fb1b31face9f08ecdbe9f8834be247c08a;3235;Automotive;252437;2012-07-26
5a52261dcf91e67b2cbaddf7cdcc37fc65f72ead7153a0241cab13463f662bfc;6119;Automotive;162658;2015-01-10
f6d8f1feea98377788d30bb600accb854104b295365cea5205d4b08a826e1519;8723;Health;623069;2020-01-05
d1c521ba0deff9af1da82894f2b8a2bac8341824e35f1652bd89ca141d9d9528;1588;Health;675752;2014-08-18
8531dd8f29e26ee4d0cc55a71e1a517b22f10aa69e07505df5cb1d5405acea7d;1024;Automotive;376892;2020-12-19
af96c0d52e8a448edf787e12d63e95a638f030b690dd977fe9e63bd8e500ce43;558;Automotive;515160;2023-06-02
e3b8841588cfa1dbc6afa7b0a81666d2ca3da11a0d33bd20b74f6fe94258844e;2733;Health;825188;2010-08-24
a5c10948d813e60b196858ef68904d0e6890bef466adfa45029f32b0fffdaab9;8265;Health;466920;2022-12-02
7502aeb95cd840d7795918672b1f477ce6a524ab5c1430bf16adc9e74a946446;4670;Property;115873;2019-01-21
7056949ac7c7cf7188aac0c4a2b95a8e0dcf966fd89e0f6aafd84da9ad516a65;6931;Health;448710;2001-12-25
4b7fb360d6b07e46f2b5455d2a65aff6ee324824f66563103e400888be106abc;1989;Property;915798;2012-09-17
6001b7749960afa811b1077a6f8ef6054b8ab0f31bb2b6ee7e1824af88c839ec;8847;Life;289779;2011-05-19
681e6453d983f27f66b9068d2de22573a521b0d7ce2c826304563eb933fc2a78;777;Property;625773;2001-07-11
5fa1564011170990fad57be71561fcd003b0309daee501a687897b77d64834d8;898;Property;467597;2020-09-22
47dc852f01cffeba553788de04ad3dfec5ac21fded15446ec60209a2218399b3;8334;Life;871395;2001-06-19
6c5e35adfa1b4c663ce8498e7baed289f4d6d84716c8ac0662035a07f943b0bf;7939;Life;646429;2023-10-01
ad03e8e6254570db3c9e69c2697aa92cab9d9a853fce9338cc8b3fa98229d714;5223;Property;325492;2003-03-21
2d07beb95cee3bbe85a812364902ceba0a73bb69b038cc4d4698ed4f67fc10bd;6785;Property;67438;2011-10-23
89e155c2b6ffda464da9c5dd3febb68a969997e028554e6b2d7d4154ff9db0be;6810;Health;241033;2006-12-14
2d0e28d6c37f3578cb35cbd41ec82a41c677c2823d90effd667e9823b75b8852;1318;Automotive;794884;2007-04-05
2ec2d5997e630355311c34214ed4ea245495a2cbf29b461987ac5d4fa5cc75ce;217;Life;748369;2004-08-28
4e45c26be4af363fdd7d3bee400fd20a86d9ae2cfb95fd450b8f4fc62f73a6d9;1146;Life;590911;2007-11-27
3d12e530ca71cbb6ec18d5351c7926de0e1d9193fd9114372223da04ac07f71d;4869;Automotive;188455;2018-03-06
f50f60a11d5ff3610e7616b18471b4c22f64478a5f46d58335997f059e176041;1144;Property;616824;2003-12-23
235952893ce69e9aff6cab285557aa95b3053da285ff6ed1a12465cd46fcf69f;5573;Property;42120;2020-02-06
8e7a2cdc4e1677d2a3605b4141a7a88ec0a89cfd01d3fd9f122eaf61a527754a;8951;Property;511839;2023-01-13
31fe29aa0dfd3e1681d15073d02a38055c4fbca94147810cb42c9c8132944bb7;8318;Health;341333;2008-11-25
1c92ce5af05b561c6ac9ab49d8173a7169f8364eb6b0efbc09cb5c18af0b2836;384;Life;539733;2022-08-04
7828b70c7c205f2e10092d0b46f1ae7a290dd4d416c042490cb3540e1bdfa63d;7696;Health;878450;2000-12-07
2b18fd45b30653ad255ed4258ad6cbea2e1e9b8a116907561b6eee91d79585dd;1349;Automotive;633069;2006-08-13
4887db2a23912da6384c6c149bcbdfafae086c059f08243c7e3b0c3fb45936ba;7622;Life;297537;2012-11-13
14957567f567f8aec4eb2fbcb5ecfe6952eef737e59c470aeaf819ed994481f6;3877;Health;988182;2019-11-18
71f087ed6e5c3c5b990ca55d1991bc8003dc63bf7c7d13c9ae2370ebe8edb3d2;7897;Health;572017;2012-09-20
736ce183257ed22c35665ec2f89c7c8173d62e9be05dafe501d60c7b8a47f43e;7152;Automotive;459175;2022-05-12
574ca80db661a2a08b14960fdf13718bc6d544f48f07d4bcadad722f03fb2699;954;Property;529625;2003-02-13
97264fdb158e25877d15437f4cdc2bad864306a0e5537567010f883d4bc098ea;9941;Property;737103;2003-06-17
9f879d820297d09e1420cb6442e0eb979ebd800e70dfddb221dc84b9162fabc0;468;Health;48170;2019-01-13
e7ee418f0d1d8540ab2ce7ed742ea0ad69a88002d57d16eb6f40ccff9849cb0d;4695;Automotive;595200;2014-07-24
850eb14fa97b7fc5c1bab2f16e188582055fe093699e14252b7a53c6947f812d;4910;Property;221798;2008-11-10
bcbb95d49abd4e3b29c5dda6abe82f2e512cc4056bb122a33f1b04df34c11c2c;7099;Property;51631;2016-08-13
0971161411b1886f77b14a8b8117ba27edaf9311292421f5efee182899191712;2927;Property;993567;2005-05-23
20afa0f315ae4300fb15e8e8b8e78af69975f3e66c9be35959ff5a0b9d8f2999;7132;Health;425530;2001-03-22
d92cb8c1c49d0989a0940525bf07aa8b2fd32f7ec7ec7df5f34196d92d0cd35c;9179;Automotive;466936;2018-06-13
0e8ee3ad9c582ca2ce4ac38cb61c6f76acbbb5b0305dee45801529e0e3036c80;7096;Health;68633;2014-01-13
7e8361b88eac3af1680b96e1c12358c047e51dde853e164d36f4d59456d61b54;88;Property;153850;2005-11-26
3d3739bf46251fc58ecb75af1aa100b48afe5db95400aa7492927773e9680af1;824;Life;218914;2016-07-15
6d7c33539537a7574e182397617977e3f6e3162353ea1e346debe9d81b33d5be;3017;Property;806789;2003-01-27
82a397abd6abaad9e7fa05d08d0fb3f2420c331c123133763a8b70c191f99a1d;7160;Property;122809;2000-04-19
f41a0fa2ae97c172f19e0b603ca763d1f4cf5445a07281fd634e8c1c98958cc7;1755;Automotive;960347;2008-01-19
7318661bdd48bd8a6dc1946189116505c567159f6cf6c1f64e1fdc40b95c65b8;5227;Life;18999;2012-03-21
3c4fd5181f404a059afce2bb8fc50311c855ec11f86cbd4a5bcebba1b05fdac3;1506;Life;969904;2007-11-22
9f8e93ce8691926be57fe97ce35bf0825c07b04b68cdf216a9c2823be6440c29;7299;Automotive;985819;2009-12-27
c3c32f797e5d4f2967bfbc05cf13c83823b32f3dffba4ef3d0814649d744ba9c;6239;Health;625294;2017-03-20
f8ca46cea47a63bd2e8cc17acdccf9c8d5d05b3d889f3528f12532fa270eea3d;5314;Life;714244;2012-09-10
75004859600d6c49b5e3d616fae0524fbc87c524a93e47fc3725814443137b60;7222;Life;596890;2021-05-27
a734cc7bc881bdaecdaec189a5eea474873d36b6b63a12c0a135917d6d1930bc;4699;Health;804393;2012-07-09
5137c5b19faf1b636ce8081179aabaab2d66f72c23d0f03704cddda4d0d3dc06;146;Property;414111;2004-10-03
2901468c1aaa7736591e4217bd04ac126c4a2c1be40b4855ef2bed7e9a5a3e4f;9845;Property;221119;2008-05-18
69762029ba6f3508cce8f04c97c56aa17cfc36703e3082a8ff41f23b6c506281;4448;Health;176280;2000-12-25
694d14ef5673979a1b02c96a846033c76d0e38c1e62d0ee925b38300171d3dda;6965;Property;674747;2007-07-20
d95163c7766eaab8c905a07268459381d7f5f53a839286fb0dde9c17679877ce;7316;Health;912618;2002-03-24
a8f04706083e9031e40efeb91b6d7f9a4916a06b8aa264111b88877b732489fd;3829;Property;614667;2022-12-02
069315081f76984d5b936967846bf0a222a22674a266de1c9da8fb961d125263;936;Health;123283;2012-08-13
5c8c6759c2fd92dc3ab2cd0ddcfe1bc7b35861e58ae8d400b4275c12356bcd48;7647;Health;394077;2016-02-26
09f09492a9cdaaefec5798587a5ab8cf4ad91ceb6e074d7059cf0666c5909aab;5033;Health;922682;2015-10-01
27cb3f37a8a6647c9c1447d877b5b77265811d042eac889e93e8ae04d440dc76;8056;Life;408392;2007-02-25
bf83487bbaf6f5fd65a5fd8da3f86ac3ed2779bc5314fab47b5cf78272bc8aba;5636;Health;361940;2020-08-20
1fc5583ad1eca58609df6cfc6abac7701a2326b60435b799fa87b4065fa002f1;5966;Life;847523;2002-01-13
8b462bce9f4db6f52960c5f982ecb80694c6c8329eddfb3d62a66822b13f73ef;3016;Property;366089;2020-05-25
2fae4368605679102603a9a24a28386a586298c08f69d1b5c0448c5ef154bde2;1892;Health;88712;2019-05-09
a0ddf75695db678eb813b10f38be3471d6e36c580557fcf73b8f5fc29a5d9f21;1526;Life;521856;2007-03-02
2208a9401d5975957721ede42c557df3136bf3ed42d89e024ede05ea250fc326;7583;Life;33449;2008-08-23
058aeb0fe9779505789a98cfca1fc8acc31f709e4afde62821251a44cacd820b;184;Health;173371;2011-09-16
603c0159d8b81e057319b51d0c70c538032729255daa8162b4eaf05d014ef985;7214;Automotive;208177;2017-07-21
ec36a18b67c0c587e7d74aaddd829e07a0396fba24cbbc11c8c792e2db3322fe;1176;Health;112948;2018-01-01
00f26d0bcaa953cc20f0bbe8f77b50f21a7972565e55cf9b6362b742adebde37;6616;Automotive;643509;2017-12-03
1af92e9ca33423a55589d5dc36e4e14194f33649d5db1cec5853e29cac282350;3722;Automotive;320068;2004-07-10
757a1f8111fe1b5d09ed0ea8cc86adc8f148a63f5c3753a4cf997f14d1be4008;3079;Life;644593;2014-07-26
75abb5dfb00b5adaa866b8443e69dc69791c52fc43ca919658e34891b8cfeb45;2802;Life;816150;2013-07-14
98cf5352e2ef331f9a880c6100f8f5ebfa4183a19a384c4e89aeae3411f36698;9116;Property;499071;2013-06-11
675ddc91c4503f52c436f423f5e3d6498251688f4ebe8a9989a50da1aeef7439;209;Property;82385;2006-02-11
05a2a34f47d169e9c1f959b89553a0db8423b448eed60a564e1a207248b633be;296;Health;251829;2000-05-22
d25f332ead43a80073a3ae7be2171f6389a13866a03f234fa9ae155b43b5a6fd;1064;Property;220918;2001-02-27
98fe3dbdb896addb3a4d9fad9906da2d5fd16bc4053264359ea558ab68f2dd44;6713;Life;824068;2011-11-05
b73737837e7c5e32cc32f915fbdd064d4b5b2d47bde868ea7b5dce8d8f36494f;637;Automotive;215190;2022-08-09
ce82c0bb7760fc1a85cf29f4cab3900c0e9f9ea9a78e1d55458d92ece7fb40c6;4504;Life;745872;2015-06-19
9490ed80e12855f70860222a6ec9ddacb57c756ecd9e7e975eb20b7c3d46b66a;1947;Property;620430;2006-06-14
8a4ffa30cbd85598631d9b4c76d6bcd17c348a319fd41ca4169afba617e8298c;1000;Life;420956;2020-05-15
0f04000fd82295fdb2edd61ba14f9cc020527db2e7a5fd21124fc3e599688837;6343;Health;40195;2009-02-11
1af86b7c3fd4fd0f971f0af85b9d04cb49b55fa350fa2076aaca982b24494002;6102;Property;375489;2007-11-20
044ace6f269a20e523e9761adf8cf4531043f29c122fc341674aff784d0d026d;4558;Health;74134;2006-02-03
1f538384e9523d71124a2feb6e38513151625c7b32da975d2aecfefa4d6d4075;8367;Property;764931;2001-05-25
30ba92714f5dc7cc47ecc1dafe7d913d1582505c7e1387f9358b012cd3d17aec;1937;Life;159709;2023-01-05
93ea1983d5c08dc1a8cf4218d9412b63f7b7fa0f7a0f9df95eb3d52023ab4010;4291;Health;512464;2008-06-25
3036293ee890784ada38af11899fcf87be377f2a95c240ad1bcf9873c84bc9db;1279;Property;633282;2015-01-02
bdcbea4aa97d3658bcdb3ddee838a2c6774d5642b4ceba440a5f46a489e5ad5e;6979;Property;524492;2018-06-07
06ccb9822addd5fb2ef7c611191584a1421a7ca832572f23bf1349b832d3b6b3;2012;Health;730632;2018-12-21
3b4cb16dd2e97622e8e42caa12b16067b888523aa5a2c72bd194d10242e4ace3;9418;Health;901366;2008-07-06
e23f3fe7cff25655faeb468ec95e78dd89967b579b657d6eb79dbb7cd55d96c1;6345;Life;10905;2005-06-16
48f7bb512cfce45f1c23cad4744583769d422f75a8be551c0896b7a78fcc2bca;9893;Automotive;445330;2016-06-19
08f9bbbed2ac598ba68e1e336bbf1291bbea0b1709c12f84fc3d8fa81607bbe9;3953;Health;222194;2003-01-08
743fd4fb02e0ab5e685b9a48feb56214638fc76b7043670096be5cce59ae9d32;6889;Automotive;536928;2018-03-03
0c2d29c39c7853c31cc47039fa40edad535271e5ee2dcbd0f1a09ea57720e380;2131;Automotive;770903;2016-01-03
b47438d7bd4919f420203dd8eef3411f7500e019dce28c1c2df860db0ee01d2c;6214;Property;741687;2013-12-14
cfa9ec0de0b0ac472b071347cb1d2bd8c2008585116b992527f655f617f51e49;11;Automotive;109115;2017-02-07
8f95c8dd41cd2624c324f18c6ab80e2825c8727b290384caf7973175fc7f114c;9950;Health;391268;2022-01-23
31123d8ec3eacc335d79137f3af3e5f4f0d43e7b02abddf0945596218f715620;3045;Life;155550;2007-10-19
a009ad7ad9480db408cbf850f080193460cc1be210c64315104a5fcd07422277;7383;Automotive;324736;2007-08-03
79e692c4e168564f5e8f95169b8bc9805a21aa73ef762a24f19516076591522b;1166;Automotive;216889;2022-09-12
b094f38e56a90e878ac2fddf0dcab0434611f08c750cd18803361cc991b2b117;4316;Property;852955;2016-06-20
4bef9a9b23306c2f4cf20ae5eec97db02364c353a6e8b51b8db0b7affab8b030;3785;Health;368145;2022-09-08
24d80fc6cbbab011ac4cac7fa62bd075e4a40e34230fa6d1c3aa1dc7bf4a32c4;5314;Health;617865;2009-08-05
5aa2ab8082bbfe71f83064fdea287f0b4a5f52d896d937a30d13ba258ca82110;1098;Property;904163;2010-08-05
ccec966f41a9b96570d3d6b5db13b497706f7ae70f660283847bef576e7417cc;3681;Health;851683;2000-08-24
5112681beafedd3fece339d02b77be00eee45f3e773cbea4c1b5870ba5754d53;7747;Health;193353;2015-12-12
3ed4f9c19ca9850a25569eba3b6a519fc7174567ec7feafe43eb87f7bd022a68;480;Automotive;154997;2015-04-22
bebc5773d7b677d302dca8fe1f875b619c7de542cc8218cd7f056699e09a2987;2923;Property;127866;2016-08-27
228c023084fb34e122da05cea755561b64df716d487e611c3b93f6afaf0ea868;8504;Property;155486;2023-07-01
20550a823d614f4f413a5934a4d954b050f24ce097350c52eeef4e0b254324c9;5155;Health;911535;2012-03-05
7923b12caa2614b4b7bcdcee0b5dd65b4aaa4dd60432744d79382d9950a6e0cc;1759;Life;937300;2009-03-12
bd86b49f7924236e1f421d67236ca7f7acb5e49c8f5b266424e52d50f646963f;5496;Automotive;211012;2015-08-15
ada64a786dd91a551e8e89b616ee07daabc2d1357d3d0245aefbced4b486d809;9522;Life;670099;2002-10-21
ac5cb376ada1d41329e3504b4c51c890280d57507095f97e3f1ca87f08a78946;8285;Life;469091;2017-05-10
56faa8b81a051f67b2f203487fb24fc390378c3684edca1d7d0f1acc6a7a1a01;249;Life;184552;2012-02-03
3a7129b975fb0ba9278ee6e69fb23976c61f96ab55555f722b8dd2403d737469;153;Health;251468;2011-07-06
79ff9ab7a9c177df6c9b2738a2285c43230da2ce0563852e241018c014931592;7632;Life;336378;2003-11-11
46e89bd975d00cd33db153b58bc419aa552fd7a069148b2606fc9c362f6871b8;2897;Property;190167;2013-03-08
6fc05e6aee558c86f9813da4bdd1feb5d3f175ff34e6d5bf0e4c28df66eb2953;974;Health;105002;2021-03-21
f42ee48d84774291b3cfbd61140e881cc8f220b2bff193486057d6b904abff67;9646;Health;392988;2008-02-20
4e88344bd1ff85700f1ba345c9bf9c077d03b2f7bb553b7a01cba74b7010f58b;45;Automotive;303012;2023-09-13
70baae605075bb09f9530579dfbde231f630bf9689b45d9572b389da6d6b8dc3;3207;Life;584446;2019-07-05
13f2c4921d0d5ab2cf8d0c61a37e26682fe5da5e3f405d2a4f71332d3c81a2c1;912;Life;740276;2008-12-13
a189c8628280f0c0af3160ad2265bd6de9e8d70d2092a370bd5ad3962556d612;3200;Life;225125;2000-10-09
8911e6895a776a3ac57d80292d8c7c7a2e0f20f442915dc7511acda79ae88143;3070;Health;290913;2000-04-04
3852960baf80e99e586a641a2d349cb57079f199f5a438cccb05bc867113f3aa;1220;Automotive;322371;2005-03-17
871f2f5b8d92a9f0c87aecf6a7001e6197ada7555c4edc6f2a7178d9382ee230;4160;Automotive;786864;2003-12-07
2cd39446099bae6231cbb3e9d414818bc005e22bc82b13e4df95cf1747a3259d;9020;Automotive;2179;2005-02-09
78b1ea2c6be82bfcee61fd59c618f4ea6e700b4c11eec1eed94dc37d217a93b9;5137;Life;647878;2014-07-06
8bbb1c6b50247240616617863b818de1405e62bf4519f3514524765fccc9ce72;2518;Life;591796;2005-04-07
b045c403e33d52c85a6196550860f2cc40dd5c40cdc8422ae498ddc471e54911;179;Automotive;70379;2019-06-24
87f2a6b755cce6113ffc600c6f5b8ee07d67d9283d8c7602525ae8f3395badd9;3221;Automotive;963967;2015-10-25
5fbfeed9dbf8ac385c08915edec29c1a4b4f4c06d729b9e88f70d936f8bbc724;8628;Life;675687;2018-07-25
2a8fa056d6b9d80f94b271cbdc146828d05af70b20e490a126137170112b82c2;5584;Health;655958;2023-09-18
7a758eebd9237b3a25cf5435f78fd923c579c032a5bb1ea9dde8ac97d0196e73;11;Property;980962;2023-01-08
5b0e1a52c445fc732014eeebd71aacaef5a50c1f98a9c0c9a583073763c66ab3;9685;Automotive;21911;2001-09-14
2ef20691e49ccb049f9082d2c4b9089b7f34495f4ac9f6076e0a616cef914a06;2891;Automotive;857238;2007-10-13
eb3a67398ae27d8770d04a20dd657ca48dea2fcb15a0d255f2355d80437f25bb;5043;Automotive;765814;2005-04-23
dc2e8424196808ef635e78d836f804c9ba8206ffd4c634adab526d413a526b86;9726;Automotive;222663;2002-07-09
bf1f41b88a1a5a1a5c2ccfa5746cce8ae2f7bf8bb97450e7f9ce0f1cf38f5a31;9355;Automotive;639056;2005-09-17
a58568fd439acca0e551f34f4974aa5bbc92a0c8fe340bd4d1db86bf850fefdb;545;Health;713419;2000-12-26
aee933545f902d206f00087180e6cc78bbaff3fd7ffed51073e6307b37622b68;8265;Automotive;199474;2014-03-05
199e40a08c33bedf1e162e0c4106f15ede2e8610554b5ed19f4c304bc737702d;5639;Property;646586;2006-01-24
32749423fff4397c82ffd2bc36f86259f7fba5f12f31a72e0654b85c418a6d51;959;Automotive;482744;2006-10-21
999bd7930efd47d290ab2abb6a1876dd9f913d0899b393bdea8a11b2ca7e0187;9067;Health;165601;2011-07-26
2db40afcd3add487e2686cb043d4b08e4044b963058f04df6da83af06f1fdf6c;9346;Life;712986;2003-12-04
ed901f952db0b0b30cdf9747c6837f2e08529f22901cdce1710296ccb850c929;4390;Life;609916;2012-04-05
217b05e539793734ac8d8857155f884d3117672f164e54660d8b506ead1a33c1;1449;Health;985451;2002-12-07
f325fa4018e78c8e6cc850d162887139543a9abd72e979f5816de17eba7d457c;1157;Life;33056;2001-01-17
e7ddb2f2c39e5e59c5533217b9af7a5f7552313ca748ef7ea12049f7d85b7fd1;5576;Automotive;372068;2021-06-13
6c307bba24a0cdcd4a0070dcbf139a0bf87f8e8e4bf93edc01a12f0974ce25c1;110;Automotive;938523;2011-03-10
1f1f77cd184669ab9ad9182c91c4b165d7fd0e92c6369dbdf43ddff5eb04d527;1521;Automotive;327386;2016-06-04
813c89b6d6a9e20c8ea567925cb8eea871338973a84e34351237b72abc14d951;8258;Life;564439;2002-11-22
74fa251fa1f3a74e0154f0ee531bc6d0017871c332d523faf4b6efefd7c3cbd4;1524;Automotive;708572;2019-01-02
41c31104149a6eda4f14d795fecd56e58bbae955b20f8235b9b958006a36cb89;9637;Life;833743;2005-06-08
7dc6b695488be8a63de269fe7b564418278f3777d1a2155e4d6ac2f253c37881;2712;Automotive;483432;2022-11-15
7c794db641d77dec0125510c243c74ba0d329d4a0739686d2783c234e15e3c23;959;Property;466288;2020-12-25
f614cd22d794e422c03e244be1da607843c78cb57990f0e6f71af8e9dfa7bbf5;5518;Property;672462;2003-07-02
ff3f3a3bc9072034df49bc97cb97f6c033e65ca46ec0ba09ac31b8fe423738f0;174;Life;182321;2008-03-03
d766ff7c76cfb55a0d518b8e33e35678f194674dee2936049f1e30ff6f77be3f;119;Life;614166;2008-08-23
2cb68aa9854d2455e12721b6b055f824cdd1db655a05aeae78a037bc728e0b6e;3974;Life;582291;2011-10-05
9ddd28200bb2e3618b01f9f25c3a9bf4af44947e614bc585266ff1afeb175fcd;8;Automotive;56830;2004-05-26
b5511a38664b75b03ce4c19f1be9872d0858f6add06b817217404de895accd94;8836;Property;228267;2022-02-10
b29161f7af5ad9e8d9fdf787987d91ad2eb84c3c5cc696c3d384da979a05879b;314;Health;221916;2011-06-19
25225c6b37b59927b98470955e8707c6d252acfd0b37b7a9e17ab4ced9d6dd44;2351;Life;832427;2013-10-12
08196da676102da9e047551b5baacad9fe6897702430baeb21a8fd724df50796;1470;Life;876799;2018-09-15
348feaf681f4d7ad9a1200d892b81d7bc3766517a0e0fdd7b2360ff51ba6fb2b;7275;Property;451444;2002-07-18
0f0a2c5b8d39e187e78a7fbb16f90b5f00e0870a2a5a4d2018096bba42fae837;8726;Health;288595;2001-04-18
f2e9ffb34e4cf095bb53024ff171b85fda73fa7b8490b24d670ad6ce5a9d0e7e;4675;Health;909121;2012-10-09
6f99b0f575f67033a5d9cd5fbc309a22d706c2a6408aa3b45bd8366330ff861f;9137;Automotive;410474;2009-04-20
a926418b21604779a6588aec8765e0bc915d5b5b2a7a22208a8f8e555331c94f;694;Life;476890;2000-09-07
8215f519b7c0acc96e91021b495d8c6ed6a06fbfc38ed7b54a33420ed6ee0c2e;2580;Property;316310;2008-05-15
b149755185833bd695fc270cf6db89297e2fc8c1bfd97748a02c0554f4511ef2;8042;Automotive;380789;2017-06-28
f83ff02b460d9adbd0a279329e07a2809f8fda3d32651a5d2a42b87bf29e9739;5816;Life;286011;2022-09-25
f410b27e2e502a9efab4380d59845de04f4a064159db42907565f5878bc35635;1760;Health;849634;2011-04-07
5750303bd13f6ef8d271a70b90d4bb1df2d76ca0886babf922e2c0bb9773fff9;8729;Health;796297;2014-07-25
ff6b0a4af1494a3cdff8f35573a4ac72e20feb4f30369d9ffebab859dd388b49;110;Life;358947;2005-07-05
f1ff2b4c93dfac637918c7f0462c63bcb0850ef63406b7529cc20b15003f21b3;7358;Automotive;649913;2023-02-17
012df438f173b1b77bd9a20bd25be7a81efc1115983b7f1e17d7b72f63405bd7;1735;Health;930497;2022-07-22
241937c226d8b6f450d31563bddfb8f3d60694f0299b8541da7e551f1d69a161;7060;Life;141017;2006-08-19
3187f0ac1101996653505c5dfac1641904c3eb6273ef53fd600ce313e4a990b1;9326;Automotive;205220;2015-11-12
cb1c152253806c54dc1a0ced90f089f61fcc9c6594a6e77c41b0353ae0631712;2343;Life;460527;2004-10-12
3772273c0ed65f79ec4554cbbc28aed57f5c2ee1eef64967118b0b85b1198c8d;1258;Property;981003;2018-07-08
1566acba9c64fe870b61275a62050273d73b60320d5f289441dea3f325a4d6c8;8002;Automotive;911634;2008-12-13
0a18380b16d5146a593930cc4058c8b66297c35de63408a2bdcf719c010a6a51;8713;Health;245259;2020-02-26
ca5d6362e6793332c2396737a417fdc09a2e6371d7bbcb1bf62eead0017add36;1266;Life;542359;2001-02-08
5d834987357655963571a18675d0de25149ee8a0a195816e8fa1325ae72242df;9509;Health;838666;2017-06-18
3c3aab6736c93cdad0411e1d262fcffb8ca15c49aac002c47d7aa5e165d80c2f;8224;Life;339467;2022-12-24
a4b34af5a4937be55e2c37d72909516b0b6ade2e91a567c5e8dfa28933903829;1342;Automotive;58357;2013-11-18
2034abe2a77e8673ac5878c41fb2bd5cff18329429fb5fe900bef4bfe7cd1cce;1702;Property;108952;2023-01-18
b0c3f6b8903fcbf99c991a62d47f91d03d7524678c2a22dc1e9ef7ca234eac0d;8097;Health;301286;2002-06-21
b2f51880c2986a1cabde1ebe0fd592e46d46a1520770d6d134dd520a40af37ef;8852;Life;296060;2010-08-04
c28ce7e131691295f866cfb43faabc76718bc36540fd8e21d2c4583934884ccf;2928;Property;342182;2015-07-24
b23643f9343685f4bdd1d1e86efd250f9a2686b52e23a4576aa254ba1ecd047b;5889;Life;131027;2020-10-01
d7f1fd6d9d6c7a8009204610918865dda13f3ed275b141607e5ed2e7d18f62bc;1374;Life;964030;2003-10-06
78e17b6450b9724f7281bc515c132f950c776600969dba788827cad229a7758f;6204;Life;41880;2006-12-27
74b82aae54a6a4513515f7b3f4eeec3085b6f03fdf261f516b08cedfba6d1b35;5693;Health;6568;2017-04-06
5b1b576766b21b7825d560d789723d80ce4e5eee9555d6d59243ea27ad52c7ff;9647;Life;783018;2019-03-27
a640eb1ce5187ad1d57975b19a18cba4dcf741fc131d3e9dbf15ed11ddc89682;2761;Property;798956;2007-02-24
bec8335ebf7694580c91b1f514659c610d77200fbf1f039e70a9a0b6ce4f1a38;1741;Automotive;829225;2017-12-16
e9231622b5ea940c9b8c25855659484b353e163dc111d24e3fbbdc3452d36b2c;7958;Life;747924;2019-02-07
ec47fc24833325749d8104e24096cd81347547ac74d3fd29cce4ae1f1c96c7fd;3750;Property;111843;2022-08-01
a2e6a8f4a66636031f3e9ceaa2dcb14779efcfe0e4e0a01a4d7b21378eb2ab31;6541;Automotive;417209;2004-07-06
809885f0f4ebb9d9c53803dcf11eefa6cbd0fdb78a065ebef4a3ac7be64a4c7d;7414;Health;977956;2010-01-06
78c15fc0f2c84acc8d651601f5c7ba13abe832a919a5d20da057ebb133cb7cc5;2246;Automotive;848415;2022-08-21
55daa64951fef40fa35fc04b01be5e50b8f916c7494079abc3deedd111259e1e;7441;Health;183855;2007-07-21
c5129fd0a28db73555381ae96a84bc8943293f3de5d37f2a2c5bf486998c4880;6773;Automotive;302593;2009-02-06
df878e598c9a021ff7250ea8b34b8b9a200b481f9efcb4f0edc6b7ca75f8c7a9;1352;Property;975404;2021-12-15
c14a92ae8d6dfbc278ef25e47cf7142ec534ffede3bc92ac61cccfcd60d0108e;4070;Life;43295;2018-01-13
35cc10d923cc0aa5104780a897599052c81abb8369ece5928a83ffae02e5820d;6760;Automotive;820097;2020-07-23
a932eb74dde64dea1c98224a02760c0aa826eed1bceea0cd456e1b61486cab72;3205;Property;985001;2019-12-14
1f4fdc8005282a6a44ea4a788e5c289619868903a8deeb504e248f75bc8860a8;4760;Automotive;191856;2010-10-22
42e085403b93669a4ac5f832ef7a3350d2a7647010c592722db6b3cad0de6a69;9925;Automotive;616009;2017-04-24
877e1de73ce68a44d1d6caa1d0a68de76dcda1392ec72d7da7284031a162c7f1;4404;Health;149022;2019-09-06
988fb5b497663e315a69b2cea8247f31b0ba49ffb6049c6444f449c23c0682bc;5429;Health;502903;2012-07-13
ce2c6e50a7b0c40e9314e4c902f74eb4050d5d325e01226238f418b25d11b7d0;3400;Property;175039;2013-08-21
f1da56a1461eeedfc8e35a3f79345cb587f820b53d0b56aa17cb69ed380dc3d9;812;Property;578864;2004-10-27
53e4b1eba258f47aa363a0ddc46f3b2096354b13df668eab2cdb705bd165ae71;167;Life;864847;2004-08-13
36d73bb5c6b377427c29573a4e6d593d08836059efa062134613da00a963b09e;4439;Automotive;933456;2004-03-10
4a0e61d50b447158303baf8fa0714f013a34a5006b062eae7a4fe084daf074f1;1235;Automotive;70814;2020-01-28
bb76284a420decfb6a2da27b05b5f5f174707383e66eb708cb7a07e1223cc888;1180;Property;239856;2010-01-16
fef1b659dd7e6ef1639bcd17bd331a3c4420c9070bfd59d9729dd29e83340e46;3184;Health;25900;2000-05-21
cf28cc52fc771a60824ed4289c799d7b2cac4ad3f7301c79e967cf467572e627;9843;Health;371733;2011-03-02
a164294f4620a6b5e5a6a673bb1ce0b125f698b5776bd0d17e0cd4a7277a0fbd;4958;Automotive;183419;2009-10-02
7a9be9da11caa18d873114f4b945fe6ebfec8a0ff4084e1d73bd79111a6a2f71;6881;Life;789060;2006-04-19
f9f0df05f4ad8c3b11e3fb9058027208d3cd2c59f6d7bb595a62ec6c2e5cdb40;9349;Health;570711;2017-03-23
1718d783d56c9470d56f65c227dc38a37bd802a298ba2f2be2423dc93d9f1e74;4895;Automotive;38781;2018-04-20
825f8e3677f79a1a302fbc1b7a93d12263ce5a1d1b96cfe0e55491c379c861a4;3659;Automotive;961391;2023-05-15
d04b6e6f303db138fb5e132b7257b74f0bc7eb36e9064dea4fd1b48ed3b5ff00;9260;Property;983497;2022-03-23
77175d81f906f65fea33ebd9d953aed54c3782148f9cc3699cd3219777296bc8;4049;Health;550074;2007-09-14
0c0dc51ea98d405acde779080e53e144c6a58faa31996b00894d86bf3f4ba1c7;4283;Life;134514;2008-06-23
c40fa5f0be2d31dcaf57d266c458d00ec2b0a5fa02303a9511a790708b48cc00;9391;Property;439227;2000-03-21
87fb278cce10b6dcbf87567cab8f982d8b6d440635079ac76d63d88fd6ad997b;5212;Automotive;398008;2022-04-18
056d8ad20326f944b1bf5d5ba2d6622b6c166d32762a441939135932bef2ecb4;6000;Property;598834;2014-03-16
430b0f438190746084f57b5e979b349764a0398656fe12d393a3bad7eef60c29;6288;Property;304415;2022-05-18
fd09207049f86a64b81c80ce8115ac98cabcc75ce9c65529b01a19d3e7f4b31a;4190;Health;687570;2003-07-19
63b2ce7334fa09352df0ac0e42bfaac90184446d79fdab97fffbdb9788ad22f7;2983;Automotive;269151;2022-02-20
f561f3ad2cc8fda1af98c01197310b6106c04bc22b65de953a29aae77a0a7e46;3424;Health;866889;2022-08-17
0b94ff46ec418895513dc40b7c4cc9f56a4311c0bb347f79e6b58e8e4da49c4e;3248;Health;638212;2020-04-27
aad9577fc6d41e76369fe2a2539841bf2ad32a40219c48e41292135da7009e6c;8501;Health;296986;2016-07-12
3aa26bc2de9f8756023244b9da9564c64ab24df87dd2599c95b7f14f7bda77a7;6950;Property;849648;2001-11-19
bda8ac85e595ecdb740ef197c1a54688f122799c7e0968c907eef3719234203e;3183;Health;487758;2016-11-28
ecbf10b118d29dec702540dc55fdb5511adf11beae5918ab0ba9414272fac53e;3117;Automotive;89451;2002-06-19
a8883464a1faf48a7032d086c0a24b054c7309985d35883313f89b6b699b7ad7;4021;Life;587114;2019-05-14
d5e9edce60c3f7766a836bf1048cbbb40626bea85f3763ffbe89205c921dd031;3698;Health;420002;2023-08-18
ae90417848d350b411b7b83d0007958958532a083497b8d6f60009c0ad932b7c;2382;Health;893974;2014-01-28
ec4ff3131beae3ad2a32357c329ea4a745ab12b4aec95f9a929bcdc99b6b907d;9299;Property;798547;2012-01-16
a69ed0fa29eab28766fb3e2094452a59d9c2d30851437d60a5f4948975adb6da;2531;Life;401679;2015-12-02
cbf2bc2663680c57ca44a92a5980337402533755d25022a32037e7f2137ceb71;5571;Health;537058;2010-06-13
7fd647e4393cacc432e6e33352aead550f8f2791acca4ab5ef552be07e92d816;9859;Automotive;60454;2011-11-05
a9d0a8bf9210cacf27281120fac533a3f2299193c102dbc0ed502b7af46f38bc;4947;Property;521274;2006-04-07
2e36d50538159d3650a72803bbd5f1c9039a36c2b804c0c43eb9b64c9edebc6c;5690;Life;400309;2017-09-05
b4320a750933aa3c06654918262535ae8952694b7cfc61078f2d691d2311f524;6703;Automotive;37202;2017-06-08
8ba1824775a0015d81dc0c88155c0274659f7d60598b83d29353bbab25e5e2e1;3735;Property;847109;2019-06-12
a26fe7e5076aecdc920291eb43f9252c74fecec6a253a455c7241f11308c6a7b;2785;Automotive;726613;2016-11-11
b887065b5e57d486950bf27672d56053ec74129c2f38bbcbea1aa4418b23ecd0;3862;Automotive;54581;2012-02-01
1893afe1e6a50def3bfe792bfda768e2cb28f3dbb03883f2fc766d249784a510;1624;Property;126613;2020-01-27
ef05e196ae81b97157746f6f374d9056ef4909cc2ea67392eb90998c296a9682;7869;Life;294351;2021-06-10
43fd453fd387388e2adef4c26951d454cf47cca7e73d438927a939d1b71d4fa1;7205;Automotive;499450;2007-07-06
3ae538f61cd45c65cdcbfce2f46c3e5a0e7e9cb8b0ef2bbdab12b06c86e2a3e3;8799;Automotive;118281;2006-11-28
87ff8a05612ad7be4cfed5aeebfe1759d6263ebe5fefdee401531908cb5c84a4;3905;Automotive;388611;2018-04-08
19e4d692475f4c6dfe21ff04168e894a99aaf49ba337021ee28d23546d1c1877;9337;Automotive;224869;2022-02-05
6e0728610281bf277c13548575e8432116e1e6523fd87659796b8d2de47f192c;8034;Life;311643;2020-11-06
e3f333c36b468bf55af5869b591f7ec76144d1e9a9681f811ae685483712c4ce;8075;Property;825417;2018-07-22
5370deb2850e11ce77d273f93bcd54b012b57c05754dd85abd49b180ccfb4d43;5260;Health;62344;2007-09-17
7039e92eda87614894bc36d2964b1f22759e680990b62f707279d76e5cbe3bd2;7206;Automotive;990943;2014-02-27
e29e0cf840c64b6243dde6a5fd5399735aa8fd9e509fb2d07f9e13da93cdbc48;561;Life;168405;2012-08-10
35298496300179a325ca68535ba7dff5e5d0e86d8f782a1bf845917c1a113959;7045;Health;398767;2009-10-28
ee51a614b5c087282901371354e65c5b500acb5737a1ad3fcc4a52be6a7335c5;3086;Property;835801;2015-11-21
bafa73eb793feb04ec42479094d02ab729cb331bb77fca560e336f2985680007;3972;Life;571279;2003-05-03
a143bf6ed9544f3c632f7f1d05253d3edf85a134ea1d1331b799879607b3f0cf;3908;Automotive;654709;2015-12-13
998fb46911f46376443f07898521e0d2b2e327d4b3f7ebc504a050e0823c54c5;1299;Life;943425;2004-05-16
ca67a3126e90a0c678dd120abdfbff13523069971dc2de9a4482f65bb3350807;8269;Health;738424;2018-09-05
895eca00705a623866decfc3028aacae34e1674f31067ea9c7f5bfe1e0017212;7699;Health;50676;2008-03-03
5916a89f86ba2547e381c809369a2f03e6646e8d0152d77240eddb4005c2db67;326;Property;293869;2013-02-20
6ed6d53223de2291080dead2f23b1b56fed1383dfd17ad5b37b25fc3b761b6ce;8529;Automotive;325374;2000-12-03
181dc4057135a583a94c6ee2ba114dbd7a6a217067c4d54b2c079ad83effa650;6465;Life;499145;2012-05-10
f74fdbd0e1b9effd7ee75f0eeb28f153d1d6e2addc8641c6c0978b7a9b8ce273;9405;Automotive;458002;2020-11-20
a9a78e35b7cc749889f8bddb02f10f099c2bcccd235d4462f445c02f7d23b520;9269;Health;855932;2017-09-03
ee0d15b41375a259817ad885e5081ed9474b8c1bd8bf2d12270e10f67d8c6a7e;1644;Property;799505;2012-02-07
2703da901629c747d79deef6f11112dc91f3f2de42f3e3e25a5bf0f8e322ad9a;5748;Health;801147;2009-02-03
e79d1c752bf73c0cb24a8027533fdbffe86b230ae3ce3d4746b17936016fa080;4963;Life;772183;2023-07-25
8b1b4370518bc6f1ae529a871d1152eaaabb7e06ba0fcdf113e139533ce0d073;2410;Automotive;779233;2009-05-25
f02cde0c235107c829398882134f39d526fdafeb9c02e5d829d6cf15a258f5d5;472;Health;824486;2003-06-22
f0797774c4ad64c89853b37abb73dcb742f06891f1af685492c54f3c4f0bf4c2;7801;Health;881741;2012-05-10
047be17ad8a0e4047f7ecd45daf1d9cc591e560bf1435dc72fd0c8b391bc75ad;9013;Property;536991;2001-06-28
590e289f06e2e49d25672c6c5df2123b6509d66e37eede0d56b5f7d183099e2b;8506;Health;892452;2013-02-17
facc7dc53b6355e6df8244668e85c911a7510569b41c1f55314424c80ee696dd;4684;Automotive;575410;2022-04-17
b28bc01e4336f55ca138c24d00a3e1895ba384e3616bcf88810b36b07baf7636;8486;Health;727395;2015-11-09
5bbdaee1c00f930308efe3d743344ad926837b3d04796b26df65adb0b4d6ac3a;7110;Life;445660;2003-11-06
b44d1a9924b26d6e63cea583ddcc264527f9f74a3405af2beef6c6bd71abc71c;9219;Life;802760;2020-01-20
4562abf32ca0c51c6e790b7aeae07477894c544acee898ecf1fc9aea1781744e;5552;Life;376471;2003-11-11
a597ca2b827321dbad28cc0d8b57157a613624f6e7f337b9191e0b343b1b8add;6431;Health;695439;2013-03-12
0107048cf3ce33dd6656f7d5e26cf9dc451af0aa2c04bf3251f766bbcc5158a6;829;Health;846176;2023-09-05
c8fa8f017663d7bc6d0be7f8fcac856cf4330b53445934bae16145b4f5614516;9017;Life;662919;2007-08-01
56e5fd0615f6d340fcdd70c5ba16f9e6d434ebd14f70ab87093846bfd55442c3;1377;Automotive;592647;2009-11-23
9f889bd6c5b4c0602f692190426f87bc74c7e540bf402e19a117f70f14a80b38;74;Health;811318;2013-06-20
36f6e459ca3f7eed7c24840ad767917e5412625c5c738ba9ea9961f1265ad711;9407;Health;996890;2020-10-12
53991435281ce87bd86189cc03137c3d750385c85a41ad5d7b60b3846aa8870a;6433;Health;530468;2001-09-03
acae25cb72830a773852e44060d9d928284f54aee7d320ae1da2596a1f1f3fe2;639;Property;871124;2023-02-12
734b239c0ad9f0024340e69c73c5705c7927cf6640dbefb1e81aaada8d7d7f9f;4236;Life;460092;2003-11-17
e1d6c1eaa09f6c66f014a97b004f484ddf84a81d0e75613cc25e200261cbf306;829;Health;44913;2003-05-16
1ada2c0852799dbd892847ff86e2a7d6c31b400238d174fe56fce0520cd5d6ec;6739;Health;636715;2011-05-01
43e8b0e74cb6954d35d7f671d981091147278e71a6d4ebd826ea4c73c102810a;4970;Property;421667;2023-10-07
3c06b6b70f71500a046d5f84068daae6483de7300dcfb870b4c68471e126f99e;4594;Property;985965;2008-05-10
d1b2d22b0d33dc9338975f1d2be3723bc4ab8908551ea4d89fa0c9cf193ae9fa;1343;Property;515960;2008-07-01
20d96ef475d32a4e4fdd4bad3d92752a702f2aa6f62cae1b840b93365ef5d0c8;3508;Health;45650;2006-06-12
9f15be88213e64c911b79003b7f32a5db09ad4a8776ec19eb667e36d3b108ce4;9372;Health;313574;2005-06-24
3084925c76d85883528562fffb5654abd40c29472b69c4e9891820bab288879e;7966;Property;604679;2006-03-17
391c6be784dbee436d9d3b83bbcae464321981c12d6557e6d95cd9b501f5cf3b;1701;Automotive;139105;2018-03-23
2c4a4798b60d8c4cbced6b2ce7f060271738837d5c7f110231273b5c3424c295;4639;Property;982028;2010-12-17
c7955a2adb39fe610065ba4c484ad861921d07ebd7e89afa4d892c0e2b1f8e3c;2273;Life;324706;2017-03-15
29b65938f916adf8100ea28ac38969f6f174c76a1fdbebee37e9a7e4a4e069a7;7696;Health;819172;2001-04-17
ae539383feb5b8079c6ecf0bad2b68cd1befd8fd184d126e94820c6f5ba8f362;9974;Automotive;748645;2003-09-04
edf1d0b8b6f0f31b8e9b6d622d9146a62e4f9a94940df989bae605f59c882c7e;9367;Health;83621;2004-11-09
bf07da6f941787e683b98e238dd78a613d6d465d738138b39a59fe5b821b6ad2;3586;Automotive;440711;2006-08-21
a27c778dcd9eb28d45127d2a020e83bd100dbf7244f9d1feeb8149ab958274f7;5029;Health;445921;2023-05-19
e6a08e8f454cc4a2b8e06d52d977aa601531d9af4411e046fc04cdfff2854b03;9632;Automotive;827652;2002-12-13
ed64657d32a20d8d80edbb33518f872105e3f1d776ebb4c97c8de3e45ac40b10;2368;Automotive;280068;2017-08-11
46647e6c7dd3f7f1b83ce388446b6165bd4ee8e1b6c62c558520012e5a16598e;7565;Health;851472;2012-02-22
035163f778c7cb052be00e41859f2c392e98a902bb34688b0d01bf197255d367;195;Life;326070;2004-01-01
29273a97b09f1efb7aa0f9b153bebc17277fb03f336b38e951a440580b6650b7;5797;Property;982101;2015-01-09
c303e135c249d772c27d08cf8b8395b475aea0c022021476c422e34bf6efed84;3977;Life;407927;2021-12-13
fd2d2b478a6514fc168e60e4386a9bd5b299bb94c644e669a948edc081b30bb9;4119;Automotive;224146;2000-02-03
9968206066f0ee2bb57bee220f681c1b9807edbc1b7172908520d720468c0c12;8514;Automotive;761531;2005-06-23
ccaf4a77a55cc30974a3929ba390be7869fd720060d5a9c7f17b16ee96957eba;7895;Automotive;233983;2003-06-25
70e8797bd51f59decc2553a0ebd3c3db7de4f31df18e4b0e4e489b150f184eec;2021;Automotive;523088;2001-09-04
01afca69d330d69de205a8239e84a2025982b96ea32f9a925044df996a4db6d3;7395;Health;97733;2007-08-13
97f4904da526b924cb25b364e4051bb8d9fe222839157fc4d72616e913f434be;382;Life;809128;2009-11-18
10e386f0dbdee8e4d74ac6564cd554a44b543feecc407a12de58c165fdd68cee;4350;Health;972052;2012-01-18
6ea16130453b31795ecddcd58eeb0c9f5db8e481abfc6a81e43e34d38c58c1b8;7624;Life;925806;2009-06-22
9fd3b1c77d712ebec84a20946c7ba2cc5335e94d6935b7532260a025610a4acf;2007;Automotive;764619;2023-08-03
8773aac2ecb2a516714e335fface4ac4e42a8d55e195cdd10709f06f12111fed;9578;Property;723331;2020-09-28
4883c151f1b7e6ac615348f6bc95c3c599712b3eef162d477cc3f96698d33f58;4671;Property;847776;2004-09-22
9ea27de958e4e92e8a26e6fe17f85aa6e8611b883efe84accd85acece209f9d7;4523;Health;921402;2000-03-15
84a15e1db7c172f2d2b59790dba3e989b39bd916e9eeaa84a5603bd1b860ee10;5198;Life;187576;2012-02-16
ad1e07694914d0cec7b9e8a87ef1f14ca283a53b867bd69939f63609ef6b100e;812;Property;286197;2012-06-08
afd18c08f91f0e42d72335c6e4cf37afef878ffbd0cd1528ab0c737fa7db6796;2273;Health;714850;2021-12-06
0430a36af6a23085d21c8b810472917f95bca2b90e428b17cd6b3841d35f9e42;8591;Property;30045;2012-06-03
42b90d894af853ca2eb105148180ee2b7b8bb90eac52c6f019cc9c8a48041357;6233;Automotive;95327;2008-10-14
0975e29bf5bd4b1ab76082569276070e102e4b07b0a0c2d7af47bf3a894b5f6c;4931;Property;385465;2003-04-19
62d84b249170c1a8188c51aaab2fd1a17a79d14597cddcfb61fa96b2d1c59cf6;6229;Health;730811;2022-01-25
c8800457452a22892694f02457f958971eaeeaa2b26cb4c09ef36d71e1d9a3ec;2967;Health;309803;2006-05-12
6e5e682eb4b0bb596d31c4839f7e87159e993c24e8d36ef674416132fcb115a6;2016;Property;298350;2022-09-25
b25b2f1786a222e7a353821ab04a049426f9954046841eefb195d3f072cfb4c2;2349;Automotive;299676;2012-05-01
161c46ad146a945cbeab9eeae77a6eb981410e165161a642152efbf50c803db8;922;Automotive;886933;2005-09-11
789a36c168c2bf882b0381120a4fd616417438f7f11f1dd5bd2be66061a4dccd;8407;Property;452967;2023-11-09
3d94d010d50219256ce08d76b896bd19094d319ad9bf2f2ad8ea190b0a14d45a;8636;Property;7321;2012-10-03
62bf2a6a8f90e7d3d94cd0cfcaa54d84587b3e6ece497fb947fc00978f71b2e1;4695;Automotive;564959;2001-04-13
9b9c0ac644d38198d6e5ee6becaa7195d23dab4b751abb763f7f21ba83df91eb;4314;Automotive;588464;2016-09-01
0690b5212c303944111d93f578db3644af4914b2c8a7a9854d3e167a5e87e144;2893;Life;700395;2018-06-14
a78af67273d2de393a4402dca98f5751af0ade67c1197aa24a70568e7b5c2a66;5981;Health;140190;2015-03-16
2b88e23893b28ebfe9018497b88d634d190842b0966edfab2d9e21113f0105f1;156;Automotive;635737;2021-12-01
056b1c4b7d9e3a7c7512cf0eefcbf1d001c6991e95b1e98363b26912f1658421;6695;Life;772576;2013-05-01
fc3635aa4fe63ca8b0fab11cc48f5e8c417976dd033ae91f9cfd6c05f62b1533;8230;Property;484329;2007-08-18
812afb053411f01f3be48e52145d82da81a24caa54a595df68017c250e5e8ef1;8652;Health;565869;2016-08-18
ce3daeadee1c1c4a96fa2b8f420a824d3149bd7bede29d4c7e113455f71e26e2;4826;Life;6318;2000-12-19
58b3320bced7c165c7b08269e461a148796b3a3937e8677f615f8c092b6aa07f;978;Life;332118;2022-03-15
c09e4612e1eb60ca73c1fc2f6d19fdc6c912af881170896208dd4ac13cd13492;9140;Automotive;376353;2002-04-22
9cc11facdc2be15a7a8ccb2ae2f91289a3d9376149b67c3064d99b9f268f1684;3465;Life;63469;2005-08-20
05b047f31f41a456528ac20bc026bd07eb99f8e0b7b38632585bd13ac5aaf486;103;Life;41149;2004-07-23
b9d5b0e0c2ca8e3587a3638922ccd5f44676829b3e88adf87700805ba08eac0d;1044;Property;122265;2021-06-11
f2ac627b58d066caa33915314c6aca249c052f7ad3974392b4666bf3bdd97d74;1565;Health;73773;2002-03-02
5cdb8ec6f650250bf6dc21e48884dce39ef1bf02dcef639a9be2f7027da72737;8003;Property;672320;2023-11-05
8152e2b49b7470ccd8ba58795141fbf76558ac2a8e05a1628e102681e6c5917f;1792;Health;234320;2020-10-22
6d8615d778bbfbb14035f8ecfad4c5026179b5a16f6f4f98fafff9454f012572;4810;Automotive;516812;2005-12-20
f518c590465e355ddedc1684468534c0e48f7f0dff6c280dfb022af7c6cdd0d3;6884;Property;178669;2000-02-06
2438e667bf8337c22c2cf2245717396b7bed202829bb26511a8da4b93e6a7a9f;5223;Property;851631;2015-12-28
2558beaefe3cf6fa8323e4634c1f27cad1970817cd810c418c139c6782c76b97;9292;Property;133767;2006-05-22
8ea96192f2c499b4dd2b5fe7452a0212ffc5a576ea6222255abfa8c315f6f9d8;10000;Health;432586;2000-10-26
5a8940ee3ee782bd5c6e0aecdaf0d9c23571e805aed669ce3b70cb44dce11cfd;1994;Automotive;975945;2007-02-18
d0cd93418ce0ba1e50629810cddc07bdca0d72d1d98e040079c2733d8dbcb032;6240;Health;93100;2006-12-14
1b485fbef9e6c7e7a1777677fac3c4533ab02f8b9baf937b22aa973ba2e9d8f6;974;Automotive;927465;2007-07-22
3dd47784671fda688402dc1ca1cdb54403d2e48e41dc4448c09970f3dff22d78;907;Life;29354;2008-08-15
adaa9084a6e33ae163435c25ef9c763f5bd8de4337eb2e07801f2cc6e0cfa958;7358;Health;936438;2007-06-22
d77c3d318099866a40260e18f16ddd0452c142380c9c1ab2b86c62d6e024b485;7926;Automotive;315524;2010-05-11
44fddc2075e828eef9b8a7456c1f10a4e5b01d7618c2badeb123ebad487dbff7;601;Automotive;325487;2011-10-19
9c617857a960f158874653210b9c4e9bcbcc452723ecebfb3811ea9b49253f52;2936;Property;118268;2023-06-27
30826c5bc8a366dd659dcb1a803a0973cfdf4debaeea772b432f526e5e36f134;7092;Property;960195;2013-09-15
9bf27737b7ba430be1b743b8a538eabc7e9544d83167b7ecc405a96c930bb365;3439;Property;104907;2002-09-27
46ef35099c44dba6c6f7befe3e48f2c3920bed4d893a436b8c875b71f9e81604;4991;Life;92919;2018-10-06
8aec145cc1184ef699216156558c17bef8624af4863410b1add25a55f5806c36;9231;Automotive;110453;2007-09-23
afd5c0871947e6e736ede634850d47d7d8dd6f6bacf7684e85a5a7e3dec34e4d;8608;Life;90802;2003-11-02
1aa9935e9e3f9336c155034431168cc14c414db101abfdc96acea87c5842cb19;140;Life;664950;2014-10-25
88eb3d0f33bad96535940c3e879b101ee692f329d29f83bb17a82a53794197fc;4980;Life;476979;2004-03-27
8cc2b3251ed7c5d5f56e9c35b7cb51ac17d59bf904fcf73ca205a8ee4d40247b;9734;Property;548795;2013-03-06
92fc071341f3fdf6276f0067e9cbbf9e133668752f55d16b1d679665254490fc;6402;Property;848444;2013-09-02
88317aef42ca614739ea00d4041ee18da05ea29fae4c3b167e6dfbed8e77bc11;8628;Property;75824;2016-12-17
3dce390a511904b8372755bc4e739c3d522fa59b4a495b4bc709f5053e3b387d;905;Health;396073;2008-01-02
1d57e2da4b4716395f6ccbcc1f5a278606fb6fdd459d03aab8ea7b7025e9dc53;2799;Property;980399;2021-03-19
48115d40f1b2a7cd31407b76b2c1b56307096734a28d799617fb62b01c181f4a;1817;Automotive;691571;2021-11-26
9f272d07342a9cd39d550b197415d74381cf2962ca478c31e549179c3edf67d9;2640;Property;133915;2012-07-15
3bf84fddec6f276132840515f35242f16c26d8adca11b0c5d0cca6e9464c3717;674;Health;468369;2023-03-01
7ef7bdd1788a4199ea7c7ee061053533e8cdf3b6f65c09860d8b9d8983dbe87c;6968;Property;355145;2005-06-15
cbcb5c6159bd418ea5067e953a4eb210b79e04fac9620575c4ffd01348afe92e;8542;Automotive;483923;2018-08-05
af92ee0312cb2a62e8097709696497208f6a8a66ed8a807c08352f6ca12e0da2;9564;Health;120684;2003-12-22
21a86c719f9b2cbc2498e25110bf500f0ce97946c6a39e80012130e91152e9cf;7798;Automotive;228983;2012-07-16
3ad258bb33944b22e6f1b3b6146a5704aa3ccdf2c9e3abe5aa5ad4e45b83e370;1714;Health;151743;2022-07-08
eefbfb3c4dd54bd56560e8d0807d056e684d4c746ef0653b6918ed8441aea644;135;Health;567505;2022-09-26
89e07d034eedbbabf7269abc7eac90b23fa7edf688fc3ca1f2c654b40535c542;82;Automotive;975558;2013-05-28
ab6acc8481d14e32c6f9480f79e4a353ded8b10e1f4f77490cc69a5c115d2480;3018;Life;271156;2003-06-18
1ddb929f037f9f318e45d1b322c5e657086a22736e3a131461f845e716e90521;8734;Life;368607;2008-06-18
6daca8eb3ee51929b485b1cfadced893c74905d7670c4385de288dfdfdfe66e9;2025;Health;199477;2018-12-11
60f27de9ddc81ecc0a7312885b61063b0344f7dcfe4a4391fdb4023594a276be;6460;Health;824952;2012-08-23
fc39a304059ae164a849b3c3934fd6017addea9ad39b27132edc2eec42782c19;5648;Life;801727;2006-10-10
27701af02e65e8db0aaf1acc2cba9c0d568bffa459cc1da8ecc11f495acdef0b;7592;Property;586027;2017-07-25
08431d074d9a84cbdf9e6007ac5c7d4513c8e754289dafebc112c8528570461e;6512;Life;224634;2023-04-15
86ad00792aab55809bbaab23741bd87f8dacc1cb52446b402c66e37581234d42;7194;Life;69309;2001-06-02
18c6bceff9a9985a892d68f0c3e72040a13589c68fd235b390b52dd283c032d8;5842;Property;538949;2014-09-13
492474eb719715aba4272c8c4b6abdae046e6a347281fe876afa472c424c8773;5870;Automotive;307234;2005-06-20
765095d088bf7f25fcd5cc1d9883a23f667db2b5a7bbb05455a16119be61df74;7012;Life;709299;2008-07-11
0aab7b3de34ee670fd821d587bafca0799f055bd5ec06504bd07d3341063b1c0;9983;Property;757070;2015-08-23
3bc84a2d194e0283fba2ebedfd3c6a72944f145e95ca01e2864fa93251e52d8d;3283;Automotive;437850;2001-07-15
84b03f867de12cac907a5a9e1e65d10dbc1af4ec7fd8baa6734b39c2cc01c00e;4918;Health;319677;2005-05-08
963d4294da97bd8ab387acc073a224219b02be9251d2d9536268831fa27282aa;3530;Life;49668;2013-10-11
aaad518a158ad734863fefc219315468aa473d5550ebb3bf3bdd74bcd4fdef44;2211;Automotive;154772;2003-04-27
e6f7f210cee11fffaa593c6709b7a40a6f215465b35e63de0c8711a43a3cf089;6565;Life;321492;2000-06-15
d80447bde090d10d1c25c50087cddf9a26e5fdf95976a9de05084095f815337b;6679;Property;776084;2010-03-07
3cd5e6aa81f1e4af6d9bf8c0a07f824f78cf11523b3c650b90099adb5aee9c91;4587;Property;433955;2016-08-03
7321d9d26cebd8c5ee46bb1743e114fdc8e127951f61370fee054de1aef6af35;6860;Property;451209;2002-03-19
0a2eba622714ba536f4d9973e40fc439acf88f2fd6d7e6ca3e6ea000b0114ff5;9241;Property;817139;2014-02-26
d7581cf8090e51abed02933b284b121732f82407645787a9d9ea3e81d90b5744;1471;Health;537011;2008-08-01
cfac05d9bcae18680da9d3caa562f23cb140a045a1cf94687ec82ea58dee2634;388;Health;501323;2021-04-04
e333afdc638c1a300f40e76f32437ccf6ea3a87a8d87ed435ae424ba5bd49990;4691;Health;542879;2016-05-21
9be3f68901d3592bdb6b0bb6cd7b93dbd72f05d217d64b95e0d20b036009ed6f;351;Property;710159;2004-11-28
e50a56154cd07d7770f5d8da7eeb62022d74bfeb22dc0093ff5130e3482ec494;7960;Automotive;113585;2010-12-02
91d6b741432a664605cd8809158a686ca37b3e706d6b10fe299f47b24c2e2415;1548;Health;330552;2004-03-28
ed0afa71bbe5925e9c66a1a5ed2ef852744b3206aee87ddfa7d5e026233200ad;5492;Health;106041;2000-12-26
7bf22d18f708f6fac2c13f8b0b56e20755d21fa9428bf3e9d01685b2c7b3f600;175;Health;211259;2015-01-02
8da229a04797a441e7396a5d8332dcd8376ca607399d4c3110f659ba1a884129;5960;Automotive;912935;2017-11-11
983340333fed6b1ad2c170f0b131978bf5956974d244c15dbe79b18dca228e4f;7849;Life;709679;2009-10-19
88c80cde9dc2ce99ced708407bf3504958b89d00ba9736e3c26a24a6daab9aa2;2394;Life;244181;2009-10-15
7ec0ecacbc1086724fe5a52260aa528c45dd8d0206c7943887f9a5874f91c3d6;7590;Automotive;490388;2003-01-27
4d91bc07998ab20cef02ecaed41f2eeb021298df92d38facc85d6a4151bbb356;3855;Property;940345;2014-11-17
fd384497de6f0016bce3b5c3886f737bd65baeece1803367f397adaa523cc060;6524;Automotive;35999;2018-08-16
2446691a14a73fbc5d5df4f67061d7adb14041d571c6af46876f4f3a0de63e86;648;Life;89294;2020-12-19
0a4c79200f50b1e0935f38a8ecdb956b3918c0cda85484276012e0cfda203c25;9824;Property;960545;2023-07-22
8371480e58864cb0ef2b58cf7210b174e37db5a81a4ae02a3e5a9852863342f2;6501;Life;501039;2017-11-14
a84fd4dbd18fca06dc89dcb5b5e2c6f34f697746dea2a9682fd2aa100951004d;1;Automotive;438418;2013-12-19
b1508e7ccbc4d8e2e79ba16ff2e4fa14364faa439e118f36ffd441fa3bcb9b89;3008;Automotive;594371;2016-11-02
cba857ce010111e07007c4fe76f707f25d732d158cd0cc38c13aee28ad689b62;2310;Automotive;527105;2006-03-27
bf57301955ca18d43a08ac97f14c50cd5515a358d0c7cd2184cc3553ccd958cd;5901;Health;680628;2023-09-23
21d0e33b8c57d2fe8be55b1eec2a671ee429b081d05a9fff447548562bb672bd;3740;Life;874608;2012-08-12
32985e1b426748845967fb938efd0f454185c8305a3ef293c7bffbe53d9afa68;2547;Automotive;681683;2008-04-15
7a3c211d26b147dd3b321cfcbe35d6ef3c36eb0b1b22086a15a317b80b5549e5;9689;Automotive;486768;2003-03-05
9a47a3d36beb2bbca79fba90283d0d7f3c0814e58525c276de0b47b52e8a3fcd;511;Health;933313;2019-01-18
a51d0d3ef65a92001179887e47a928a4149e92bd9258775f4594d2a8aa0487e1;1056;Health;329336;2015-02-23
1de5fdfb6602084454eaeec31b5d9436625ca4e9db10f862813d18c6915e4fe5;9249;Property;258648;2011-12-09
745621dba8ebdb50067b46d03996d00e5e6efb75fc84af98f99ee65c1758f358;9502;Life;226822;2021-08-19
9623bd159650be35b35ebce21bdb05bc21e4ef38354911bc38942fd4ee896a50;7682;Health;612051;2022-09-18
b610d5855044a105f1922ad86ac344da69ed23da1d6153eda8b1ad6fc735b154;7727;Automotive;688745;2004-10-08
4d44e9374625b7e8c007a2139ca1b3fda7def0bfe4c0a3326004a9e333044b57;4261;Property;42851;2000-03-07
5679bd3d7809cea045988faf02b1a0dfc407da44e81d0d25476515576e8831bb;4768;Health;334106;2023-08-12
3e0fb120c5c7cb9971c57e9f7af089038007f8173b7711ef2e2031a580eec4d0;2742;Property;103401;2006-11-25
971ac887890f4cb9a165c0dbfb6bcb6f164cd17e79ef312a584e443b4056b6ac;3961;Property;315700;2005-10-16
c144d39f79848b5149e70c4fa74b8c8b9b1cf5cfd76034c30f69786b3d33bfc2;6206;Automotive;480082;2020-04-02
f2a688c1314708a25d7a25469bb4ea9b8114f16ff23cc62cc4fbaea9a9bfac0f;7875;Automotive;245855;2014-06-11
d3c3688969c551b94c0c5f2349533d90742ecd62db099059aa525c85009cfd97;5647;Automotive;153188;2020-10-15
01df5c05f8307a1cd8bca59ddd72c85e43b42778413e49743bf55c7faf9d579f;6757;Automotive;49732;2005-12-12
ff164c2410cb889dbc4936cf9a49e753df4103ddf92c8cebc66abd44cb38002a;9531;Life;739709;2007-10-15
3873611493382e51d7067c5a02230b4df290671b6cf8a011039c3c4af54bc362;177;Property;672369;2005-12-23
4341b0c7abeddcc2e8947a64c6ccce5820d0b697751543ed43c1f2552d0f93cb;8264;Life;721890;2008-10-06
ce7bc45f4e8e68b56f265c54bbffe2ab032ccd65f301440e93809dd82064e188;6113;Health;820907;2003-10-15
7d3715e1e6533787648d596d0679a68a60ef08b8878aa1492ce396b58eb20a77;139;Health;972754;2018-04-08
4383a110c3f03a9bf685697a7c47a912988a56c45847d329299fe77877b3a65d;9459;Life;606834;2021-04-15
5b37f9f0028c7eca3d6abd95de7c21b1347c5eaa63f9e5232e8587cf0634a190;8683;Automotive;33194;2003-04-21
47ceb68405434224c18f168737171b72bb69a4107f8bc6a3e222ee6945aaf970;6447;Health;597666;2019-03-05
979f3dbcbce95f802da9914440dd83db58b7326127523c44fad6fed39ad595b0;1167;Property;853382;2012-04-24
d58ba43246ac7d2237dcce2b68dbda5a5a271e8405ead2ee448263cf6769c4cb;6812;Automotive;702628;2002-04-17
b983c338fa70fd02005fab09e17b40e8c2c20beab4956a5fb050754c3a50b226;4544;Property;617513;2009-06-21
e648c267dc049c75e7080103268cf8a50fbadc8f6f078e1aa837ad970b921670;6929;Automotive;293590;2013-05-06
f54483c95e757b71e62e890bee75020093100e9e01310d3a4a4fbb4bf371eb00;7953;Automotive;570514;2023-10-24
771226535be5cedfa7123996ed9c69b51e78bf0f4ef4bffc20eabe889fb9c9cb;9012;Life;302237;2015-12-18
a2144266275fb7c68a30514bf30559df56df5ceaff1eaf57b0c78f3e4c7a0d2e;1911;Health;668323;2019-07-09
70f055abbf0f58bf1b4782f612e4e7273be5783eda22b4d6c986e5eeb6424d84;9654;Automotive;476570;2014-09-18
ae5dd629ac341bb894cba88b3288f40854d5d2db9189d22bdccbc6925174275f;5890;Health;200128;2010-04-21
476fe5c1db9cf5874d95ec8f2d41416d0d537616ed9dc4eda4b750ac35f7209a;3037;Life;111362;2010-07-07
fd2a78be8d917f756230979fa9d6ea1120038cf4080ac5e93e706eaabc08a78a;3495;Health;537033;2010-04-23
28db4240f5d8e0cdc0d8b601a9e829b65ed99662c6734ecd28acfcb0e835d67d;406;Health;778463;2007-04-12
f5ef9ed6c666eee035c76653d72a79f3744e39145dbc642736f624edb74c79d6;2614;Life;445920;2012-11-05
0590f7da928566929a84cbde9d3900cbee3adb4ed563f3c3610d1f00f8b988e2;2766;Property;982454;2005-06-22
f4d99b261b04e03a1908bfebc45a4ebe84b5bb114f3d646072219e1a195852d3;4782;Life;87470;2013-03-28
33484a516452342aca48a3dfd7fef60fe91340a51f9860f5da34a322da97ba23;4527;Health;766377;2017-06-20
d8c00accba994b5b2e5ebb26c1ccd4e5e8a2ca3fac6679e023dfbde2b56d26d1;1156;Automotive;370167;2016-06-17
6307d1eb12b16c555ac09524ab193c798f0b2650a2e3fab02e9bf65212b9148b;381;Property;152082;2016-11-17
bcffdf368e48c9733cc63488b126ba0d151a469490f5721af0e7cdd618833f94;5164;Automotive;562629;2021-10-23
1a99630a78959968ee0d0f6ccea3e26856ca6929f06243490f0997131f278bba;9969;Automotive;83489;2021-04-08
6e0385e02babc97d500429dffdbc8486fda8dd982e0a8ba30008a5587c17c8f8;235;Property;482825;2002-09-21
cca0e9e941fdd5999c5eb1be02d422e21ca3ab386195060b05054ff77494f7db;9092;Health;305331;2010-08-05
d1ed796d344b813292a8bb22ca292fa352b28ced72e56b711d8eb2d1e0828673;9316;Automotive;504102;2002-11-13
f377d9b500a447b88a28bd41dff3662d4cab5f1def1b99d39443a5373929744c;1450;Property;764149;2003-09-08
4c30dcdeb1e8ff6a52d9d4cece9b3078ac99abb39469d702c4fb2bf63db21827;7038;Automotive;662411;2007-01-08
65665f2c439537a321a5cca16d89be7911feeabfce7711c9aaa30dafa8dcd43c;433;Health;640954;2000-03-26
28978d339b7f8bbfcba0bd63fe067bed0f55c351113f35997d49ed82053b481f;356;Property;62731;2016-08-05
97c2a3267e1289f7378d38b6fd9c3a253c6bf3b830ec77c3dc5ca30d4ab5f79c;6080;Property;262654;2010-10-10
987622e4e24c181bada30cbdc6f4a452cbb0e6efba4286dc05e5bafc604e33cd;7164;Automotive;671816;2004-08-13
d9023644f2615eb1ae7435fc28f0c968154122bfe62ac033a9654256bc628793;3005;Health;602267;2001-09-20
25b603a5a9bdc12b6724237d66a4275c459b0a7aae36b0819c6c0da26ba180c5;7487;Property;103732;2005-04-01
4dd016906e93776899fbce65611edb306b2c7e0690edfa10af4bf0a3b66b6c87;4643;Life;719647;2011-12-27
2629ce0aa09b8c8d2519113b021c9762f308bfabc53b3b8f06c7ef6314392631;2562;Automotive;396395;2023-12-12
8602634b866da520c55a584138c07c149d9cc059b0730c65168f8951fc8a1795;1350;Life;966798;2001-03-25
d4e46f394b6000db516304a560bad69e5547a75b640ae4ec31135291e0da6da5;3997;Automotive;293090;2018-03-02
b28d3f98e2c9bc61f8e4456825b651211811d5d324f4fd5869a40c3d9f7cf3fb;9577;Property;940144;2002-01-07
5ce3ef213a3c84201a7c25a2277599b5098e5726f8a9c928704c10aba4dfde8b;4806;Health;320218;2001-07-14
e2c2fb7ed1440591381d312abab0afd69d6117f9206c1407e941f44b74eba255;1637;Automotive;181523;2008-07-26
ce25429127589413b7e67c48119b1878a44ae431bf900ab0f153d834972db6b3;972;Automotive;951349;2000-06-05
a48c57da70b0d549849b71652c146483006cdc3599ee4b1157157e2ff0c49407;9511;Automotive;331872;2015-03-06
15595f1ffd2b931695ebfb05374373b8ef0aee9ab168effcbc20ce8be36880bb;9287;Health;435539;2004-06-15
33f01d4894b83445d1894a70844c2e0c780577bcf609ccc5fc8ada11632fdeda;5962;Health;890321;2014-11-16
947d16f9fcaddc03a11b4b02ffb677064a1a9197660a7db9395c18b42c43b579;1916;Health;454814;2018-10-14
2400ac0ab4faea2e48e84e97bdb68659013ac7ddac366351e77413a1aa3b3ca1;8633;Automotive;782404;2003-08-13
17b1abad5cc50bc41a81b52f631c619ec833120d111d5526d63c379aea62e4b7;5372;Automotive;816246;2001-11-26
f02b690aac485452c2be3a1b18a8969335a12fb4a9a2b3791dc68d3f0607c182;5584;Property;499254;2010-02-11
f25b8af17286fcff4f484c26a3f0d06a46e6056527d716f8ada92e9bc056a587;588;Property;607874;2023-11-12
f83ea2e39dfe8b255b3bfe6c92086e71c0496f3221f134e8ade4cf9c60072b00;1884;Property;955281;2011-08-02
348f622b8a949293028d64ef9cde646cac076885024b5269ec6265216eea6db5;390;Health;868226;2003-06-28
fd58376017e636798157b5c90ca1f73752a9d03f7eee77bb083ff34d562344f2;3252;Health;60271;2017-09-27
d76eb47be732a504c832f9e2a88bfefc5efd4c144716ba421307da600826164a;4972;Automotive;322392;2014-05-17
3891d478d98f96aa93c6255a07bd1f87d2d4e2b72a0ccb911109a2697d0a0c56;1849;Property;212482;2020-08-06
d4e4fc27abdcdb55e1ccb4248d3478d1903d02964bb73428ce9686c732134063;949;Automotive;179250;2000-10-01
1854a825dc90bf4e526589a227a4eb77154d444b2837c2fe32f161506115a262;6739;Property;864743;2000-02-12
770bca0f1fde8053c7983f9e07bef87bad5a1750b4abf583376cc4bbe56f57b8;3195;Automotive;166636;2017-06-25
44842a9d21aed6b31e03acdd1f0f79e4d22a99f9decf243900610a6d5819f18a;9389;Life;964799;2021-11-02
9ed7ab5e0f4e4897b8494321fc8daff50a0c6e2f5863b78d40872570d383d109;9415;Automotive;136931;2017-11-06
ad7c947c46b7840391d90e3b7e6ab9f264dd2374ad6b40bd2fc4b499b6193a37;2740;Automotive;929779;2012-01-22
1f57f7e737d8aebae08338fd9b370b9d50a8a405fa901c224ac2d7c7365caed0;5639;Life;672669;2015-05-16
6375de4af443cca3100a39badec584886cdbefeefbf638c3812399b60bb9f9e6;7732;Automotive;788263;2000-09-04
585518c1e5626b0a12577a88af24f6aa1e47b51df5d1042306cca5625bc42a12;1731;Health;574702;2002-11-11
c239d7679b9a9328caea2d0c807383d487690f3b1385b5883950a190d9ff8fd9;8015;Life;674510;2008-07-09
0a675700dff7a4011a96e2fb1001ad5d09c2c4fd96e39337f77a5d759b346720;4434;Property;92086;2015-02-18
edf3f1d3a3cad2b669247f1b5e96c6aee26227c2d54a3aef0486d309250eb930;458;Health;536651;2003-06-20
a54114630499d983024e5185eb96ed6c292947db0376857e98d969b4b79b97b3;2954;Automotive;59118;2022-11-17
2380459113b98fd25a711ce379f2927a4400d162eb652effc990be0228d24263;1604;Health;331118;2012-09-03
0bab67f2814ce442b6e2ffd8ea9b1e232bc2cbdc6878398bb4827975b574a8c3;8263;Health;949174;2012-04-13
a02c5740b0286fd3e3405043015c955b8fc4e885fce619d77544d36d07ad0f18;2450;Health;427853;2006-02-03
dc96726690a575b1394ce84dbff27a37f5508a6a663b1e5328255cea19476232;7891;Automotive;450455;2001-04-12
f92fdc6b27dfdf77aaed245443575201c72512ca51187a29d0dd3070c6484f9a;7884;Life;892355;2004-02-13
d2250e2c9af967456a7fc26a69f0d7ee945259503715310cdf8cce18a027094a;7729;Life;897360;2013-12-02
6621af44b06e4aad21eb669b3cab31919af0365ed868956099f08cc5b15b772c;873;Health;342403;2019-12-03
c78cdf23cc5fe5e24873587d4e7ec423e5ec2c02a4a8e8d7b18bd201c4fe4aad;7942;Health;256431;2001-06-08
08d98c01d5550a7712a27578b17977ab34c039fa9ef51c3cb938b85314b10a75;8483;Life;578909;2022-05-25
efbe00be42d19b168722de1e01881407d940592f41c1fc23e8a9bbd59071d5eb;9862;Property;626674;2017-01-10
fb21aad9c4120769c3eedd3d7b35b53eec81fa3c023495be99404579758ef00e;435;Property;676655;2001-02-19
b426710ebebc82c493317390977cd73eb7792f6f1f2a7cb18a97b2a89e8a59c2;207;Property;77283;2023-06-26
cbfb6812362b8aeb1a49f23658c7be50a3cebf9b7336276c86dc5d933adc16e0;4570;Health;272259;2014-03-12
c4d223847dc458ad51deaf98333edd0dea58dff87f6f318ea4b8bacc4cfa6786;142;Life;340912;2010-12-21
ffd7f36108c29e99fcb5f9c66d1e65d0b13560dd280d1bfbb2beb861537c5b31;5088;Health;794563;2020-11-23
6abdca7d66b134ae1288be50d79c37c325c1616014d130c47c05219cabfc23ae;2650;Property;48081;2009-04-10
d58f2997219dc2ecfeba443eeb49cfa197ef52aae70e11d35dc51a470f7c0f91;9426;Property;16721;2004-02-27
214162d2ade6a76494b58b6e0022a332298873c85d8b37a0438469b372fd3e3f;2131;Life;782333;2019-03-12
2c4ebb59b870d69b01921c9a395ab0691f895f833f7722c67bc58e43761fddef;9815;Life;636483;2009-03-09
12791d5eaf2e13f0845ac3d0dc7f09246f1ce6951c111e444ecae47000f302af;427;Automotive;692393;2004-03-16
5b8ca661a2311eb25be121c47257c6f9dd72bd08680d9599db9aeb54c363a15e;133;Life;500771;2011-08-12
1dc42573c8bca8278493186786bc9cadb204be09214fd9eb82937106affa6325;6135;Life;642990;2013-12-01
ccd4cc4196d8d173473608fd68c5533bca02946b86bbb45108d4facd926cf4cb;1715;Life;411633;2008-07-27
62347ca1cbc25ec3d1e93769a9424dd66afe1f813a810fdc34621f6777f46a6f;1817;Automotive;248143;2003-03-12
4b098a08a5d61d55ab0acd06613572b4c09776da7a2868a7d48dcb0cb0259c37;3762;Health;832469;2022-12-12
6fe2a5017281a6414655944b21e980ec3079b6dc01703e55282e5e00a27b7d18;3363;Life;408205;2016-08-18
fe562908b9d33e1d80865ef70c283fed5cdaef5d4b10bf31fd24e0cd15e5cd9e;2363;Health;938403;2015-03-05
618f61c78e62624419e4236c11eebaa8c1412f0ded3b463baa93024da1c0adc7;7541;Automotive;930910;2000-01-06
d900100c4b0dfe5fe73053c89823b17a2eda97b768539749e9457e817ced1e12;2153;Automotive;890833;2018-10-14
aa1d265b63c02a3c97269cfbf93c737c9cc74a658c738c79a057d0dd972490d9;4909;Health;583074;2001-02-24
4f7649f779a8eecaf6d70770aa25eff84bc1c7c32b056b85bb856febbe3e5042;6333;Automotive;61572;2001-06-14
3e113a2f499bb65b465fb803c24c8c9adddaa15937a20d5d089888f7095489e1;577;Automotive;495271;2003-06-11
4b10e692aabeca7044fc8b3cf861751431e7afd8f23b176c41008171769a07f3;5235;Property;357731;2004-01-18
70bae4e71fcb5fb3708d78c4d8d6589c664e3642c50d6f3479e34f04269aa374;8140;Life;636849;2002-07-23
84c73f6d1fe8e4ebd1b7bbb8a473f1b26178c467bbbadb094b25ca31dee8c0dd;1902;Property;629356;2008-09-16
d4f50119528762f06115a9c750a9bc196667876e14dcc45db58f897c4fea06a2;9383;Life;251507;2021-06-19
5904aac035f77fae42ef49bf591a175dbd9b0aab98ce02e477d4a63a563c6ce8;5979;Property;338530;2018-03-20
51eaab0cd61bdeff1cb7b17bd1a2c689ac3737fd3ed9a8dea3e59a76ffac20d1;7960;Automotive;186818;2011-05-23
ee94a4b69304d5ba000fbfaa9f49c5d3851465a29481a4a65f53a7b459327fd4;1122;Automotive;813449;2012-12-18
d54e0edc58863346c516400b36f875e3690ee2877aa37cf5ccaf6b0bf3cba42e;6823;Life;541387;2016-09-19
f2836009547a131ae42ef507dbf5252f22fb0e3fd60cb61d886e20d57aa5c059;3125;Automotive;718265;2023-09-14
2177e5d8831b869b7baa2c68d431060667c8fe5be0a3397d9068e3e8d0cbdbc0;1571;Property;812906;2011-04-19
335a55262a95f5a4a4dffc8e562a10fb7fb991c01695f980b3939ff949da1249;4145;Property;162397;2009-03-04
a5d1954166a1940cbd978d2554dac890fa56d33ceab993e7a0a04e415d50c00d;7686;Life;12615;2003-10-17
167414452f527e8859755727e464e63c913a03d6599277d1218e0b750fbbc8c6;8623;Health;196636;2005-11-20
49321309fe18b09b2bc4c4fbada077915280f8ea58deb0f04041e9671a6b517a;6650;Life;669201;2017-04-05
1ac5dcf40439145cc214c2464dd3186ece6795a2e7b4633d65d6111f9b52cbaf;4735;Property;586927;2022-01-27
3faab418924f18f8558f36b9d7b20bbf8a169b186666c618cbfa02e9bdffca4b;715;Life;257728;2019-11-15
89e87154f25016eba40dde130e4bfc4d74bbb5ca54683092faa81c568741e59a;9641;Health;658754;2017-09-14
05f87e879ca20c4268e9fd4cb18f8c813848be2c43931d61e97be63f7ca9e6d4;288;Automotive;788612;2009-01-16
5ee85e58abb678d059fefa53ac9620847dd7f3736772a225434cea1ed99b21a4;4522;Automotive;866260;2008-11-09
46289660dd951d7fdb1d21c42f91c1bbe7c1be8f971eb8ccfbfe339b0746abbd;9127;Health;385244;2012-09-20
dfb4d38a243050b253f3aa4102f4632e88069e789c9e04442bbb82c9ea189f09;9643;Property;764467;2002-02-28
9c78aa5abc3ad30c2437562fb6072bcd0f52e4973b561cbd78ca9c132fad8283;4946;Health;790499;2003-11-08
a979eac521cad2cf88b80c14097dac26f87ab42380dd7d59ee3600c40a9b7f8c;1360;Property;915373;2005-01-21
4b1bb09782e89cbc11a6356033ab33bbad7a850c23feb2d96997f6495de10b95;2100;Health;874468;2020-09-16
0d859c42971a9ef4f1cdce72db7ad91756bc831234eaf760a0e43d77a6706495;6374;Automotive;924646;2012-04-22
ab0ffba48295a9bf431c5f216481307ea0ed0193a64b93d2868cac8aeef74b52;1583;Automotive;60756;2019-04-22
57abd2cd6bdf41a6c5095d6a197f517aabbab320e67abc1aed219c18a64bbdaa;5374;Automotive;603774;2020-05-02
e15566d0d84bd6ba15ae05d4871c6523214cad0b4a76cc459fe4724e916c2370;9598;Property;942127;2003-03-25
1ddbefaa943c2c13754948eec15d0db727136d73e869987e40aac8d146ce4674;4341;Automotive;490652;2007-12-22
c8e0c01aa24977acf16a341920209b82020796a72ccdc0a12e60787f575bb4af;6238;Automotive;219445;2001-03-28
b92e969f456db6d67ec5f828bba3a0ed85b1158bb8e43db507c5c6b6c50a483f;7880;Health;465570;2019-11-23
bccc3c0c0c92487d66ed7f968c5a551463f0cfb7db1c2da5513ec87aceb44434;3470;Life;194517;2023-11-02
e1c626e064fd8b38c54196cabce759fd496a0d64c4ed8640395c0e18f8b20534;1280;Automotive;750908;2012-02-28
2a6bb80c6f4ec1d4965ed9ad52c216fd8a55e699eab92c791d42ce0d216e9e40;390;Health;534231;2006-07-13
71c25025b3c82d57ece3c59028473e635fa51eb519215ca57ccfbf9bfc03d898;1196;Health;49856;2021-09-15
04164393e3f658f3c0ae543262233aa63a6b3f6efb4d61bd9988014167dc779f;8326;Property;262041;2000-12-27
e665e4af740112b2636036dff459f471e2853cb631af2ade51277a14378c185e;5747;Health;472886;2012-08-14
5b505c7f2e2b2d22292c36d9a0c76f288e3c7a4203dd0e6c86a6bedb2b3c1719;6251;Automotive;698048;2008-12-15
fb0739f8380465cd0ee8ed62fc4392d5ef91571c05662208d78659ff798c034c;8457;Life;721381;2018-12-02
e7f9d0584d043debe363274d3a3a760efbdcf0507bb8f84f890e4f9708b7268f;5002;Automotive;14418;2012-09-25
5f6f16e8ad3ab3a88f6b8a4adecc821f7f02b4ac566deef78189da2498953610;4509;Property;181149;2023-02-18
e7b8351b1a7d2cfaceeacd8efc73736c4039d14cd3f50a7b26cae77a823d71fd;2504;Property;718814;2009-04-01
b5bce26f3f83793408185e5502929c66d82d228fbc30b3a37564f90ec1a0e2d2;5196;Property;114919;2006-10-21
6d6cefb647b8dbc207062db26118ac80ecfe7c329f87d2390341df9a2de9598d;609;Property;321567;2009-03-28
9b60fde6e52a8567400fb6cafa2dcca1963cf9e25e82e888a249844932dbd64c;9470;Life;701408;2022-10-21
3ecd9e44ebae37992ad6563f9dcd7ce35fe7a29e8f6927acb29fa2d98b41dc47;293;Property;660185;2001-02-06
964a3a21acbc43aef8fc8d9d66a5a97484c7f3f61e1aca49677654f9046646bc;7744;Health;642253;2019-05-22
a9d8753165113105e7b2ce2414909fa1e754051b0cda6858a41508859246d7e8;9083;Health;651420;2012-02-21
d6fc1a7dcd9a584dcc0de8dfb20026d532297138dca14a17eeb7c431a65b0f83;4198;Health;95291;2004-11-28
3a831d2490af12bcea73956e28c6c2c1e434a667a3b7acc28a7c3f12dcc02005;1541;Property;43675;2022-11-17
3025569caa99d7fb1b6f65e6fcd393d7a4359462226d493dc6947271e7d4d557;9550;Property;346862;2011-03-18
81b91f842121e46e112f97673fe46d72bbe8c8b5406b5a9d244870969a821e67;3138;Life;310076;2021-02-26
4b5d2e165f7a43f37bf414f4312a1236a34f455eab689c5b50e9fd8b6d8dd237;8036;Life;770643;2001-06-13
7fb62aeb9ca72114fb515e2b9cf4aeb02e30f723939c7591c49790779a26369d;8292;Life;576749;2016-04-03
ab4e1a31a063b4cf9b4c72b15792c8d99827ce2180aff208edbd17912a85d00a;1526;Property;989124;2003-03-11
c0deeae2a2f05c5ec896cb01ce325446ae2ac1a0ebd10072b306178c3446b7c5;8594;Property;938943;2015-08-21
fcab8ec00f0e21a27d4b4b8b6b8a28fe5b374432cc20e1625874357ea2cddb94;3445;Automotive;375511;2009-03-17
7afc3e4238559e1eba3af5e1b3ccb264bda77528c16d9243464e7f1b9f652f64;8889;Automotive;351177;2006-09-27
3785d61a5705f35bed2a15b1f927210181023ea374f66bf3ef6dab06cb59e753;5790;Life;889219;2014-06-13
99c3d9def3c07366665f84eb4f9f901893e25769d4ad6be5db09760345f67415;8487;Automotive;711388;2022-03-08
24d1eabe3642aecaf307fb23d93b2730ac2a83fef9b8a116d559382a36b39c3b;867;Property;672642;2001-04-22
2b7bc08ea1cd6a4a6e19103a5bb2925ddf21236b178f6a6c98f7d5e8dc223c83;9137;Property;851629;2022-09-24
2076c8173cd70d5c433d9220b8bfe8914921810c7481c25b24f74d1f2cc2fc50;7990;Property;29648;2016-11-23
56e01b5f4c45531c3d0e96d91e469d417c3f9167d572c7d174c28145e86b21f1;2775;Automotive;954190;2008-05-25
58b0ebae7f48b55522c7cb91a88d953a23320c7f4f773d6ca403e5d925e5fe47;5508;Automotive;782373;2005-12-02
6f21efd303c6552c365adf7ccb6a4ef492b4d82bc13d4c0a4e00098626b6016f;8062;Health;429010;2006-09-24
98878b09c72a0347773612188cb6d0523ebb0b1cd8a625bf0c98bb63526b0b29;6870;Health;202143;2005-05-02
5b3f5308ebade4c1785a95bb64dbe9c54ae92ab23eea27aff6a45e6609829704;9728;Property;82331;2004-10-04
94e1c595a5c2dfed583ce6ca5500a53a67d6d1d4dd618500f2b34a2918d09c45;9875;Property;813503;2006-07-20
d0a1639302a6f9188c1eb874e193b6bf092971a982800609956e701352dc28e4;5966;Property;330637;2006-07-04
ed34b26491bfc6014b557f4edd0d948c487b36e8ca822789759e6bbbdef7bb44;8733;Property;394070;2007-11-04
9ffe87d05f6348bd40c0fdd0426653d130a459bb02ef4c2f43a42899d5f88956;5624;Health;483293;2008-02-22
0472122a88f23260eaec0e7b060ac35f637188b67548a3b40d65f81631365225;5452;Life;175655;2001-03-14
2d65b8e596675ec39dd7ab7b10be85b9bfe20ccae9fd7782ed22f26fa9727d65;7797;Automotive;629555;2013-01-13
ee7f7851f3c111efaaea70027dc7948ab9962241a7fe557221a6e9774703456a;1579;Life;167975;2007-04-07
c91c9bb966563eafe18e3674df6db88515685e2690c13b4b4dda1b2003688525;6012;Health;784681;2018-02-07
441b60a0ed184eb5205dece3c138dea30c023156ecd04924ea33c2551c895ae2;264;Life;288870;2001-03-12
f74d040e0718b6f24c75ef0efef32cb4bb3d52b893bf0a19aa532a8af582d4e3;1004;Property;954881;2006-01-16
743bfe6cb291046f128184742c50f5ef6a947ac9de07ae6427e6a6bb98f5bbb1;3172;Property;318985;2015-06-17
62f2fe4e9d4ac8d1180d51973e6e05e4f8c13c0a6379cb5e005f4547e7a067b5;4708;Automotive;634643;2009-01-28
ebaba98ab53f5bfe4dec1067f26cf89b3b11e875861731ed202082fd6d342b38;3482;Property;798552;2013-07-27
e36a7e58a561d9c6fac52eb3fe937b864e8ab344a295eeac5cde7b8145ac0d63;9242;Health;475341;2008-07-17
d07e5b997b7bae0926179cc16f319a9f93e3458ec672267690579848fd6cb7da;8443;Health;571473;2016-10-05
d9afe95d3f5e46aae4bad58e106501683efd485dcb75aab9f3f5a11fab98106d;4668;Automotive;777074;2022-05-21
87662e2bc80e84dc7802deab4388ce3cd69e6bea76dde48fa8c38dbacea2f679;8920;Automotive;488161;2019-09-07
06e15094fce9f0645a670d683b7863d8ee40c19ad7b24f0198f239d04ff9e809;3496;Life;936749;2004-02-14
ec641520d7a7a2a7c4959e639dd1dd8b49646e5d8755935e5e8db17c067aa302;8657;Automotive;312722;2008-08-17
329dfd5e3dee2233baf7678d778f031a0a821d507fb7e13a519a8494c260fd6e;9192;Health;384445;2020-04-09
df964ce63aa55ea2becc9dc793fc53b6603523e6bfc8ac44dbc518ce2c5e3b88;6309;Property;412714;2005-04-16
3ac7814dff55016b14f55ee95353c12d171506adcc4f8ada94907b14892df395;4937;Life;122439;2008-06-10
3802e7dcdf5acb7d00317740c175cb3ca002a07ccb52e5b5a81e83075b3539df;1674;Automotive;827568;2022-01-02
58e6f4ab0982c4de00f066c4557f09a5ffd1bef9d901c5ddacc136d8b44010cc;7431;Automotive;426616;2007-04-04
1d833958321c3eb229170583a2a96379423cbaba4af1b8c12d201723af811913;3328;Life;470932;2021-03-16
974159c9be621d4d7e5d68de174545c704112f64e04254ddc1772cd2308a88ac;498;Automotive;194209;2023-06-03
1d3e4966e6d3535481ac3291b87f93a23bf338299564ad336e592d5f57d4d6a6;8139;Life;479095;2017-03-14
47f8776921ec735abe45a9f9095582aa2580ff7d3bbb6917d1317b69c9ff2281;1143;Property;603969;2009-09-09
d59caf363541111db6c1a10cb5ccb72a73f7784313bb159eb5518099518b06f8;4483;Health;35287;2006-05-08
05c47b1180c19de69682b162187f23b62edb9936cbefa9a4feafa693d2a57a1a;4654;Life;590606;2017-05-15
0df3de3a76d8ef38d6dd1d3298c14f285b89b8f33f2fa40ecd9c1c79048a039f;1668;Automotive;130198;2014-11-19
bc4f0c5a1ada6ba98eae30fba254ea8ed1cbe48a14ca5617668f8a58330ed056;3604;Health;108947;2013-01-17
615bbcd9c1158465111910c3ae90705133f52eb7b4c5625d44aeac13247e4955;4505;Health;932494;2012-01-21
69c6817586bff4d0fbf5d9bf682b7fba0e9a31a1f1abc492d3b5f13e30bf9054;4271;Property;838202;2005-03-28
ef1ad73060fdc5d4be6c8eee4b5b69f00700110e63ab0ba850f23c01b71b19bc;8383;Property;976231;2020-05-07
77fa29ce2e1cce56011d7df7c6f3d0f6b028a708fc5d16d9ff1afd4c886a5d7f;2100;Life;959354;2020-02-24
ab2ed7cfb95ae70068f62451c1d161eff1044d2ab76e9e7f6b683a796234706e;9356;Life;372661;2008-10-05
1015978557ac5a4a3626ffc489bd5e8993083b95c3af433eb6cfd8bf51c2d7ac;8714;Life;603120;2020-12-05
9c66f693cd3b862fff350f78a626c42d13a8bd01ce1d0e244bab949c260f52a1;7136;Property;386351;2012-07-25
50bb2f9afd3ffbef224a036273d872a375bc7a869f47aa1bf241fe122d826634;8511;Automotive;585788;2006-07-18
ac091fa745ab370fbf691b83af02d6e962c9370d969a8abbed215bbc395685e5;4112;Automotive;789260;2023-03-19
58b2d0f6646aea084a2444f22c71cf83c9f14ee49c40dbd9b2e13de74770c9b4;9337;Automotive;82259;2001-02-20
6d6fa0280b7c4eb254bbb97c09ba53242abc2bb0674de66dd300d4472e454312;9745;Automotive;445575;2023-12-16
c117b407eb6484a5b428c127956a02c3444dc1a20f8e0219cfc9efbcd0d0fb82;7317;Property;441615;2013-12-24
0dfb53f357ff7bf7161ce3aecdc57bf9c1cc6bff22c7cbb8c98cfe02c5c549f8;7272;Automotive;715226;2009-01-07
58b6502885ba57c9051605d493e3908adf00152e1bce87546eddd6b605e5ef15;4527;Life;926138;2023-02-03
5bc28a7f3b4e2f542e9bdec8bb8d4a92c7c132c01873ed1efec65e947b243d02;4870;Automotive;267617;2007-03-16
fea907fbdfaf1c1a6bfbc60b6bb3d78f6f97b3630a95ff33d7ca89fa85afbad9;7426;Automotive;143490;2017-10-22
8edac7efd06238b534ed4c414e3d246d04d7241a675983095d80b4dfe0169afb;4565;Automotive;937133;2001-07-26
6f098747782ac1eec81b257a1b43a77fc78e745edfa16fdce0fa68b7abf1e7e8;6362;Property;697533;2008-07-19
8d90e4149b1a1ca3e3bda7767f3488a72c8577f273c18a397e111e5b84414acd;8884;Automotive;735731;2016-09-05
70f443d80d7180263409e19ed896ff3d14963fa0dbae388d5d226a8a6ec632bf;104;Health;358260;2011-10-04
d255446ece6e6699aaa3cf38f097a84fa50827f13726d44894ba7b26fa442cc2;624;Property;548284;2005-05-15
6290d320757f5cb2034fc1deebd82c953bd1adc92ddccc4773cc9f1a1f1033d1;1997;Life;10177;2004-06-12
9dca6b4832b60f35eb68d35804ef14e26b13c111b3970b078b0a4508277c0ae8;8498;Life;954740;2010-08-10
ee4140ebc7f8033fb4ab9bfa69846a9402aa429f0f805bf0d9d61669dc8d574e;4978;Life;46580;2011-06-17
d863de8c406f2a36fe692b5b1f88d56ccb1300309ea3845efa39d6434d40ec1b;7087;Property;468308;2021-03-09
f1aa64c54bfba882dd8a38c9109f46a65be108f565a098369562eba0977b1522;5717;Automotive;398857;2020-07-24
14accc2669e781d6eee4b94a3001e51e82cbbf3afb0813e655f7c8418ad3dd4b;9569;Life;733671;2022-01-02
09d7996bdf160709ce1c4922ad80bc5d447badbd63459bb942fc51b51106a466;8744;Life;528503;2022-11-18
510b0dd28f50813e2a03dbf0027b9092ad0730530e69d8b6d706903977c491a4;4366;Life;855514;2012-06-13
ac8b23a1e0d40ce089178ae7dfb03a95fb643e947babce9ddc44c29958239d48;8332;Property;255278;2019-09-02
a4587d34489b0306820fcb6a75f538a0a4a49cf13806be06f4a7bbdb1599f57b;262;Health;58361;2006-01-01
211aaba47edbdb8ea4c83e636a17f531d2389671f330a65d07f02b2c9a71a5e7;2737;Property;335907;2016-01-19
178627231377b2658129a04238920875fc2d9c9fc0f575898fd926fa396073b5;596;Health;346178;2021-04-23
f0a3d8c1fbe99329f69e88daa81b0858d886f0e5a7689b73ccb540d21ea0f53f;9807;Property;599591;2004-04-15
6a07c6a2edc366fccafd050c6c3b59d09a78658cc4311dd23b6242b100e6d3c3;9888;Property;804088;2019-01-14
b7e2c2adc0d5f95636656baebf67bbfe7fbca09bbc39ec4cf476200e0e30b6c7;3605;Health;180929;2019-01-21
a7b3dafd3c24680078c18f7e57c228f5dd948cc7d0533387543df7fb93c66d15;8299;Property;924728;2009-12-16
0c9837da04228cc470f59b1e77e29623e1df8a99107ddb3f95d277ccb500928b;7707;Health;843377;2012-03-08
578fa9bf61a92435d2e5520c1de2dd0098ea2113c273f6dcc3e690587c4dd698;7554;Property;3928;2017-02-03
6fb11ab2439b6548a8759a938f4a66e0014464f419652472aad6f85763c7f0df;2115;Life;572079;2015-08-01
e66b211abb70533beaadc5351e0d71cad5e4e6c71487f50f3df3e19c6378ca5e;517;Health;118558;2014-02-13
4c3dbdd5b9ec1f516a8e47d55c38c45be79f64875e0922f0b261aae6d5dbf1ef;6663;Property;130765;2012-07-20
19fba8d9d0e056cdb5e49dc1437574443423042ad4d53d5ed15026a4a74820a1;5611;Life;819767;2021-12-02
2b319977777d81cb81c78adb6fea143523aa214c1a8a83e4bcfd8e12ef498031;6559;Automotive;790609;2010-08-24
bd48b063fc85acf7681c9be55e70e4060b5f0a5e17fabe69d94499c6c08512f6;9982;Property;883602;2015-07-13
e0d4f7dfb2c04f96f1852d2b76d2e0da2d0c5721cddc6002fbf3296e4db84713;6014;Life;155822;2006-02-20
4980d0c8503e2c8221074c6289f54cb255a67cd3f7bcf6adf6f77922fd8f3a58;6445;Life;538508;2009-09-04
bf1b3f6228ffb2e099553ebdabcfd59cf953404cd233784fa1497f9177519c7b;693;Automotive;290745;2013-06-11
84e48f1956b9a3114f11245bb6c14a88b4decb928d4effdeedac21a8f9fc3ece;8577;Health;796614;2018-02-23
be7a99954b4cd0a5cadb58ab782d5d7e4285723471138d743fc3171215de935d;4755;Property;506134;2021-07-25
e2eb3c534b3d6804ee111410d136a8bc245cd1529d3c757690c7eaba1d4eeabb;7422;Life;604558;2002-10-01
2a1cb8ebc8587b65c01a0309703884820bf6f0c3e0a2ef520e140fac3c4bf3f0;9814;Property;790103;2005-04-20
89593939943fa54d86fde28b903fe889825da138ee6a5d826bcc7fa423c263e2;2279;Health;173219;2009-11-06
83484ad74510482f62e8f43d820dcdd8045dcf65ae7f36774ce254bf78bbb64a;734;Automotive;661082;2008-12-23
dd0de9c5e7f66ea242acdab67380f6a6a7fda20644ba6fbb1b22c0b18223a110;6020;Property;532383;2017-04-28
c8337788b19d9a7eb84480c1080bf4dd323cd422c4b1b3cfa3bf5b7beae6fad4;1185;Health;640561;2010-04-23
ca79d029ef3a0744f8f4b0ae94067f3550a228847bde47d32cb87c65069c6f37;1117;Property;536505;2003-06-17
1fabf4ba444967ee227156da5a4d45708af2fe29aaad075f68f161dfa68ce273;7615;Property;107734;2005-03-18
4ae6c8f5ce9ebf29917ab500b8a266dba3567596a45dd258fa7bbaa6dc687ae9;6210;Property;997050;2014-05-12
5c87dd277abdccf36ab96f9a37300cb8e930d783413301efd423939511c3cc6b;8938;Automotive;502530;2017-07-03
f446e015737d9e72b4aec95643953e3e205ae1fa5ba8faf7218ff038043cadc1;6635;Property;507382;2020-07-01
396f6c500e963a7ce945cbc7e3ecb1b461622a107c9130c9b0b3a2cfb6fdf81b;7655;Life;114286;2020-02-09
7c7c0099fa02b1914fae1fd95511990ea067ec8f2893ffe2604274a4f6b34732;2336;Automotive;237680;2002-04-08
ed1af20e4b5fa921c02308a38108bca9779948c070deb416cc4c1c738b2c497e;3766;Automotive;765227;2019-05-23
9ad0e3cd3b7d48a0b15502defacf49133add9f598f55687da1604ff877a85b98;6838;Property;615932;2015-06-15
5e0b0afc3bea2492bbc2b8c7a82bf6389701034c8a0b1793c17912f44b20f6c7;3602;Property;530696;2013-07-08
7bb85332ed5fbeaa1bffab2e71a7226e8ab0ac4796a56d7677a8d67dbc0842a6;6432;Health;27708;2021-03-05
e6152ff17496a8c74936392f70db0c187015f41031cd85aef15ddbe1dfde252c;8790;Automotive;196422;2016-05-19
ce0d028b39d27e0aa3dc85ef4380d0c6992298a67e19c9173b2b56c53bd66c83;4707;Health;467568;2018-09-09
d326b2f63f26fe9940449fd4b8ebb079bf5f2d754a3602207eaca5aa1fb17125;6618;Life;187942;2006-09-03
de55e8a4a39c1313bd825d7cc0e9f9c490289498b0c5d3ebebb87ddcfe58f5a9;4600;Property;930960;2015-08-23
a262b29c99485255ddd5821a415a841903f80f71be8b343d9a92cc2f19155e63;3396;Life;994528;2000-12-25
9819051127152f8ae81f0c6fed80aff145deaadb7618a9fa23b7128e6ffbf69a;8292;Life;596238;2022-02-23
215d1031d0e290630ef31a802e2fb9ea0e8d4fe329a2eda10d345268bae8baa7;1837;Automotive;260744;2020-10-18
3236bc506987fbd92c0f004584e13c2fa4df418ce711f54cb16d06e6c4b532d1;8052;Health;505765;2017-07-16
f78db7f98ae3dae569aabdb6e7fa2ab30460cd80ea73a98239069b950dda6446;8287;Health;420227;2005-08-12
1afda084894be5899d43829919320d08a776ff2cfbb74549ab9f93abaa461ace;5043;Automotive;370739;2010-07-11
0bfacf389b49cc5b602533e4a7fac430a8a9156f551d1130b5db37af52c36e6e;6624;Automotive;393407;2023-08-03
986a8f81a019eb1ff681ecd9ca26c945dbfed38d52da2ac18be7ceb573b2526b;9079;Property;457729;2020-09-07
46493b11d3da06f374ef77db90b71b133227bf59d0f8d3647f863247788e5d44;3502;Automotive;893137;2020-06-05
e8ab53040028347fcc6a9d136ab19d4903d7ddc197be4fa1a782fbc519267c87;3026;Automotive;668329;2007-07-15
1f64bbe90a3d5d5c9b31a321d816ae56ef3f900f966c5655957d7b273d636c9f;6226;Property;364613;2003-04-08
3dac0e622cdd57f624da0fd4fb5f4154884ab82f864a7be88b4593a4467e9c6b;5976;Health;830279;2002-05-22
7cf0eb93413e8a34c8eafd78d5baf847ba4365e6429eb2414c8304e4b0322bec;3870;Health;737121;2019-05-27
940933c4bc96583566c6a6256e1878126983d9959fc8445e5e7aef4e859ff7fa;9443;Health;979518;2020-09-14
1a048897ab98d06b13f6640f3fda98e7bb88096baeb5465f7c6ff2166736dcb7;2803;Automotive;689757;2015-01-05
bd0f9ee28aad5831f11b04e9512c18618f7ebe8f7348fb1826f86ee7f0886b03;9168;Health;144465;2006-08-12
deebc05582878d975f099f9e389299bff3c90638314ccd013a43fe7b5289665c;7545;Health;732004;2006-12-27
07feb4bd314d701af0dfff5e2c34acdd9b4f5cc7d62ef1b311cd426a0609086b;7448;Automotive;816614;2019-08-03
07af1631604bd6eb54af7d5c9cb7715ae21d29f94a698397102e25dc2f8147b0;8439;Automotive;90132;2014-09-27
d85d9d87b6b9ab2e3fdf5c1b803a7c652372a987512e3112d309a580928068ed;3183;Life;222003;2017-01-28
dd89c871a3e573b40519af4f20d48c48002de31e23dacea1e847eb2ce63d580e;2338;Property;168597;2011-01-21
06a2c258dd5213831cb7830fe33a25d2b6ac1722daec3800ef999c735ad1d846;1735;Health;220286;2012-02-19
475c8b321e16494a325ecbd3f1967d1e7b9671ae9b847a91917e864ddf8640c0;6045;Health;146164;2015-11-11
35347b6854c33e1bc51b55971b6c9795a6130b139b0f9d371c95609f4a7579e9;3222;Automotive;315763;2002-10-05
3e226794815a095f5b4dc5eeb5fb8f44c689ba6040ba8d769d31922ee97d4c74;9433;Health;775709;2008-08-28
100a1aec0fca8ef7987d144c07392c9ed6286dd5ff65787da82258c4fa9a802c;7662;Health;685522;2021-11-10
520eb0b369389406342568b0d84ee1d411491da339c1066afcfa00fc4ce3e42d;8620;Property;854820;2005-04-04
6df19823af987cd111ef5da6290e709bf68079fe48fcdd18a721a4c3e6f2ef28;2111;Health;226487;2012-05-11
3ec57bfff58c28d0552d3f47a1aabb678e6847e0e8421e6a3d8b0ba1a518d957;8794;Automotive;179784;2003-01-09
1afb3bedaec9e4563a03631ca7bd298694ecddd909c5f8161f90e84d8c62e2fd;3373;Life;73302;2015-09-19
4e4f628de6bf93cad8122226a7697699aea3cde00a8e4d0e6d42da7ef096f6e9;6789;Property;649441;2002-09-15
077b513d9e896aa6e53688c9bba1148690398eaa87c244350fd67816401cec36;2826;Automotive;150431;2003-07-05
fad719f4c0e1a588df69c1935da51cd9b19895f558c2d47ad1d21d2c123b543e;5347;Automotive;707962;2007-02-13
fbf4ba38e4c6474ad416ab0b5616de5e9a2fe52707d5d469823e657191a8720f;1722;Automotive;337102;2005-03-15
28e240ca920a59c4d6c3a98997e34fef12ca9cfc243df3131e3fd06556d956ee;8978;Life;226238;2023-01-07
1ecf2d1f126cb55b23bc32d96a93cea81263dddcc38f23ad26413ef7c04331c7;9526;Health;784172;2011-08-23
b6cbbaa763086e3153ceae362073dc5ff48bcc5fce0ef807c0527ab15a04df3c;1870;Property;805145;2004-06-14
1f8f6cfe8c7602ca18201ac0a5ceccddb802f632aec78d808c6acd964248437b;5765;Health;428582;2023-09-04
d434f2af1a91ec2dc98859f02f43fa8e284573470b1bcb594265f572b6a04dcb;4911;Automotive;357085;2022-08-24
9858cb0b9fb7257aed3024b1a0561fb3adb267cd7b13c066eb0df85c8a38ec5a;3116;Property;463041;2018-08-24
ba01d32873402c75f0a337fa964eaee16281728680344ee648f4ebb877b22839;1763;Life;292853;2022-02-11
501e113d4cfff0a346c2adf9a2278f918e0cf737473535beabb7f01c7367e437;5543;Life;959098;2019-12-28
090fdbc619b305ccd4cd554d137ae7e26126b0dbebfb3651de30e1a1f0fe1116;5934;Life;851879;2012-03-23
664f093f4c74ff06b8511b2437ec4c2729483a63cd656ede3d5399689b605d79;7474;Life;19579;2013-07-22
b00b681b23c9389c1882fcf431510fd8fc1d80457eadc663358ea98dc1c33517;1559;Health;356883;2018-03-10
de0641ae2e8ba62cc10f817e3c8692c789eae678159ae7ce22735ec90ad05dc9;6576;Health;133915;2001-01-12
606c2150c84bbeab97dcbf547d1ec2313d6aa1161f685adafc022381b4a411b5;8836;Life;8479;2005-06-17
621997ca6d796d98cc5343cbe1472d01156524ab305e73fad0b137f5ff910852;1737;Automotive;298949;2014-03-14
814ec919217faf2aff59789724e67131618d31c3351e8e61ba0a2e4f98cccfa5;2578;Property;556586;2008-02-15
398e92b73e7ae41804a5c90b8979306d24e0dcdc44ba94c967d051402d15220d;1601;Health;484615;2014-07-13
b877763fe16df95c15fd19a79daa33d9018e65d2a911ef274a87e0e078b8e1ff;5202;Health;852297;2003-11-06
e9805ec72f51e08ae81f2f3a6e6259327d7a734691c8bb6ea17b83fae9012339;1836;Life;525740;2000-09-09
bf4d6553b9ce311c5ab1ea3044b84303fbff355b4f5b2e9a92b33dfee7a1e241;92;Property;984993;2019-05-23
2e0ee8fb2bd27d8e2a0e3326d62413f533092596234ef263fed97363e241e3a5;6815;Health;358956;2001-10-03
09a143d997425ca32914a2dde175c56122ae240ef3970df0aa7b15497dd78e3d;9416;Automotive;541104;2000-02-20
8625e37f5af9fe18d5bf606975b006311b76caa61eed31dbf67f7e9bb7ecfcc8;581;Property;298400;2016-07-20
928377284ed3a308650333a9246228779c2925ac9b09d2a8274b0610ce0797eb;6573;Life;324638;2018-10-17
63ca42fdf7b0a6aa7f734e8ac0f941159a1260124d9e33206a299f55643b7bef;2900;Property;708190;2021-08-09
57092a309378b3c9714a4cfc6d7f8183b555aea2422de573aec80a90fb28bb9e;1335;Automotive;287072;2005-08-08
a9851dbc3490e823d82d0122dc267995110d278ef37a536cad5991bfc21bdcf3;6912;Property;553412;2012-02-20
6c02ae323e0c826feea4f6cfab61e21fc133616a12615bb9d09fa0f628066d2f;5335;Health;233675;2015-11-20
c2feea6158c78a6e27b4676f492daf000da09fe1198e4e4445e496d39f21a4d4;534;Property;886661;2000-11-19
21909ced208a79bb7a79a7ffbfc1af7072a84c7b6cf542c59920b5f5ff73d05d;8998;Life;360144;2010-02-11
f584ca6e1f07423fd4d6197492df388929bcf76b4ed30b01c54d7f0afa5c4262;4261;Life;737059;2019-12-26
2b4e58a70bcf5a7ac1bfebbe7b5c0ecd5c207ca38dd319cede35370ddae31f82;3356;Automotive;298564;2002-09-15
30244badec2a15bbce46ac7e45e27028b8e4321196dce432c342ed8c7f3c89ae;5599;Health;806205;2018-04-28
cbe76e4568e74fe61dd928c633c517b55e51d3e27923dd410173236394e01f75;9752;Life;749788;2019-03-25
290a6ef0d97f9a726c7493dd5a7eafa2a4a14df9285b09d587feb5b172a9d991;3517;Property;462053;2004-07-02
672a6f32d038868dd803c88b90c7d32ce341f5e14ab471375e53331c43caf6fa;4041;Automotive;284682;2009-09-05
9fa928153248dbef0c1648157aec198c2ba522f109aac2361187d8acdeadc7ba;4727;Health;303205;2022-09-22
0a64207d023afa952a663098e9130a756204cd9d6c73783cb3ca1814025ce435;9795;Health;722957;2002-12-03
402092defdb7c364fe363306a5d41c6b10cddbe2cbc7be9aeef6ed059642ba5e;3717;Health;890574;2000-06-22
42fed5938399794e9c4ff6ebd4b53cecee64b6a61cf437c9f11e0491c4162ebd;2102;Health;840869;2007-06-21
f747f2d9b5a758728a36e6d35f7af63d8ba20693194b3fdcd42347c15cb9ace3;2082;Life;439626;2001-04-20
627a1b6fdc3e448ee0e9fc828a9cf0567f216ca16f641e2ee710501cd6371a6c;1662;Automotive;310961;2010-07-20
a448ca766658a4bb0ce7714d2bfd1026a97fbd1e07297f28f1df8d47ad64a991;8079;Property;815843;2007-06-09
017932dbaa57bbbc3303b4bae7bba581c6965b58a4805bc0c0e0cfd78180aab9;1547;Life;977362;2011-05-24
a6f63b7e860e8d89865e7714265d7ec1eb10b2d1fc8d4db83abf1aef3219c635;1779;Automotive;270011;2000-11-16
c3cf8641969065e53dfa4026ddeb99063498f67751942c5d031a91965513a860;1263;Life;422182;2017-10-04
77132bca7ca79847412e6375bb39c7cc52d403e5a98d478d36e2aab257e172fc;8032;Health;38508;2014-07-08
06b575fdedfc5a3863b90216566917040f6dbeba58c9663d85e004e384ce8071;6967;Property;282410;2019-08-14
b5f86409d1c1aee041a89edef099825aefaa4c2ef7ee06a63fb8e534f43282c8;6944;Life;656645;2002-12-10
dccbc4b74273d480418ff8a017d8a4c2a887a5482507d70ac263c74888074b94;6776;Health;588981;2019-01-15
d3a9e0a16a4af49750751ed0f44f518d431b8700a8ba53f6d69dba79ff1522df;4293;Property;882737;2001-04-18
38e864607940cd4f7994deabc8cb87b2f311ac67b36d475ff7fbd76812846c0a;6741;Automotive;364852;2022-06-14
85937cccc6c9a2a2658bf3b7509fc08632de981d09ccc3495d96e77bf2e8fbc6;2662;Automotive;38762;2023-06-05
e2bf2f31d67b12d1b491b8a593e51f4c318702a3582d28ead085828a5ee189a9;857;Automotive;950569;2023-08-27
33c08ecdaf47a5feda2bb8324babe32591d7861c5d9f4af6bd1840fdcf0475e5;8330;Life;574687;2007-11-12
ffc0f4fb2e899fe905648ba6f0cfe76e89218b0ce973a3d311b3d440aa614186;8456;Property;595520;2011-10-27
89eec8f408e68a52bfbc4b5011e15eed97ab0d61dbba0c32549debc1987bde14;7762;Life;564454;2011-01-26
11898881d8e687f07e3d19ef8750e754c885b31f7d1f54d3896a1e8d3b8186f0;3284;Automotive;993553;2018-03-22
6c47ed76a69e8c5bf160b9f3e3ac8e5f7f42747fa4771cf8acdd39d3a729bee8;3060;Automotive;77965;2023-05-27
5d5fc1b3ed8458d137bb922bf719b0037a98c7da18554ac1f56587f2bedeb627;1177;Property;534703;2020-08-04
b5a272664568afa8b297c1274cbb0a89f0fc7758b10f7c7160867b3d46ed015a;4058;Life;663634;2000-12-01
7c476b5860c84cfc9d37224528fb0d80dea33080987d9489c063741e60cdc3ef;3497;Life;103086;2005-11-20
8c731b8b18eb46f7e5db8ac92770838b4a7cf256e0304bd9fb58be43e259116b;6715;Life;860525;2023-01-22
b8445d3782d1c928f21f1f5bfba7fa1585aa9d2f36b094ee10098072abf3c240;5406;Automotive;975879;2023-10-28
0ee83741fd60b462d94ae6fcb9942f75f7313db577270e90c23f02424f9d7daa;4186;Life;186842;2002-01-02
d079033d58c69e82b9ad504d63c056d49be211e2990d4118d58d8e60575f4672;9635;Health;171651;2021-01-23
df05e7eb4b80802de76aa53f280621167866969a7fbc6150b8b965360e95f6a4;5491;Health;785658;2010-02-08
074f9a933216c929ceda2a867e186b57a66d7321683a34a361509b330519296e;8748;Health;960243;2006-07-27
8923c0c0f434c9fe088457d9f656959706a29c5c8e6e0b0b531a6b82e36e3833;6791;Automotive;358814;2005-04-05
8196bfeafc685f6a5e747f0de1e2eb789ef1fd6e8a68fbdb369ae2f38452ae1c;7228;Automotive;589434;2009-06-25
c02c7cf8704ae79f1e7e01b55a2956b6c6697a11b906a78a90021a9a117bf0fd;3925;Health;898787;2008-12-05
4f2dfd999ef9b1cf8181a0159ef43549cf09ce599f2c2d36dea6650c262f06da;5281;Property;697369;2001-01-01
c37c2e4423b8a0d3438f93b37b1a8ec5af139470591680db77ec4645abc9ef68;7742;Property;368276;2021-06-27
d745f2c34ba6d58089e44775401b4d469adb8d732fc04111920fee8d4dc2ddb7;2650;Property;675797;2019-04-11
cf9272651b5fed3642c8d5648eeaa8040b275d70c2a11874dca2bb0dd962271f;2446;Automotive;819638;2020-06-22
4b44be104ffa600c64dce1a6d5d8ac22ae1843ed610d3a802030e379579d8239;6125;Automotive;117946;2010-03-12
b0335124a772bf72cdd4a78038212a8c0ddc19892008daf4de03ea18bfcc9f24;2565;Health;566042;2007-10-03
eaffb5caf94cf0c0a578ead33595966718d80f791d996958611779c594f6e068;200;Health;529612;2014-10-23
ca623d87da3f26380194bdf1f7ce166232e92764ff639ba14692c9c199d0c7f9;1269;Automotive;749015;2007-08-06
a1a1acefed3c34ff025cd37dd1d952c08a79acc3fd4ee57d8d8ab49e11a1dac7;65;Health;184065;2007-09-13
4749b7c14f114a9cf915fc56dbdf24e983c84ae83a446cb7406e06d0f7da6701;2725;Health;185859;2012-08-23
20d8626b48efb8ab2255ac773e1ca311d4d70f5b1e253e426c8a6fe359d3f5bf;4246;Health;564023;2003-05-18
f718f5dc0c53968225ba527c739d8d4bb179ebaf59758bc2ca9ef8f13588eb9d;4394;Life;178408;2009-02-13
c1794432b6e253745465ec3adabd8750428d9e143e1ea9455fe011f963c9b8eb;8579;Property;601920;2014-08-28
bf6ac9a29f17e40afb7f6836d96b1ad99a64b0505b827320bd66adec107b0a46;513;Health;682474;2012-03-08
2ebae6948972bff9c025ee5fef595e9bcd94b291768fd38b454c27f731089643;284;Life;552951;2001-09-24
ec39a80d413ebd274020977c42af5f3be49e460ff80f7cc33e16f708cbfcdcc7;2348;Automotive;556243;2016-06-20
c4ea11af207f625e96c0c3fbd84d882249c0b5fefe53744c145265fe4aa3657c;7838;Automotive;756860;2010-07-12
ea95ded2fe4cef269e3a80a3ca6cdd7e5f047baecd1010005861a4ef19196a3e;6566;Health;410389;2003-04-28
2229a09705ac071901d0e3c9dbc58eb163b9dbbca37395a1d6601b4879c3195a;3269;Life;249400;2013-08-21
6570e2b0a9a3d7dd7c05528c598e74dd760e7b0008ba8aec5483ffb688b817dc;6018;Property;694907;2007-02-04
c41b35282d98bee16e4feffdeeab800201d21cdbefde4a9d8705d5057b5c76a4;1763;Property;945672;2018-06-24
e78d43dded2f715e1c20be7b0d95ef1b288e653989ca5a7d6dcec0f75bce30af;6638;Property;4319;2004-07-03
21e2d6c05b40f78fc37d9fed135f0203fa22ee22d1a8f63a9954da0736b68fcb;4631;Life;319825;2011-03-16
7ecb35bd9c5be6764c22b65e7342dbd0930764b9500d2885d2b4f18b90bf2aa1;2895;Property;534090;2001-09-21
b048bcaf27199157446531b4c0ebaba40042e0a5ea0d1317ec1f0618337dd4d1;3213;Health;735958;2014-09-03
2149fdcfc1f8e88a19ad931f973c0cc3a10f8ce245135e287f2d5b7deed144fd;4764;Health;168205;2022-07-09
fb80d74070a9d5cdf8bfb587828dec2a73388214020ade3b205197ebfe2dc554;8781;Life;155887;2006-10-23
cabb137635ee36ce09506cd5221ec5c47bf349f1281387bacaacaeb4ab3d93d0;791;Life;330993;2022-07-27
8404248185aeaa51bf46de547a2794b261b6f5d415678e762e6c367d29b7aac2;2866;Automotive;308319;2012-11-26
8584b6b1ff77005f2b81a67c8c107fb47eb7125099bb3fa145521d68269ae1ad;3251;Automotive;232828;2008-09-17
88ac69bd45f785c9f59bcdd7505123c1321af63b5aafd30ea7412ebf490f0977;8955;Automotive;13064;2010-03-18
e51b10de6398757b60c2853d911050450dc1d09f71140bc09024ba2c4507822a;1513;Health;90536;2019-11-08
feed38b4742419045f1cb0668b0aa32234d6513804e63182e0872f370f25e178;8052;Property;899412;2004-09-15
9521377c3007be18992e2e933eb04bc448a79ced8a7da3498895091e03bda16b;8157;Health;932763;2006-05-12
0c75327befdeb194eb24905e27faa38100e4d9c9a8638e01104e4ed6968670b8;2844;Property;123444;2012-08-12
9e550310e495da4f3af539f41ea8d23dc92c35df415f778c9f460a0817a98e9f;2145;Life;405378;2019-01-02
699361627e783c1278be6fe5dfeb578c9852ba017f97d1365d62b751fa7802db;6162;Automotive;596475;2003-05-19
24eaa1583000d7cb152b6888b62d5dd6a330f6d7c81175571e3ef63c98b10424;8948;Health;741034;2006-01-28
0e6f1a3924605dea49457cee16df87f50e1f126afcfeaff682075ebd295bc87a;4718;Life;556855;2017-02-19
dfbf69c8ce9afc55ee8e803ee40ce289f5c3886b8214342c69e367c4a988de0b;6070;Life;760992;2005-01-24
5069633e9edbfa6fe4bc8c0a5dff68240af3b3d498aed81d345e079f7b4f7cd8;2391;Automotive;187643;2006-05-24
cc026602bf628c5646bd4939087d394f2fce812883d14bcb1b2d3fc7f73c9657;9252;Automotive;673107;2005-07-22
0673735243c5cf9b6cbffd8c8e6f0c92c3b3d2bc342b197815d08801d80079a6;911;Property;535803;2023-10-17
619ce2881e8186491f8b03ab9f40e0295850600d84f7949db39bb6bdae5c77bd;376;Property;544676;2007-05-07
2d876b4d3943f02377f937fe1ad2121be44f8d7c5675c25a2b18b207608ad7cb;4066;Health;185432;2004-02-05
027dade0ff181d91e092843c6abc3bfc6a0eb67f26cf98f9bc7dd87aeea90b07;8749;Life;998549;2010-12-04
2c10d4d473f1a5c858da0d737224089518a1f5a39c25e7e7ffc398210c5f4bd3;3831;Health;403767;2007-05-06
57b3946c3ece8dbabc36af06acf880e99784a14ed349b78dcc4ba640182bc009;6808;Automotive;392858;2000-11-04
7aa3809a36274acebe061ff40998706ec6d35c29736890e840c5b33b88ef5af4;3093;Property;528811;2014-04-16
2d860080664f369f2cd3cf66d6be61b6563040b38fe2d42825efe5e6e8e9485e;7327;Automotive;746588;2019-10-10
5d2f50ab7fd52bfeee3715d45abf7e39f97ee59768c073a1648c7b535b253e73;2254;Life;495702;2018-11-01
d20d6d89bbfe067a7c758245391377726f0126a4d18c2aee1d62a7371634d7f6;7172;Automotive;629890;2007-11-15
d81e6b64322a95e4aeab06d5dd2e45fe62db9c952ec32cf48502b3c6c8ff0bae;6066;Property;398328;2013-01-06
ef77da7723e2029d41419605e8110607004086a2617980a1840617863a6b4f3b;7195;Health;449032;2001-04-14
1a614e12dc342625fc6d8b1ecda0fd289476f30cecdd94aa12aeb765a655c252;8590;Life;503452;2015-03-16
80eaa817e17fefa7edb174ed8d0e59fc6b2748edc7208432e6f7788b00adab6c;470;Health;298684;2021-11-20
e01c972a20cbb64b847d0c60d698b0c91a6c6971af9cf184cd9ea862ef9230e4;5042;Property;240499;2020-06-13
319db9b1a9e99cc9c4df26f26b695bece973a3c5f2ed3edb7b31c4cbdeef7dbf;1744;Automotive;87861;2018-12-28
b1dd0cfe1bf186ce4e8b106cf72aa9a64e886d48009842a6b8c80e36158ab68d;6987;Automotive;786425;2012-02-25
2110cb50449773fd1e8656e8e585c2863cb561b46b094debd094c0b5a085fde3;5333;Health;553407;2002-02-05
77b19f8bf1e60210336099713232bb7aa39e32d0ba09107bc59bcbac5003ecd4;8493;Health;484513;2018-02-13
bb2d9a59cce013b876d2f914a6618f01ab41460853e6076efa8d56e76c976fff;5125;Property;798909;2011-09-06
1a0b4862b4ca493f71dcf60c33560011f722b9d0e8229cd3cfa2b75499335ff2;6141;Automotive;183956;2021-11-08
ce3f3b6b23dd32a93aaf736e93c0de4c849b6c4e95379646b65511cfb5396f78;5502;Property;702311;2009-12-13
853060b81897c72cfc112471d338b99832fcad400e197258dcbda7627f204ecb;6144;Health;869214;2016-05-27
e0bd4c2e8676cb9bd1ba64d7c79beef7816f29f5eb3921fb14929ccad74c6c7b;464;Health;865661;2002-08-10
f85b12227c53ddf43e203096b92adf2b459a52c0866b2fa170deab71ffb52224;9687;Automotive;7900;2022-09-25
9fb89267e1f835dd8c01dd6bc8c9ea187bf0cae2286f85fda9207023d523ac40;1322;Life;790448;2013-02-19
bbe5a612d7faa7220ff5806ff14c0063830252a8c808e38f7e65b078b2fb73a6;9660;Life;325275;2015-08-22
58edb298541e130195ddb5154e42422868f90b99ca11e1ca4366dab5c5cf08d9;1763;Automotive;223860;2023-10-10
8c1343161ff39cc0a3c77c7dd81f981aa2efb455d23b492eaccd5895a32fd9cf;1853;Automotive;453135;2000-08-20
6b2110af5d989431b3e67d46c52a6e3f2f019617fdeae84e3dad0c1fee457710;9793;Property;77895;2007-03-04
05d8c670400a3dcbb55a75d01289a4d396ae4a2beeef6aea0bf261f93464b123;2696;Automotive;128651;2013-05-06
117ffec1fbc7f3659fb00db7da0c30b40388e9df02c7743681bc30d9ac5724e4;144;Life;227173;2003-09-22
a367b32b728ce9c5db40e70a492ee98e41e4138fe0c8f3237c17fe797528eec1;4756;Life;328665;2022-07-26
47a8daff9f43d192b38bd0682b30d1da39f91ad00eda8bc0fff3c6c689926008;759;Life;795259;2019-11-06
c6ad2b3c243c3563aa21602190f387caa19b6b1f1444122d5d563c17d0761d4a;4415;Life;187849;2017-05-12
6088670eabeac8cfc435b164cf854778a59676f2db075e6261fc254ad91c8b5f;3078;Life;517136;2001-07-28
6a8dce117008c85e54bb99d70b2c1ce874d0b6e757fda96aa4728a2df7d4424b;1112;Life;900457;2002-01-08
b84bfe0288bf90cd6ec40abb826d6ae243b82fe16e06dbc9372e01a676bcd552;5710;Health;12762;2015-03-17
ea65b4a65770e63a50f16ca68d2eb611b31e8794b6f142bada9c02aa5c39b498;4955;Property;156778;2023-01-15
10c79004636444c86b2a00f94acc6dce60aa3c4225bba739c4db528c05272bbf;2421;Life;46215;2016-02-04
aff84dd84258697be18ccc8ff3a9bebb902b4a331e1d14a0c328923979de7bbc;6983;Automotive;297419;2013-12-02
de7f96f150497466b7f29513da31bcc757e21c67d03523d6a80b00637a430875;3573;Property;100237;2000-08-07
19be575077adccaaa6bd7eb79bf71dc3c94dbaf672513adf4e0ce0ed7e460722;9175;Health;529791;2009-02-04
b19480a4da6682a7b6dfc96fbed036492e5f327fc761a45982021b3d858432d3;4396;Property;132940;2002-11-22
0872298c0365d48d177797306a1d7ab7b7f8c2688b479853c63c56cabf4b4620;8931;Property;512315;2000-09-15
843980c69d4764790bc2d6c1165c21bfffbffd3d8c53a859cf7045b2110820af;2206;Automotive;320514;2008-02-13
f0457e6b8ac6b27a90414919093470fc4809910c9344c649c107d051305bda14;6678;Automotive;742532;2017-08-09
6a23e29cceeaa882c0f2904bb11b7a7e1f930687e500bfe6e5466845b54b9efc;9426;Life;110986;2004-11-14
1627afdfbd3aa01acb584e626afbde197079646a03fc1540cf7a2a9333dc48fd;3592;Health;806518;2016-06-05
01a7d5512c8e2648e53e606c6e9365997c634db93f9712f82a7865f493d5e958;8826;Property;250038;2003-08-21
2f2f5cbc6987c8b4a1989f73d668ec60766b2c01c7fb6271f11738c93bd52680;1815;Health;166345;2005-10-12
38907c97fb0c4b3e9c4a5c2a20d5527c466c6e7dae6f8553a0459e8b1c430df6;7419;Life;890913;2002-06-14
4c7b4766bc677874a400690b6d1bc04cb124ef4098d498f4ca6c92d0eb89d503;7863;Life;619272;2012-02-13
94f9373acf7a6b1ecb0c2bf1ede79bc98767eb27b11bd749dade730740193f0b;1226;Life;116005;2007-08-28
38ee93e27ac60ed294c13d8ceeac7e03883d9c18dc7c0166155bccb3e99dc883;9495;Health;214829;2010-08-17
63e1ee60b84e08b64493c09530d0cc5b692e911132eefa201488c4d6baf9a525;4541;Life;98945;2004-10-19
3e40c921c63d31b587341e1ae0ceacd4b90095ce3199c4acfba02e86dc1119fa;8845;Automotive;334884;2023-06-14
4fd68e935e6baa52858e66acc1ac3a10a580a768d1d248108911b6603ff79f9e;7487;Property;360464;2001-08-01
8585283b387731c3f81a53590d2d488bd1faa76f824feebe70bda2a99edf0851;8123;Automotive;732335;2010-09-20
2961c9baacddd1faade95a356af6071101d6bc0e7d6cdbdfeb97cd36ebb4f1ed;4559;Property;937518;2017-12-16
faa37bd239271f62636fdc7ea9800d419535c8e8f0527508146cea2619bce6f3;4283;Automotive;258082;2019-07-18
f269a0a091157483a0f427dd66fda69a38eefd4d01dfceea0d22ba186d1d4c23;455;Property;270046;2008-09-09
dab7b6ee2e367530efb9a3bda455aefb1eeda7588c3faadc86826f5943f9af9f;1620;Health;482144;2014-08-14
7653ab660b3e362f15f04341fab483cc6257fb848fe3ac226ea7046cf1744420;5229;Property;166997;2002-12-16
416240ee094ca07240389e3c5922bcaa67ee65121bf47841c1a5ea884b692929;6048;Health;518961;2008-09-27
260827a015c17864fb3e5a2dac71e500fecda6de0e71bc396ec9e77aff4a81e0;1922;Health;552730;2023-07-07
3f0a84dd764a0110d6e0be9ecaf7c4f6236fcbe11644cc230d267082b7be2cfa;6856;Health;712745;2016-04-13
de6ca6673b6c1eeebdb39d841990232d3518c6e122d4356ff00b1cad40ec234b;4624;Health;174913;2022-06-22
7d835ac48c04e690048b137aeef06baecfb4191696aabb91c1190ad249058e38;7497;Property;308004;2013-07-03
b010a301a724e6a5e07e79c12a3ef0d4d289ee39c3556af39e7fe98157aa788b;2551;Property;412697;2018-05-19
0e7b7cc8269137257022e5a0288412f2b58d44cbdc63716ae9330f5a339fd317;1171;Life;612313;2023-02-20
36fc91ccbfcc10e377f1905c658ba8d797ac2ad1c08f8150c655b6f09d45f5d4;168;Automotive;608698;2021-03-20
684a0cf4771bc03ef501ee9f88bdc1f26e46aef722143d98c350b1509ad191bf;8047;Property;518287;2014-10-04
1b8effb23ab386553b5bb368cba82588e743abd291706165746e32e1b6a47166;1379;Property;833355;2006-08-01
a02651ff2fce1e04614c0726f2b06dfb1e3be3e899e072b90c87ed048ab32a33;8134;Property;513615;2021-07-24
e0219a3a4d39bedd5f24fd524f66bcb65d8714dd2a2c02e7b3ddb091692136df;6499;Automotive;422971;2017-04-18
d5c06dc97751841027a9585ff9fc9be2fb1916e79e0f63c4bcaed7d24690ebdc;8989;Property;895974;2021-09-09
8ae6019cb95a8cf1f1f29cdfab2e64414691d87159790112e49a412c1269bbb1;5722;Automotive;532357;2007-01-12
5f187f38541c985decd021b9456db8c5e44c1caf6c836402544d6f52b5fed92e;7204;Property;621050;2011-02-16
7318f7b82065b202ad3f40e2a4a0ad4a4fd9125a2435efde635c65f2a86fd302;4118;Property;170650;2014-03-26
ef422190c9fb16ff99dd12c7913703439f713210fc71e87658ac2850a0a758d2;8128;Health;948225;2018-10-01
5af58eb805efa02bc878cd58bf9dd90991039ae9092ede1687fb038360bf36e2;4106;Property;447621;2002-06-27
d51cd596b817da7c20027b504d1e98fcfcd9cbd79d98b425469b37705dfcd210;9655;Health;563054;2002-08-03
d95090e66713cd487841d183f03e1d47e99aed97e803e99b8209e020246f2389;718;Life;491411;2007-09-07
415affc58589f02e5e21c661563f9c55ad6bb081f3d3fa463aac459423ab608d;9051;Health;486738;2006-11-28
0a05a53cbf7dfbaedc6c8770d7564fa8c7eb140a2e984bed0a5bbd31ff1efaf6;6618;Health;439134;2013-01-12
7cff8b0a50ccf6c5f3071e693b618d9f201bf016216195c575d64a3093893ad4;6014;Health;419878;2022-04-20
b8ad6d0035fbaffd4985fb1ab2a3ad712debb68a7d36a797da840bc54f705e32;8336;Property;868465;2015-09-27
28516ad20f0f33c98eb6037427aee68a224ba285c69002fe1ab6c9b16df9ae35;5396;Health;836225;2006-12-01
710acc9ad7557f3a2aa5f33728c997a49a1eb15e4de7330051e5574ca8fcd0b0;6579;Automotive;448704;2022-01-07
d3b7fb23f7c0d616bdbbc8a6df9ffc4f756ee44c91caa1e12bb54a4fa98105a3;7202;Life;964640;2008-12-15
e99be679996ebbf4cf7844807fda4245c800ce31c65968ccba087c4118f38cf7;1507;Automotive;181793;2017-01-17
28dcb666ce556594113f57daec3f6adf4d92827ba1e2cf2aebf43914db097b57;624;Life;862249;2004-05-03
deec3d6511a2be6c158cae0d16abc45dc884fda33a8fa0f169b188e71443d39f;7947;Life;203292;2004-09-22
5e61efc22ae5b4251a9b05997cbccf590fe274fe56ccbf68969209a7270aa045;1714;Automotive;875367;2008-12-14
3d9c26228f5971f4cab62c896efeb3733dd7624524ad720dc09eb4ee37f9f07e;7240;Life;362418;2023-03-12
69e91536dba21b5b3cc35132b1bcd2052cdb1d81791989ffa729d0a6e50d14ad;543;Life;8660;2000-11-18
bde356d96228ef43d94c80d7d4bdfec1748bc0070f47ec4fce336fb768d0463a;9292;Life;949488;2002-12-07
ec7ff7ee44ab7489ac89ed0b040a2b2f5993d8460c6b81a03863c78818d9ccb6;7840;Automotive;563427;2019-06-03
859692cc20d2b102baab01e45c4be72f5a30af5bd74df35d621f10b5784d6f3f;5818;Health;403254;2011-10-27
f8da6b706adde0701421c39ca7fd4f3b994d48f4ec10368c3305a63cfce9d1c6;5387;Automotive;118708;2018-10-07
c95f29f592a86b17231506e38a5af68f2d65679cb7238e155152809f4c42b859;7667;Life;649476;2013-07-26
2a29d5e0d7250ec6a47534de20709052019456a6823e7ff1d1b63f4b6ed3de66;9987;Health;180234;2019-12-12
52766dc0f8ad17cf865435e01608c5a1a740ab0508f73dbd57eefd9364503cf4;7193;Health;429543;2004-06-04
dd05b719ec3df3208392181d97829662df3314e64aa052faa4b0c0ab79f771de;858;Automotive;633012;2013-07-02
d0b86bdbe3bde19cc429d8fd9a5362e642f0d86c0250ea373ae2ce71709d6384;8007;Automotive;501942;2014-02-01
366741ba4a28ee874eefc0c6ab6f5df557104c6263a33620d20f0d726e3b41b9;8916;Automotive;962853;2005-11-09
8b1d10a1121e9f062e253684e5decea4519ebe79b2ec407b43cd423f7ec5dd7f;2642;Health;479762;2013-12-01
2257403e79b9bef7b23daa94f46edcf2e6a7bf7b5993eff0d777bcc13eea3828;2058;Health;374966;2019-10-26
2146125419738154e78de8d0cc7b215f850828704e94a3cbc7ad70832cc14d61;1610;Property;705458;2019-02-22
bece14160322b012d4746f554a53afea6630714dd4e49f35e76561bd984e9d76;3226;Life;297968;2009-01-13
4db067c31baf39699d300452ecc0307b6a9e7fbe5fcf485bc248bc67093c2331;8428;Property;453284;2019-10-09
7a33eae52e4e6c2c333ba103c23a788725eca5549d3dfdf66248efdb9a81d6c5;5607;Life;756638;2016-07-10
10dc51145eb83c46fdd83828d5b8454ba58d2da9ec7b08b3e299357432b03e9a;7619;Health;159184;2004-11-08
2706d40922834593f1fe5fb9332435e51cf2893d0eb2fdce2a8f5823800021eb;4822;Automotive;475218;2007-06-12
125972175f5437c84afbe9426bf7d6c1cc5c9b2a9e46cfe4e80377073eaab145;9129;Life;959249;2000-07-01
7913b961d47b6894cafdd595266fa883d4cbbf99a9197c5f225375ac3c053d3f;9006;Life;413801;2010-08-10
2063f74f640255788cf075ab497d2bc3dcab4af151ce259ab651383ffb0a4831;9760;Life;210707;2017-03-04
6f9cd19d57044c31459c2bdca224fc50aff0cacf50d062fe861ba400e6371f0d;4513;Automotive;764036;2000-05-21
f5724a095a13ff65b74128e72fa0503c5a96eb0916e53a84f1f873cb6a7ad94a;7605;Automotive;61463;2016-02-24
093db34606f224971a005e229821c2d7bd1145a5db434da4c0f988285bd12140;2484;Life;295810;2002-01-02
dba289af86ec1b6d1d0d48f26cd3c6750bc919adbe5df66edb2cb74449d5553d;8468;Life;176628;2000-04-01
943a166511197b876a38a59db0e0aff81721dc1a237d555fbb519eef931ebe27;9260;Life;301758;2011-08-03
a8ee723f3c8a7a425e3664c87d05669d73817f6dd3cc45082b3ceb4b7ba20d3f;8133;Property;907695;2005-12-02
c333ac35eec6dbb6b1c623b8731fa1f2d943b4ab471c618ee2df388d8f31791a;4509;Automotive;411629;2009-07-18
80e10659f84bf303ccd0a351e8cd852df0ba8325627654f72701e55e3364a4ac;3240;Health;862200;2017-07-23
be28632c672daa8038a27c0edae8108836d9aef1c927c6047d8061d1d8668db8;3921;Life;610370;2011-10-16
ab53376d8ba12c9a6cd6c6ce73339a9cdcd96eb07bc53333de3989bbb63696d8;3779;Life;186634;2011-12-02
ba939a9af22f1bf6f9812ae0dd1f062dd1668910afd91cd5b7af1e33764e5352;2774;Automotive;587337;2008-10-02
c44a7e34453508f76035b4a14a61f18b837df7d813ff64502f5a98aa822b7d16;7207;Automotive;285572;2006-11-04
cb35904735ed2fa1a28984054491df3ad13596a30f1f362a8bb5a60fac88a1a5;3837;Health;391676;2008-12-19
f9037f8d3e0f07b677179e8f1c6c9625a83f0a0cabfd61e7f22d1eeac64bcbfc;9532;Health;141640;2000-02-22
a1bb4bb1891521c8e1e6aa48c7b84fc24fa21e41a1e9cfff9cb4b47365287766;7597;Health;676999;2021-09-06
b0aafa18316d92efc9955daeaa0aedc0c6c1909cfce912b4565428bb47aa63d6;5569;Life;491559;2012-04-03
8aeb2a5ca224764292d0c70f229d13a6390021c6680784b43b3da00bcd1248b0;406;Automotive;308802;2004-04-04
43935d731006a8e04a1b46a05bb1abfccd90d917265b082a5baed12a8f4c58a2;8246;Health;902650;2022-05-11
f0e44657d9ff43032c85925a4aab74581f7879302a4dce111ea292f7a0a21c2c;1621;Life;518315;2021-07-17
5239e11aca2fcaf80e4098e32d3064e2442c9abe50566a3f3d5d9fff46f6380d;6656;Health;400692;2018-02-07
eb31368be06a34c36c2615b8136af383a4a3c55df447af8537a8eebecaf49023;5209;Health;15101;2006-01-25
498aa402b5847f66ac2e946a20a43be1594000c859cd81cc0804ce3ae8a4f967;1813;Automotive;866925;2020-11-20
45901ba0aae7d8fcbf04dc6decba07571fc20228cb1e40903a174c0a711e12c3;9878;Life;547241;2000-10-19
0b99ec7d57bee6cc0a11b710c50bd49e7ba0f86d0b6c62a658b3882705ba91d9;8935;Health;223022;2017-05-23
3dcae306feffa367041af3d902e778909e5a071c06db2c995a43dc7b58e52932;3884;Life;551207;2013-08-03
24d2336bac9ed278c5a48bf405d2003a3dac3f20d5ebd617644e6cc5efe2dc71;5165;Health;702838;2019-08-10
05eeeb32dc227a144e86a63903c540df9517fa17dc055a79541b865961a6ee58;5540;Health;143519;2009-04-05
99fa23ac63239d9c4c928f8a1442e680c911f464c7c80ae88856e3a7e877c618;1491;Property;312856;2021-12-13
a61b4e0a46db5fe9e240cfe84d033c0253afd2058edd13b8347aef366aa7fa06;5467;Health;422712;2013-11-21
54c249428391c1264cc56a026f99ab97decf07479aaa703442f73cdf4e89d4c8;9660;Automotive;298283;2010-12-20
2fc98bee3b7ff4e8addc6b09908f396bd8f270c23d9d77c9c768f21f5a6af532;2377;Automotive;569780;2008-04-03
f83ca4003d096921359260d9a785a4841f1a1fbadc3d741b9e1af73870c3e3c2;6560;Health;261301;2016-09-08
2bd9e6f169014d76c3aff906436bdc7016cc087bbb6029d3b51c06f7ecf17f11;7376;Health;52551;2020-06-02
86a8cdc1c18a5164f4f775931b021e6be712566206c7896fc946f5284015fa08;1968;Property;825786;2013-02-09
781772e7ffeccb509f836dfcaf6d12da3bf0d4fabea257756c25aff8a0f2a781;7482;Health;21764;2002-03-20
c35aa50c69e21f12b558495bd08725f8525e8bcbd166bac77edd7082fe61fe1f;4516;Property;263515;2016-02-28
5319e3691d5b72767012e29eb1fc2323d56fffe8f916bb2d9b8bab5f8d1b9d5f;8438;Life;469076;2013-10-18
a42fc71cbb135f7521dbc36240d960aa8998259919be2a86058a550526e82c02;9273;Property;869344;2005-04-13
fc7b704c30f27c50e0c84c90c6fef7a509220855765daf286afb7ff92fe7d557;1581;Health;271200;2003-09-10
926fa21e214f1b945ed048625f30880c1cbec9252af60f0ccfc3391438ada1ce;5267;Health;152777;2003-02-27
96c56bcc98554b478dfa67db88dda9e04efe34efd27affdb785ddcc079b696de;4427;Health;752264;2003-02-17
36f9ef55ed1f99bac6c0c6334b809a1a8de6b47b40f428d50fbc2c5514d5972f;7250;Automotive;70203;2011-10-22
a12a046ad8a376e454131c038416900cbe3661fa7a386a71c4960f649c4610bc;7007;Automotive;457220;2004-10-15
67cb421fb3178e708d3dd16f31d9d94c35b57dcaf920c61c1df911d05e4603ed;821;Property;559917;2023-03-26
05a141dfb83b260c95415e372dc125f9ff78d8888295067cbe0b782e10bdabd9;9930;Life;333518;2014-07-21
7b59f62523f8026d5071ce32f43a9e38a2dd2686beb4bdec52d1cab6bf3f0426;9724;Health;549541;2018-03-22
acefa08eab9fd56ad6e342c3ba5adcb879075541517405721b14bb853480ae29;5503;Life;148636;2008-05-22
cc3b1de70205f606616ba6766c079556d357ea503f9b322ac2108e0cc7ac9be8;3964;Property;485337;2010-07-19
59f65fe4820eb7655ffcddf1f5676fb12cac478a55da2111845b533c1f670a23;8158;Automotive;99925;2018-06-25
2bdbdd2b31a7bdd73b6e08a3a71a7f56ce5d1f3b0c0cc831199d8d3bece7dcd5;3546;Health;194979;2010-04-01
f081c62685ba511cf3fc4723184f66a409b5bf202e9db047fa7b6e32a4acc236;6820;Automotive;721207;2010-11-27
260cb874c467ab5d0d93232a6bc9701fb463aa80cc484f24d6ed3eb5589c24d6;1335;Life;665016;2001-09-13
75a680b20a385b168dfa927d6592950c975b54200015b01467124f8a61d1a9c5;3815;Property;250624;2005-08-24
ca55277bcfa2a25934a87aa980cf8f4bbde533e72cebf5b63765a687ba1449d9;4526;Property;605653;2007-07-02
e36c39e646254b816b117692362c67707e352fe61411ed4089be55d20293b310;1148;Life;76216;2003-07-18
095662d19fc11ec16ee8d373f231e16a146f46387d1a7dd9b8474cdefd594812;4664;Automotive;793451;2001-12-26
352f6627a1213e82bc3e1a3611e85c42a385022fdf76fe721e9e9196474fa41c;3976;Property;821147;2019-02-08
5da723fe13c39fad463249a092ff33621131e51646a1a814c8a3e49d4e659b64;323;Automotive;718145;2014-04-14
692a2c221b7881ff47a6633ab8f94c8bbe39dae3f6f2af00e706c83e49eb1a8e;6215;Life;814477;2023-09-25
99019ca9316a41efa5e1388dc340724c619e7d839c62b86515d5434987b69b76;7063;Property;973879;2011-12-09
c0514dc4154a6e486d024f11f5882328dfd2b8e9a69beab45127eac3cc0f1390;5880;Life;263766;2022-09-10
2823e937360240f59f778a37b36033d04979587308804201411f884ab77705bd;1860;Automotive;55901;2006-07-08
4b9e898c3a4de75f17a87d2709779d4b63a2cde6ee562a6a7152b141b0d86be3;624;Automotive;86774;2008-08-13
fff439d7a324a25480ae988447b37d61a256ae33cd6aa909c02c8240179a8c8d;6639;Health;269609;2001-08-03
18832d42158d5fe18ffecc41e908aa799cb1c87117e3af0901c7c61f96a8de65;6068;Health;95684;2004-02-15
476f1eb55be743bdb9ba1e33ea40581c09277a18e633ef4bce8d9f0ea658966b;1850;Property;724356;2009-03-01
450b948e140074ee66b962d4ac77e45b0ee6c7d4fa322b518453bc775f624334;6093;Life;168147;2000-06-17
620f619ba3aa2fadfa24661748bf53c3e487501bda01401a89f11396387f1b97;6637;Automotive;846520;2001-10-17
f001b18cf6453053089ced671e56dc8eaf24fb0c926d7958461c5db332ba0ed4;1240;Property;216834;2009-05-18
055c94eb89e904be34bffab93040e77bdeb7bfbaa4c11694e076667b6d59c977;8649;Property;314856;2010-12-25
66e201745f3dd488298b6394f1f4653150a4a929cb80f9e1a777aa00d054cf76;3261;Health;952760;2002-02-26
e85ed9133e7243bcbff5f3033dfc8024ddac91caff220748de92282253a02c1d;4074;Property;668966;2018-03-28
11f9187aa7bbc432ae838b0b00dd454e69524480913a9080d281726d81623ae3;6419;Property;651075;2002-09-11
f4f91dde311f2eb7d026687de0f97f4fd709118ecdce249ab8e68d3b308125ab;4793;Health;296573;2014-05-05
73d3792315f321d9a502a5e98189971aab849a287327fd08f41202db107bb0aa;4329;Life;878772;2002-08-27
e799a7d396afd319674d1d3ece68a4e962860e7da9c98388ec4124f7c7dd776e;3765;Life;267809;2001-11-07
5bfd4ccf96be77e4ae9ae2d31b1a5ac2bd4275c3c18ef2bff82b4e6350111edf;8542;Property;216164;2017-11-19
e72fe4f33162adb794fa414c5e92977b1508930166f1edeb95d99f8c5980910d;2937;Life;288990;2008-09-03
46986732c32cbfd2b1aab16ab63592f13794b2c4284202a955bb4f79911caefd;4896;Health;857030;2008-07-23
fb65a47e7e1fd99b2d94c405b36ddd08b738298eb223921452003768deffe60e;3649;Life;547645;2021-08-16
f4f6eda3281c64b940546d425b0e4ad3a47f6eaf822127d1cf56de17285271ac;7188;Life;613117;2022-08-20
b3c05c402bd85fc50d7f335ea51477071f978429cb1e80dea5413c64cef3362d;7900;Health;948840;2012-12-20
a0299293c7d4c1d3138922c3d6f37fd190617c9cd6f8c5d2b895c3a12c4c7b5c;3952;Automotive;102406;2014-06-21
b116232206f01d29e2941556a20a495f06f754307771b8e58ac16462d3dd4161;7636;Health;260239;2013-11-01
54c6d8e5d73f232552d36eb7ffc6cece82253fc98f194a992b09dd9cac9f59ec;313;Health;567228;2001-01-28
1b4c30bc6116f0d5084979ba67713c6f4d8e8b0689fe9ff931e64589988fdd28;5213;Property;552275;2001-10-28
192207ab8ce1907c0d4e2a173dd47e7f5ad3b07661d326504704132c4420e5f1;2229;Health;396790;2021-11-13
8cb258898dd8b1d13b135eddb712d4f6acd5af34c42a489c8b35936ab0f2f901;7865;Automotive;307227;2000-09-05
7d99c375a2cfb6e187e93a97100f46c9930239a14f881512dd0e39d5fcb7d1da;8400;Property;175545;2019-04-28
625bc89b845c7fb32f68fc2b55d1e832cea23cbf8b1626fe411bd90f6d918993;5254;Health;716120;2005-05-21
b9099668b97ec2fa5fae2c656ca3d2bb7d35c9548588e8ab384f7ef681c4042e;7641;Health;920010;2005-09-09
ff5115298988887c7626f0d3871fa2f08e0828956fd63ce937e05a7cdd470807;6281;Property;450297;2022-06-07
e6a3a8a1acad0903324db880a97748c6fa94945a769b6073d2d3077599cb452f;3229;Life;283928;2002-03-04
5bb70da9493a83c4d9f5b5a001825e1d8ce7b72ba9ea21e7eaf58b529b4411d3;1807;Life;321608;2016-05-13
3aff65d474ff82e6e17cd34b66f8bdf2e50bd60eaf94447ed028fe3b846d49e2;5367;Life;918286;2012-01-07
4ba97e85180e77294d3e5891b5a4a13c6e60d8439f6eb734fbf565ba645a123b;2084;Life;508561;2016-12-01
6becc939f86f359f1c199476d912698baa4cf035e87a21dff1f07f2a67fa75b2;907;Property;581909;2001-01-22
a52ffe7d3e37c424c047db80349067c99b39cf6757aa95892ba5aeb53353c5db;2087;Life;319925;2011-09-12
1cd51f9b69bf91c098dfc0709f2c488de8350df35b0ab1765a617d87df9ccafb;5771;Automotive;514542;2022-06-06
e1ae5b54c07184ba750fbd7c97b7c718f17ed79f78b8617685482c82b4153336;3691;Property;311701;2017-03-04
bab0ce14c8fa28a5d889588e71cb711816fdb7714c73f948fd2a5b5a470eda7e;2494;Property;25574;2016-07-28
e4f2849cee0fee7112365aac7e2e1842ce28af53a97918e054278ea2e2ba197b;7929;Health;446701;2007-02-03
28b472c3aac140c42952b4852060fd1949b6840c4553b0efe936ad257b9286c9;2371;Automotive;816363;2023-09-18
0432a1a81e25303a1da6fe08d847c2f103fae669005ebd4bb68eb8be1b547414;5743;Health;195618;2003-03-15
2dbf81a9765c634dc9e05aa83e9d5f0fb02e08999260728db8ab06dfdb09e9f6;7815;Health;527295;2003-03-02
27b0b1764dc59ab1b6c1d8568041ec8372e0a732629950be73df90dd41121872;1200;Automotive;52838;2008-04-20
fb3b6b74f62990304439b17f0b8a94e013bdb5e208bccf09b83b324a955f5f4a;5954;Property;466995;2019-11-06
248c5dc2f76015d1031742df0e4406bb5301ef5cbfcd23b5b85998ee817cc2f5;9763;Life;812465;2001-08-13
c4373bf62f535c0fea8b873329ebf2c7e190d034ce4d0f9cca8e29758d6a6cde;9920;Health;754688;2006-04-15
6a7ec905f22c2ac5d208bc666aaefca99066a805cdba8c1090354fd3591f4635;104;Life;322153;2019-03-02
25fb6dc10af8ec423462f5ef1447b0749e197a92cf33e11ed147f03311100a6f;3633;Automotive;536690;2016-07-13
266c360f2462c467c50316eb81278bdd3f49e94d75096fa30fb04fadc1d41381;665;Property;195279;2012-07-14
e55518d741e34b7c8ec5c379980f142dcad3c0316e4c6653a487663e681b5fec;567;Life;443352;2010-07-06
65edaecb8d434b85352a01ce9205de6fb352ebd939cb19ed2401b0f275d63ea1;1895;Health;134105;2001-02-11
5e334a1079dd51cacc04b06759b056cd675945f26ab8c6673240e5d03e514b99;3915;Property;672763;2013-01-14
798d91e9c2d6abaa5688d1c461b268660ee203e6cf65151422752b96b97199dc;3019;Life;126322;2004-08-05
a61372e70242ce9bfe55adac0da26df91e9b6ef9c05170d5894cc0f962f49226;6347;Automotive;195361;2005-01-21
3081de4c933233e5351a00f1b7a9ac9d799a2a2104b3afd97f82f49c25f47422;3585;Automotive;126951;2006-03-04
0b1bc8fa99ba13ef036a1744e8237dad96d2b44d7d02d341e28d64136c9eddb2;2705;Property;99777;2019-11-03
8b9166ac3ec45d9b2a0733e79eb117fa3cd7566af66ae25b69ceef5e5fee0ee3;4287;Life;316355;2008-05-06
385885960ccaaf52a5737d7a1ed8f416e7b1fe34fa3257c9981d5a036008f3a2;9880;Health;40517;2018-03-13
f3d97c5ded18187f807fec0d9b182c60bfe329ce8514cc9e3330f0b19a2775cb;4635;Property;40290;2002-04-25
b99547d2585cf6180148e45e7958389daf79d11823d366a8d0209415dfeb9ccd;4705;Life;15686;2000-02-27
9124301949124f75f9d1765ab672d9f7dc3a7d75a6985f552bfd2e53410bee91;4925;Property;140289;2015-08-16
660940dd99a506559d571113aa3d05dd923c0566cbe375aae6ccda01bd66184d;8994;Property;344844;2019-03-12
2619093f9957e497654e2c90561bef1a5c00920c502efbeb105af19e139c8d4c;8309;Property;41582;2004-01-09
6dc8fe7e4aa538d69730de35fd38e1af544f3bb9218989b65d605b4accb49303;3532;Property;253800;2005-06-06
b30b7565d3732b73f3892a9d86bec4ca3963db5aa29e5b2b37f64d25cc4facd1;7060;Property;743404;2000-11-28
859a1fe9507f8b7233200c873282127a6f14f2a620a9a7eed9479c94270bc1c3;4243;Automotive;189099;2020-12-08
e0a41f2ff5bdd3c6555fa78d9c44365f904466dce72d0e42fa26a8f9b1150b0c;3051;Life;243502;2001-11-11
547cbf8058bc1845ce344a5ff4f334f069f452d6c90358cdb81faffa3be68338;3643;Life;109542;2003-08-09
ac2bf382b1e35bd101b10d210b0cbcfb5e03f600718e9adb71dc495dcd5027ff;5892;Health;949967;2023-09-15
2767c1e03cc471de7ad4a38d51e7f7ab2577b07efe860853c99db482bc9a8a6c;3703;Automotive;600148;2013-08-06
027f09137a2d97b568db44caf6951d9699aaf04d3176530e17445dceebe363c9;10;Life;778528;2000-06-18
9f6c1d2aa83362fbe65ed51997f842998c162a5ae6ca16ee54bf452473762473;8531;Life;537959;2003-11-14
8ae45c606d9ea5ab7cdbfc97553585acb46c19c1cf912ced45afbba68e31add8;8958;Health;234348;2012-03-14
ec3e6da6fc2f9059483d649189c43d4d18d2850257ec6cd567cd01e6ba77edba;3741;Automotive;783377;2000-07-17
b8edf7a4a5e4598d0b639a3f3d02d344adbfb9c0d6bc26d60703216c903dca5f;390;Automotive;702160;2005-05-23
6ce6aaab5bcda74ad41eb8e565ca11d7b72f605ae74affb323b33216a9f365e4;8057;Automotive;964764;2020-07-24
1adc57225c52c472d3447aa33cbae4eb6b2ee4a359e01db9043c58ffedee0366;1870;Health;857757;2001-03-01
6e443db31996dc40dcbbb5e37097c1deff08b1276c450543dc4b538ba78ea468;2477;Life;488837;2023-12-27
af0a251d703eb069cf44dfa3723a453c0cb0b9a3b9692d8f3233e16eb00821a8;3151;Automotive;590593;2015-04-28
20a1792519d44b08a7450b2989dca6ed3ea9f4c3469a8f5d001ea27ea2dfbd50;8858;Automotive;324978;2008-10-28
55a00d9321b5b17c13ac7b8822c940329f8f91dfee8d018f8579662f950efc77;526;Life;12165;2020-11-11
404fe389f10809d2bd6ff27ebfd795d28aab96877e98fedc89265851cb45a2cb;7668;Automotive;917188;2017-05-24
e07925ab3943651c815d79c1ce52dc92d74d59720cb073cb906af39385f46376;9240;Life;619797;2013-02-16
76483cb599f63d0e26c2452b4a71b2341b278ae39200e0b3a7f7145f56f5fd79;5831;Health;201519;2003-06-03
ffcb3b6e73f536e8bb7b08d906990fb31fe5786e7f0d98a6b0abd6b929e48e48;9394;Health;959866;2001-11-09
503a8550fe7c6fe09766b2107b4334717767a0eeddac070f55d24e0c1e406710;6865;Property;584089;2019-11-24
df73ca4b466af553d80221ac13a375308dd1c494cdbf486eb5bc8cc27e42f33e;5262;Property;500488;2005-09-24
d51e368d6530325f10788057cefea43689b170205392ba0c2f5e7989b4e5b866;2871;Life;168826;2017-07-28
2dc971599b75a927818e35198e5bf98e8c0b17f652eb8316f2f3d374f78f29f3;878;Property;167205;2012-02-10
6f1df8af1aad19ea0319cdf29ef748bed3248304bfa41e2f95345c07b600978f;5829;Property;491386;2020-10-26
3602a26edcf29fb8b0b5f58fe3fe667b0e4ecf2b54da22516d714243e4f7ff86;3726;Life;722096;2015-06-15
81ff9f5168cfe2bebb3204fb2c0e430061128fc21360e0d7e98eb7f82606957d;9345;Health;215665;2002-10-02
408980b9854230f204a8c1574c09df0431b4d1d3bf6547889d1902f6853b20a2;8470;Life;981160;2011-02-09
b67a8442b130c297d12a600c45ebe06761450d698fc245b7afd6f95a84be8e95;5513;Life;229627;2006-01-09
6dc2f6c8449556e21ca4bf88fd18bfdd29101b0a6d3267c5fed4ba2643d70068;1212;Life;861936;2008-07-21
53b3e0b00b9c1c2d046f6fe27978c7f1ad6ed1b4b7149beef1a025d3adceeafc;4320;Property;258864;2016-12-28
7635f7639d98f8843d7449db7d94f1f706dfe9ff489c308feb28f526d1ed5592;1625;Property;964155;2021-03-13
daf9947149e0f16f19cebe69601d64739d9b37b2c59d00b9ce288de05be952f6;82;Life;572810;2002-07-12
2a781b2f0f7ba9911dad2397a37c2e54117ae65c20310b82ecc70048589af4cd;140;Life;739546;2003-05-05
54fce511ec120f8c4aaa54b1ccc6cfd0ad82a97817d1f0e0496a542228db5e84;5802;Health;31169;2012-11-10
04f84390fcf47b01085cd177f3afd202f7b5319339b56362dc6fca2014171d82;3356;Automotive;714481;2000-10-08
16d52092bf6d9214f31302c9e633ef0af3cc9bf70c98f7c51b33a046c42a2760;5357;Automotive;532864;2003-08-14
8ffb8485155de2509142929ed46c959f43e54aca4ea1e35faef3a1f8606c57e1;2397;Life;313068;2002-01-07
870cc2ec7052a5e91c3075c7d0185d5b721048c1ef69605bc79f6cbca93cfeea;788;Property;583050;2019-04-14
07f46767ab4740ccf3616756f0172e9f96a90bf3500a4ebbdf153ca2c49bc622;1959;Property;604018;2015-04-19
62b667151fe0d7bc9fc8c99fe494a588fb68d26ca3dbb4ffd0046e3de0775257;3265;Health;205843;2014-10-07
e7f718e576f9b79c03fc698a64706cc32cd719707318c244fd21b08b6fd6163d;3744;Automotive;731354;2003-09-26
4a4111f4ee76cf5ce559a7f395a188a4b7037d550c1c80bb5bfc227c75253b9d;7921;Health;133072;2002-02-13
9e306f0aba52fcf0ed6d4d255157cb08381a853e6be9b6e3d2743a17d21579f7;433;Health;841881;2004-02-24
1628ced636e836345152ad63ef6fbb8874523736299324ca1bb4db681bba138d;6518;Automotive;123981;2018-07-01
e4a6125ae853a24094a7b6e581537fc5efb05ee4bc5a527015a1e9c03476ee62;1713;Health;40189;2010-08-01
90da7acc8114fd8543a86269e0989e435d1697a1aec0385a1330fe7b3dce9c86;2718;Property;571989;2006-10-04
cf273003a2f519b7ebdc4143a8bf5643552e818fb306ea50d7a7cd865b18aae1;9453;Life;398821;2014-09-10
bb0d0799259f778c5ade833c2df4e5b84fe53b03bdc337c29698d46c51843fd3;6868;Life;873939;2013-04-01
b2b7a5e648639ccdf87e120c10998596f352357228d6caf1f84c80b082065b3f;7422;Life;998116;2017-05-07
7f8907c7c08326d81f54d327d46dffbc800c6a0112deef1b5988f4ae30b4e63b;5555;Life;597071;2020-08-11
63d429bd57bc9fd852a5de0b3065849b570d2170afb68f51a8930ee3f75f021a;6748;Automotive;880908;2013-07-05
e5d6db5b12fdd6b494ac96a7db9613d429c104e2cc7bf46baa5e13cd73bb4bd7;7928;Automotive;636991;2016-12-06
a30d69482fca5b9f7014ecf1d3337533fe66a280c80db2accea9380424e8fe2c;4929;Automotive;639619;2012-08-16
ecb94ac22866c7400eeb315339679b8edd3bd563160322aa6ac1a5bf7c3f645c;3466;Automotive;253114;2013-10-27
b63dc6cfa92e0fe1312b72e08ae42ca0472906944b8e028bfce040b829dbceb1;3510;Property;337459;2006-10-23
cb6a93171c069f192009f48899ffbf970eb0887c0e747a2b0a4314df9bfb3763;186;Property;544865;2007-02-03
ba085825364700ed484c13fa406fd9297fe201299e0a4295e700c380807d8a15;9633;Life;471293;2011-05-12
4164e68ef64f2a31a2f1a501cbf86edd978c07e8ba125416eea9ba8b134e2990;4857;Property;742123;2017-07-18
be3c9a9ec027e84c42f9b63b7c2c4daaf06cf6f9c0e3644eb4a0f41475e0cd05;4387;Health;316246;2001-12-22
ed2b00b747cf2bc72aee7317527ccb3795129560054ea297aabc4450febecdbc;2494;Property;84119;2000-12-17
9f437d4e1c58a97d54a8c78da4a6be8fb70bfd9c7921880d4710369762ad443f;7714;Property;490557;2006-09-06
1b1b363236653956b88eccf739ac3138b8da653918e3d42f1b9de8ce527cfdb5;7201;Property;781865;2020-02-26
2a3d45df428b06252a73a7db2ca0e8d9ffef3f45ff144b4922eed3f14bbbf887;2166;Property;989001;2001-11-10
023c882f8e880c6b45abfbe606f51192f62fe21401901271c4b1e733dc90552f;9988;Life;949410;2008-11-08
fda38e8620cfc1654f948e1a2c7cab741bf66ad67ff53311e777f58db53822bc;4838;Automotive;53705;2001-01-01
e2a9d431bb07ed512869aa4878d29107d8ff257648be814d87df5e4c725c2ce1;2787;Property;80956;2008-07-28
3778694e7cbcd890439559a5164103f75739a9e7728b497cd8cdf2307904aa14;10000;Automotive;493946;2019-01-16
9ccc529b60526db264caec51e0cc860cd133c66d8e57b0ec7a580d28cbdaa78d;3650;Health;939501;2012-09-19
245f60dbb3a2854e3a35aa691f4efc321dc046bc3dbcf6f590903cd791f197e2;3908;Property;219645;2004-12-25
09f103ab72330875bf1933582e7f1d76b599febd7f193cb74c1fcd965a52c4a2;6551;Property;256286;2011-02-27
ed9a2849c9bc606e8b8df94abef2a080241107b822f4fb9aba1c8ae3ca7f1dd1;9004;Automotive;90890;2022-05-16
44a43ee136c3168752ff9314e53ffc4f7818d2ccd65b810f151a32e6d3c5b694;4533;Health;391082;2019-08-17
e4c32e7d372fb934c678fd5f2f6feb1125ec8c31d7080c2c92ef08ac7f36863b;7096;Health;88623;2015-11-27
aa79fb8ecd37b6ed09d0605e3fc356205a759c361c643945430acc9c0bded279;4467;Property;43870;2014-01-11
214c75ff69a1d752966316bade9e48030cf67c498322e6b5ee770f34157fc845;5935;Health;482516;2020-07-04
9a97c1c3d10ffd991e730e0cf71f8d1e6f6df43ceca9ac533aac4c737c45ac53;5638;Automotive;656302;2005-08-05
5ee17ca76b9e0281fbcf85e1f77fe02c99f26b2f09c7c41db9152c185cb247e3;8699;Automotive;718381;2020-07-16
523d76ff73b89ea5f748c0e8e35803818782483ed46098a0181f2edc8e4f3fac;5340;Property;366945;2019-02-25
a966adf645cadd8125ed0dab90390ec6a09ca6d9e46a26ef3342fe60e164131f;2283;Life;620195;2000-11-08
5b12a4daa65103e32b9bdaf0be76dda67879b2deae94e28da1416a2658cc21ce;3962;Property;179323;2010-03-10
32569de5cbad06600df9116f4973ba6ec54196f7a8bbc30e408a5316cb32592a;2617;Automotive;24856;2022-11-04
11ff4b5da0231f51f272618c06ea332d77c8cbd6f2c1db21ae7295b94156f4cf;8629;Property;991235;2010-06-05
d8a0e3e03344916b371ac04eeca8cb66f5c0e3d69faa0a4884d6d69625ae91cb;1756;Property;639698;2008-09-17
9835f1f3baabe0527d94abf929cae3d2e342e597333c5d55264dcb6e27f9dd7f;8382;Property;546422;2012-02-01
b03f95799c162f18b544de32fde895d856f604c5d77aa98c9b9848cb33006aea;3988;Life;256781;2022-09-07
fd62e08d2b3623c4d26a4a4508a476d1b77df93ea6e6758124db1b3593dbb5e4;2029;Automotive;301517;2013-01-09
4bc12c2571c4c8306a311244ac3febc35bc7cfeab86d62d3314789fd95bec8b1;2792;Automotive;106933;2008-10-27
f664f662b5752785564eccf6e5a5b4164bcd2fabcb83c25b45d1e2ccf8c34f11;2823;Health;715365;2013-04-15
eb565f071e970121f6743aa573f15483c41aa0493cfb5a6fc3f3aaa940bad196;8208;Property;98116;2001-08-17
e06f506b84810e56ad62247388bada2298655f6f38c7beecbc6f2910a020b787;3277;Life;857305;2015-05-06
5e6e904473bc2a33faf4747efd086208742d36c75d3694b725187a69c1c6644c;488;Health;439377;2002-07-09
9fd26e383e167daea9e056a122f1b046c909c848265c6243f777d201edfaf0fb;3607;Life;485221;2020-03-04
b0db4b9a96d8cd2f1b14887a9e4d851f2da89202c72a3a16891d26fdf3304bdf;1877;Health;320063;2012-03-20
af331ffeadca6488109c09ce35402e39ffef578bf174a5c406f51affa0a6e7ac;3095;Health;502237;2020-11-16
d0cac9d03dc4d921ac63e40bfa49a33101672f0319ae4966b0ed12837b0fce17;3242;Property;742516;2012-05-01
46514ff34d5ba91df50019f9be230e209467a9828c7d77fb9df2fa1f98341baf;2697;Automotive;363551;2017-04-13
b8e0734a0b179539aa90a1b16d884220510b456df2e7bdf8d2ce2be57918e81a;8434;Life;531747;2015-02-19
cd5c19ac753995c3027c04ec8b4439cff6042ccf7f8b048fb0cd62e63de5c3a0;3692;Health;606109;2000-02-25
5264d182ef0afbd089ac2e57c4219f5332227090f7ad2846d573b4b1f6fa98fe;4817;Health;87511;2017-06-19
aad910e8ce56e44b29546cb8b841fa9d5fd453bf1ebd0275cc69d9ab81d3092f;7059;Automotive;289184;2001-11-09
a9ec91831890d29acf3003e13f2d34a4b3dc44bd7f399a192b9f15f48209c2bd;7618;Automotive;141175;2001-06-12
a6ff74d9bf7c4386d096f82dddf32bfc81fb7122f5021a6f0dc9674da2ba6a89;3069;Property;216878;2002-12-23
ddd9381d3aefed3a348d9204c544e87bf2063a85eb0b2a1c3dea32eeafb3e154;1831;Health;309893;2006-10-06
632eac6be7ff1d78492645ca4dcc0895d075cbab3e7554efc6f8f53a69551128;7152;Health;176424;2020-09-10
dd7f25ffaca8356f870338384eee0789d76200ad308f957896c203cb6200b7a7;7584;Property;107213;2007-10-19
60f117058a7e4dccbe9056b3c5417867ccc4347d87d8ae51674a00492bac927b;3351;Automotive;556944;2002-08-10
c7187296bad86aaf85c03b3ea82b68e0185e5073c5ba881f2132cf9f1c636cce;9123;Property;622672;2001-10-12
5707eec63efde1b5ded15125a5614260f7ca2f74f946b70cb55b88eaf9fca85f;8304;Property;169707;2009-09-12
124e3367e2c9ce7582936260a426b3679533dc8dbbd3191bb94ea4c8d6a0c19b;676;Life;698264;2007-05-11
512c3395fa9b4a684ce50ae8196d0cdee48bdf0326993fa73a31a04554ddb469;3957;Property;743534;2015-08-18
c1211f7837526fedf1b0f72110fcd4425744ba54c506e12d098cb2503e7909fd;3034;Automotive;376053;2009-12-21
25ecffab5b0ffeef678c9e869a88d2b805df20c506585ac5e4925e85020e5076;1052;Automotive;944570;2011-08-08
24b48ca49fea96c92c411fa922f8e933453a70d167a15969bc0f1109f6f486fc;7740;Life;766772;2003-10-21
bfeaa2df1d794d7e5b98e0eb67881ad3f6665fa4e4278bda8207502057bb8fcb;2899;Automotive;497300;2016-03-28
5098f6ece49cf55df9eecf35a27dd8541a08da52f5521d139c9dfc480f86782b;6112;Automotive;152022;2021-10-17
6bbb03689274c02db70451079cfec90a2f894b2394e931dfc40959b41662c133;6042;Automotive;311837;2009-07-12
51703c0877cfb5c5fa22babb5ba02c476b8098ea69d56b20a8640afb18f7b4a8;884;Automotive;221359;2020-06-05
3de19d6515956b6246d9c4069ecf5e7cf55c2a409c1fbf662f30e707746f4546;8548;Health;720751;2021-08-11
8b5938e57e4fa1e9899d3a652c4a7f8851274de35b368f46c84ae9c92d32d969;4278;Health;40619;2002-01-12
95aab696fc204e10ad4dcc9288303a6e2afafb5ef63fbaa173035ae75cea17b6;2736;Life;435564;2019-09-18
d25e5df41980c7e7421642062b0de2b868f50e5cb5fbd12830c724bcf42b9fb6;6463;Automotive;520057;2005-05-13
982c062cfa3a68c0d3bba6811aebe22685f406e4bb125f1ce05f06bdd0f738b6;9193;Property;777554;2006-10-17
4cd16f0d2f672e89fea9e15e8bfd3e8e33506f32f0dd626b7202f74ee95cb48e;4186;Health;601373;2004-10-03
c2b22d1ff613825ee7d5c49c22c6670021f3a885871ce60aaa9c5ed434715063;3946;Life;314634;2003-11-25
a9b9df44bccec2394e2352ca02647b8e58fb48deada1dcfa9083a531bcfd188c;3080;Automotive;527869;2002-02-10
aa856e69734d366646e8318b0cf293b805da8614402b28285333325dd1631996;8871;Automotive;935498;2012-10-09
b02bd933945711d77ecbd400263741653d720d2af784a88778b3ef5d7f627148;6738;Automotive;472509;2015-11-11
3816f2aaba5c268952b1abdc3eca77c6b7f41d8beb6240388fa585f44d2fa37e;8366;Property;195978;2013-08-03
6460928775be5b3c10025611fa0afd4ba793fc72daf92c5847dfd94782d664dc;5357;Health;462775;2004-12-02
b21f8e76e6220f13c0b878be278d7de96bc955b325f8177c10bf82343facb9c2;5874;Health;174106;2020-06-13
5c3b43865f422b896e6016d41fb5c31bc92a7b64e87673dc7df4747706f2ba2d;1504;Health;107986;2013-11-05
989f849863e02e62fbe2929e5ffb6384e959f11b43e65e35d913215475b56c2d;9040;Automotive;992507;2004-10-17
c1b3bdeae9de24d87964a452a7eb46e530dff0f14ef356818d67538583fe0295;94;Health;155399;2022-03-21
d0f0975878211b0a33737eed057d82c6284c8ac5c3acea8021e5bdc0b1dba53f;2049;Life;145705;2022-08-09
95de8f3a01268d909138ca6ea4332f2176654ae9863184139f6c70f42554b1b5;3911;Automotive;840962;2019-10-28
0cd89866c8a424209cdd800580d4f2917196694812857e2ab408aea697d54606;7002;Life;636931;2008-06-13
1c5f9194d89a0035b1441caf3fbd238231bae0d201c203e40dd202374c755256;3940;Automotive;301141;2004-02-06
caf7790973f467496ed79096f0e58374cbc9bb7964b709436c7927f2e6d728ab;6008;Health;472373;2002-03-11
7c23f178bc5294de3f314ece20b6b43962f091c64a07316f1e563f42a785a722;3412;Property;582042;2021-03-16
c14b70a045165b437dd91c7b5ec41566c68865c8f2f0216df0bdc08bd49c78e9;1697;Life;556126;2023-10-08
448c5ae67b91f0430249d55d6b5c32787fc1562607fb96079874cd9426c48c80;7507;Life;807035;2005-07-19
f08bf31bceb95a50a969916270be1deb7dd588ff6735ae837059af95e366dfe8;9950;Life;17178;2018-02-15
70fc00352efa460a02ab49d79fffa613dea32c6ed206a235a79ba7d90cd51d93;7328;Life;976238;2001-06-20
e5c3d8b74d0c8c90c34652417574403df13951bbc8b51ec8772bb6b46ae63aa9;992;Health;192704;2014-04-16
74b3d7c3f63de55cdbf798510d600807f0a2a8ac34300ce8ee46881dc78021f9;9462;Life;925233;2015-10-02
730143908c06e47a7931c0bb21f3145d02983ad4dcd6c9f4b31cb993795c04fb;1529;Health;315603;2014-08-24
635747ed4a6386cb38cabf695eca5e8132514902ec1ae900eb7dc67488f4d3b8;6956;Health;103188;2019-08-02
2d14f0ac9ca2b379b82c93a5553e5786d268a6705f5020ab8b627db0665a8654;938;Automotive;694004;2010-05-17
7ca152f8b6a14dc71fb3c24e37999822989e69d20b6b29cb1bba22c83cdc826b;8612;Life;92522;2004-01-12
dbe961624e60dec2188073c56a215baa7afe313592e6ee82a68d0ac2459ae323;9472;Life;865636;2011-03-25
417d79c1a25720f573fb45da43abd9c78df471d5feb5a9c74d4db43ff0c730bd;2797;Automotive;112403;2022-01-24
5d8828b9d0e44d19fb52dfe6dc496c662d109649eb61d5dcb3882488f22201a3;5462;Life;745444;2004-06-10
cac26122deae87ac61b42f9c6943d5c583c9d4474e29d855ac32b06a9fc666ed;1209;Property;655383;2010-03-17
d4cffdf161ab7d7f9f70e49ad0c72576f9d857f92000250ee4f8bda0fe19feae;9361;Property;848211;2001-05-11
4d3acfea74fb93be9cb2221f9cf13256f44069fbaf67234604054d99b2cb108a;6847;Health;219909;2015-07-18
2130363eb56d09096f64c55b9aa7cb066ff30142a686a7ea928059f8fabc5306;225;Automotive;724165;2005-04-27
b8b459f6b3baa3d6e3a58f010ffdb7b0add650345b8683a283ee92c9d5bc535d;460;Automotive;118391;2010-09-03
27aefc8ca25cabf1e0018c92820a1a476f2f9053de71689557ac07487cde87f1;2990;Property;933363;2007-05-08
49aed430554966ec4bda5acf83cbf97382f03a77ff158514c4304766ad6f9097;2260;Automotive;628701;2021-05-18
beddf1c3fda463aada4563eeb5eb1661d6145b12dc547ab61deb25256d5af92c;4395;Health;762354;2003-03-26
28e6ef6c216ae867680756a2aeba297db9b163c4b6881bf8ec9a7db95567532d;6346;Automotive;335206;2010-12-20
c60c41a9653787e2160ec939ec33f43cb207f0a3f691b11ada47ed110c46be55;159;Life;927217;2009-11-01
de3bc1eba0b0b17d8a838747c31a89f7bdf33680f5377c76fa4fa5068157f765;455;Life;881528;2006-02-28
dbbbb5d104857fb82c8b0fd0dd76c2c6b15ad87e38bade4148c1766f31cc7a8e;6749;Health;693285;2000-10-01
5fdcd7f88aea0f90599f1ecdfa43ea652d58f46e1834c372f6792ba83cf4a3db;3807;Life;503574;2004-06-03
2e1fb5373a820bc36079707bc73e486182d71b2b914ba56bdfa3336a27950f44;1383;Health;754228;2016-06-01
25dbaa7c9576242dbfbf5fcf6eb66544b30f911bdfd3ae8b6bf607a49ef6597c;3556;Property;122442;2019-04-10
fb782a2a136c6119299daeffe2dd069320f720e89a1b3c5f4faae0cb23af2cd9;2254;Health;990721;2023-07-06
b1fde9fa82c952b414b019cd1243de73f696c68aeb4f0860b4a01c7812f3233c;3618;Property;662971;2015-10-05
77b1f83bf3224290f388ae2baebcaa6bdf698fef37ca60914c66c08e12d1829c;1383;Life;52160;2012-06-20
4db573069684041e46fc5257633e8effa701634d0f02c8504fa662b58fa1cd59;301;Automotive;380930;2015-12-25
a88a1233dc0766b80dc4d64483390ed27b9e1e8e2260d706643b36dffdd9e807;6556;Life;967781;2008-11-03
adf8094e1b3a881f57a30a560503246968f6f36f86f2498afc790a592411fbbc;9715;Property;621186;2011-09-19
2bd80305176a7096269f10faaaaa17f74bece5b45aefad6f51e894ed8ca312f8;2014;Health;819102;2011-09-03
42ac9b5e373c1b33dfc63515d3c789b69c40c74b3659186fac8e92ef02b61a4a;2818;Life;258351;2005-04-14
bda1785dec13a054ea52583cc393d7f40a5106df6f4f5d25ada9491fd526db1e;15;Life;847842;2008-09-12
51962fcdf92a7124fe03cf17b5f06041fde5325588ad54265486c8fab2202db2;1347;Automotive;105259;2016-11-06
089e0f2b7548b26e629389a77d98633aa45f867d0fb7f785caf4d9cb8a12122f;5121;Life;413523;2005-06-20
d12ffff5e4898980844ae756826f04ecef8dd287791974fa2dfa6a5262c6a5dc;8833;Property;249855;2001-07-21
a2b336c6d7e1457c818f9255a06429de7f0c0ff6fc155294d91376705fa6a9e1;8434;Life;885701;2000-09-23
4025d8623ec5b57991b74f31edd6c805c9544f345d21cb827adf2a537976aed8;4129;Property;903739;2020-08-05
a9d6ed807152a62307bc0172334775c488701de6a4ac6b0cf83a450c11b4f3e5;8848;Life;638509;2021-01-02
23d1bb0680495ddcd9a02b8fca7563a417b6d784780407a3c60632b66c8c2a4c;1854;Life;409841;2001-11-14
06b741360299991f30d24dee94bd48d25375aa58123292a2843fb06a642b8240;2493;Life;615409;2013-02-16
5125d98e92052796c5bcad0c77efeeddbdfa575c88388816806d85754f6d6c8f;1908;Life;457789;2017-11-03
ffe985e451c1a117c583253f0087c5d69b1da349f5ad9034df9e46abda65db32;6844;Automotive;428065;2019-10-02
80e606886b384217cfe440822ce7e0134977a9a8fa4884cd34ae8d2c7c5fe248;5390;Automotive;695471;2002-11-04
f0fa851c89558cc4c048b4401f39c2704e7f7feffeb5309124492dde2ecb8db9;6014;Automotive;207250;2006-11-24
f38e4d2fa2c93b46b091d6b8f3e0616795fff31b8c45b8c3f7272854d463f2db;5615;Property;994951;2013-01-15
9ecf56f2bd05791f229464222c9f215cf80e377e975e51de9ff42d0107686203;981;Property;824780;2021-05-27
a016e52df6dc54391e3fc821e181da49035fefbb038c67cc058d4fb0530b98f8;1626;Health;430123;2023-03-19
dd05b2efdfb674edbf53e5f6a8b9a4f1fc9da68751a456f1c97ea2d14840e3ea;5871;Automotive;969559;2011-08-19
e1fd8dbd2a62e198c8b38b93dd5bb0253fe0ce6f4e426a9a106d717c39663246;4355;Automotive;575989;2014-05-03
32103e0b7586928fb9b6eebd22f92eb4764cfae2d48310ddb416109e1a69ddef;8951;Life;916732;2003-10-27
cc383f403a45be80d4e6d2cf014ab1eb90f4cdf3d766d0750f80014e12b4bc9a;1057;Property;618675;2021-11-25
d19f9a04c5cd469ad13e59c29b7dfecfd246f499bc78a1ac704a7770315d37e9;7590;Property;740216;2023-08-08
21e6d3e5f6cfe208f0f447e18f1585c6e90414642f09fe7fb3c18668ccdab3b1;6514;Health;822479;2000-07-21
a08b00258409e60701b8a7c9e08d28f9af4b38e2831bef1832204dc0fedde422;2446;Life;289958;2015-08-06
1cdba46d6ba54ef57bf586370365509368e69a0c8cb7fccc0cd6b98040171950;2462;Property;287359;2013-05-02
1745abff9911720a38713aa7fde5daafcb9d8e989b86098e8bb67e56f5b0df50;5055;Automotive;524758;2012-01-04
41ca0279d5ec9a224eda2316d4fddeb43d2f599532195106bd228a85bebd2794;3975;Life;898664;2011-12-09
7c467ab6b68d79b0933eee3349fc8b9eaadf8a0b24b93b5d66795e42a8591643;1920;Health;664531;2003-07-25
6b3ffd81526af2b2974e8da1ddc3be9c3eecb1f8b63826d293f8525c8512fefc;5528;Health;927622;2004-01-07
230be3eb3506103e1a7c97dda859fb5c858d1d55e91e8c628f2cf1e33614ad90;4801;Life;689586;2010-04-15
3180c67b01c971fb58082ae968cb720e13653c6528de1118feb389902b112dbe;1627;Property;795154;2012-07-21
dd023d1d95dd9f67d728a93af6695a69d859c3c3b00a0e19dc1468f797ef0bbd;36;Property;558197;2016-10-25
e42a92c02c5ba6b9022cf8e686aa3229ef7658f1cedc47b314a75999a7762e7a;3670;Health;320616;2017-10-06
a8158d7a969bbbeccd6834da9e76200107bea79d3604f98ae37e4de509f5cf47;7343;Property;700083;2022-04-12
f70585b9b6be1cf96718edab5dd370ffa20c02ff3ec2fb42769cf278bd113cc8;7822;Health;790108;2013-07-17
1614bbc6e3f969955f0101486f29afcc56c81d98c31ddd7ced963dffc1095bc7;4575;Property;983500;2019-06-28
830e3dd3bd4459f8a46c29b1349555e47af2c31dd6a3bf31beee01412ccc8700;1173;Property;954687;2008-08-20
0e76a4279493d1934b508a098aaf358cd11769c305c1bd344501950651d185af;7343;Health;291999;2023-07-02
b4a974a1c4ced7881bd508a81e68b99d3cf234609be229d4a66e645a7f9b6def;5185;Health;272341;2006-06-26
09759b151ac9103077e002f9afbd7d4842bfe8479c72d3c5c2ee1c6b9c646beb;6931;Health;291332;2006-03-23
e1ef9c86f1f0af86e3607c4f8fb965147b3d92f890689a775985ba5e910209aa;2139;Life;449917;2008-10-07
4a0cf668d177f243ef0c099dab8097519195c21f81641799afc6ec6cb69c8963;2940;Health;177167;2010-04-04
994907d04309f3d4db4c6c83084956e96dd1dc6cf9d182489a7819bbb0c14c32;8925;Automotive;510162;2015-04-18
04a218c450ca3d5182e1cf36fbf5565315ccba24012fe58f7a78d563d0241918;3355;Life;642370;2016-09-21
bcd2adc7d0c0115b1ce3a2daae1d04148bdd582e9b25d87ebf3fd6adf28d6f2b;9012;Health;210208;2009-04-24
ee0b0b7fdb7f6b567188ab0a3d110441f458f3f4705736f110146086e698aa26;9985;Life;548969;2014-04-14
bb23a3fa46bd9fd7c0cef9670072b12eb834cb39217c238afe950fad7d788b5c;3688;Automotive;866430;2006-04-14
bae7e0b56c45a92e806ea38163da571ed875c4b61184499cbea7e0db4ec32e6c;4610;Health;368753;2023-11-27
21923fd90e2eb9a68c3e053d07bc8b9a2ca0b14798d1d1b45655a47abe17c560;2727;Property;700575;2000-01-18
438b87be527b8b19cf74abf9c7fe6ec4b6ff5d717f86689980668dfcf4a74d95;1238;Automotive;48956;2016-02-08
d4f86514d81f0f01f9106ee12f92be0391ae1d84d5d980f6889648427475cd90;6538;Life;849865;2015-10-18
f6a021073a0f76c46cd6c551f280bddb7b5c794eabdd3f8ccf53e0c32b4f6700;2778;Automotive;438718;2007-09-27
d7aaf9afe0d536c8ff2f2d04b434dbb7357396525ce52b98fbd4940cfb325f9a;107;Life;417570;2017-01-06
a169b99c2eeedc730e2f0e0a56b1182c625b0661d01bac9af511705b170f24f0;974;Life;446823;2006-05-15
a0ed56af371b6699c8de22fc72b9cef7769b6805e23c4cc508c3d86f6a0567e0;7658;Automotive;349066;2010-01-26
d9110d90fa691161b511c1af1aeb84c01561b588230d4d758fbcee97d66bdd97;438;Health;640632;2004-06-24
7595194aed3b59d3b0b940519d4c049968bb269068959f9caf53ac74d2b88953;7522;Property;264783;2016-05-14
8a56316b35d4fbdcf51e99145ecb8822d1221fede84c55099063c4e901b37082;2615;Automotive;596595;2011-07-25
f7ce05bd0c2bbdc9e6d5b6019feec23cb2600182f84c858963407a727aeecc12;9296;Property;430211;2022-09-23
b82230827adf96786c2f337157508d6764e2396266de32622cc5e5677fbe2bdb;7856;Property;936218;2019-12-05
bc3a85a8ff7bd06aec53801057d1cc4d445166abfdb02a91896dc239586af155;2613;Life;419466;2001-09-27
c9f8ca0ae08d618b098c2d1334f45a1e8f3f6f69fdc23a8a72a7f7dd190a20f9;3680;Life;153718;2023-09-25
4279b4b18d5ae68d5a7628769e575fad3c42c37602409482986abeb983ab932e;42;Property;77988;2010-11-25
e9f23068d5a778ad3e40f2e71a77d2e3326697624de4eaa7025b4edf3eb3d101;1898;Life;805576;2022-06-09
2bbef1033996ac795e7f525737e5faa5a665b5e3d6a7727d06ab4cf8f5f4de28;3287;Property;200116;2010-08-26
75f03b164cd3c0962c58fdfcf0bff1c8a84a42377ecf07674ac4fc1151f1e1c4;4738;Life;492590;2018-07-23
95e0092f8473544865bdd1e171ec3adfa5b782bf4d94c1dae6b8692a6e3b6619;7285;Life;292007;2004-02-11
7f9dc568f887bd471333480428f4148f2b133167e3e4da5b3c6f79fe2e4b0bbb;4036;Property;637813;2004-08-03
4b1672497b21d60ab97daecce3d46b121d8d9ef9f34ac11fea7620a03231db47;7490;Life;795553;2007-04-23
bdfca9ea35e2af203be36c8f4c3fdb3993c6f119a5e71a269c76815966697f6b;1157;Health;916215;2016-01-05
6b5e25feee6da075b2f109e8065b39a5f831ce8f83143fd6502a60e72f9df2f7;3907;Property;471111;2017-06-24
b80716b452be44c83f4dcf4a589a93337a5665706bc04146545313e3c181fb7c;1763;Automotive;281532;2010-11-22
94a4437a9e8b33d35d0116463b1a268c83bde72b9ffb06962c1cc19d760556e9;5522;Life;79253;2011-01-06
029f8d450f52a1264a35ebcb954b7a6070a9b73bf1623995fc1e4702cff35147;9054;Life;601139;2015-06-03
43d247cec04385f7e35b039ba2df7bf9a675a63e9a51642f2ff132b4d046295d;2887;Health;978210;2022-10-11
05783febb0e2f229445b9f0a238b6fa9d675819f839c7099b9100b713e17acd1;7653;Property;368847;2009-10-02
709408581954b23f2d5ad332bb4d33e694738b0c159b6231690c14adb4605d20;7977;Property;875460;2010-05-05
a2a4087cb63bd043d67f33f5451c13966a24ee1cc9fd0b7b8814e32dfed2d849;1648;Life;8889;2015-09-19
698ac83d3b895b9cd660364e779c4957e94a830491f1fc7c4ed72277c75c54ea;7837;Health;105968;2009-01-27
3f946ddc9976b4777e686ca312652af803a2a49e908f4de1fdb251dfcc86a8a8;4915;Property;729425;2007-09-14
b26473bc03a7020c66be5270c7c18c0aab256c43ccf262e8423cdedd626cc9e1;7885;Health;263960;2015-10-17
4f67a7da848ab9534d2a1f91dd9dc10b8b8b00d41cefc5ef7780e49233d91d00;3575;Automotive;483667;2010-12-20
96246dcec7b577e438cb2d6811acb3ecef78a8fdd07fff0285a149fc87eceb92;3814;Life;57994;2022-09-16
45aa6675969e57c8aa961995b80fef88cbef73653e89b85fd3eb71b8275dd585;473;Automotive;919687;2020-05-09
05256bb71d9840977f97cf5482560db5e26dcc20e5ca65a80d8f074063b10094;851;Property;185416;2015-10-14
b5f928544822f6b9d4af38a17ff4491ae3722b54bf8742c71ebdbd5b238dd8e3;3360;Automotive;121977;2007-09-12
939f710261826ed39e9a1b217d1b082d8b642d0a6623ccb35ad7a5b31963d5a9;3293;Life;307606;2002-02-27
5d0ba8165b3f5c2f5a4edd763206ff16790c28c1879088c8fd0d4f584d5d941c;5071;Property;117774;2016-08-21
53ae8a87361f1e210984ead890beb03762911cd0ddee34b9bd1020d616cc7c2d;3006;Life;612243;2013-04-17
d07ed4ef9a6ccff48305a4abaa23b1bf7f6beb252b65389ae993815207ccd3e4;3727;Health;67719;2013-11-08
3e2982cf5ec5115a66e679e9f790328895ab9e31416ad07c048ba8dce2fd082f;7595;Automotive;505384;2022-05-28
ad86f86bd4199b01536d1ec08215e0dc6b95b7d308a9b4290b2ce6a20097a276;3039;Automotive;719937;2008-06-21
555b8196bb324bcd0f4fca9f7a7a615337f4854b5ebc6679b85b29d9066dee2c;3783;Health;644240;2019-09-05
5ac15ce2f43607725ce82fe7fee73f516fa12d471d32d1e64990b11f165744fa;8646;Property;232799;2000-07-15
a701a054fad0b15968cadcb1b2c0f858ab0bb52e792b68b5c99b82032cca5305;4937;Property;804845;2023-11-11
483d3bee54d3138c6e947aea9217baacf840d2ae36a5441a8e3a8cd4587df3a5;2606;Health;318536;2019-06-01
f7fbbcb906555d67ab4e04f27d1fc03511edc19c8e22d29c264d3572ee24c7d2;1171;Property;454313;2019-12-05
76483175e4cba91f2f23b36a321889577fd1a00db60c7ba9e5d09aad584b3bb3;5936;Automotive;422862;2017-02-13
cdcc6aba999163716096a1367af40099dba860478ccfdbc91d0262179f069aad;1348;Automotive;107071;2000-06-17
a72bf418364f3a9b311c5c5b76a52141dacca9abcc7b710df2952b35b787223b;5050;Property;661859;2016-05-12
ba99005d0fde1e1128bbc60e0599294b39f25f679c92439a24896e0b19eb1169;1576;Life;467162;2019-11-22
5246d4b7700a4e46684eda479fd9375cbd814322496ae4b72d112eccdef33e93;9530;Automotive;702497;2021-02-13
bbb4502cd2807f878cd24a7902c1777ceb7c35838d03d16311d61f0af6b77115;5933;Life;725227;2014-07-05
c0d21dbb46803ab888a305a7303cc132990f97030fcedd4313367a3d90ed57b4;2996;Health;67944;2023-10-21
e7ad3c49d0e4dd87e24864be057cbcb6d4a667b4f55d6c5f0eaad6a075bda03e;9591;Health;629673;2002-12-15
7ff9aef98b21ec2f01e7cc1d053519b7ff62fa5aa26dfbcfd7afcc3968fec807;6558;Health;926410;2016-08-10
f9dc8197c3c2d0c6a87ac54cfe6270b163c5647e055f88e17bfc70ffb85452ab;994;Health;410438;2013-04-21
a7b496d58c59afbc2f5eb91374e8fce3bd619934a8f1bbe529889d8e19bf9628;8786;Life;785587;2020-06-11
e3a1bbbf2052f91563fb16d21f3cd5a1ae65ca91a007c8b481b3502fa5777b03;6830;Automotive;88141;2019-07-04
ac122a13ad6fc3b262189c58845b66b077bee4d48898859d54cbf30ac6c89326;7202;Life;203300;2003-12-15
9599411fef2e8a54746448aba826d3277737b20c0243d228cd9b69df3478908b;8864;Property;85372;2013-09-08
cf0b902dc8a760f2e1401d65d172e0f793aacee8b4167e0f6d13106c01e5e6c6;6223;Health;532318;2017-09-23
83f55397c3ee2779c1a9e74fe9b9e9663b91116b5c13982bbd9623825ab7df85;2811;Automotive;721053;2005-02-15
ad4c045130fd5edda75613dba28d3f9ac14162bfb59ede6639616774bc1a9a5b;2518;Health;928963;2020-10-09
a7b01345e9207ebb9b665633b0eb1b871a08bf9e5a0f5979b2a26e5e6e2148d0;9404;Life;560031;2022-08-15
eb6f2207cccfb2d48bf103e59b25b60705aca2e6ee6a2b2303f4618edd74431f;820;Health;395612;2021-01-13
b6e3707d517992de1aead22ba4a9c8670bde6665f86eeedc0a95d3091452134f;5231;Automotive;719665;2019-09-15
5aedb95caec13cccc773e69b72887260e515bce7fd51f9f07d7e75410e51b4aa;1301;Property;412722;2011-12-09
a461b06d365e5bb993a11021222706a4f8549aa99381a566141ed952cded8ebf;12;Health;411984;2001-07-27
7bf705d7de511cbb8961825e163cd7b429afbb25c690f89fe9a0fc9ff731ed57;8523;Life;947571;2009-11-22
46ae485f8ba88d998f511bc0f3cf99863e5bc0cdba5e3652394b3949623d6666;6130;Health;925382;2011-12-23
0d55e97097460988503d51eefc9bf68ea183ca89ed396a28d2694a272c396164;1447;Property;828037;2019-07-25
cc2e28ff9fe88c1331320f8a9c48d9ebf4fd689ba945515480e3c431a22a8539;6852;Automotive;584540;2003-02-10
73be1d00e022fe570c83d9617d6cf0031df19f7f6af0a9bd311af757ce03a955;8762;Life;637512;2002-04-06
5f817d271598d7ded0cd9ffb999b0c4aec5922b2380c6e37b691399f09fca15e;3468;Automotive;113123;2021-06-18
a460d2c7a15d7c91b21ff80f071bf530cf1da70c62d1474eb3e71ef84e1b1906;7263;Health;39902;2002-11-22
5a3662c977ebb177c5810b02532b8a537a970d7b8b5fa51bd87df43431035075;4146;Life;852762;2014-07-14
00b174a6e0fdd358521d1ecf6c00dbfc1b86ec005ab5315d922b0d17520f8260;7763;Health;435341;2010-12-17
b618e67c013283295a961b5bf7d50be7a65016d726d55bbd27b1dba3b014f6b4;747;Automotive;52877;2008-08-17
56b64ab5ddcfa631c8d34704d7dbcf522bda6bf9802e444e807a0af98f87b519;8877;Automotive;710354;2005-05-12
6311f315d8eb494d207e414da82fbb771ccd01364d930671455bbc6c2f2555ea;7607;Automotive;223571;2015-09-08
afca36c8c9a603813c579bbe85af756fc5fd6a78f76a16e980eb8e371ddfa69a;9098;Health;562258;2022-02-07
888ba87e38b161410dface44ce9ddfc3a29a6927f49ac05db039315d32914e53;6238;Life;862515;2002-04-04
dec554b7b37055688f0797a492b1d6d0a4629cfc63768212a55329d4ff0863cf;286;Life;543721;2009-08-07
24f5fdd84b61c465a0c0afd5df70ead2c027265431611054bdd1a0adc922794d;2869;Automotive;244969;2019-02-03
43e1ca38feb310b50e3fa97548863e68a6bd67a08ec84babc6e2b8fac1fbb252;6291;Automotive;38858;2004-04-18
a55bf8698cf8f6921a34aa01c01dd5e9b661b79cc05b84e0c952f9a772f9c842;94;Health;374861;2017-02-24
05710a3f6cfcb8b9c805a0172f0d26ac7944bc9eaf808645239a3a26af959ca6;366;Automotive;851013;2010-12-26
b3e0d89178140115263a3452dae559a008f0f1f2739d4edc633d2892a9402348;8175;Life;814363;2010-07-28
88940f70da4603a675295f95d8933d265ef16a750d87d6f1b3dd732dc2dfe279;4970;Automotive;545221;2002-07-23
ee19a64866d002ea5ea0e3563b0d4d422e3eca7c3f87f221ac133d0dc202a84c;8454;Health;665906;2000-07-06
acec7318f754e6790b5a7814cfadc96405f3cd60f0f901ae438bb08af2b15056;9651;Life;376211;2010-08-01
ce8573bf4299e77e1a796f86076f317e70d468dd424f184bd8643d8c93eea6ee;7245;Health;829528;2007-10-10
e112e672b54f0e12675a3e00539e262015b5405c7d8ee4e95357b800b4cfd28c;2100;Health;215080;2002-11-02
e8d9b913c52406d3d41016d22bc9a8e82cb7601ff1b7ea520176006b618af6e9;6909;Life;547214;2000-04-12
78483962d3573be6c98ee786a340265c3d905be8b8dc0dd356be5f2c057844a6;5104;Automotive;394140;2002-01-22
5baca62496fba52b487d27346b18ac5f83d1d9ea7b55d7be943a7bb0e63ba10e;8478;Health;234842;2012-07-17
529ff58daea34d99ac0ab7020946c2c9af6d8f8426ec98aab323744deb350287;6457;Property;97391;2017-10-16
375ca76cdfcf2be7bc5c6ff1883a20afc02834bc4f515af4a0a56172f87ca0a6;5721;Health;223787;2011-03-14
8f32c69953c610652d231a784b659e142570b16cfa39ad75dfff21cf477c08c8;738;Property;330940;2009-09-11
9a79b855d607008e905439afb1cfb5df6fae4acba3c9fa1fceaeacc035530110;2109;Property;65749;2016-10-04
10df99e2e5d56cf86613aa8a667b36236c4ac0d09014a586c28666fdf1efeb5d;1913;Automotive;29639;2005-06-22
f42605b68ef24c5edaa63524c91124f36c352e7dd73047d64e636b8adb0d3faa;7258;Property;624529;2000-01-11
4f1a670951c9a2e1f8d54262111042e18ba789cbbd68715a1275053945a9bdf5;7678;Property;246575;2005-08-16
0ab668ccd75f70155bf10f582a2655d49b0b61a724b7bc0a60fca99aa9812a4c;7826;Health;685146;2018-05-02
85fef9866b936e32abd280fec1fa16b83f802b1459039fd0137dbb81296e6d44;1221;Life;742880;2019-06-15
91670c00720e50c873e25ff09dec4735d6a367451c2dbdb2193be4e392e9c2cb;5689;Automotive;787613;2015-05-16
5c879f330be8bdbb1209dec24de3d68228c265020db50e574a088b5926da63bc;3567;Property;122488;2020-08-07
22d8278d6ac67bcbbe895da317e1738ca1631b83c7755f61608b45d4d4cf6f27;3888;Health;449471;2005-10-20
f1158e7783edd43dca6c71f9acead7ca8f90ddf4708e41fa63c3ad5827abf063;1039;Health;332105;2002-11-16
5a4be1cef3048ffb9df172f3f7f083fe138130c6350e48d12b7a7e1c421da5bc;9572;Life;566249;2006-12-21
484c10a3ef2496662fce4672be992871d4836ba32059e6f753f35699fc9149f3;6353;Property;57208;2017-05-24
86cbbd8f4801063e89c20df281453d5286a7efc15b71cf3eb11da9abbcd6a679;2074;Life;274486;2008-01-16
cf75df6cdeb3faf4a6da38f0f3f52588e925963923d6508d5e8be7bee38ee4bd;804;Automotive;233144;2007-10-04
f425801306aea5fd8b20de5b8a992d5cc53c95da89a4d2c2861aef5a4a9efd42;1657;Automotive;645089;2007-09-20
604e8c5acf8163944c82f68fb81d4737f4ded9425922479e54aed6dd8d455869;66;Life;26605;2011-10-26
baaffb9e94fe8f53f96b3c95e39e1f0abf6bba8b1d304937d8d82d0810142c00;4314;Life;397614;2018-01-10
c8bfb751a380d30f87d27c427635e048ff944b571f9f5eaaf96f90569c398e36;3987;Life;909092;2001-02-26
6b096897f90c29d09d23756c568626813d6ca2d80714b540c8e434fe9ae31f12;114;Property;326383;2019-03-26
ea5caeb0e709f3787f69fbf5a0e67b25556b28e0a142ca4d48913e282db1c6a8;3992;Automotive;896300;2012-09-21
4e0255500a64a66714d0bcc1831c7598027192954b7bf087e62d1f221c7b2059;594;Automotive;267324;2014-10-17
d57cc1134adadc5d7e6fc9a6af2dbae606a8157a7cfaa5243ac880b6f43a90cf;9171;Life;763769;2004-04-19
1fd474ea08c8d05b581f6f256b7c157239644175388c558d3e261c167e802f51;7238;Property;622453;2014-03-02
7705c4af923e45e7ae02448c536c1cf22fb84962b0a197cd571b0ec1301d09f7;7095;Life;736849;2020-09-25
9e66809658cba51f91e5a86748bc5cdb037f4370feb0af5b35ec9396ff105abf;389;Life;242104;2018-03-01
5bfcb0a868f26900b7234c212af3fe179468036d8e47e393dcf42e710c698a2c;7493;Health;707203;2008-08-09
a9cbe9d94cdbd9e123f7806f525564b36669145faeeb0247505282b2a8d58ab8;4858;Automotive;446864;2014-06-15
9265ce151ed09f0b2578ef2c601b6045c3a3f9ba350d2d09f7a4155dbc7be0a3;4835;Health;982647;2019-02-27
ddb364367337d446519f98ce38cbfc377e824b9f27c5a94b62693c56db95a171;3609;Life;674265;2018-05-15
6159e344877aae8686d42210d1a2f2541c61f35f89d5f5c9bee9332245d604f7;4529;Health;839732;2018-01-24
7aaae6cbaaec23358924295058852dbcb4c3e9def196cbe225c91b70dc8dc401;8925;Life;441373;2021-02-19
0c7dca5b1e23abc0827f7be11e39d0d1418fd69cd89a97e1f0a69d1f1e1beeab;1586;Life;132670;2021-01-03
79cac82847f6b5ff4a21b61f914bf041bdab2fa4b7d9d5da1ad3543e0433a5a2;575;Automotive;256755;2014-12-11
22c10d02cbba2275253e5791801688afa6fd09a4d2a6f0584dbb87cf17baf520;7032;Automotive;329014;2002-04-24
3cd27592b4dfdb67155449519e85090d6e208ae514b06fee05c5170274052129;9001;Life;129054;2013-11-27
19b9d52b58d9911afc93da43544b16147ea948e0d33f6cee8c84a02af5afdb7b;3650;Life;226532;2004-12-17
978a767be4e06ae6eeaee0d1e958b238af0173241295238a6a149407c3fb2428;1044;Health;621103;2019-07-08
bed849d70c3012c476ba018a532d5727df9cf5bbe06f6e70f3f35b2531b1fd17;3824;Property;898573;2003-05-28
7f0ef4090e77b07173e3bbb0f53667199f0b4bd1048847c0050afcf0c744b9e8;717;Health;152150;2006-06-21
30f6ce8adb430296dc6c929440ec57c0b61ace017caf93dd3b87cb47dbac9fb3;8806;Automotive;410819;2006-10-09
c163e9548a0e0c0251b36b99f2eb1de0f4226c6b2f4d7e9edc9cdc7775827dcb;970;Life;272661;2009-06-06
bf268be8f6f0c08d8dfdad65bd181db75e4255a4b7701405547b3bad48831e82;4450;Health;380612;2020-05-25
7495b7fae10a67fb9da2870e9344149c63c484e089701dc5f2114deac83857ac;3619;Life;454331;2000-02-27
592aa97af2fa9d68fe9932dd382a21510d6a9b51411401b9af52ac853f46a40a;4820;Health;858971;2004-11-22
3eecc9ea9fdefde1c8cf7b77492bd9ec870fb53a41741936e21cb377ec86ee5f;244;Health;658397;2018-01-21
b3ab7011904a2368d5a0ed73b768973f5b4b8f59288121cf303eeae7c8300249;4263;Health;103579;2014-07-05
3d5d9cc6dc4482ed224ec37d3484e01ac2f4b7ca765034cfe64f5600760f1102;6992;Property;981313;2017-06-07
8d92cc9edf77c3e0324a7d369317e91cf5d15010d71aea03018f52a88125bed1;4585;Life;692711;2018-02-27
1181c442711b17c94bed322327919422b62c5e5408cdb77ec4452dbed2a9d8a6;7487;Automotive;564131;2004-10-02
782f5bcf2aacb3975ce4118c44b3307a47f6db619e6dbdbda4c48131cf022494;5061;Property;756674;2018-10-11
1881a1bf5f642bd28e85e245fb5ae0aa4118d7fc98ded57565b884bbf6295f0e;5151;Automotive;599016;2020-06-10
0f8ac3db435f690d32baa24a472fd37864c1436d8201e8b68fef80d0b2a5f301;8853;Property;900712;2008-06-23
0bdcb98ba2cb49a816eec967946b71f88e782799d745bd5d2c3b39fe7445c783;9673;Life;861233;2011-05-11
1f29c2cf104d1fb207ce506fa401567446efdc452e35df7a02cc29895604bbbc;3545;Life;673999;2000-01-22
5d0393641b4212ecb503537844fc4645dcebcfedc705e749587e995c69dec191;159;Life;106635;2008-02-28
9fa5c9f16fd8386d6f524d4267936ea507d5a6b58256a6870454647e52147e2f;6679;Life;13284;2008-04-24
c7430150e0c3564d2216fb96018ba3634f20a669e46cc001d7be3eab92eb53e8;2244;Life;280574;2005-02-26
a7b90c8b127e6443708ee436159a14afb9e63b6dd9518d73541d8594d166e213;2091;Automotive;199277;2012-12-16
6f8b5ef3ec40f99feb9148886ee27621e16d01e064ac9b03cea0cbbc2d10c246;6590;Health;316528;2006-07-28
403d5de2408cb33e51b082e67b816945d955e7a6af7bb88f8a80470f27bd5ea3;7629;Life;991945;2015-03-01
fd1f31b7a0cc28ef9bbe16e1f6eaa5d5c3ae65d934df0fe473f0fd235e9282a0;7391;Property;162129;2006-05-09
2140f11ac298fff869636dff1bab63e8c342b96de06e3b7e76aec60ca1c6ea66;8211;Health;355000;2020-07-22
42635a7840227fbc3fbfd01c66f536160fb88e6a1ae884b511307a779012ff14;5573;Automotive;156558;2008-03-06
92222a702348e425ce6ba2cac20fa56d74b9a982f5f2f8a2e7606efc1bfd8e4b;9498;Health;441812;2014-04-10
27b8762e3c7f49ca12d6c7938133036f363a71eaa1a9057741c9565238bbcfbb;7450;Life;56215;2001-12-02
96e33e8b503a374239dbd81c3e0657feefa24b1e1ebf6e6892e5ca6ed9131e66;8536;Health;820368;2002-02-26
aaae28fb98b03d95e032e75ea68a1635c0e1f1709e0613b68b1c8f7c5b8b068f;9888;Automotive;242179;2021-11-16
eaa468ed538e62a89d8e850c63f032c141ca16d487642a4093f0c675131b4a35;5381;Health;312443;2018-09-12
c6aad1189cbc05f4f1d4ffcc726acc7763fafb8004f474d1aa63e7dae62e397f;7128;Automotive;974516;2015-05-10
cb8a921e94c902846b50766a22eb7d672a50c70b25c12be3b57a7652c7cc3819;3819;Life;579333;2015-03-11
bbdfce2e971f72c58af0c9532476dd9660a880809ee2a8aacb46eb8cef0df78b;1495;Automotive;555698;2008-01-11
cccb959be5ef062f7985623e174941526d455471374179bf6e985563616b17a9;3666;Health;398614;2004-04-24
11e6593b4f0fcf071562ecfcd3b651466000cc309060f7bccae999090fc162c3;8124;Property;951095;2023-12-26
31fc7697b7c7286b5a9b223d8a842730bc604b54343e43d40b6dcf8297fcbcd8;9490;Property;61551;2023-11-13
0ee5070b28be09ae20ba5d97da84d3e3baa157fbfa25829a27649f3994c1641e;296;Automotive;345247;2002-04-25
5f8d4316c9aee868c77b68e717ebf583f2c04d3dde3eaec06144fa7a67a6c917;3275;Life;891503;2006-10-01
9d6778d5cde5b01d3faa9514fdff32b98f4e30958d48a13d1665259814c385eb;2060;Life;960003;2000-10-24
0d3d15ac1a50849e842539b1a52a005993317eb70cafff4ee4589ba432d6730d;6172;Automotive;840220;2014-08-04
3789677b29b8bcad64dbdffdf1dc7dc197690c7a9bf8d6371e2db58ecbc3e2c1;7570;Automotive;365826;2012-10-05
1e46314bd9812c1bc09de49dd14361a4efc21caaf5abab5bb34c26dbf28250c8;8929;Property;511978;2004-07-21
4a423ab27990c1e441cea2a427a18056c70bc3e367c7e3483dada0d97347d943;5762;Automotive;97998;2007-12-21
e38a87338e58338b34fff1f6c79702e38047b988ed4beb350013a76b657e9cbd;3997;Life;802802;2001-11-17
7922431fc68063bd60cfcd6c414c1a4c2ca7c3680ad84f7de0ee96d67b08b627;4817;Life;404763;2023-07-09
c43c0502d0879f7d736a794c47f7ecf70cdb00e2fb1ed15bb6e3a97110ace9b8;5700;Life;955152;2018-09-26
9ac1f71b47f4006b72c899b782428561021e3965493afa3c133a7dc22c8d8aa4;1077;Automotive;52719;2023-09-15
138b51c3d62bc30013d37c3b6aba4f0d51c8f6c050acc3a648ad902fbdbcdc28;47;Life;994186;2001-09-27
0bc9297188eef770acd437e30c1968f1dfdbc2404810485d1cd17afbbd4e304a;7286;Life;399868;2008-11-19
f2c50441caabacd90f18f9f95841a4767c50c828a8897d40b8db66b90b897cb6;6417;Automotive;544632;2004-04-01
918f02ce9193254ee2fd04fde3fdf57a7e418d0a9c246ac35594e0c593b41124;7519;Property;319257;2008-08-16
a1e60c49aa86f8797f072c8b146c6920d7c70596bba864b07746551dd457054e;4496;Health;525418;2009-07-27
3ad21b87fc3ead161ac137c695cf65a4dcba0f34683d291f4acea044530f084f;4960;Automotive;673221;2012-09-20
30cec7685c9d83d8e7fbc4ab5217d3065161dcbbe2cbf1818a3f22bc60195a3f;4160;Life;42604;2000-09-07
15f77d2d8f81f277e5e435b28a6628e94118e78c2a18a3473a4ef1e7f3343c35;894;Life;359086;2014-08-15
f903f552b508bcf4b424d8b7a269e219d5fcce29da1c17939560f78ade660313;9037;Health;888505;2007-04-14
2d3de71f8a530d07c3e36d030cabfaceb68fb9206d0854c8092e8a58eeea00e8;8297;Life;946115;2019-04-15
5e78766e5291f4cae5ce6ba149a316d5a0715a14332b2807cb5b54c5741fc707;8597;Property;482431;2009-12-17
083baa61a62a0197928333935439cea34e1ef43e897cee4077b417205ea4dcdb;1114;Health;361345;2011-01-22
c8c5657906c4f4bc19d05e5cb3bab276cf80d8d93c944a1a5e85a5dcf2021d24;4129;Life;525864;2012-08-13
adeecd8c5819fd832aef2093ff0af7b25dd604dedda01c83f26849c32688cc38;4930;Health;999193;2021-07-08
db28dde96b822d27b43fb6795c46afb61b1c0ef58d103c31156a4b2fb37a303f;2485;Property;542615;2003-03-24
5ea4c557bf75a260b05ddfd0d6d10748e0cda857b643c2fe3f4a5f97a8c08560;6362;Life;459757;2011-05-11
2fde54abb94604ff0bf8c5585398b05e68b71aef24874f409dd13d3d95d5bdd0;2574;Health;730748;2015-06-09
a6f4f2401180b27f9e81bea8e496707bf18ceeb5529bfa0472dede698b7b6ac0;466;Life;632385;2019-08-25
ccbd4cb7865c1333ee98dc56981c10491b36e54d23d71c85a013ed3f945b5882;8374;Health;394046;2017-02-20
f11e8e903b5e3f72132ee753df4b31b82ebb044ae11c9ac31a8296df6cec443b;4910;Automotive;900010;2023-08-18
ee93edfbf742e8f43cc55adc5133ba9cd182dcc315d8dbeb7a0d7c39423edef6;6799;Automotive;384279;2009-01-23
f683ede30adf9df521240552d10e25626895aa53fadabf519c03bcfeb75f0787;2697;Life;406190;2003-07-10
bd5e31989dccccfd0bbb910323f09a190867a2dc6da83e90cd7295835ac1b6c5;9276;Automotive;245847;2020-08-27
e58f48acf65950db21cd138a8073a4af84a5127e93a9aed8d30fa22cafaa7932;5842;Life;391578;2015-12-28
f769285bd760005edd2e8fa2f55f150ef9c4df7bbda0b89271ff8c05b992be9f;1077;Automotive;970578;2002-10-17
bc80aba376c630d0dd99008b4e7b2643ca6570890385393da2852f9f309e7a47;5491;Automotive;257304;2019-04-08
60b6e16940cdf9ffbfd449f374664d20088198b569f0d3508e503341167f5219;1674;Health;836262;2005-01-20
67409ef3161f57346d7a244eb627ea482947665d947d4faa63bdf1dc3a442963;6697;Life;779168;2014-01-15
33b2931099c4d87c3b7a5c611ce681bb6c14cadbdb455b7577a1ee59917beb98;3815;Property;610234;2022-03-27
a76eae5e18aac02f646ee9a3ac101600556bc1c82e4830c32a4db2135465bdbd;6211;Life;105631;2017-02-12
86eeb9553dce2589d9def4a96de5942be3a102f6cfed4aca8af6f466188fdf8a;6172;Property;790667;2016-12-12
6932869004c03045ee7cc5ca85dac88308aee4d688761766171765927d5c1c8b;2605;Health;832803;2016-04-13
3f6d609fbfbc88946bb61198a1c85808e0488f6e42dad966f58e40ff4306eb83;8994;Health;365106;2000-01-01
ad6310cd0dd08f88dccb2e63f78bd084bd55cf95432be0bb34be81de2fc7186b;4231;Automotive;42002;2018-07-27
05fe23a9e83bbba728dab8259d36cee93ef952f7c2e91d7255e69208e008bc2b;9684;Property;224724;2001-11-18
20e909477619f80f5c70cb4067ef0af8240038460c4f3b767cb98b7166245bda;2354;Life;152566;2008-08-04
ffaae46e2b27048f8b2158b2bda6054c6ddaf3c13da49f17e634aa8a11438f72;1552;Property;103926;2021-01-03
7ec2e560f8307b29f456be02aa6d593331dc99d83a17ff5b27066abae37089a9;5555;Life;951671;2014-08-23
0732a88ea45dbb2131245b5be0dc633f6a760fbf7e299afac03cd57a2c3299d6;9496;Property;458007;2012-03-19
692954d65aeadee2493fd9538d174e4a99b9ef396708757f9da52c249c3f40ec;3184;Automotive;119587;2004-12-17
db7743ad40306aa53080533c67cd96d7293799d7a4a83aeb3fcccb4b7f4d0f66;6992;Health;139317;2019-07-15
24e88fd31d84b101c4e0da9332dae28b1c294b0b526ea467b65cba4486dc8585;9772;Property;278415;2013-02-03
ba6b1b1032ae3f804bc38f36fdbc667d72684190997dd5afa78d4c199244f170;4692;Property;578807;2011-03-28
1fb7d21e0a1839b38d3ba61f8122e4935bcaf6262323e102a5bc20fbcf8fc2a5;2209;Health;311166;2003-03-08
a2debc10a70257d6c6fc4843be48f3bff00f30ee06adf158e3d384247aa32917;8971;Life;862189;2023-04-08
c4fae40abf78d7d491e181ab948e8a2357a90a9ebf978a8101eb93134bb4c7d5;4056;Property;769478;2020-06-12
323a47fcd95dfe20f009138bdcca208c7d2001d1fe0cb49423b2546b52f52fec;7167;Life;391948;2017-06-15
b009d472cac51525a44f650468f0c7cd83b31f333c6ee8cce2cbc363542d429a;2383;Life;253972;2004-02-19
e0afaf90d984bfcb3c1b50eb985c41cfa12fe461ebd76bd1b4388a3b8835893f;8664;Property;681121;2023-01-09
65307835752973d8dd497aae943aac894bc5f24d72986a5928dee7fd5c9066c3;5327;Property;668988;2006-07-13
361135610feb641cca1244162592d8d948b406e0ba38a220d6a546141e800f8c;3341;Life;746396;2002-11-14
9d7cc4a5ce5c21916d7cf32d4ebbd8ef9e6aaafdd3a41afbb47586bd35b72b0a;4837;Automotive;899983;2012-03-17
8165afe73e199f59d15d658423be63019747c1f2c3b6b578322887427b45c400;8312;Property;509476;2002-05-09
56a310232df17a7efeecd612e984ab4d4bfa48593c88b19e43b8616b5e0704f6;3059;Property;375603;2012-10-11
234c7f9e1c8cd0937a0813273bff2100c8e3599c3ec0fbcc08d5e10b3714ce41;9212;Automotive;664217;2004-01-21
b627de7a53ed48a358e6a13f8e3ef5150dc83e4f9b15f53f42e2000d36388ebf;2393;Life;15844;2018-05-07
e98ef354002ae0f355b840035de83bf0cd36ad6c3b653ce16c5e17bd44d312fe;7782;Property;674202;2005-08-07
721cc183f3372da59fd671b4561786b5f9698a7dd3d880be0eb2bc4f7b460e71;3242;Health;123544;2000-12-04
0397115ecfef210cbca62a91ca2c402a6d9828177aace540eea008a2e2ad9370;2588;Automotive;595696;2002-09-08
328aa68b212983898d6de21530d0ed0604e8a23c1e903d731bd27cc9d970778f;1998;Property;686209;2002-04-21
78b1f3498717e0ccbb6780356e37f1087786cd6ec080aa7603b08e120da56568;7716;Health;522134;2018-12-18
ec99a304019c38313752ccc31a078ee4e763d1db34b0556fba3733acf72bda15;9119;Property;394137;2020-03-12
1cc072538e58ad956a0a6089849e90d3be1b5aa8832790ad6a1e733efabf7127;3912;Automotive;853997;2001-08-07
91ef61a83964413f54c2540fcec1a8b223e531abac4606abf65919b68e4ca4bb;149;Health;63500;2012-03-15
2ee54fff2d1f3115e9d7de0f2748ea1dd06545962788706c0d05b56e3b748c73;320;Life;453296;2003-03-10
b6ce745a5bb0c372675aa51b0fa5307ba7633420a7f3e36637d279f757724880;2434;Automotive;413904;2000-11-26
22569e35a5e63ab565d837d58c0ec924aeb515af4bd0d31d966ab79372e61f4d;3249;Health;163461;2009-06-13
b37205b6eeb81e78c08484e603668bd6ea68cbd7d9f86505a338728542d83a8c;5199;Life;949266;2014-08-27
1555e211da90976dee4d59dd57e22701473ec90db0ad96e8060b7d52d8b7756f;4473;Automotive;88757;2007-07-04
bbf98cd72afbb3f3565f9afd1b231d157871851018c14ca4192a8531a8110ddf;9559;Automotive;792375;2008-05-11
fc1fb95aa17b08301b8cf9e2f788a5e846b02928797c0e31cfb966d2cb5d8909;7707;Health;190721;2015-12-02
84f87b099e4fdad1e5c4eeca7d35ec241d08f4e3360c2aa9673fcbfb36309de4;5089;Health;796472;2023-02-09
1c8cddea6fbd4f7dcae4c2d72f9d0db18e8e165b0f22e1c8826260c5608c0255;3409;Property;913468;2021-11-09
3025b3a77b17a51f42c4c1df0be5a5b3386b4a0c6c98155b4f3b7adaee81b7f7;1009;Automotive;298835;2009-11-22
6bf9ea87e7fa5f273a235094308a5376e4faff62b3388259aefd301a9470082e;9904;Automotive;485791;2014-05-02
84a4e782e85e588996b6e9b0d10b2c70404a599a2078b12f4de1c3c8dddfdf36;9789;Automotive;750628;2009-09-07
c9a61a36a9b77b6cd6998042ea3405c9e8d69213eaa2c37fa78b1feb59dda1b1;5098;Life;769509;2023-02-15
138bfc41e7f549173f2316fd6e9926364a3884d0d2d92d4a3fd044b2b74efc01;9867;Automotive;295679;2013-09-13
7fcdd67b2bf7736a6a4d14264b4981a88021c1450b4b5a95ceb8cfba571a85ce;7271;Automotive;554472;2016-10-23
6a026f96959facd57e68d4e293bd33acbc3e9cb032168e195fde1c58c6884068;4223;Property;640456;2005-08-19
01c0d786f03e0783d3849aeae2fbc35d88992885af34a9d514dce3959133ba0c;2172;Health;649215;2000-12-13
784d36b24499d15b518f316599f1d18ba586d165c0902ee65144c1aa8a0711b5;3223;Automotive;651568;2014-01-18
bbeacd1fd622fb2b46d95f062ba67b67100ee73227aa35a0999067c564ea701f;4676;Property;921382;2003-07-01
c425b1e880892fd92d2f2a537da526dd145b0c0cd374119328cc10bf5dca4c03;6462;Automotive;173870;2002-03-17
e6aecc7473c5b2c6a348c38c9b1fe7b94db5e444d84e8933ce0e24e3960439a0;9246;Automotive;342687;2012-10-09
2cc1422ac449827930e3367f87fee4c47bcd485b0a3903a5624951fa8d812373;982;Property;129627;2015-03-28
1c6074e3e5deddcae92499a836d01a14a85c2a326b473985412ec65389edf7e5;7038;Health;720773;2000-06-28
9296563769245f1db70cfeb0fa5c48f1ec66600884f42aa2c8f609ef76ffc5d5;5920;Property;49362;2020-08-24
6702bb3096aaa2a315803307e7362a280c92660848db120c07d831a5638cd8ab;2965;Automotive;230476;2018-03-04
22b1e39da8783a01bdc0dac0262357e7307d4603ec8e99ea70415bbe2afd041b;5582;Life;414256;2019-11-10
0ce666a5e33b6120e052336af2073e7ea0721d4d571396005e6d88f5e4189887;2413;Property;943714;2021-03-06
6467f5529d34254fcaa11c78a06606db5125673e49b35a41d844e7754b0b8a33;1370;Property;585141;2000-11-23
8a8c0da2cd6f4df9088f9014301ea003b824817533bc7cbc0296631e1078a40b;1044;Automotive;496656;2001-04-25
f7eb2feec98435f33eb59cb446e5cd1869bc58601afbac1079b970e84b0ca901;8990;Automotive;999553;2016-03-05
ad0c2ef4c098601a9b13df6b13f8aed8af6875fdf2be645951cddb837b37b320;7254;Health;908629;2008-10-16
a4acf5539781c2bcf247dc4d84d2f4e2790ed17b724df7a33135513d7a28add1;9775;Health;415535;2007-05-03
2174a1b713b6a8eac8de82eb839ded15c9c6cf47b10e2946b5e843ac286326ad;2674;Health;149208;2004-04-07
77e54a769133cc84263e3027995a087400bde5f518a52d70924a8caac0bb3c34;4856;Health;200975;2006-04-27
6a26b31c821bd11829f2497de52d5747e330b47f0ab09549de97bedaaafd0e34;2406;Life;258672;2003-02-22
c3592472dd3c5eb6b1a7ad1d3569a800659b1a7737eb98903f052d7982fdcf67;9865;Life;937396;2021-02-15
5d866ed7da467df92c525759f4eb9f90a381da263d45a463e0af2c3ea41b2506;1383;Automotive;211942;2008-07-19
80f8a5a3335ce08b544631de238f382e0190be7f948ca831b367409baaedad62;5721;Automotive;245929;2000-02-20
675aee6503748437a807e2708cc6a4ca03bad129a9b1193767c83ed4c44b959b;5213;Automotive;465346;2018-11-07
ae1eeff10739bcb62ff1a284831658c149cade014ab6e9b58801c4501cb8a074;2125;Life;152291;2003-04-13
a7b0366fde3fb9a495933edb2f6f5b0f532dd738be59fde6e46294b2f0eea2d7;9326;Health;749710;2019-04-04
f066677e26596184c99f2d4176394010efcb0cfe62ceb15069c052b602fd3aec;5290;Health;421828;2014-02-15
0c9b70f25c8715d68951c2afeb0f83cda401a7ab75feb361312cb80d94cfa422;5078;Property;907179;2008-08-20
7e37b25d551af977b313e9a64d502b522c261b4655b19ba18257531710a33bb9;1539;Automotive;9287;2004-09-28
483a5fc89098cc3c70ffb601f2dd3d92d1a394477c8e2471cabd5ba0211a5887;5726;Automotive;956929;2014-04-17
00d09d4ba2c42ebeb5abedf6c28153559cd1af8e5eec31250143fcdc016c6212;9125;Automotive;866848;2010-02-07
9c176c10e12f5fd800762f1eefafe45a4b9171e58da62c9f8d923fe707595eb1;7890;Property;796110;2015-10-16
a4010a855601ed3d716662a1091b53420018d56b332cd149554ba66146ed6548;7568;Property;965584;2008-11-01
639c7bb434e8a85d1781a75e64420f9b641237d1d1a1471f7a647852dbf83f31;7235;Automotive;232906;2014-12-25
b80b2a2103a002c04baab06459d8f69e4b1a64fdeae952f200ed2a4107e34711;8472;Automotive;512250;2001-03-23
8160171d48b77fa5081fe60ab34038984de95aba12ac90c75ca264b677521562;8222;Life;812289;2014-02-17
94e062b92353ddb2fb8e536fdb8871c07aacce3c05bd7c0e8260c1f9b6a2e5a5;8950;Automotive;245282;2000-11-21
8926c19ef2b3f83274a2110222356ca633d0aedb88427a1db799e1e2e5053b3f;286;Health;585003;2010-12-19
227c81ef7477d3c8f23b79052babd084b7ef40680ac7030090caca4acadc7502;2561;Life;661150;2003-01-11
18840b1c447536e8948212128eea6d86b0eb44698d34d7623bfad0bf6a6a73c4;6860;Health;41405;2000-02-19
1c202aa487a67dd6cbea5e3d6da07dc694782785eb2503316264175b7b3050cc;4968;Health;114417;2005-08-14
4c862eab3ce0e673adc32d00cc9e2b5bcd50637be30b947b0815bd66dfd2abbe;7493;Property;323531;2010-04-09
75ca6dc120a8979e1c41c8ed21bcc12c6e0e1ef791eed1e8a5f1045ac932e782;2590;Property;680461;2008-01-28
91ce98747e64f14e0ddf212550c1b580fb93e5a95308e3681f21000f84c00c32;3722;Life;344419;2012-05-11
209b59455140ca2eb13afc41f757059fb1cc4524464836765da72ce4d6ed8855;5007;Property;826585;2002-12-20
fb4b4f827acacd4dd773e256306618a03938994f8e52f20c86b40bdad8e68e04;2036;Life;262810;2003-01-21
4e0da1131f4cf555b949bfa1c7a5f64a0d3915f067d2321b9a00266b26bf97c7;1837;Automotive;898978;2010-12-23
2bcb3afd7a743715484f6a7e095ec055430d71830e99586322feb94c1cd7c84c;4983;Automotive;584428;2005-05-18
137f78bae55e1fa1cabba5d7d7ba62900b2ba6c30699504612110c308ace8033;3722;Property;906000;2015-11-21
ec653df5405cca09f5787f1bcbbb2d654e0ce9a7e899e7aebdace33e9f099c1a;8056;Property;161829;2023-12-01
ed0fff368fb6083309237253cf971bfe450a7fb0e13101bc82ffd030a337e64b;9207;Automotive;572497;2019-10-12
230376dbf6fcbb3c0b0a59e47447160d9362b3ac4108d18e86685037de424331;4258;Health;185213;2016-08-24
4865c39e83ba70cbb571d260edd043f977f47cf3897a7cae5190f4219ebd76e1;8267;Life;241354;2005-05-27
69590a407778449198eb50587697c7e3669871d498fd4e71c451ae733e1d9481;7143;Property;984095;2002-11-15
289d75a60a5c1bdca5c9d2433d22fa60ed1cd6c8ecb83381101e79f9294b4f46;4911;Automotive;851791;2017-03-09
b6cdd73cb32ea26b722131076a499810c9c2138110461b5b515d797ebfe33620;6418;Automotive;312979;2016-05-23
8af9123838d2b8173e004ce3ba0dd9ac042e2613805520ab8b0b253217359f84;8351;Automotive;80858;2020-05-16
c0fc3eedbb6811a99b8e3f1f314f34e580b7303cba4eec01f42bc7092e9557b6;2403;Property;425700;2014-09-26
64ebd49d3824745261dc2df603ca6839ef2b7f7265b7011d675957ec44942557;147;Automotive;638567;2015-08-15
47ac60e2321e55a1e56167a0fc0abf37ceb698056c6b7a92a6a3c14be386c6ea;5583;Automotive;254063;2002-07-20
b441dd0826adb0c8a2b2cc6b22efb41979a1b824fb60cdc79ff6d91606765f6d;2608;Life;236163;2009-06-07
cfb0a31dfbda1f99487eb8893d8f3c9447b9596004c2f47c63f9a6dd04f17131;7760;Property;316841;2011-10-21
67b6951411aecdb4544c0b815f7fea89d1615f4ecc00baec9b7613349cdb7383;7472;Automotive;833193;2019-04-04
c297bd3f34d65dfdeb6cc5abafb725b8d37769a07fe06a439c95c9bf6e76feef;2106;Health;857255;2000-12-11
ab8bcf2c114fb0a44d9df769e9d3650cc4c346d1ad247c9e2925411f9a92ad4f;296;Property;852122;2002-09-12
39023602b347609e5da743530e7b5fdc348734772e4d0ac6aad5ab9bf84d63ae;7343;Life;348234;2023-05-15
28dc018f7fc98f07c1e125c1913f5b4d1c60435b08fcad439d077a50a3da154c;3175;Life;478091;2022-09-12
35d87cba6c4c932caf987e31fdc59ee834b864b35c05f3245f94d37795d5aa33;7956;Health;394167;2014-05-06
ed887018d853de0be4762d5a0ed17e3275e4a91127426460d79b9fa8afab7614;1376;Life;453674;2018-06-28
8c62ee295189b9fdd90177addf27e86ddebc6edc982bd284dfce7b651bd6790f;2586;Property;638958;2015-10-10
1f63ab37b41fd8702a0ccd3acd34a778a2578882452ce6de4792f7e6cf9abd63;3448;Property;240127;2014-10-27
8d9dfbd3ce73d77f1f20d3ccffb18c986c921848b00757aee34729f7aba5b81a;9907;Automotive;250051;2023-09-18
6f69f292c684312e3d3ae3038597813b33f75b38c0ab215d10d389a6bab643ea;729;Health;326589;2000-10-04
69d884bdaee08155b042ec58267bb418c183718cced8cda59f85f1948dd16b4b;8514;Life;228870;2018-05-17
8cde1387905f2686b043fa066b694afe5549e949348f42b471f797e1bb837aa0;9075;Health;498994;2020-01-09
3b3fc594f7dba38a8d4a83ac639577e6380ec2e03e54dcf285ebeb20300cfe8b;2175;Property;306184;2009-04-05
cab69d187af2375bef7580bb3d3b1161cfb8e6913e6f8453f0ff579308db4651;6370;Property;898023;2011-10-17
7e7439632222a82be39d413f13f5206ea7bb6a265492725282c0cf5b79a8ce44;2114;Property;206018;2018-06-25
0c95555f846e6c582202b7822bebc60068cb5f7688b389c4f24780cd75001e9f;8782;Life;934190;2022-01-04
88fef9c35bcc76f3ff653a1493d9359e7a7134d9624d0ff1c9234262d77098b4;2424;Property;820864;2007-03-28
27ae72db1b07521b6ec908563486bcf62ff3846d20149dcabbd42bc318b5a585;2355;Health;715125;2018-06-17
032f878887e1b11fac53bcb7f87bf165203d8e1d28d4badbbb5e9a2b83cac474;5497;Health;66900;2021-04-23
6f0a4fc4d6094a3ea72217ad0c67eeafd9c49527b7f9c50843c48a3a0c0ec93b;1902;Health;332449;2004-01-21
cb7f2ae81925fdef78926743710b04b1fe058141613a23d7af5bf66b7d133c46;3371;Automotive;59132;2011-12-21
395b43130f90c3c624d215473fe59f398944e31277e12d076faa3e7bdcb1283b;1017;Property;907536;2018-07-17
7c83a2d8322be1b04ef2a2c939a34a3f05b80b8356369f91999df562432a4307;9760;Property;257297;2018-04-04
f3c77c51fed70fd583dcfdf3174111a3b6cb9a65f0521fb5bb5453a29521b346;4824;Property;881315;2014-01-27
70e353d35476bb499c8b40a019c5721d3cb0527ace3f87802c6ba0e390fbfe8b;3390;Property;336099;2022-09-17
617e76d88635a82a052e5d4d1eb3552fb26517be9f8ad6861ad5c56021315475;214;Automotive;746107;2021-06-22
31fa84d3c98dbb6554d5e89520cfe19155429eb6489c7c30e760ed2720a2a3b6;1900;Automotive;813372;2006-08-11
0bfca9debcefe6d71073691b4fd780027a5b7bdd0b344af6b4173538a76d2b20;3060;Life;410948;2004-06-16
af3e45ace265ab659a69b8dfe938d2e19af50eb7b6cf3d600efca16206992778;7954;Automotive;435447;2003-09-18
91bc091ae373a0680f4a7690ca65a8d8ebcda02eede2c90acbde15fe79a36ce1;4359;Property;995697;2019-08-01
6ffd1f21b1a500ac39b7f61f6c111934f7a8e15b551c1e305247bf60a1e61e6c;9080;Property;74862;2022-06-06
af98a11a6c6b4419e8ef1a76325c3b245979b2bebb49c8f41c6443cdb8a18aeb;98;Life;552718;2007-07-17
faf0f6c8fc3197343d8dfc38489630102b229ee51b0d904273ae6bdcd8d8f32f;6400;Property;114126;2011-10-16
49b01dee0f8d0fc4be86df0729f422e2603f88b46bdaa07d9039cc82d9d06b34;4849;Automotive;306798;2021-06-25
704b2538f965e68b85bd312f5dfdeadaf169074081aa61eac5be0e44f0f8c47d;5929;Life;396953;2014-08-05
c4ff37c7e50f30f5b4554d42e6052488f0fe7e359324a87f2db6b2b85ae3bc62;8583;Automotive;877384;2019-11-03
3dadd3b3587d986990c4fabcf74aa822874b22700a52d6d836d5bcebe9373641;481;Life;844901;2020-04-09
4182692e4aba159e955015a30d51f0e7c3676661956556659f2e379e7643740e;5463;Automotive;159460;2023-05-21
656553ebad5347e23c6e2fa37cc109f336db51031a11a79f2887ed9278903c0f;5836;Automotive;872402;2014-06-23
f964e7b1d13f40a91a13f8a449e9c42703ecf873a1d3ec6fc244ab2736a370b9;7141;Life;894123;2008-06-28
3cd81b25009876df772e1b0c5827f9e5271dbdc368ff973ca93c30389231eca8;7383;Health;186734;2000-07-18
bf6f7870365c4f3621e0169c1580375bb9b98c1f684ee6d6b65fd23e5fe89fca;9624;Property;690955;2005-06-14
1d13af4b00ac1d3527f84132fccefee65f1f6e7516209f97813c070b3443df50;551;Health;684819;2005-12-04
fa17923282a094365afa642962a3efc02ebe57b891e544f3dd66ace1a7c4540d;3073;Health;49949;2006-05-01
5da614c9874e2c789f24e88649a58e6f74aa9efe20d49e5f86eb942967b689cf;7251;Property;406840;2002-08-02
9d4983500915aa225f51fc8b12a02316696c17d3f8c984a8b37379052cebfa53;1368;Health;922767;2023-05-22
2a9d754506cbaae21f5d820694354b723c61d0f41e43a2c2209d148374469256;6470;Health;313580;2017-02-01
e4df96e2f4f6f29af8a9b61fe99a800e9de9e8831beebe457007dba4fdb63527;4379;Automotive;832021;2014-10-28
3011a23d3da42f58dc0a9821dc186c53aa557b71d4c9198c5b954046be46529e;3996;Automotive;423637;2000-04-03
541a0316d5d97daca676c1984fbdcdd729c1508dedd2362a525f39ae8f18080f;3650;Life;99798;2019-06-06
6815f47ff3b6b68e623d6af57b40fceaa67f83bab545bb5ab35348631ebc12b6;8469;Health;675971;2010-07-25
66da9b755a6bda9f05944dbbaf972144e2dcbc84019f6f8848402d17bbc1b73f;175;Property;819763;2006-11-11
51deb01d46105b59ba588cc9219a79b9673cdf95ca8edc5e9376e7dee17b897a;2939;Automotive;359235;2007-06-17
256d724677f99dad863e55c1570d9ae5abbaf47bb896fc40412eb26cae61eb61;4430;Property;605196;2000-06-18
06e3ee61e68f6b70634f3d973e06f9647bb3e888575ad58a95dcb63a35e7f23b;2695;Automotive;203840;2014-11-21
60b2d0bee2bcaab57047969229445e6c1e4d127a625612c6710ebc2d083a6a35;4574;Life;585848;2020-11-17
77fb9a4c8de92506549e76678ea879fa6c9d4812777fc898cb7f33eb2afd6bca;2457;Property;276851;2022-09-09
306ac50b77c65d7b8818d737bc7856c21845d803e18046c6f44488bebc72f62f;596;Health;393647;2016-02-01
6fa663a83d39f174721a8ce1c92ee82a0ff783f565e2af9cd1d9af330491b8f3;2357;Automotive;625196;2022-01-02
de39f544bc9caf39f7918249c87006b90232f1550c5958e8090d86dcc2a5ae9a;2132;Automotive;179133;2002-12-11
b63fc6ec05ed80935b823c6307d6c2d04c104633489669fcf3a948a7af911ed0;9332;Health;877190;2005-04-16
ff14eb71d4798db7d82754fbafdac44205c34838ea89afcd428872679a97ae63;5482;Life;829190;2017-03-16
624f2b23d32c91dacac2ba8ff7e84df87808abb11b4f7003b5118e452284c8a5;9035;Property;54152;2012-12-14
3711d689ae6aef830c16b8048026f93597a880663f72cad2528aab55a129db6d;8966;Health;624110;2013-09-25
d2491d6cfe1a939b860a5794b6cce587782a621ba98beb3a541acb5234e9bc48;4667;Automotive;637524;2017-10-22
2495212d2008fe6f0ed3d792c64a03c041b1101ef2e2afdb491a9c8ad73a6031;514;Automotive;845241;2013-05-14
29d8127e69fd5c36d52530bb6052d0b1b65049681f69a20d8fb9f8e238772c42;2240;Health;437737;2016-09-17
042fd64c710a5b65418184b8d47c5ea66a2e992df022c54f197d800b432a6d74;5447;Automotive;157897;2008-12-15
63171472cad3b63a3a26d261f93e21da5068d672ca31e87d559bd46f80a0ac5b;9393;Property;796313;2020-04-18
0cc718efbbf7f3c393391beefcb1a70af7381e41de95d4b61f4ff3070542a34b;5810;Health;714792;2022-03-07
aa6ace2696122e1b47dde273b227146bef11d5c1c7a615c22710722cc0a50131;6679;Property;889772;2021-10-20
b50ebca5fddda080e5b17e3fb2fe13f5495478704d731367d81b0b48e05ce8dc;9832;Health;45940;2009-06-16
9aae0ef0b4c71e65ef6c8eb7bef413cf08ce09ee6bccb0d68deb20c042f89324;6161;Automotive;980077;2019-04-17
d60b71dcf238662c7db3bd46af52944fcf7f8b327ed4bd50c98394fd28e25268;6606;Automotive;66375;2016-07-13
ec03ae3f3a96bf7af68d38e64864657316ad7ee69620c1e711c79e94e44e8a49;5896;Property;854917;2020-04-02
876e18b8a8cfd857f668bd6f823ded8a993d2976defb9ea7cca054be242a5d27;304;Property;646529;2012-07-13
f7e74004a3cd978cd47c483a91977fdb88d3a8b94841029f4c571add65e8e2cd;3866;Health;290087;2016-08-20
43536d83a7063a4f1db034e7c18a8b7314684f4e5f6da0058760e9cd6a90228c;8060;Automotive;868322;2016-05-20
b6102713187f6b3d7f4b0a83418ae3592fe5e94fd89f9478419aafa71341cfa6;1080;Life;604665;2005-05-28
8125b7b94db433540cd12c92db3ece69c998bf99ee77253a2001591055792037;6701;Automotive;273604;2001-10-02
f91e75e533913e88088445598bdf0e175fcc08522ec01f28f78b9dfec67f207f;926;Life;329139;2002-10-02
a9a966fbd354b64e32d2f2f7cdb3029b86a6ba03716482bf1e68f79c1c455dd1;1121;Automotive;299814;2003-01-09
ec73332480f310c101c51c0cde78903c3af4e928c2df374be2fd95dacbdeda3a;554;Automotive;371112;2011-05-17
585448354e64c5bc7ed510dec3e6996cdcbd1954754effc73f2ce6f756c9215d;8509;Property;705000;2023-12-06
4b38aa2848a24171c64124013cfc72a5135f4ce5e26568e76f167de664c33542;8199;Automotive;540352;2001-09-09
e054d9d4a8382681488dd6b38007f685c378551f7b80b8d090b73031d89f6cea;7895;Health;792649;2016-04-28
91a11fb6c37587517b6b75c604de71f7489eb489ffe9be8fa273992ec8f8a0d5;6233;Life;40982;2008-11-06
627a0662967e69a0d5db64f358cba99dd0ef29573da4e5cc13bc780468a7513e;6838;Health;293215;2022-06-25
893b34593b756dbf2187d1bea175d90725cca87f161d8959d5d549f098f7bb52;4614;Property;845934;2000-04-17
6b52df7c2994faf172df5ef9747a2551334360c310ba8fc4cfe4b4f372b1bd66;9244;Health;241228;2010-01-04
85a63d770ba0f0be2c61ebf20f8776d43c6ce5bd9f2b6a19b72fb8f49bacbd54;6022;Property;999086;2003-04-15
c9533b78417eef16a79d1aaba809afbaa71fe2502b400cc09334cbcca41dae15;8325;Life;224778;2010-11-16
5d97452f6317a59fb06e7a2a822614220476a3ee0366b902c74d111d57261db0;3656;Property;157311;2016-08-16
c3f1cd79bff7b3c53fcd028b52093da63112d33a92a0998ed89d63309853e9f8;7770;Life;716111;2011-08-23
f5a5e0a3bb22afc74eadbebfdfd46011aa4155bfa2085fec004edca0fd7366f6;1635;Property;480378;2012-04-17
f25717cb3b8c1872f03188deb44d585b86209507a385d4dd6878df571ff957f0;6571;Automotive;579274;2019-07-05
4c57dd2131089b7d195a9815b9d58f8dd8de7fa04798a14f2bc58f855ba7d812;9486;Automotive;141478;2014-09-26
8389e8e32d48ff4465f4e83b9466014e957cf6c0e80adb1201af4575fdab6cc3;8735;Health;283267;2001-12-15
6e0d9f1cfb2b5c9f40054909a1f5d9fa6c45ce70b8a114f05c9bdd411310afa9;6489;Automotive;221816;2009-03-18
d904838cd13b953311a691aafd3b8f35642a28f44fe7ff243e2ca9331f22e505;5396;Property;868549;2021-03-16
ccfe475e8069ecc91470b59c986ebdd5fc35e7630b0a6c51f00d1eef8ad5357e;5542;Life;592560;2006-02-08
36258f81c1f88a439cb97ff222f4536175c3ed4085270514bd9b53e6d4de6dc3;8579;Property;955137;2019-10-19
c95ceef519a0ac7c498e717365353b74a8367c0253202632edbe38aae793c87e;9969;Property;962857;2019-04-03
4637b9404d369da9f2527adeba59284164233b0977b3a31b1de850d218414237;4261;Health;931262;2003-12-01
267b380a6234f9334dff9a0400887f4328c14fb656e3f5e6fbfc32539a29b281;3503;Property;989632;2019-12-17
3e214628bf1e5dad1a7f59faaf37298a45e9d2bd69fcb71272e9291f38c672d6;6007;Automotive;913558;2006-05-15
844162c1e9c86665c0c2829910e1576bd80123a5b4250c99513ee0383f660fb0;3486;Automotive;850186;2001-01-22
54993fe03ec1cb1939986148c1b55642a668b69cca2afce7bba50acd2a989a55;2916;Automotive;97773;2015-06-12
68c411689ffc8043e97f4b7a74049d9f8aa467f5992186af73794b16bbf148b8;9060;Automotive;280120;2017-11-07
1762f360cf4191a16a9205957353fc11fd1e69417d5e199008eeec19a0fe99ae;1160;Health;331324;2021-01-07
6d85d4c7252f33012aea5be2b981ea0bbe10514cb9592c138ba650d42401eee7;2802;Health;590039;2010-09-21
d3a5957cc5f44d6e4e504e4c5e82f503d73f2af8b37e37cc04a49ea017169ff9;8081;Automotive;350068;2006-08-23
7c25034831154370b4d9d36cf3e86c1e9f5b7727ead7b36e313343de1e0ec33f;9374;Life;319439;2017-08-03
83fb5cc8a576378c0ff017da8a1ddd69545791cd181fb58019e93fcb78903c24;2681;Property;358804;2008-12-03
b55b0598ae1d66f6eace8231d986b9ba00601f06d2ab92dc1a69b82876f30947;2333;Life;19916;2011-09-23
ca68cb17fea6b1fddf5668ae8ac02c1f09031d2066c2db4330ce80f2348ec274;4319;Life;68461;2000-03-27
a89d6e027b05d3a98d466a8baafadc22f6f4039a1a7577af116ade61c5ee63e1;1781;Automotive;258014;2014-12-21
61e556d9cbdbe873c7be767e3bcfd8608b357cc4ea3c6605035841d9e2b5285b;6765;Property;904266;2003-06-06
a80846d409f65439773ac2f0d4aadf94157a2593e6dabff449ba6e8c8c9b4161;5710;Property;343523;2016-04-20
869e595adde79614d259ebf17abb685cf99157679b004af66df44408a594abdc;1293;Health;54340;2006-02-26
1b5c621ed1822382c73f6445aaead0fdd5f607993e555e372eba9635c4015099;1891;Health;360472;2007-08-15
7b1dac8b59fc662bd7f519993048af83a72576cbaba58656b7bae41cc47fae34;1381;Property;999090;2018-10-07
df0114e45d084e7a653561f98d6828b1a903b6529231e0b113e820e00ed725f3;9946;Life;596916;2001-02-20
cb290355bb1173c4b9d40abe11bd072739fc68f70d7c027ae1fa8762bd43fdca;428;Life;871888;2004-02-23
d9c6e4eca181697155565f6d29783bd3742b1cce11b17998f8770ee7e16d331b;3818;Life;806778;2011-05-06
33ebb7d6dd7ba3a70024dc7c11a2f1e472e96b49a479db48a32c631c17260099;5851;Life;325869;2017-02-06
589448a5cf144fce6493f49cb4c5480573af38c3ca5e9d26d456dca60b2f54e5;4232;Life;526091;2010-06-17
e190119538a371cb835003184b2e1f30b8ea850dfa1cc75e53bb16764d658999;9414;Health;167350;2021-06-28
055d004db6f15e0a14a7f34f1534a4b537cdf6fc12d84a8cc15972aabdda6539;79;Property;455120;2001-03-01
8045548a02174472d7e08f69e846a90031ce17ce4ab0dfa2f9d901c979b678ec;8887;Life;615283;2018-12-11
b50661caa8c19733f67a246168aebdc03e14fd58fc1b08ee6530357721ac4dd9;5716;Health;401213;2006-07-24
d115d10ecbbe5f7d1320c8321f988b42253eb5fcd4c89e0117a961cdd23e9a15;2697;Health;649996;2018-02-11
1749ac2ce05fa668cbedf427c90dbddf46af6a8f82954662979cda3581d1ae84;4018;Life;440305;2009-06-11
02586579c18b25f56ea9f6a06263e7ce0fb21c6d6ed62eb0c730377dd6891e93;5631;Life;455825;2018-06-25
8e751e2a082e4b03dae9a0bfc0f82e195d8dffa9619086ba02ba1e8ff5c073a9;3782;Automotive;733664;2007-11-15
1a5f6d50cf54ccee703a86d56f766938908f9bef8dda04fa7a7b0bdf77c8684a;5153;Life;107555;2005-12-13
8a7d6ba1a83800f26d7d5b57c7c4ee36e846768baad503e3287d255b66d6def8;7374;Life;424084;2000-10-22
89e5cba87e70630fb319049b83170a0e65d47b34c032428354abd2d4022d3300;5734;Life;657757;2014-02-12
da2c1597780ae3bfa0b1368b261f0438aa4a690128d6d34b198048b1dec141c6;9277;Health;576318;2011-08-22
d7ccb35d864f3d9757a30e0442dbec6efb0da8dc3ca1cebe3ecf135d1755bcb5;4969;Property;140606;2014-10-06
bba96053c6e4a49959ca4291413c7d92c33a8feb6dce48ad833eca58a3358048;6186;Health;754121;2022-06-27
bd4b6f440a4c7bb4db9ad100d37e0b1ab16acd91d636901b64f3fa101b15b84e;5362;Life;225241;2019-12-19
c996fee6cd4012e8b623ff2e17c1310cef384077ec858030d8c8d2133806e57d;4811;Life;54961;2017-09-02
0a84bf688dbe5c6d086f66cb5d3e1d7759cb80132ae8be93f56528a471ed3b10;284;Property;792149;2014-12-26
cfbb4584efa6baa2d15c1114591e93a3ffdac0511aacbfdfd6753470a7399a15;5357;Automotive;36754;2022-06-07
998b42d2fd43e07aa576a73a086a60589b148944035d80226708aa22536c8db4;2603;Life;31974;2001-02-24
edd98d63108c19dca29126f05a79cd9440d45a674400bfcc69ecfca52d69370a;8780;Automotive;930566;2000-08-06
8675fe31cfe1008eae55bed1ee90d283efc77421b41621c90b9f34b0b13850e5;6691;Property;897822;2005-11-06
8f0aae4a65ebac2c6715d49dd18fdf25e565de34c6655f9ae937bb8c7905422a;3942;Automotive;506496;2012-09-01
97a70cd9ff618593162a539c3f4936775ee6930e43264ca45e1e5329ca4cecb8;7115;Property;750229;2009-09-05
9c06999be0c0165f38af61362b04f57bbd3b0b1888b216e145bbc976ef874b4c;4134;Automotive;1455;2020-06-18
2e6f242c24c68ffdd3dcde7f99afc9559484ad29eb6fe2f6e1c3f91b3a719ab0;192;Life;410097;2016-10-05
3b101ce0f1b72ba5227c559db5790bd82f34860032619dbb628a56cf23ef122a;9185;Automotive;484939;2019-01-12
003c8ca0dd0bb1e1eca35ba730459f9bd3a2ff4622834ee43811b43521e9a8a9;7970;Property;582385;2004-01-21
94bcaa293675cc4b1cb3624996d1fb9e7a6b939e439da68030a13204d25f9c48;1493;Life;898033;2013-06-23
8260620ae5695a73a4a7aa22c50cb5ba50759a4a37105177f077b98d1b6c2bcc;6331;Health;342820;2013-05-21
61ec9a8248d388eba62b6e947ac066d3e0093b0fe8fe9895e6204f7de7e2fac2;4259;Automotive;660984;2019-06-04
3e1fa7be47c0c3083b113f7c7938c7d67b39c5ec2da1d6d772e12cb25f1ca432;2326;Automotive;130706;2011-10-05
d45824193b465cc05c19ef45f34694cbdcabb33ff99d132e752b145edba5186a;6253;Health;972229;2023-08-16
b479fc75552d5dc33faa20c5cce739667430680b71b3d9f2b1c02b7da8ac9001;3442;Automotive;678851;2008-10-10
876fd56240263218e9983791dcbfff5cd051bacf1dbb07bb34d7d4b4fa2a6af5;249;Health;921942;2019-04-06
2b798b5688d004aa9bab12b022954c0d2ba084bb76702480f023575f7f1dd074;6172;Life;197755;2008-05-22
ca428c65cfdfc0fba7951958b85edab123f4b2405310f5bb9ce6cc06da62bab1;4560;Life;799931;2011-09-14
52ca2fa1d14ba54f2cb0f0dfd7bada6c752c797eedff22092ef84433df8b5c8f;2675;Property;369965;2016-06-18
0e3f5cd9aae82e4851bb5bb05e0c1aa381e18bf4be1584c5026ce58fa27ebfbd;8128;Health;360940;2002-09-14
295689909ca071d8b48913e16b82fb74783c1884e74854989486ea2012c17a9c;7950;Automotive;450049;2012-04-26
f958eebbc9ccec9c9a793ef04cdf6c4be30119190a7d248236ec0130157cb188;3427;Automotive;825831;2006-07-14
05a308796e3db3701e4906e7dfa6501d80ce4d43e810a4a01a33a2b03fb4c382;5662;Health;535217;2011-05-13
3256506a7b0e3553065b1812f9bcbb34dd5b83d11de336691d572e20ed5893c8;4418;Property;378648;2022-10-20
4d228da196729c045e73763416e13fd7271880f007644deee4517c68f9cf46ef;8514;Property;33445;2009-10-07
9c5c1e13b230f80427e26afff108e06d50380583cb9bcb454d8ff99db02a1185;4814;Health;899004;2011-04-11
20c0c72e43048a5d22f1d5f2912ec810a3586fb80082a5e739130e5ffdccbdd9;9480;Property;802520;2000-04-21
0431bffc8d8d1fc42a38c4498ba637eb1bdec54338c6d73ccd5c83d2bcea4f26;3498;Life;432936;2001-06-01
69cb4890025412d095b4b9358d6ab9992f745b65e9475397da9304204f34b163;1889;Property;433535;2012-04-18
87d099a348360fb512ae89ed96779fbc0473ca70abf4622fbd8bd2398490b47c;2679;Health;249978;2018-10-03
4b9bbfaf8e33c15c4a73015583e0e76e8e0a8bda80c1dee90bd84fcf2114b017;4900;Life;252719;2004-07-15
df4a484413d9022fb9a9bb7d9248879b39e33c90e9ad67b376da864cd5abe68f;6725;Property;442159;2015-10-27
d4f2a0f8f54c048bfb23f26eb404b0310a0aaf809f666f6aecf0566139c24133;8879;Automotive;434405;2015-07-12
0beaaaa5072377b2442b29e5c39c9d0267ba8f06788f031108642c4a5b728dc6;3614;Life;738830;2016-09-18
734703d76a6f11c350a751a5e2a1af53e85c2a0c02ca8a341e5ea9554d0896fb;4754;Life;71223;2021-10-09
6de9af5f8bc59c518137a534d22320c438de1b0a1ccb3531fd3d17952c7f6a11;7554;Life;954054;2001-08-14
1c59fff7b99c60d1eaa0553d3c1a1f6c0db0f8a73db843a1de5d0d2c37297bbf;9545;Automotive;210096;2020-06-21
5bc0ae3b9c81c6dddafd4da30662432b835a42612c0b8887e6e41a121df4fbc7;2772;Property;97850;2016-08-07
167c0d756b75b2636a2338b2423c578718bcece0481089c2f0dacb3b48e54b84;8755;Health;638746;2003-03-09
d74979e21c9b10314076d07d289959b244303ccfcce2d6d6aa30fb5724a16820;7590;Property;897342;2020-10-15
6781b961e5b23cf0939dfa320e72cb3f45e6a1ecb5f5e71bf28d95d25bd8c9c4;9297;Property;500006;2011-03-02
6bdf2c70f5e9dd38055a33d261683f28b7b266af6eb4bded30fe9e243749e5a9;7214;Property;878152;2022-12-22
ec8fb642d4a66bbc4215205c77cd9ed7950e2750be7b9edf1d34bf8db06687dd;3621;Property;15888;2016-10-14
280e699deff6a2da1c39fb039dbf6c32af1fd65e03339cbb34257eb4c278585e;4222;Property;390436;2014-05-24
987d7d28ee492087095bc5ea86e7436f65cc299749a695e02ab9c7d0aa8f3402;9237;Automotive;749507;2014-09-26
ffc3ea5bfaaa6dc31d1a0187bcfb2ec6ca470cd600dd758aabc37f238ac30289;3365;Life;177191;2002-06-14
c2ad153a93f7f6ba9a5a7269d932d232a6330bed78356b2e50816230f665b32b;6521;Automotive;200337;2008-09-22
885409a657b6b99218b52a8b4d4c7378b65fe26be7a21d5eba0d7ec3d2a4575c;9876;Health;902965;2014-09-25
4f3f6cbdfce63e908cfdeb68e2cce9d5e41d1f6032231406a146867bcb3ff4f4;2790;Health;575405;2009-06-04
069e42896238fa15096762b06ab7a78a5f5c07466cc8bdeb8148b26291d70e6e;1699;Life;729404;2013-04-23
e26d99fb80c0f56c69d323f75667fce35fc9858e4f7ec7fea3bd80db6ff55ccd;9487;Health;667492;2000-10-22
a5ed0072d708c6b0646af493990f96f3a6b2c1fdfadfe98a4b43b8819627e481;471;Life;541792;2008-05-15
5598d2e7c47834de246ecd4dd46d94b2a80adcfe7a6b103dbc3051f5b7fb5b18;3850;Automotive;885659;2021-04-23
ff964efc8b89a4b4f5e09d5a2cc267c0b03e42f33e0370de9bec0c9253bc2914;4945;Property;347327;2005-11-05
517b0a8d4987df171c754c02f5cd73df38a0c12bba41d8543b1913ce8d7dabc1;1896;Life;685663;2012-03-18
fa2047ec3c94cd24a6780a2433eecf011e467744fd003aa24502da9a7f12f95c;3619;Health;840548;2007-05-23
d44596bc2304978ac8cf9b436953f21eff9ad5720204460558824d3104903511;3510;Automotive;280413;2017-06-13
66a95340f91c9b65342c6b1d08970fb7837491dfe1b48c53e66bb3a1b2f3e0fd;7098;Life;901552;2011-04-06
d4ce4c313e65b7e00df9ffc41134943392c965c59280fa5b4cbf94f3becd9bb8;2381;Life;782233;2018-07-27
d80c9ac120fa91096a9d0f29ba59266b43f231a6742f86a340e8b84a5976e097;8418;Life;155651;2022-01-28
bda353c68494e8ef2ddc2a7dd02ed1173f2d7aee9174c65544b6453a6f3869f5;6988;Health;864957;2020-07-12
13fdacee33feb56b57dae4672aa8122b21f9b000cba6545d436c0a70ecea6945;8580;Property;338605;2014-08-20
249d279b534cbe2ee997be8c480eefd4b1a57921a459d92d33c72bb080dc18ae;5642;Health;617807;2005-02-04
c9b2a2aecfc0fefe58f13140e0c3f741f0ebe60371f77cb432eff753445db5d0;1927;Life;802057;2019-10-10
05762b5a64b0422689c0d3af790135439a7e91f2afcaf9801bc8b24e6a7ccdee;9747;Automotive;508179;2015-09-13
ffa5fc688c957336ddbc1a589139b6d399f6575c25288d7bb3cd9e217af3d4aa;2000;Life;1160;2013-06-15
4551c8d3466cb50152088dec69b628a5f4fd549e9d30ee4b320e0e3480ff2775;5169;Life;199697;2015-05-26
fab4766bd157c818d0506b4d6ab021fe65f1cd577f80e8ec8be65eb7675fe317;5876;Life;615780;2019-06-10
9ca76559682893b9b84b96615aee935767de2be56546da435efa2e3bb226b94f;7493;Property;348292;2021-01-09
4248aaf45b5790250648ac921e1a1e4ccdd88e9ba99b99deabf2a7e1ed555a06;9953;Life;3623;2011-02-23
7078c0bd3190b4bd5053005fcb2a5f233b59fdd90a4faab5a62d213ed130f995;8921;Life;312956;2005-11-24
928ea5a1b66e87484c43f0aa10c92e508c15e2023168003f8bc44a12d8bcf8e8;3123;Life;97071;2002-04-10
f5d1eef6dd8914f4e7007e812219fce781733c8a873fd0a23dd1e2d6250b8fda;593;Automotive;900177;2004-08-26
36b5f22144c24c95c60ca9e2d91a1bcdbde6bb313fa4ac144db406b032b148f7;4169;Health;466275;2011-01-14
424b7bf0aacd6f122f480231d19fec31160634f394c0fe3444f4b74181fb2112;5801;Life;998151;2014-06-15
8c29498806d111f83488e070b75b61debc66f6c9784b47e3ca8e3084959b1fa0;3758;Property;977793;2011-05-04
706dfb665e036b270c8367f5d4eb15caf47290922cb2fabefc5cebeadfa5c983;8182;Automotive;585111;2017-03-13
2c546ba1eb12a4a4539f7450e499fe503137aef7183831a650a05658d51c5f1b;5690;Automotive;800417;2013-09-06
0b5c863a755c13f66aeee35ea422abb4f136cf19f15f8bc75f85a2d58b8cb557;8739;Life;43536;2003-12-22
86eae17e8bc7b19ac9e56de8dc57b927a3c95afc6216fe894b181cd2322e7976;8665;Property;890254;2006-04-25
6a15217a66faa3f17afe35af01b7a53ac4a743f1581a32a3033b112735c56956;6021;Health;625352;2018-04-10
da97364219bb943f944fe83e6f969b11fcf9a8c092bb6e672c2964379dd0f9c6;7313;Health;499346;2012-01-09
bfaf0533437204af9fa5f95214fbaeb3541e9f79101f849d9196f0b87de65d8a;3865;Life;323432;2000-04-25
704f2a0440ef95f29c55f6b2b5bd5a269bf859ad1cdbda77833097f31eba2f1f;1833;Automotive;708766;2015-11-02
907fff7fa9a142045e3e34b4e9308808270b9b03aeea37fc8ec580842b54dd4a;4801;Health;799755;2019-08-10
02f98e02f4bcff446fc9c1ae35ebf2a804fb92198079f031735a64a1f4a3014c;4620;Property;10322;2017-07-07
5269cb0aecb7a2bc8903dfe03e7b01c10a42db9d804e77dba06a552f7d038263;6023;Health;544387;2003-08-16
68864b5695836d2db94e144c0e74618f4d570e08e8b8d85f7c906ba80b28c6b4;9054;Automotive;410407;2017-11-07
10d05acc3d7b75eba223e66713234cda56ffe2b648daaa63f3a49f9f74999bd3;4029;Automotive;699403;2022-02-10
a219cfa296c4fd7f776934aaab66d3cb5bd55f51a139fff18f8bd8a8d3e3ba19;9713;Automotive;56093;2002-12-19
0653b48d0f690855dbcbeee04bcd4f9afdeb053eb1cacf1d5d515735904399be;217;Health;570064;2017-09-13
e1d6bd8a9a9890b31a40350e5a518720515e6b4874b28298595bfbae55506f1f;5231;Health;519345;2019-06-24
68da4b86798066eef6a465fd5dad554c108cbc8a833a8a3a768c0805ec9849c1;3945;Automotive;956893;2017-06-08
04af6a95b927a0dca8687d68cbe46cc7f482f1244bbad4cbce9cb9594c42a3d3;6499;Property;355027;2001-11-24
2630a731a59f880520b3dac015552333b335cadba61d6f957b70f96decd622f6;6549;Life;765824;2005-08-13
426d9bea231c4dc4c4eb2ab97796c0291ec33e3e96f340c1cd4d7e7f0dc3f1df;8371;Health;672042;2021-09-23
9ed5ec6e932bcb44ebf254676adc53b7365d29fbb3baaa599aacbcd5a79bf00c;3981;Life;133029;2009-05-28
a8ee15b88a915aef28318f853ec4c652a22bc7d66a29a4291cb14cd1c1ac40e2;287;Health;627068;2022-03-20
3c86da92006b050895b6ad178c64e8a6fa0775f24fd04a13acca88a234dfb108;2417;Property;227406;2007-12-21
88450180d7d0d903a5dd701d80d5d470f39f8c7ada63d9f138641340a738bed1;5;Life;246807;2020-02-04
efa87d0bee307dafdbc856296729f801fefd195f931f86349f631b9a7d013910;1479;Life;798296;2001-03-26
eff0d771a5fae88d1017599f0836d0d9c39bd13ab2b4015e2ce5e0fe9712d67d;8768;Property;836271;2005-05-20
bbfd00264d7ba39aab0b00f0b096f04f30566f46d03646cfb841ac83b1f93f37;2953;Property;948660;2014-01-27
b6b7b58743bf044c9f6c5239d1ebb0919db00d0c98cbe9b119d41de99aeac1ca;6581;Automotive;906097;2008-10-27
60c5c777ce8671362ad5bc508f69270174c5167962858df31d278c9b7f799562;4872;Life;226656;2006-05-26
3ad1d3a9197edd28fda67277048205d1e0a2cd322b26ff13bec9681585f65e0a;6324;Property;303947;2003-08-23
7cf6e8f8fcdce4c00878efbfb71613ccaee0370c78742563aa7f0ac734e87dc7;90;Health;17240;2007-11-27
0ffe3ce69b72c0c042fcc2eb7a2e288d2f53aebc10ac0dfd538682a1997d6750;1811;Automotive;865615;2018-11-21
a77b91dba759cfc005af95e008666bf2582130b191c8de75bf89030a1142afac;7782;Automotive;153874;2018-04-11
2f4ccf8307dfc7dcba05768d712f60153969e2d0d581c097b2f3ce18c1c39ae0;6098;Life;516462;2020-05-15
4b62944e7d40ad3a643f32ece4445cb6986107a965029fca96e529948bcf61cf;5198;Life;664052;2013-06-20
8c8122c7deb2ec670832f57a7d2e9e9c039faed5e756ac93e42bb1c56f97ac34;3214;Automotive;889878;2003-04-15
7c4b875ce0118f3f096f650aee0c4e37da4092e2c8fb74358bd80426041df4d7;5008;Life;869536;2022-09-24
0db37db353cbfabe6516b50f9c37e0e738c2ea36ba010688bf5b5dbb93079104;3312;Property;464439;2012-01-02
be2a99147e3a71bd89da41a89252291bc9a125529b2e8030b635a47e1c34083e;4536;Property;178853;2016-12-25
9212e3b7821b0d865d5a55f90a13f3dbf4b9d70abf864fe56a3f3fb69c75b722;5845;Automotive;906700;2005-07-12
15da3683dd3e46c3a98389b67d0af015bd90c98ba0378114cff6155b799fd5fb;2064;Health;602961;2005-08-11
aec959e227d36b012f9a959041f9cea34f9dc80eb3d8cb2307dc4ebc039dc72a;1759;Health;145523;2006-06-28
2bbb524b80f721e3340bdcc0788c0bdec19edb83c680c50dd8f948fa5f4dc5d3;3964;Life;939762;2023-08-26
76be1eecafe5c2e76c31ddad1c7545dd33dad33a998e8add2279d0b4e0cec7cb;6343;Automotive;193784;2022-06-07
82d6a379650c2b893f17c74ba96460bdad0b5246a9e8f48b41d53b021077ccf1;6730;Property;283051;2000-10-09
4739bb19927a6f8535719bdd78e43e56bb2ce588ede19d2f3cf620a538c42c2e;2072;Property;637461;2017-06-12
9c5b8fceebd58ccb57d7be1a5b2d87a39a5088fb5d0eedf4636ac1d540a6f5af;5849;Health;987538;2009-12-16
fae94ffea535b49175108e4937c66eff563da23a4b94fc4032f5611e98da8bc3;5849;Life;489356;2009-10-08
c89120ee58b98053dc0057e33c241a7e648f5256b5713162b2a601eb42329a4a;5315;Life;313766;2019-03-13
905162576ae3c56a1aa5875f451e3f123d409538a98ef0ab50a24fabf751341b;8172;Property;901616;2014-06-24
50057b9fab715becccf8454d45a40f10a5135a6abe3cdead6645f244b8d3f41b;5781;Life;599399;2005-09-05
6f3feaaf13d88dc9ad2180cbc3aa6c767802d02b204574136a76334a58e3d1d7;978;Life;278779;2004-08-19
3a85dbe3dead9bbd5586546071d6385288821bdc1782fddf2ff1970e130d4e9c;5564;Automotive;39438;2018-04-08
a5628e784e7999d4b7ce3dac563ce2f35c154729ff706bc661c4c4cbd97fb046;6013;Life;10961;2005-03-13
8c1bc5e84364aa7fb01d487712835493ac9b74f22d0cf4b2c38609784d450d30;2073;Life;222645;2022-10-28
6df1728a7671ec7d3e48ac06ded5538e350cc67ced8a092f110598f580d01c90;5111;Life;84944;2018-03-07
cb5cea901dc4fd7b7aa5d59d6fb11c085e671893d4522820dbfdcb9db2ec5eb1;619;Property;961534;2007-05-14
840b02b17a90929e8220cf919524c4caf10d8cfe85f7e387c308c5f22ff826b4;132;Health;973114;2004-04-23
06de5de8246a6a7589870a83e6e4221080c26752d4dd8d2fcb1a381b3d7b2dfd;2959;Health;120959;2014-04-20
17266ede12a56248175681b095f38a128f5c39cc737913eea85cce9654fc3fc6;3094;Property;285816;2013-10-15
de04e68d6aabd01f2de0c44b353d4d9b9dd6befb30a6dda0cf94e0db2dbbe4dd;5251;Health;100511;2003-11-26
daf3fea739e712624248b7b67e16adf2de3a6f6d776cc374bd5f4539fd8abf73;9672;Automotive;831101;2002-05-04
0d07af11d37197147a0fc955cd3baac8546192e97994c52a4166d7d70588c14d;4301;Life;302857;2014-11-04
f37f6dcdb0ab1465699140ef18d79a511b3300326ad0be96651b973ab538aa10;7766;Life;714443;2004-06-02
3ae09fe65a2e226b27c99178f275213975219bbaf3c4d81371def21317983d89;193;Health;187644;2020-11-16
083c7abf141f6d63829ec84579e72a270eaf871cbfab349c42714701b7a4a11c;572;Life;937564;2013-07-10
fcb74e1fe33c3ba4396c846c561ff00e88e6baa7f5656d698fd80f30d2b85102;9594;Automotive;532475;2006-09-17
c2ce4b0af3cfef4678e47bcee6835cc45d4228b1e10a1ec03c0d2aa9d1550158;6635;Life;137022;2004-12-10
aff65f57c377867d0a0487711d009e407d7d3007a6002472b443e8a52e19aa7d;9890;Property;589069;2022-07-08
9c100c5f470613d5e77ff2eb66222d71b4499b5a3ca9827b703a8bf0df5a8f7b;1483;Automotive;699522;2007-07-13
0e62bcc06e674dee17627baaeed4a6fa175309c89ac5cd78d4edd48f4799da0c;9124;Property;738628;2018-11-17
c22c9bdf1be6666afea991e58e1744036e775050461596028b1fba4af9516ae6;6167;Life;763687;2018-07-11
524d6be56dae8ee0f814246d5be07a8e41c908fa787f0aa7cadfb96b9db6f57b;3203;Life;753466;2013-11-25
4618940bc884d54992715c8ca5c98e37ce0fc0c14bf591a63ab67d3ec798003c;6603;Automotive;774443;2008-12-24
2bfd1aca0e1a2c48283e49ff579d0817bd44caa05583699c7a0d9bffd5471aef;4304;Automotive;907473;2017-10-15
c9bbf7b2eef9a9ab4d6d812eb405bf2f78871295d66cbf24b8486608680de52b;1744;Health;542606;2002-03-18
b5cab13e40f0c5bba9ad334e42e8f303d9e5967c3a9a16920190b93c9787d3a1;4435;Property;354048;2003-06-17
1e98f22a864371c0f8be62e2876be3eeba0a63df584fc2cd052696e03d4ff653;4566;Automotive;355258;2009-10-10
ffb244c817b5f39825ea581b260ed5d7298854205b399d11543bc49a94cf962a;1606;Life;152890;2018-02-13
663593b5efc861451f29bd80348fcf19fabb61ed9e7ec7802df5458f16ae0c16;7411;Life;323291;2005-02-10
753eb81765aa8050b43bcd959f527a75846d92163eda1d368534d4118856daa1;9942;Property;653595;2017-11-14
d65a298068ee75a192803924da81dc9cefa07478db3e1d1ed6d968d57a7e8bc7;468;Health;115874;2015-02-20
4d457869382db7c8566004d79452de3a9182473bfdcb6274e35276b91c2ce699;5805;Health;993370;2011-03-15
c14564280d525bd25a6c19d3e37a8e63f065f111461ede98490e59e0160192e3;1263;Health;604608;2003-03-21
adbfd1c207ff4c2f9abbb9d843ec6800aca58cb8b723f932c508fa349218229b;4755;Automotive;925753;2022-10-15
fb44061d054df4df1d6a1c332b17ec778a9f79353b84bc91908733257ddf3173;567;Health;869663;2000-05-02
aa128ff2f6f8d6331c3d6677b648194a1892502e4d52816d2352f8cd5c9a3c08;3573;Health;333985;2015-01-07
5efdd20f4fe41cda99fc49cbc3c7b7c0d490bc57c736eda0f27ba1387a35c479;5000;Health;219120;2003-02-09
e2b86fe20db429609629249601351fb36c60cd898a69ca50d854180464bc4af5;2583;Health;497147;2014-07-17
7ad100338fda5e7033ec4e2ae817522378d0c8494f22a0ecb0dde04e7d94a1d1;4007;Automotive;248339;2014-03-18
a6b0fa66c9d71c42a60c0f972f92c9aa619929b49e0c55aa1195d817a9512139;3222;Automotive;482941;2017-07-03
eb10c3cbeaaee15c1cd27cebceec815fb45f9be061c0c30d84ea9b1e5fc38e2e;31;Life;677699;2016-11-13
2fd225a4379face76321338c932debdf69a0a2b648d6039c42056ebc6b77d1df;9095;Life;857022;2001-09-11
588d1b3dc9b6d9311424e90394f7e8ff8c27c0e33813b6f2512d11265efcc356;4114;Health;993050;2020-06-10
c8accbb5179e8fd99065382a80e310aacff9937e2481b7e8cc4a520e8f6322f6;883;Property;59597;2014-02-22
9a6113a7f0bf9b783f76f48bd9d0833c81176fc03cdc2aad02f4cbea91743d09;4891;Property;922928;2000-08-17
8f3f9e77b221886c8500ab5a8d1e7a4ee24428389cb5e2506f3af1da5d097351;7398;Property;752646;2000-02-25
92fb0004a0618e8add4b29988521a982e9df65768d104ac0095deeab716ac289;678;Health;748779;2022-07-19
9ec7ed06dfe9ec956ecc1f7b46bcd17f2f1d3d7ddb7e169ffd127a90796190ad;1785;Life;111550;2008-01-03
945c5619270c6ae1daffecd3a03dea002261d7a2c6468e6c9d3917ab8190c820;3100;Health;15203;2009-04-28
09e411cede9f57c314efa366330a3fd98315a5c8f51dca177c83fe642f05f9ca;2149;Life;495878;2023-04-01
db7985f89dfd378d3dfc20663caa143548078f30d37cbe050a6a5534b840237f;6192;Health;593179;2002-08-05
6f4742e28a29eca63c2cdf2cb2c1736752d188a3cadfd3eefbada1311241637c;7107;Automotive;226694;2002-08-07
a46fcef6035c8602b2b6ecc371fa69285999cf2eb093610f048971e7a0841668;3299;Life;567884;2022-09-07
e4cc123366c0a1cade8dc1cd0399111461478b1e6a6aff356c43edf23741e2ea;3745;Health;693074;2016-01-09
7603ccfbdf5bf1020309bf27168ee81f9b99cb175b44824b2da9bc4d6b9a1f41;7564;Automotive;495977;2000-06-04
7231b299a4da4f68efc568731db8c15f5bd8aac5c9905f3318301ab47db4b373;1159;Property;336401;2001-10-17
375f5fec7c6ec710abcb69fb56ae72bb4b8ae1172da19ad0f5b20c70a1c261f7;1379;Automotive;647675;2021-10-06
852cb9d0572786cd0fd0cdce3fbd57f35336ba062aca1309fbae0fd00b17dd01;6750;Property;278682;2006-11-15
acc91ca092e5ababe823e7563bea572d26f82c226d36400d2edf9f730cd5de24;7535;Property;826085;2017-01-06
764e9bf9cf2b55c35a786c8ff836916fefffa5b259ca94fedb37f5f7cb1ed929;7394;Life;15036;2013-06-21
d94d955280992e3935d9bd441762b1da7f75a6fed5c9c1f759ba9dc490f0feea;9826;Property;312406;2002-02-21
0666f9f0bccb81619fae7d84c2bf8596a164215eab0dd40c9bce0516900aa3e0;5906;Health;408296;2005-01-06
27e84e998b38d3675a57d7d10e593b46b70f12a7a7e97672911efa0c0ab1058d;3467;Automotive;765601;2005-10-26
e8c92f2b60e200ab0c5577cc517affacaf2e6ce4837edf51ab8e70a0ebd6cf98;3639;Automotive;571358;2011-06-24
e1204d5831f6a26c17b3d2e758cabeccbad4973b9ec71f1f0e172a56352d1d00;8153;Life;759853;2017-10-14
fc55e2fe38f28fdd132ae79f75da48eafe0b2b420b49ec431ba4eaa5e17ed27e;646;Automotive;700241;2011-08-28
8996b3347ae2c7d34ffe42a291aac427fe65ba796a2a98bdc3f5931e68b17783;2348;Life;17199;2016-12-12
9ca9155ef9008b914f76b9a86276f6175bbe2c71cea7adbc418ce5018bc851cf;6546;Life;117385;2004-05-19
89e12710f1ac8e73b93f42811b060e41193fb45c3dc3401c98686673d3e79275;8190;Automotive;434297;2017-11-03
4eca5c784dc4b3ff3bbb6d20480ee87ac6512396f67a447cec03307cce832ca9;8883;Life;255288;2020-06-28
36e5213b7033ca5b9682d7cb0a50a970466d4f7a81b65908cf23a11ef7d297ed;2145;Property;191196;2009-04-13
c83f2608ea9e5a22511727f590192cc6ba09d393637e8ceb1f5904cf2d31b233;5059;Health;644580;2013-10-20
8c0704dc8a86313481291abc828ff6e1e4fc9dc1027f4ef99fad3c2789ddc31c;7822;Health;910947;2020-04-08
6317eb350ab0795dfd25adb8e5d1a7a1fe841c5b68a2206a808500b9ef0f804f;7503;Property;129627;2016-10-18
14967d46abf9fbc966835f674fa0cc5e2024371e71a04c2a7b4e84f3e4a4c55a;5615;Health;550791;2019-07-14
167d4bc139c458b72e7e8f26f0eef6c8dcdddf6ca0cebf7177feb4c2aa4bd2d4;4101;Life;729681;2020-10-19
a2f9bbbad304ff54a08db6029450b69aa37690d5c8d8fc9454b78f294b48857c;4566;Health;282408;2007-11-12
40d9615d76e4a4bfee3018bba4dfa1bf160322409ec19ad1ff161f1f005634e6;3509;Property;855172;2003-02-01
d3e5b7cc4aee24fa010c6d72c19c17bd426a122468b4a483dedf033b4e46107a;4955;Automotive;994172;2018-03-12
3055f111d519fa3ddcb1cd333767c14833d8fab91e3e2ccbb2ee646cffc20f49;9245;Automotive;693759;2002-01-20
7f9a74234baf9a40fe532c244d22d14919221d1afe2a76d21846a5b484aad086;1553;Automotive;698634;2016-12-13
5a5e8d09e77d0c552a8f3b73e94e9257b990fe3f8433888a1231b0979d180b16;4955;Property;648208;2007-03-09
87fd665d8df456cc5326ef94144d0edc50eaa2f9f0ab40bf731a144880dff0b4;771;Automotive;661450;2017-04-28
5b586871d24e5a6fa2e479ca6505af0a3814383a79d3c5fe8031ff5182b010b9;819;Life;56279;2008-05-01
4e2182b7dc72b8c5993447acbbeee0c4d9373e254988c9399cb18393aead96f4;6868;Property;755263;2002-07-21
aaeda2d3acc21d2b86fea56d4797aa234dee025af37d12c389b89578003611ec;6693;Health;468365;2008-07-20
1ae1bf2e58a956e85317b2f56fa0362797a1198ec2a350ca7372a559f4e125e4;583;Automotive;948957;2001-10-08
82689b4f1b30e698e71c9f06e66efeaa0e762b8b9e1f965e19487088dd52b025;8677;Property;998915;2018-08-20
82be22d64d533ff781a8c85000bd4ff34c5d0101fef9ec3d6f3e51bc04d2b244;2798;Life;744021;2012-04-25
58fa719c460e90123f0f747461a61667b680fdeb121bd486cbcdf656bddcb7c6;2415;Automotive;643364;2020-07-17
0f74362e228219fc6280e2ff9de785959abe6c6ab785e4842852bb7eb54b8d77;1005;Life;961578;2014-08-20
ed6a580fa849fe7b515ebcb28a1c3a62abebadc08d427ece6046d8cd3a0af321;8375;Automotive;992504;2020-05-11
cea8a11d3a8ce005d03ec22df63131776c516068025a334350d934d0f9882aa4;3791;Life;944825;2002-04-04
1166b244278dd8ae0a0ef8f6e7119010868f4abdedd1b00c0f17c6abd5b93919;3124;Automotive;336463;2021-03-09
f8de2608b076f90889ea8b8198e1f7a927ea74a95cd4ed12e29681727a990a5a;6601;Automotive;417971;2010-07-20
d6ce8cd22085439214e003534dfc16d731db15216d117331c32d216fa23c654e;1482;Health;615077;2021-11-09
cf4e5442ac90acbd7ad0f8db075f0efc0702ffe4f67ea01baab475a1e7bb0381;9118;Automotive;719422;2010-09-23
06ef66e9e30c22bb28db5f5e7694d39ea9a1cdbb12448992ca644d78d5b55401;9292;Property;324855;2023-06-03
1cdd305a9422c2bbabae9a64f2028a8dc3ff5d88c51240a529824c4305b39f64;3858;Life;326579;2012-10-20
439a442bd85ff3c10ebd569d7dd50616688a7fcfc3da0865869a418e90a30e11;6925;Automotive;665374;2014-09-05
5cbcfba2ce03887bdca6633d56669f085a484bcba4170913072e0d0b862b9648;165;Property;723058;2011-01-07
e86b40b7448e5baaa89e4dc9a3ebf5152630207c3e4523ba9f431fa08ec84591;8110;Health;619437;2012-02-03
c3a7c0245a3687bfa882892b6adc999f76ae996b65495159cd7378177f677c0a;4362;Life;402569;2007-02-17
5c8d75e9a299c65a0ea8955152e8f8469dae109fc4f23ce42931df55dad9b186;533;Health;330629;2013-07-06
0959aafcd674968ae46f92881fe3ee5966ca907f8f3ac66f50894895afc30391;4839;Health;713315;2014-11-08
4edec89ff2e39e756dda6fe2e0432b5269fbcb29f1bb3213f909e708e3fed5ab;5216;Property;459708;2002-02-20
fea485a11c2ef20f6f2870ac34072df81f57c94dc593a1d50a127dfe7acb3c5c;6767;Health;364026;2006-04-21
f13a7ad8555766e78c58f11f772a9ab9c2768ac27e28c30c36cf894a8ce11c08;7929;Automotive;622848;2005-07-11
69b54dfb6607a53e5e8a0c6b2031c5b27505abb2fd5926baf07082a30c5529fa;215;Automotive;560023;2012-03-26
f7d103ea9a92303f908fdffb8cd619a45bd30012a6345578737ea5197e019da4;3342;Life;421051;2021-08-01
ab577889f81e737c34201bac9deb6f4266e846540a98a674e4a1954fffc0c053;7996;Automotive;547933;2011-09-07
7529083990f9cd68e2fd7e0969f38c5caf05b7c8a91a8e5799b19f265e87d3a4;5925;Health;162250;2018-06-28
2811c7948ba79285193846b784a48f1761513f8024785957775e66ce889853aa;3771;Life;97504;2007-07-10
7404dfd8ce8a4daf61261f6672e957e8c6bf415a98e913ebaeed9dcb4e50186a;5463;Health;89202;2020-05-06
0f191b5a29cdf3d26134ec9ab9c9d21816ffab60188e1aad81b96293ce2c5476;6217;Life;467734;2017-12-24
81dbc7d095fc35bbafbd0cd0cb7e454c4af849415923074d7d48cae30bd3cd54;6289;Property;830777;2017-07-22
fd7df905a1dd201c0e6b9e4dae33aa734b09fbeca38d9c3ff907584778526dd3;6832;Property;691771;2007-04-15
eff6505ab88bac11956180c9dbc8de17255ed1f26af72299b4f2ab43db468bb4;6737;Property;663975;2017-09-25
06266bb0c2276677dc428006b155886e107f236563e4a63fae5899ce47739229;220;Life;56297;2011-04-14
fece796042eafcc9765a3e77b2ffca16945a131d4ed0ca49230ce6763e4990e9;8008;Health;817418;2019-02-11
e27b96162081a175e3c41679f29194261e848e0238eead76e76ed636fb27f924;7473;Life;180547;2019-12-25
62cdcee6b3eb6a178f863567433dd1b598dc3385f73e4e533a548ee615323cde;3741;Health;130846;2023-08-23
c54d8d06d9d22ae908fdb154ed74d94ee6d5e3f8740493b5f8b965ad25ff44d3;388;Automotive;467242;2000-08-07
8cf9a0dd5c76e57a43364416b8a3595a807b86d88c58932bca6ccdb788a29b5c;5688;Property;505853;2000-03-23
3bc465efc708bdf263af4b4ab98f38710987dd3c40a4d270b4b860228fb6fe42;1247;Health;576959;2023-09-25
483e883c15761cae05ca4f3d384aed2a361f00a6323e22158a8f27813a7aa85c;3260;Life;4721;2013-11-04
203b6f1a01cf5a1cfdad2a7fb4158ad703a33feee12de05980f3d4f69ed6879a;3320;Health;919726;2003-10-15
bd86ce29a60e42005fccea7061cee3ee33833fda43a6861c0a94da0917293afb;5776;Automotive;170336;2006-04-28
898c46c33fffdefc0d6f3d17b48ad069b599530e60ecdf1d6a6eb287c7c29493;9846;Health;41156;2018-04-07
22c6f5157994b93aa7095da69016719e10900f7b7abc7d0e63c05303fa5e430a;1530;Automotive;68293;2005-08-19
6de0400879bc0433cae5824bc2fb81b20db448f8dc804a00b2d00e417cecd372;9772;Automotive;534528;2021-07-11
573a02a20319eaa233acc79c28ac4cdc63cef313117f9d74b4771d4353e66be5;8529;Life;614846;2009-11-24
71fe735e86732fe8594df344e834e2e25aab802c69706a7e177c78056ebc6176;881;Health;204967;2002-06-28
a2fd4c08f7ce94f5df708a270554a9b70692cb6164fc03767fd386cc32c5d1c1;2658;Property;140074;2003-02-20
08609d146d4e8ca648a61c7a92bcb2cd6d91d709315382bdbc22b1dcc719f7d4;6385;Health;69826;2015-02-12
78de3e7b0ba5f1bf90c6600fd59df6fc811e4a32e3c3b173d5d13382ab1406ea;3226;Life;272286;2005-04-04
5cdbb5aa7603e94d37b54f9f3613a6b2add5cf07e0483f6038df07d5b2efd516;5719;Automotive;379959;2012-03-13
cd63ed15b2c1611daca60f150cdc83b52f7f68defa901ccb5568c9ad0d949410;1429;Health;84459;2012-09-05
4d9d398be78d295620e8e9d4e9c5c3ac0ea2068de65548d74d0f00a44dda7ce1;6458;Property;19579;2017-02-11
28dfb21b45074fabf13426ad1850db18e6022fbf5f6584b8eefc2544e848ea78;8531;Automotive;631522;2013-08-28
6c2be7f581d4429dcc88daf679cfdb691964f9c0d2698004d89f36b44f72e28c;3402;Life;896087;2019-09-18
2960c2b670d77115ce074a9a5fa2aeb34da03bc27b37909f7e089329a70f57df;1312;Health;504602;2016-06-03
ef4af800667614ec1a73891127fb07b709b61b698211f6f013b5eb9a1930849f;4460;Life;826270;2004-01-02
2f8a7ce522443401c13f4548969f8ed459f87ec11fa9326eb68aa64d75120606;1624;Property;3949;2022-12-05
481f60be332e3c9cf7752bd77e8704421b053a33742ca1aa53f29e141633e0e7;999;Life;493079;2019-03-26
b9143fe01d75a7f5e0f9a06878115e671c05b5e1e5334d0979c33c358fe83948;7012;Health;804795;2005-11-02
a109a9f3068f355d34a14df60a68d56d0fb2e3dcca21f334337e0951f28c7eef;507;Property;458508;2018-10-05
aedca410106d16deafb994ce6edc17a47858ae73531a58e912651a3e96afa90f;495;Property;537996;2016-01-26
2571603032fc5b442d1f633bad51eaaa6dccf9938dd527fa961021011d75c054;7978;Health;138062;2016-09-22
157bdac3c64beecbe3ee7975dca8d47886127a615781de1e43b45390283bdd0d;343;Health;925583;2000-01-06
7a13e4021b8cd40fa87f33fbb604a120a48c6b03268aa5940dc9ed278ede704c;5049;Automotive;845911;2014-10-13
0980c6ff939f414c95285ddcc99417a2498ece5e756eade848f876d8ff11e3f1;6674;Life;380656;2004-03-26
18c607e5adde455a448e08f7a1b1b3949ec383ca26a9b756cff35afd33876f6a;5494;Life;864696;2014-10-10
94049c7de315a05cd80c0d37c91e310d154aedc3b153591303e0e998211bd7c1;2407;Health;599297;2006-06-06
da4af6391f340517dc7d4801b893dcaa801858d487dff7c34fdab099a97877b4;6190;Property;84167;2010-04-08
7d53258c4f98906603a427f4c92f0279c04c3424e9beb16084e88ffe3ab00afa;9062;Automotive;930093;2022-09-26
6d309a2b3316f51cc67b44999a15bd0a9cf0ed2f6fb4e294780b0403d3abe781;7576;Health;435275;2015-09-15
1e16ff9b7ee40523d3fc8afed8a07274752be142a0c5af10db429b39fab67a4b;5375;Health;765685;2015-06-03
5acc169a9810ef4110a258e81b5fdf0b6f999b7547c969d6f3e31b3917940b92;3937;Automotive;735488;2023-01-23
3ab7d5837641d3760f19954144008b9d4e67763c9bffa4a486c4196c8de952a8;7212;Life;172466;2006-12-26
4083baab2a0d9fe15dbc3bf76a3706523f75a645759028906e7b4e33918a6cec;5002;Automotive;590715;2018-11-11
7f9278409b4e77958618691cb91836487b9c74bc5f72f58e61062128ff74a31f;9385;Life;505946;2011-05-27
632b8976a1f53b9d21e142a9bbbce664ebebf32b415d28012383beeaffb6aef9;1062;Life;805862;2007-11-27
31bf9d613292078889b78b9754f0ab23dcc8ea95e4914dd51bf386b91c7e1b64;4369;Property;11716;2005-12-11
746f8520d0f12950e174cf2325a78e87fe74f62f0ef7582514528e07f5de1faf;9798;Automotive;523353;2003-10-16
22c4ceaa86a4dabf6a44f8ff68ec04ecce6493b46e5745c6efb661c6976abb96;8176;Property;596148;2021-07-27
585920cf1f3ee34e734dafd1927d612ea4ea32ec472a9eaa6bc9f86e4f427c40;3479;Health;996269;2008-08-12
b3488e1f6e12ff90560a9087ed907fb4ee1128e4c09da50a3003726281f53919;2420;Automotive;683817;2018-01-13
66cd05cdb10736aa38135c1ac7970fa5d7ee6df22175b9baf774ade4d87ce7f8;7869;Property;137785;2023-05-06
39261b8d8c00dd0c358f2a434923e51c3c9ad4b459f1d0f693a037c1445bdd2c;2057;Automotive;152631;2007-12-14
dd423dc9bb4194e9f4c3ddb43895c909df01af0edca33ef677a15b84581ade03;891;Property;66339;2016-04-04
f5910880a0dfee25bf059c4ca085fa37afef3b495b41e2bcacd8e150125f6f48;275;Life;760925;2002-03-21
0e94c96ac57372a65e202cb389d0a5fc051bad5ddda3df53843273cadb2c7ea6;4467;Health;676896;2004-02-18
05b9d70ff6ba5772a5b0e46071f01686dbefe5b32ca9803ec574096244b6a707;5762;Life;875949;2003-01-19
586ca4147598daa229625b64dc8ae1f96e98ad638504e04ffeebf8f4c7d62eea;9194;Life;373565;2018-01-17
efd45e894ffe35ebf74754a806364b67b63211d78da8965a4a7d9918c959f2f8;381;Life;710634;2005-11-26
b97133ad01078a12792c6e1442f1ad68118cae14c8b379e4604894d37812eae4;1021;Health;295045;2009-02-07
10a60eeb59cca8d6a60258ae47561cf12e889c65ae6c5d11971c9d0f7613251e;7153;Automotive;596686;2003-10-12
0310a784c97648fed75bb9b15ca01fafe3652e4ab1b223d8bea6cc919d6af09d;9162;Health;62773;2013-11-04
a50cb0b64740f1fa69a7d3899a3be21ed2b17a19f0ca8ce23158ebc7e1b73fd9;476;Automotive;198036;2013-06-15
f1eadfa66cc3d9ee115c4a1aa1048787df0ad9d9fd573d92dcb5d0ff317eb14b;9895;Property;609702;2003-04-22
69ecbd919b680484c21064de3e683f74db3d78d4db32483cab81158ba6c403c5;640;Property;254788;2007-05-17
f56f6dc4dc5d8f94b8802baed439c25dfdfc5f585b157e2734868805666bbf22;7276;Life;676933;2004-06-01
43ada75943b40a533ac4b953ff0496007dc53d1438a14f82f8c17cc9bf75e210;3469;Life;636528;2017-02-16
a1648aa28d8a0638c21fe640356993aba8e5c6ce305ea8b38a3571adbb812a5b;4241;Health;210683;2000-07-15
d5f72cf8e0f9c59cabe12faa4dfc5ccd3d89281761a0c31be8df6451d5ec371a;8579;Health;128672;2007-06-08
a4902ee94f3e4a5489615bcac20d9d43686fbac68c21a875aacd9db98d5d3e17;2501;Health;711965;2009-12-15
fa315461af8b56e1a58ddde01c7d0b450e575c9f2838dbff3e0415587946aa35;2005;Automotive;572533;2018-10-28
24e924260f93effd5daa75eec82f33e369193bb6650ae82378b94c808ef409f4;660;Life;146075;2016-06-01
c0850dbb3fd009cdac9d3b1207c6fd728b49840dcd7e4a3aeb95cadc04ac9feb;8122;Automotive;833262;2023-05-03
76f59e866d1f29c948b5f7287f04d0e9f8b9d590c3952b50f5192cd6c1642982;4975;Property;578727;2019-03-09
a1f3345dc7621dca351c3d0e9da99d629ac2caf0e925a215a16fda19a7dd43d0;9125;Property;230741;2013-03-12
c140813bd17e1a054db8a0a0bc919f6eadfa9217167c07cb4172c92a8e0e14d1;2304;Automotive;113729;2004-11-26
b240f45f55ae7533d98fae65b0ba0f80edbcd6fcc966a5ec3692dda5e96ed145;54;Health;266742;2012-03-16
42e0e888e112bb955fc5c5f76a25544f7fce5db3d6fa8d9cf53c03b3e5729c20;3544;Automotive;385173;2007-11-17
c491f97d7454a664490e64ac7d23a2be07a44cfb8d27f3c69558ce9232332f7d;3283;Automotive;897962;2015-06-03
41a3c98bb1120bf6dafa0a3f02dc5938dd348985b7a5a4771d0fc6efbd3f7588;9440;Property;817590;2023-03-12
c9458a47e53907e776a84b07b96864885377d45adf452e068b7ade433954bea1;6242;Property;119257;2000-08-19
0e93ec5080a2e45493eba1962aacf3e7dc95a7f9acf601d588e4bd982861d973;1852;Automotive;370953;2020-12-05
feb16fc8fc4480a100eb4d18d32bb3ed8a8672fdfb650749cb1266b60324e69e;6117;Health;154700;2001-06-02
a10e8164a994d1e32f6f92a8d1967840638540f94dce32e7c05012c43ab38001;5902;Property;19509;2010-07-20
977eb7a2ae39f571f0ce01f8cbbfef99ee796a8e4f6904e2294ff51842358945;6377;Life;622596;2010-06-06
dc7dfc782c3d0bc8e8495a19fbcb5fface9b6c6506efdb562195b7faf3454035;7173;Property;556279;2002-10-27
a8b6afcf61aebc475305412b3c7777ebd27d7dcb194caf258f06ddc9a0a1e7dd;1370;Life;578012;2016-05-23
7b580578c480bce753efc7bb88882486962b9e6a7d94f6450d1eeac718785bd2;2344;Property;198467;2010-01-13
a716d1e15924bfdc41da3f208432b846f883963e8d3557845d1b16c0261bbac3;676;Health;379291;2023-11-12
5dab250ac8f7dbae79d666113e34f1b2256afb82bd4bf2ea778347629b40a5e5;6814;Property;869160;2009-06-26
445a5dbd1f3ac4912772984e23441371d9509373afc6900e7965c86fb86e959f;3613;Property;383437;2007-11-08
cff8a928f91d53e14a6b8e55a32d242006583855921dda20dc8c7a6b59f208fa;4271;Automotive;514566;2001-02-26
507c42e23c48912ec37b33c1402d679518444f4d93fac016898c35091b8536d2;6577;Property;944108;2015-08-07
7cbf54ea79dbd00c22d2a04ba8a62c31228e6ff7c057bed5020db1cd7cfbb598;1342;Automotive;99241;2005-03-27
7b9a9ce3e1e6e49a717d4aa63b86824df071c36cdab14fb85df86c3b42e5a0b3;3460;Health;86952;2008-03-20
e031782f2f3ba759a2a969599619aa6019104bf115e2fd7c8538f61d538ea320;5179;Property;795782;2017-04-12
9c3f644cc88582cfd1f890380d207ade1a79a10368516a58ec5f416a7a076222;3181;Health;463138;2018-11-22
b4855de1a464f2d91256a60b6c8c5ffd322817a14e7f0af50abe364d3b96217e;5844;Property;382334;2006-02-16
fa4f13ac7d68d7f9e5609012b0b319965223703d404610c000d8d8b17365a98b;2921;Automotive;10666;2009-05-02
45e9ea1892586e27feb7e79c786c0a18da4d96a1ef9d24967ebfff9d473ad709;7730;Automotive;824473;2014-05-14
c92de2dbaa27c4726897496e42020320bc29bfbfac159431fb76acc45de1896c;6122;Health;112633;2004-04-20
4e55ab12502c3c799062e41c692c933f77097705ea7358168cb2af6cd00ef769;8709;Automotive;253982;2008-08-17
f4931ce533a1b49494dae46906fd33b3393221a0803c83f9de36d85b88910ee6;6267;Automotive;292184;2007-05-06
eddb061e57676c41a5b31427d39386ee0463a95e18b8d2c0cf1b10acdfcdd25e;1661;Property;491432;2010-01-13
31d8d197ea35de601e28f7ec24c24c9c7cc68d315a7d5ca38309d6a165b1551f;5566;Automotive;487283;2020-03-17
7ba76df3a7aca19dd153cf02b5f4432807a43391ea599267ffd5ab63995f8bc5;462;Health;818716;2002-11-01
4a4f7da074b2879b64286bce13d8ae20a5f02c6c35985f9d0310a79a19d65091;850;Life;979368;2016-12-05
b960f46cce44c460723ffe45e8365ce93df7f9174e9589b038a3c0087056a85c;7759;Health;681729;2018-02-04
3ab8c5c83d0058749dbba025291d1815711a9b67563c06f1108ac3019fe267b1;6159;Property;963637;2021-12-14
3f238ffe5b37ba2572d1ac2e993ddb74bb84fce20fb8bde3aeb99b14b0daf68a;7926;Property;454730;2023-08-19
fdd413285e5cb8347ab0655d948262b2ca1d2e149414819e3da8cd4ee017bca4;3383;Property;283227;2010-09-07
772547e12c84b4abfca3e7bed1300d33ad5c08428f64cd0d18270be11bde92c1;6127;Automotive;882131;2010-11-08
173d14f9e25fa2fa27d2c297d18ce775c7009760e53f1454aee4aeb021fcfc53;6602;Life;369253;2006-06-21
0f9012d31b22ac1bf6f43177a2491586dfded235a59ae7afefed73155dda4718;352;Automotive;975932;2019-08-19
1546f1dac6bbbdf6bd1f21fda0a1dcc0e66ebc306e08f7609fc761e843ff2948;2088;Life;116713;2016-09-17
0c2d5e256fa4103e6270ff9adfaa39cf5447694d0ac8a6abdf0522b43185d301;154;Automotive;59887;2003-05-23
8a86a79bafa3f77191c9b59dda4484859a47ab91c0220c6fa471df18eaddeb6f;2372;Automotive;178657;2005-03-18
404f499a6e5fda9ad38427ee38c0f27e3bdf1bae236fdd90cce901f43a4d657f;16;Health;894731;2005-04-21
981c9cbf3496b4eeb3df57ee95c433327a65ac60691f319081e8d7b28a46c629;5007;Life;246519;2017-02-18
dffd27a0b589ae0d7a28c3846a1636cc34b4dcba410554f835cfafedd74d02ea;497;Life;175474;2010-04-11
093097a3431f54646641dd402f54488ad3377e6cce2f6ed4b4c014a23542bf83;5684;Life;667834;2005-05-13
c05d520e355176ad348c811d978b0ae095f64367bc3f1e9e94fb18b31bb258e9;2990;Property;195426;2020-02-10
687e0fa15cb727a7486a2631b268fe7d8f1f063cd0b2a5e1bbe876810ee2fa72;676;Health;33724;2009-08-16
742611d4eac4cfa3738c0b86dd4f5808dbc300028182477ecd896d8ba415197d;6401;Property;333315;2011-12-10
159b25943331ad45dca78ea73b18ea1655a7693fbafcd07b8dfda46f25e7c8da;4027;Life;67339;2011-08-22
f4ab993d600a8ed1d2399e37a8c2dff6e7b5350d1df3505cf190bce27765d02c;4671;Automotive;950607;2000-09-21
3f1dc667a9d05dcdc2ba918bf5e8d617efa9dbf85d7e64beffac845c01266c04;605;Life;248761;2009-08-09
2e2282ac3b20fce8b5aace90daebefb84f5fdfb9852621df4d264082dc3cb02e;6814;Automotive;949605;2014-09-26
6ce7d0d5d5ce4dd3e8988797a55b7f181e8d27705f3fbfd0d65024d476dbe7a1;9164;Property;814759;2006-07-02
e6ef06d1afdba484257bdc203542d100d3768a3aca819d56d74c34b126fcc315;6802;Property;796301;2013-11-12
96c3ed5e3b0429a00966c90aae7a005808c847d8d656a2daaba881a921738afb;4675;Life;527681;2006-12-13
d09d00d25a4dbb931e27564e8c442e186a02739ded3d772b24da291522fe15c4;9172;Health;123869;2015-04-11
00ee0c8987b68f74bbc93ed704beea305c81c9aa6f484096a3071ca90b75e47c;5297;Health;946859;2009-03-01
2ddd93fa067452c3eac9b3c40959968bda7184b84af4d4788f2ab5bb3041a51c;5152;Health;292438;2005-08-12
b5a17e4af1eabd46d668a4474fd42fa109a0909cd193763b012865b5e6cc58a9;8078;Automotive;906802;2011-06-27
43da5e4e868685530ec17156963c46adb65aefc8315d7052061464dfbfb41e16;6236;Property;953854;2015-12-09
c34d4ef965f6ca27b4bfc47a14df1048378572f9d9639b6fc6e09a639daa6c6c;6020;Health;908219;2016-02-21
1c8db10fe015b2ec62782936ae8b8ada23c45a848118482705a93fed8633042c;5912;Health;108520;2009-09-15
4b1ea478a4d1074c262d6047ab684cf3bbcf16e42f0808085ad03fc5cc30a4f2;5428;Property;722013;2015-01-02
9c70ddb60ad028620df0dda34085b0e608eee9b69a4bd50e238844123dbe974d;3344;Automotive;810880;2010-05-16
a1f2c226433137b53f140e3636824fccb44126bd620e3b11ae0889d621530bd0;7797;Property;48683;2008-10-23
ceecda513aca2807d2feb23e9ff94efe8b1527efa7ce9967d9e599485924c862;1528;Property;208336;2010-02-18
2c8c47485f9252fee69e67512bae4d5fd4c47c9573610641c906db86e6351348;5257;Property;144087;2009-01-10
7235fc8248799822929421a165678c09fa4bd5a2114fdff6f695dbfd6f2436b8;1000;Health;881251;2007-09-24
31e54b92cd9de674a7d8c7590528e77f17255ab64ada392fa4e35ab5675c4969;9726;Property;884278;2004-05-17
5fb7dd05e34a80135a32dd20033d23ad464522d2b76f3ec7f499862c8ea8f2fd;3261;Life;874684;2006-10-26
d1fece9c8d11ebf6f4d8c8841fec0cc5466876f3b547c3ad08366558ad26d53e;6163;Automotive;946106;2022-12-17
fd120b89176c75991095aaa6ed8ae175e414f464171106e612c7cf050c211a2a;2779;Life;268040;2022-09-08
da8cbcf70fadc0fca85a031ec374dcc7c1eaca9c8c175b9df44f96ba6ca972f3;6943;Life;760354;2000-03-26
877c5b57b38372342a4a2eb8c480ded2f771b9451653b4d545a56e51d63e5661;1184;Automotive;752616;2001-03-10
32e26ebeed1c4779ce2ddaf2c475a29d34fbddb4a9cc77a11044db027a145b43;5674;Life;761528;2013-09-20
c1a2417d9c0f33ca0d4cb2b17fc8c509c8355c709a769feeb42a211655ba9882;2967;Property;113034;2021-08-17
120a976dcef894ac8769ae247ceef11599e613dd8f851a08efe32fa2c87b0393;8263;Automotive;592162;2005-10-04
01d62e4ecd3a97956c002da212a91a948498a2e0c190066fc96c424e9be43aab;1826;Life;65528;2018-03-12
10f8ef2a7ca8048f1f5f5fe1d533477cd4afcb199a452c9c16431d01e04725bb;9450;Automotive;561881;2019-03-03
63eeb8f72ae72920b871aa98df2f8ee9c52d630cc6476032da514e38dd4c327c;1022;Health;388482;2001-07-20
cd882b5ee375744b95b9eb91201688cc6c2f5bdc4ecbcce36d619da243e0d915;7147;Health;568308;2012-06-15
856f152e5c7d91abe835dd3f457e5085bb5ade2b672eab2309370f64d391a482;3610;Health;944622;2007-11-04
13270e8f3375737be0d07dc1ae12e9849e86bc1247fca71817cfe53c0aaff83d;8993;Health;880802;2007-02-21
c81beb2a99fcc4a393bd20b17b09698fc76abb0822a1d95b1a7a9b2a0a7de41e;6636;Automotive;360347;2021-01-05
01e4f0017dd9c0e5b90455490fe6198a481b5f338829bab10d66b8b15e92b7d1;2628;Automotive;395437;2009-01-17
3665a17a04346d1eda70bb94e215c87a1388e84f193cf83b46985b01119c2524;358;Health;911534;2017-04-14
04690f673ae1fb25138b4d0e07b5da45630cd70d660d59813617e2c711de96ed;9423;Life;239414;2005-11-13
2fd4779fe997ec5c19ebd372d5602e19d9379559b9f0214ba3732f1c8e8d88ea;3638;Health;110957;2017-05-01
f5d28b31fbb34bbfa90cb1050c7ec70253aa1ef3d1c0458572be254655331788;724;Health;475843;2011-07-18
d97b960345ac9b2e2936ce9d8a299058f68df0dddae7b6a0f5efebc392a52a28;7647;Health;723691;2009-10-25
56d9612b4510a722a5cf903ada62c7fe9f7364754035e3b88bf2f3f38785fd02;191;Property;53918;2003-09-20
00fdf9e5ec1e38856d1f0d2bbafc635fff2187b83f36bd310b50945be1d6f5ce;7799;Automotive;185792;2023-12-04
0d432855dd9058ae255c2a1aa94d04d628a64e350294ba115bf3bf57b0795b98;7676;Automotive;54903;2022-01-05
9f7ef87cc6ae4378fe2c748e0b8a936611071841f60430b74b48dbc6b6cc6b3c;6017;Life;986797;2023-06-11
c3831982f87454f19433d696cabb76f6be10961fe65fb948b9860baa38f51628;7802;Automotive;858696;2019-03-17
6469e0916348f23237509a5b22768025b51970e20453ea7889ef20ea1c1e06a1;9110;Automotive;26405;2019-11-23
39b626ce98ae1e3291ffa5f0f862c4bef6725f857eb64a5f19549046b9ac05aa;7431;Life;458718;2003-09-25
73a834031bb0744461123647c13595d021115e687860e3c6ff807a68b5e47916;6174;Property;497979;2006-04-04
0418f884e2854e839d2321e2e9517fb1bcbab8dc70236d42d29d2aed8f4b61ed;6196;Property;468384;2013-06-17
760151b0ba878896ea1895181f9828a1c45cd631a7f6cf20832fa671190de706;6630;Life;345303;2021-04-23
b6cb8dfda95169e3fcfa2eec4ce9b71c289b7579baa85c3f5a564ce86bc00ef0;3402;Automotive;727787;2000-12-15
51403e5b85c869937c01c9ec056950abc1dfdb9b632489ed3a59c5cdb7e30f2f;7068;Health;547255;2006-10-13
f95a77966298ad7138c6970b6f54e8e596877fa5c5afdfaf996858cdd72c01ba;2386;Life;453216;2018-09-16
834cf54b8a10b0d7bc3cf4f246fd2ccaa3037b4e54f36f6d832514f8d9c31853;9899;Property;596486;2021-02-27
687d715b0c4209d3c00ceeda5728b8b6a3820cd0b9142a1a7c85f376ee9ddc3b;5170;Automotive;53387;2000-01-18
796663baed2325813e45065075d27a120aede4fc25a9a8be33d855e1baa86972;2240;Automotive;638765;2009-05-22
1c5e9157cbb318baa864568fef40628b4e2f37f7adb8eec19ab6eb743d0efdee;2433;Property;752382;2001-08-23
0700f8d82d92eeda4bf482d5f123d8b29642b77533b4127161a248981a6cfcbe;4850;Property;789146;2015-03-02
1d925793f9ca919a28e556d6d098460020ce02a6a744adca11c0c9c0d686cdae;7761;Property;403112;2006-11-04
42db8e79635a65ea12871d09454a0d421eee8b1d179caddc8680a9d14c6e5c45;9988;Life;535445;2015-11-25
16680e047aa546e56c0c2891c61f00fda0a5d6f075072e2350e92026e530de69;2204;Life;988275;2020-05-15
77f7c72ce5c1c8743931251b302fcb581b23cb88b944cdb6844c62f65b19d788;5902;Life;725405;2000-06-14
53b24b9bef3054d3baa8aafdd2d9df3ddb85d1e3d28a2a31ee24d1fafb33da80;2220;Life;700775;2000-07-04
eb923258df326a7d78a24e00e1b74e57d976aca6ca7fef903417eeabcff3ac15;382;Property;43114;2019-05-13
b1584637ab7a72a82af4c9e09882fbb492fb18b15109925e5473b83ae2e67614;3380;Health;257731;2022-03-26
9556f36cef8ba46c1159048bd8d8e8804e203cba58a69bbc0f76a854be864484;9034;Health;339928;2002-01-17
a3a89b3ece537fbd4a37d8905f2704c2177a6e24ed92a3e8e95a3de70ebed446;735;Health;838582;2023-12-20
e5cc22d4575e01f623134b91723edc575743bae6656112d5906d88a8ecb743ab;8162;Life;958777;2019-12-28
61aa40aa0bfa76fc7224457b2033e4fb71cdc416ed237e939191b541132e4072;8507;Property;327680;2011-07-26
3b198f3d79ca0407af3e035b4780b0b8403867e79c4ee4308afbade04b59bb3f;6837;Life;930603;2021-04-15
d046fb5b8c2b572c0b8df2423ec9d55004a8cd4700dd00c7fe2c9de54d8831a8;9475;Automotive;679912;2002-09-09
9cd5fb6257c4951c28fc1d6f5b8f3c591cfef418396ae7c59b5890349b4cf690;4061;Life;402294;2022-08-19
1d5ecef708f7a8b6cecab68c087337336039020ccc2b16bf2b5001a1641c646c;8607;Automotive;675569;2016-06-13
4e17b1b7269ba2ab9d6aa9f69a2030c0eb7a47907ebba68b436ff2e5cfd23379;3006;Life;86444;2023-09-27
8359c0eb6060f83046b1346c1d5bee79a00ed88246d048cb1ffc2df5dceaa0c3;3088;Property;2808;2003-12-27
28d784589ca1c2da2b42a68479e69f1033c112d69dca4bad6d126d5e83b010e4;2544;Health;965418;2013-08-09
5b14c293aa9d528e453a9d2fdb919fde29f0409e1227ac8678b18bf9d9525740;520;Property;855304;2008-09-20
3fa6727c9e60e7f6c47bb35eae4065798a92c1283c4c15584f923fbf1ef57d55;358;Automotive;972845;2001-04-27
664ef8265e05b7efb856e5e8351f7749ec0bced52a3af685e7ebd336190ee56a;7356;Automotive;119120;2002-06-09
d296ecc27dec38695384ca06fee9ab000e999a79a6d1a6d9fef2a9906be96da0;9025;Automotive;278328;2005-01-21
ce0ac4cb4f2f6a99e839be58e919244f3d02a52a608733fbb4cdd1d529450972;9891;Property;105764;2010-03-03
9ac49f3840170b13a8a7028865d5b3d1d265889bd57ffb6106406410143d7760;1519;Life;355299;2023-09-06
679c712c09a418c6b45d2905acd8444f7d633abbbb7b2bb6164dc71cea029330;1657;Property;129862;2007-11-08
4ba4301a084efc6e1a81f74abdf6837659ba078d2e9e0886db02b01995070530;6511;Property;990384;2001-09-17
a2984e187286529f5ee6283b99b77d127d2ecfe45dfa6cb07a6d7fee5f97f9c7;3050;Property;997731;2003-11-10
11f47873e1d6a722b99a027f0779f71aebfe0c7d62b25069e2481b7f453a008e;7149;Automotive;920386;2012-08-21
d4b5d4f080b1913a3ab22002811beafc4c26fca9ab0e01e2bb462b4f0a7c9de1;2823;Property;52468;2003-04-14
359e5542dfc4ab9e541a4f6ef5b9f2e404e4129db71989e4cf347bf9e5e187aa;3683;Health;546851;2016-01-06
242a05e58a932fd33e64881d324318825460a77f30cfea5fe398ff36f7443c84;2;Health;975314;2005-07-01
88975f1f2c79153bb95d85c5662b6178c4da715391cef62a3839d973db5cc21d;4480;Property;803307;2012-04-20
a7913fb94b1b54c96cc6ed444995ad1b1ea1d3c1ce77a4063e34a8c1488e1bb9;7812;Life;890204;2008-08-16
269d5a031e240fdad2f5f570e852ff0f72b49a71b3b10470da6b26b75cc3f2a6;3406;Property;843665;2011-08-28
18d4775587c0f2fd84365a0984d1c374dcd1e463bf99f52c30ad978f261fd882;4246;Property;436725;2018-10-25
76086e8835a9cab54d4d0a031d76a75ce97d8209fcd08a2d374cc60d01670199;8555;Property;957576;2004-10-06
a59d7384f7a2dd69f99bea52596c1bc9b6f3734ca856ca18e6c0e157160aacae;5947;Health;590088;2000-08-11
2d4cf600b23d7c11cecd0b1d1fe62f2f931a5431ffe1af2630d6ce7185011264;8563;Property;880344;2020-12-08
c0a54bc820924fc494cd64fd802efbb2f3579f356c953666b15537a33d95f5d0;6965;Property;536193;2011-05-15
42738b1a114f0f5b0363704366485b8d3ee0b3e9738ddebd18835bfa01ab6178;5513;Health;430524;2009-08-17
c8645313c28771800aa97e1bb4366a4e2ced979f1351b8b28ed23eeb1c23a69f;9589;Health;916139;2012-08-25
b935b4331faad5332a36726586540d9ae3b359f9cb6af066253002392105a677;9034;Life;225729;2017-07-12
556d63697ade1985853efc6fed3f01de990a83a39abeb8caedffed1eb66cef76;8451;Automotive;241701;2009-11-24
1ef924b217bbbeb832cb89af87bc3561e1e260ca940e24fcc692a64e7897aebf;5574;Health;345745;2017-02-04
989ac4b22106bc2bd20e25f1c033eea9b7a25b23e4ab97b719308001a8bffa28;4048;Property;909808;2001-06-11
b3c43711ffdbe5ee6636d8f04d393767b2f0bc0cf41cf195ae4e0611576ead88;3403;Health;770472;2005-09-11
bc5c0f28f4e802eb1e992230502721e23a9a19cf53c4382f749d190c5a6790f9;9506;Health;235850;2002-03-04
abbc05abd60ff73a556f7a78e4312f4619bbe1ef1080f51dd64941459a1eb9f4;9529;Property;609585;2002-10-01
c60b14d895e01f9fe785444483a6be1488a3bef9ca5e0467037d5894ae133548;849;Automotive;874127;2005-09-21
e5815daf504673122c8cf82f94c0a2ccb0242232f7e9a99e347e92adf22267ac;4095;Property;734869;2007-12-03
bc0365e24be0e4ec7c1879e4ef73d5bd0814b63d2aa5ef6941a52f0dbe2c3bce;8304;Automotive;591477;2005-04-08
173f0e47da5ab6529bf4c558bda8056ea2eb8d637620a94666ee8ca70346af7a;1583;Health;797563;2021-03-25
07f4211283ee7147719b25bd41292a3c8fdef380873d200dbc31abf272888b6a;1673;Property;540195;2014-05-19
194e15147212491f4070582a463a1135345cfbf54d4ba416e9d054ab06f2193c;7620;Property;386953;2016-10-12
e0f4f70e32e1fb0149f98f9f4369d816514598039c54f188c517d623cd2d47b0;4308;Automotive;522179;2013-02-01
6d9cd1f6b0c72af01fd4179753d13c84a62009192e1578d9e6d0341c7d066937;8841;Life;117080;2009-07-15
06e3d0cb44a410a3afdd4958973158917055e012536d1bf80ca9e7c91c54c735;2317;Automotive;170902;2007-02-14
438b5cf28664700b7736b456b315675f90b2061d215d86d7d3be2613ec8f765f;7516;Automotive;39413;2020-07-12
b80334bfb336e16941fe76f05d9f99b684ff8363ff8d8d77611ddea8e974abc6;4150;Property;126857;2005-05-21
6eac2fdf07888b76738a0a61c3daa031c4ffaeebd48700f5719a05401f75a503;5365;Automotive;806859;2008-07-03
5fbdc6936b07d9547832bd1f82830eac7b42385435e22513df96db02fc402c09;7362;Automotive;573552;2008-03-02
869f059199b9edb5f219e487b5159e766b588fcd5f0e458b9cff9f02e5c170fa;33;Life;486053;2012-07-26
2f926915a9bc159a497a929fef43a0039605243dee9ac3e78c5df4d0e9a3a2c0;5041;Life;173689;2002-05-26
287d95e74cad9d1e477e74e86985e69440ea7a2c41e10fe966cffbd46f5c9521;5117;Property;679662;2014-09-10
09d81e440fd6cc6c687fa369784727caca940fdeb5d0e2e12747814e31978258;2599;Property;957187;2006-03-06
b492047d11b1c7814a151672cefe85d75df912e9368f0ff635b87a490ebba43c;3758;Health;22379;2013-01-28
007c049e3821a8bbeb235bee5631fef05f61899cdc9e9c83dcfb4e7e0b5eff7a;1916;Automotive;463378;2001-09-09
0895d2cb7fade9b74e040371b460e292cd3f8f887b24655a1a060aecf7ab50dc;115;Property;750757;2015-01-11
64506e274025a41a0b54684d9ce5258bdb7a536171350e75d7fcf4bf0752f52d;4437;Health;490696;2017-11-28
c842c0e9b6b8e584d5bdb8a53d70c8aac052764f3c95a98cd7233402e9acf83d;7397;Automotive;305434;2001-09-19
820953517aaacb83e4976fe56c0479465d9154b564e36b9016a118d591daed1e;8796;Property;497947;2015-04-08
d6c1c4dde7ead53e72370c4b0ec9658ea230bc230740a981859ab2a9d9374124;4410;Life;734896;2011-08-03
e7f2f31a44ecce7aa7cb9f3eab030eb705bb523dd0802509f892d9af8d9b43c3;5702;Automotive;221963;2007-09-07
660ed2d3f79f4f81823c83c584b3a95fe06d4ce5d41fb08e0a7783d2396d2c47;34;Health;434840;2023-12-08
f114c0c6fe5e7b8f68d2dd2b8af203e31267d7b82096fd9041fde30177c0283f;5642;Life;807847;2007-04-14
59984a067252ef86bc76e9a7dc4d030d595c7a9a2b6a0bf6ec27bde11f9ae980;241;Health;929704;2003-05-13
08614d6489c248a4c9b9aa07d53400e31605041e544aa0330b754681a7691d0d;1644;Health;597650;2023-12-21
0a0603ffe241e474f91580b3141300b66be281e3f234d8664dab04d0c212fae3;9288;Automotive;614668;2013-07-24
91cadcf973e5feed48d05cab210caef2926d9a5c68d7b5b328990a61ab6933da;3105;Automotive;74518;2000-10-23
9af48cd21e8be24c2e3f1ec5c2c647f7429fb7d9ae326143945ef9e758759606;3143;Life;602479;2021-12-18
47e768fb370513374e98cbd76d4568a5b5c9895515e268f126028321a8f33e90;3400;Health;966775;2009-09-20
1c72fc45559aa883e4964ded35f8631fd1a76968a78163d2c0558b94ae79ccae;7342;Life;996250;2015-06-03
84407deb1ba98d7f098d15f3fbaaa91267004ed51379c796a5cf0731846ac68d;7850;Automotive;133635;2021-07-04
a4b789b964f68707a5f3c383a3dfacfad3419bba088a2f0fb37cc6c18960c257;9227;Health;724697;2016-05-16
1bbe891afe0e9851664548bebb578bd1ae53e152f5f6ad1cde1f0855f7a3ea6e;8829;Automotive;166652;2014-08-24
8af5b6f0b599cdaa5078a63af8dafc2df3b5b92bdd023a21229701b33ad9523a;6310;Property;235725;2000-11-05
99edd16823dd344d2b2065f0eb8ca490edb6b8a7d49effd9557af267b501a5f3;2322;Property;397855;2021-01-27
e945ca18406c0afb1b4ca652f171bd02fbaac49cf7520298b1e9554c793a8d4b;9073;Property;567101;2010-05-13
5c1385219027ce3ef35586f7ec17e90b37119f66ce3e08251ed73075f7d9f8a3;4554;Property;990009;2011-05-04
ea546cad7ac1ad900c87f3fc8e11ff2af58667fa811d99fbab0e26c011b25218;4447;Automotive;421256;2003-09-18
7d1f25057800220c3135b6b68a4adbed327565c03e412d5bbbe807809d4458c7;1548;Automotive;560884;2007-05-27
66c02d94ca6e8d527809ea8f4c196e2dfe5076fce08c97a158d775cb1c9f5840;1002;Property;47681;2008-08-06
ded80156fd34be6fccc0f1dc25613283feabc363957cb721f17d50d4f47fdbcf;3712;Health;743731;2018-10-12
0c66b0074914e3e75626e172cd9a010823c4e0cdfa74739a640d5756af37279f;5095;Property;133839;2018-02-18
9dc04afb84c8decb49319cb4357a0f9802cbe34616c9f9d504205d539ef1deb8;3020;Automotive;624583;2005-06-07
88c3599fac4520b83a3cf9311bcdcbefdc8a0efc3fd1adad20c57e9233acf98f;550;Automotive;739447;2013-01-19
ebe98bbf9089dd75928a6f1ffba45dc0b53e700b0764209a045ef0643fed02a6;3375;Property;936975;2012-05-28
bf0918d6e24748f0037aa34c35d1d498c8e823c1a8e3386ce289053575acd5a0;3363;Property;914839;2014-02-19
e1a188fed7ca4adda8e9200c8e73db80258ce4e2bee16a25e4245562604d9fd7;4605;Automotive;897806;2000-09-27
49278edcbe918c9cfb68d68538fd0fbfd179dc0454d4a795fd2c9bbf2beab3fe;9356;Automotive;434224;2015-09-23
e793d6ac3dd1a316d61f4f9ede2cb656bdda8867caf6cf94b1d3c6e7f42157ad;1998;Property;311605;2001-09-12
15c209a70b202dad5d1f2d2795b8b5c37f860ec4fa8142e5bf7f90acc5ae7c4c;6067;Life;119367;2014-05-18
a3580a887c716ab994e0a3e313d3cb2d89b8a988ee56d465662dda172f368813;7359;Property;468852;2018-11-26
53cabc441bbf1fd044a44b40cff9ca997b972ed5dc72b28f8d5123e072ee8229;7967;Automotive;304128;2001-07-08
14e166acc00790c6fc643fe17f57166ce675ea2373180bbd197694b41e66181e;615;Automotive;962385;2003-09-26
c62407735014ee9f12926466c5c0b7f97da056528c4b6849a87d96bb8dee9a9a;8369;Property;841131;2019-09-15
1bec2d89db44cde4a8cb9bc07dc2d8b542eae0959ac60effedd355d930b5a3ee;2016;Property;336663;2017-09-27
c886bca1711ddf478dd4dc3ab0674ae0d7447d51538c572968156113ce133c80;1721;Property;962781;2011-08-05
942bb1518bbb675b0c5f1d7d480cebc50658d40bb3cd311635d194edbb2d13a7;3870;Life;291354;2009-02-26
87d2325efde085cf2cc11d510ce098f4be209158a3c12c19f52ff4d0cce396d2;8815;Automotive;785414;2011-07-23
1e530ca1f54820a70dc391fc08ffc9a1002251667ebc1eef1da7ec68c7fc8d26;7756;Health;80842;2012-08-18
0646a7c883273144f87e385a99431bdff3b2005254f5484f4aed8456918b1bd5;7282;Life;832272;2006-04-13
9a49ff7fe43446b1e8556708fba3a234b5f327589951ec38b0c5cc8d87088fa1;6129;Property;892608;2013-01-09
75e94c0381ce3515e425595a4b9ba6fabd516c3d6fce2f5fd0d2bbc2bd8dce1d;7974;Automotive;670543;2020-09-05
4002cfddf057856090388ddf3a6bf37586e840704011c955d44e606ce3246941;4997;Life;853081;2021-08-02
6e3d7660209d56ba2fc3b7103a2ede52d0db23d6bbc8784f13a3b97463722f7c;8549;Life;884508;2016-05-24
a72ff5145bbe298e41328b00e639931e82573b5854c55465f979a029ffd52e7d;574;Property;352589;2000-09-25
378b3b7d6b6197357a19acb66831de9362d2fbd4dc735210ade2659e87ea09fc;5872;Property;726422;2012-10-03
f75be29a45f77d8c9c6fb782247df78d8ccc4735a76b657c38c6b9ac2e035765;4489;Automotive;173354;2023-07-20
0f920b6a46bd13a7a6773bacd723dba04be0ef175b2da165b137afcb2bf4abec;9752;Health;995698;2004-05-22
190898350224e575f0ed680c690277c33d1021b2276b9857682dc4d95c0032f1;1295;Life;744748;2011-12-07
6b3f41d8ad444d4dc03378a2d28b1858f976504160812ecd3821a518a9464e7c;5986;Property;529279;2018-04-14
5f763e039a696fed16af575d3c26bec51fef98372a533e9548563c396ee7af96;3434;Automotive;22214;2014-02-08
9dec42cab734532287481b75aeec048d17bb65c06e4b55de4a5834a25bd8ffce;2282;Property;331901;2018-09-23
5c9b18124962a79b69de4e0c2f988cd62583bee5a224d54f57ec56e4c66b1179;8277;Life;33920;2022-10-18
20415429f03f25e765d0ba7e9e2bfd6ff15f8b93b5b64d789913eb61e00a32b4;2103;Life;328347;2020-03-20
0ea14a1f2d7fbcfcee59ccdd3873dc375aff50eb50344900a630476058da6727;6277;Life;60768;2023-04-14
c99476e06557a1b3a5e4ad6a4de319d2a21af5a2053b02ffbf89563e5b5f35a0;7389;Automotive;938059;2006-07-07
feec4f44adfaed746efdb496a793ab4b2f98b0d45fcb546201f871fb6735fb63;6324;Health;608063;2002-11-27
4d90020cc5d6e3a4a51eba7169222f60012ec035b3ec431ac26b684604a82caf;1045;Property;63497;2018-04-07
ffc90379dbb6c0607533ebc3b18e2c39e4e312e210012c7b5f03b04ee36f774b;356;Property;255084;2013-01-18
bbf3400566ca6a7d94ddd2ce501962efcf15661103c196c8390f3fc4a2b57891;5566;Automotive;938322;2001-12-08
2ce6f2683eed6f68cf39510e6674b6d6ebe2728eb9739733a22881b74c8e80d6;3242;Health;5953;2005-06-05
17848dbb5c259582dbceb9031aceb40cc56e8da63aa6dc5199f4e4ed33e249ff;7677;Health;262671;2016-02-17
cf82d9de50673a68948a5f7acf1838f6acca9020765971271013d0105be9760e;5538;Property;690759;2005-08-26
93a032096835bf8ad83d4c864d9406b1e212894ef352b04ee6e56ca0b03a9324;6254;Life;58341;2019-12-21
4743a4f12fa71ff3c9e489a95d54d20a6124a566fcb15f47a813a58b18b39e36;9156;Health;51042;2013-02-17
e661600cb0e6c95bcd037a1fca97838bbec6c882c03d56e618a21e69263c9262;2713;Automotive;123188;2014-09-28
c597ebf446c0af97ea1dbb8fc08ada13ae95c6107ec6ad0a079ceb47abb3da8a;427;Health;732261;2015-11-05
d23ba34d86bca0c5b73358f879551b171f92781a5bee79e1d7b79c48d85f6a5e;7109;Life;898815;2018-07-18
d377b1bed2c2ce1eaeabcee4e4fe573da7a72b8920f2d6bae5cc04c843540075;1296;Health;179881;2001-03-20
c48be315f5ba9a458e5454056ca212512b9ed8e3064b35b208cbd2630709711d;6267;Property;992507;2022-01-09
05b80b1b1754b6d36593bb361eddc40647b47a367912a3fd41c76ea93b305eca;1640;Life;572818;2011-12-20
94cd6cd6f4e2cb29af7dc33fe62a948381e2d36f24dfe6dc64be8a58f97f35b0;7679;Property;643569;2006-06-14
271d0409eeb443a5e128d27b4fa701d8f5228cbb30fa9f99465cc64fab8d9800;2434;Life;64237;2019-02-07
b7b2123beeb54a6372689a5976f58cebf3c85f62915c9fd19e0d6088368fb308;5277;Life;390015;2017-04-17
71d5333834f9fa3f139504c0214c2d2e71a243868b3d17f2093464944a1f6761;4873;Life;985831;2002-06-21
dd82ee5c0e2efaa69af5b14b3d5f4544b74d31f386bccd50328b16e356866da3;1146;Life;348897;2016-08-04
b4c8ffaf356683eabad7de6410aa41813f1fcddc08b53dc5c2a6ce36bcb3580d;8114;Health;33445;2021-08-22
c28908a57b39aee95150649d63d0c1dd55c93770f58a03c37696556627d421a9;3835;Automotive;155306;2002-04-06
a06a2b49a527e35ae6c6e2404cf69ba3eeb827bf76d8b0a97d8a442c62877da0;8738;Automotive;898094;2012-07-10
0736add116bd0dbffef1e3538e4e9442f26e774bbbf1a160ab89e2817efac40f;7026;Health;48899;2005-07-04
ea4507d3ed2f22df1f6f792b8da1dad3bc39ffa8749b7c2ae55766a1220bde7e;947;Property;731226;2023-12-16
375c21487f38ddb411613b395ede5378de3a544e370d9115940651ddfaa5b178;9222;Property;818571;2011-10-11
9d3ccd8412bc6942b501192731625db451ca400878af7520d334f5a5c4cf85b8;5146;Life;48135;2002-10-15
77cb7fcd847d53ffc0e44dfd8661e21c9644d8dd7f397bcc4258a0af6d0f0036;8276;Life;477631;2002-09-13
0f6059417ae025c3041b49ae4510062b962954dac56bbefded5464b3246b0ec6;3993;Automotive;268257;2008-07-22
0c8ebdb1968e11fe51996c058257a39349f066fba0f607dc84c03a403c63ab0a;7590;Health;731180;2018-02-14
42c2a2341f082d3278ab69a92a5c668cba3da275eec9db5a6422675c325e0e24;5803;Automotive;936447;2018-09-24
fc27e52c8277fffb83806db7cf0c6f23a944b0fd5270aa034bf89929f591eba9;4456;Property;188925;2000-05-12
c1783a0f66fb970be4f4229d623dc2f46450927e225d770664b38741fd7100b6;544;Life;22922;2016-09-02
8db2e6349b1e2d1811335ea519c58fa3f9220674507f53b1b63fa00255501051;2784;Life;15398;2004-05-04
ffc5a4fac5beca6e8c50531f7878befe76f766c7be90ff65e77878a1ebaf05e4;3066;Life;878762;2004-07-17
78bc354df054dfc132ddd729903690b0dbe59dfe56d91f649ae1766d3dbbb6ca;9669;Property;489857;2008-02-28
d135a1fda1cc95556c20a4fbcba2f3e0c593456761ac5a5e078ec93420447db2;7154;Property;617628;2022-11-18
c8e24d1fcaada9637bd93dcb8c6a996a1a8612ca772b17ce6b20e85c833b5164;11;Health;456387;2006-10-16
75f3f7738c853f381fc0eafb478752d1ae16f99280b9fde16f60b7711327ef7f;1073;Automotive;684770;2000-09-22
e7e9c924f42bfda94cf4a7ced10bf6b96d3c654ad6ec01a6548a64a83ebde014;3346;Health;379386;2013-07-22
c6788be946a2c4a5a5a60c279b9b48925edc5124e75129e0362f4e51d6e44fcd;1995;Property;619601;2017-09-18
58e59f195957e06c645535a690a77cc526b33cc682c32920f137d3d20a57e013;7922;Automotive;35632;2010-05-06
2b6322fae01de039b45120c6ccb32a8de849045e44fdf08cfc58dd5769b02fa8;3327;Property;625105;2009-04-01
c562a81aa908725407496ed31a2045be34f43f2d805386d3f1747aa50c90a125;5016;Automotive;369993;2016-05-21
25d4add9cf0124026a68c2282aa3deb58d5affc397a0c35442689d1ab37f3074;2899;Automotive;698199;2023-11-15
e321bc8e14b401b7fdf66376e5403ea5b7de4835541753c64759b4e867cd39ee;1642;Automotive;474603;2000-05-18
3d7e2f891c5f736675310d8d78c3d97d88fe46c0695269f67cfd8963d09c6330;3404;Property;773086;2016-06-17
53bda1a535bdfb2abd4db22e6fa840be6da8e51cd7b00a10f554b19c51e955bb;8589;Life;838862;2010-03-13
d18ba5e9c9e4aa023bfc596b29e770d84219c8c6937dd41e77696b74edf37d64;2317;Property;476655;2010-09-07
5abb5681da86e577298a67d3118eb3b17ee126e1572250d0b0f8517020427fcc;2453;Property;591305;2011-12-05
6536ffba3746a4b1bcd115be14e53a8d91fece8dbed5f2c66ece42566abcc819;9040;Property;980727;2012-03-11
1a9ffb785271219f2ec6d806f1e8a2afc19e8c088f4109ee5c672aebebddd1ca;8917;Automotive;825252;2011-04-21
795b7fab0fa62fe4a7bd9ead21407ef7c42fd51193eac113711352738711f57e;8983;Health;1729;2004-01-09
4f11d9d55cfbbb4a46bd0dbf6635bcecfd75cf22f4634b9d8ed97ddaca444ae1;1573;Automotive;578174;2001-05-24
a3af3b8e50957fc777ed2063d59fa873b319a4803af7535d4f5fab48a45e3e67;6068;Automotive;449961;2001-02-10
513b2e4562b6e34d4ac27dc96805518fd6fabf901323f8a44a7dbb028a85636d;3806;Health;434653;2002-05-20
ecb29b80fa450f82f307eb969b7c7acf184939016233e6cce1a01e5a1cd980e4;5093;Property;139061;2011-02-02
c1c798ab74370542902481cb94e1b88ef52c9aa702ae3fed5523dc3894ff6151;4981;Health;653519;2023-03-15
a7fa251224a426f1fd238741a3a4c9cdcab01460e160cfa720096c1e60f0485a;8804;Health;38180;2009-01-03
50a7ec4a44c52c12d2a0eb880f90a0bb1c0b41c5e2fe30ed46aaeaa4b355fe9a;4543;Automotive;985766;2019-08-06
5454e125d0e6e6b7bd445b4bc1f55449d4d831a4f6ed985d08680aa2a36cd9ab;2894;Health;921195;2017-02-26
6d95d0693e95e227467649c496470ad81cc1123ae1895042b60ed71207adf88b;1775;Health;352248;2018-09-13
880dbb2ac02fca7b3fb36dfbaf0f8208f0ac04e176edaa02e5f9aa0af93eca13;2956;Health;10989;2018-02-26
d3b02ee96a84b676ae84e90ee94e93ce14c218cd3865d961a2bb895b2fe3dc75;674;Automotive;248888;2019-11-28
9a882023653d3256761900fd30a92008e6e8416da4b3e633616ec3104146ca85;8594;Life;475587;2001-10-16
cc4b4dc5bc7df536949e3f3dd65c116c8cf53dbcfadbd19bb0647e3bb0877a30;6223;Life;462237;2000-10-14
1dcac8e99cd001c900a7825f0a0ac878f33cf1268efd424a9f956bb4d8b0c8aa;3731;Property;880912;2022-01-15
c2343c31f8de1ce779bb63004154636cf84487a2bceb50f963e505bd86efcfd7;3840;Property;866720;2005-01-16
2e78dd6a24fb9ab6bb39d5860255b916d2a24b9fab7f2d5049992600553cff31;8426;Automotive;117967;2002-12-17
7caa78d93a9ca6adc21ef85470dcbe60a1e40d325da56a54302c949f659c7ac6;8714;Health;702028;2023-10-25
5751ea014e77f64fc44694c7292d6e40ae4b6c3978c41ee7281c5ac211197471;1771;Property;973447;2014-12-04
cd0f7c8ed8f65936be04b713f78f1c01c9a4a810fcb6ca9b93257f1a0b31b2a4;916;Property;52122;2018-06-23
469598fbd0d02472b47cc4a015519e8e4d99f00b0fa73d5c54a7b0c81f57f88b;1006;Life;123397;2009-06-15
395fa37d4e5c34226258ade778f0f1e17bc6b86e832e8ca1bfb80f1582afb340;7959;Automotive;113443;2006-03-03
0cab48e0f3a2a4ac2d991f2537ff21a6fa070b424016db1c7dd457203652821f;7877;Automotive;797627;2019-07-18
8c67582a535bafd83a53e685dfef5c32d3a1936a04074ecba616c2e39bfa79b5;5158;Health;91319;2003-11-27
74a43ec03e96ba24fe26fcbbcda822f69347d039952058fe1797cb796031883e;2871;Health;671411;2008-02-22
820fb9ceb09a556a97888f4091ba69adcfa5273ed6cea7ce1fe67393e804b7d3;4533;Health;675468;2002-05-26
0c56510c769b9acc398f220ab7b3eaeb362de47fad7052c192c696192c58392a;5399;Life;869408;2014-06-23
31be69cbd4a2b9f0214dc838a9364d9bb8bbcf3d5c53e457bf867fe984946087;3745;Property;465962;2019-12-14
8a233bb45798b7fb5e9eab8922ca904ef360384fc29d02c522e74e7462477fd8;9495;Automotive;414411;2011-05-02
727b703670eee0b278b59b5b4bf587bc80f2d5ebfee36da4e9b296629770a01c;2088;Automotive;418602;2006-08-26
821c29d7649258c09a1f93622824f46023ad1f3e1cb735697cde6b390a7b3546;3188;Property;367377;2005-05-27
f4838ac0ee722d95a80649591affd7df0f87c9421f948a221c2e9a5fea89eb66;619;Property;902201;2015-06-01
b9f1264e1759c157916b064c7147c71a4928665c5c9e9a4e2320746f5fabc620;9432;Property;442447;2023-12-15
6a53e562c5f3154381a13dcdfad310b95ac85aaeafde343e99bf9943979d4051;6692;Life;496571;2023-05-17
4c7dd65336a9880f4579edefd3c443830a53295857c0868523a6e42872979f2f;2718;Automotive;649306;2003-11-07
3f6d67dd5080617432a99b2f24ef89bf8c7ef854c7683252ce34156b2e558287;1197;Life;908116;2002-09-02
95192c56c220b313c8024f02abcb24773253624a69099762e10d3cea12d7bd5f;2710;Automotive;830972;2006-07-25
9f86d3aa3927ca18978ad2d5179f63cedf4a26cccd44f09d15c9540ee85173da;7581;Property;208445;2000-06-07
307c6f9e888dcfaca2fb770778e4e89b73582a6105519836d04588a9afc5fcfe;6713;Health;733361;2011-07-25
6b0ab8c09120cd8bb1065922b74bce2439d7bb3ba11cf3f8588555eb3a1c71c7;8255;Life;454402;2001-03-14
c45b5bdf6d66636f15d7a3594205e74692eedd05aa80c526be70e820d59d46a7;6726;Life;99076;2016-01-11
cea609092642bb89fc8b659bef325c12522f01a1b87582654172417f239bf75e;593;Life;985648;2002-06-11
2668021d4fa472c8d6eba816ddf79680aa479447ee9ad47c73c12c3d8e91f784;2765;Automotive;69605;2020-03-22
e4a0cc1433dea4780d7dac3bddd716d29f0d93d66c88be261d44c5d88bc14bf1;7936;Automotive;20217;2020-02-14
044344845aef87d479fcb333817e74e1bd4f8995044088fafd7d3db865e5a30a;5929;Life;364337;2015-07-11
de2a941872b6729f2c825fbecead936f1244b276e79474438250c0e483eeedb8;1339;Automotive;268196;2012-11-25
b0e80ea6a1d400b1bd41d76b76189c0df94c32d29ea22d844ac2c0159971ff24;2414;Life;325702;2020-11-18
978ee536d5c5ca3e8b1dee0bcbd4495af38924839ce5375e6de8a11625e23dd8;4343;Property;255715;2004-08-18
eb2894049756087b52cf9446f3152017ae63ca766a624aeaeca57678d5990b6b;7551;Life;193006;2023-09-15
c811e48a712f03530b01a7f7d1eb96883648e719fe89bb3da599a09d48d3e6e0;783;Life;609095;2008-10-24
afef5c240535cd137c479f04eb7741b99d9ad13c60648b02a7e8327ce545a57b;1726;Health;664658;2021-08-11
71610c2756ea7bb5a9bbb0edfc689922919856ba238b37bcddbaf338a6df3802;4353;Property;110744;2020-04-18
5999e5b859099eeffa9e808615c1786cabd265d8e772cdd3f5311899dd7ae7ba;5284;Life;292543;2019-11-12
d53ae5066a24d0ec97352127165ddcf555d1cb50064b79974e8f7269daf031bb;8568;Health;690815;2015-09-12
9992b7eb7da094891d4e23f50b6a2704e6f9971081b0af9072bbde1ea79ace25;3638;Health;881908;2001-06-04
c10cb66b95bb4de813c1e068d565812c363378005b324c66f53860d80b437c38;7213;Life;657745;2005-07-18
a84546478c8341d2c237917a9f9ef504f81741cc862e9a27dc0a04c2730dca58;503;Life;759146;2012-05-08
15fd978bea504bf4adc6b86cc64442c5514b1cef884450a5ead0cae7be72cd2d;4724;Health;716553;2020-11-22
a65d4ae8138b3613a490615d92aee0e080015854c421def1b2a3fb4f68b1ef84;4155;Property;973691;2005-02-27
ac7cc00841d32dbdf33b82d9c257660ea53c2b88202965734b62b82c320f8977;809;Automotive;591717;2023-09-27
732c37cd0327627261fc8c0cd9f5c08b44ad905fab9087abf6ff7fd911eed9e5;9159;Life;739521;2008-12-07
46c9706f52aa84c6f0e61a3e48bea0d963a62706f771f567cabcd0b03ff085cf;3251;Property;526425;2007-06-05
395f8330be62acd6e3f0ebc66bb5373d17da37273238499e630f3e78223b221f;5326;Property;142034;2015-04-18
d46f9beb9878174c9a92ab0cab8702041312c3ce2560e98b06eae9aac1d9ed10;4357;Life;316974;2013-05-14
0cb603c1578b1d816d4b1b711c5249afe45d117dc0898f9cebe335d297f1b1f5;4108;Health;695863;2014-11-13
22c27d209bd07604d29f0d5f215fb4255299d9421a8ac61159231336fd16ae90;1100;Property;141829;2011-05-08
940b69484d6790a8cd3d1a533fc06287f3dbfee790439b57ae798e8b36d30042;4506;Life;908586;2007-04-17
f1f2e5f9770211e5966a0745dd8e9ea3d1682d1362f85cfbf1b8d5460e9f974f;5527;Automotive;124980;2008-11-03
64f209c311e7845ec68e7504343392c64935ce0c36958bd6a62e4829f98ea7fa;9862;Property;111384;2000-03-25
4660e8299322210cd3af766ffd2c06c4b615551bfda9a433f4df277c514581ed;1157;Automotive;777993;2020-06-02
91be0350f3ffee277e36216e6b19ae52a2785c4f7d35c46ebb1a5ffec635838f;7616;Automotive;925455;2016-06-19
6836994f9e16b4ee1156ea83d75b8365c10a2d16bc778355d029e58a273fa2dc;5725;Property;323820;2008-07-13
afe0490d43ce36ad977be7dfeeddef20d01e784509dc8a87483b66b56cdbb023;8409;Property;919394;2016-02-16
010d2bd1ca4bd6070801f87e320d7233aa03f9f1889d35579a6b13c300e05400;7081;Health;600457;2012-11-26
92e53a1a12f1f959022b6184391178737750b781d049c8dc226cbf48ad1d26e4;1778;Property;965397;2002-04-18
e303f06db04629914328b529a79cfa0c909e62c02371fb1255d9edd56815f796;3355;Health;319694;2008-09-05
a50fb4c2a843f26f8708b6908c7f452821e8e4d762b59ed3cb4f859be42e7675;9707;Automotive;499196;2001-10-25
bd0aece81998fdc035464e8c773b398a8e0c15b0d216ee68e16045a1cff96f58;357;Health;895248;2003-05-13
503827c3b3259098dcebd83768c78ebcb63e4707e7c5caabd9cea18ef8a2e3ef;2430;Property;732233;2003-03-18
23a162e66f033601f4ef1fc38de87f25a0007f249e1b83194af691cab4e874e4;7459;Property;266052;2010-11-20
3e21e25899dbc5ec701ac30418e0fd0cc656bd4286d1b6ecc56e009af5924164;5891;Life;141001;2015-07-13
f07c83113262f3c53d11d1dd24f9c680a35a08d2d0af4158918e6603b41dba49;9613;Health;718783;2006-08-06
600dc920f79f5f46f17da2312e64b440ecdf6e72c8bd4cdb088ec1f2d78a0817;1428;Health;405084;2017-01-16
3cfde2ce825ab662e34b451869b24d54b886e24ae6cd3cd7ec037614c82fcb6d;6404;Health;703002;2006-05-07
3bb066cf37ab9c23829fea85bbe425b3ccc5ce7c3fd49b56862656838288c2dc;5991;Health;240204;2001-10-01
41af17a10b8ec3ef76d0e45b83af3a90ea5093d28f3d9cba847436c8cb5faa59;8416;Health;182288;2001-10-27
17b755fefa425adb6252ee875f4266a3b59644c19c78c99d4a1e64fc412aa724;8859;Automotive;399847;2006-11-04
b8630558e575dad2c61f18cd386ab70476192932d6e5b835451221e1deb78889;3022;Health;754150;2021-05-28
ce10c22dbaa0a86d40f9e7c50770cb1cc958afeb11734fd344026b9aeeede989;8112;Life;768554;2014-07-22
d6bd39008b8daf0138f80d6b02b8a89705f46d57fc327ec6cde601c7f330ea18;9711;Automotive;18318;2011-12-08
fa3d7714b25fc4659223afcc3fbb31c965fad291594a34d6ccd56cdbabb81387;6928;Property;620108;2019-07-22
55aec50518bf73d4b7ce48309f7d75bb12c6126c4b4b9ba8ff7648c5eb41c646;2237;Property;569361;2007-10-13
cf2fd490899ab6acb2bf45050aafeaa03ab8ded9085e8cfb9c2d64e80cb6c502;1314;Life;75872;2013-02-07
7024d32e476b4905e4e6b365560d839a46e437f0af9da44d28716d0805e82cd3;295;Property;620512;2019-02-11
6b96b542a4bdede4c0224a754098d8e2ee5c88a8fcaeef7575bab7fd768a69b4;2338;Automotive;52315;2010-02-05
7ba37f1967b70220d9795b308a01b80d5bea970ac3a6525781d9b21281c54504;6331;Automotive;187901;2022-05-03
1b511d305b3452d03961b4d5ed8bd632cb6644f59257770382a1ad4a2780bae1;605;Automotive;133630;2003-11-28
a017cbfbf198817d535ddd7f229ce695a35a1b1a868526a14f1bc4ed02d4c880;721;Automotive;858602;2002-12-05
edf89be0afd0bef4695256b62c06a4545cbe0ad398158c72f20c3d45d925f5d0;8753;Health;308295;2010-03-26
73446305ba7a6049e2347e6aa39a7429c587958aa4800569afeb047a0acbfb21;593;Automotive;241295;2012-02-15
f68c69cc7b944fb4249f7ef248acdd4969d7246c7e020254e7ec7edfd736cab8;9489;Health;228646;2014-08-03
f0e3cbf7e7acd069c63eba54ad449418acef9a2e0627331e93c82674e84c27c4;7988;Property;892285;2018-05-22
1e235d1c35a25d5a987ebcc730f351b5698467ee98615678fbb99e4955d5af25;3038;Life;485229;2008-08-22
4e36e92cb63fbc0b2f20595be381fa79419d83d4d96a708ec858ec7d15a6c8ad;5289;Property;309248;2014-04-09
f08a738bde397e1731456ef5c73653275fe86639f4456c7e0b04562532a2b243;9627;Automotive;814318;2009-06-16
6e31b0a7eb00a30dcf6e5fc45851b8ee1cdc3cabe0a4a8ef9a2f36ee34c9f8b9;8609;Automotive;769504;2005-07-07
7cec1cc77b58c2a81e016506b0161dfffdef8578a4977bedb72cfa320701195b;4323;Property;167263;2002-06-15
3fd6c9e1505bf048e53f485e88b70918272796e40050f76c0ca576c3a7e94a32;2035;Property;896639;2018-04-08
15a02700501b6bb160ef8f4fb8b51bdf8e68bcd953ce1fe0a894b4b9d40b8f6b;9872;Health;610361;2010-09-03
c8cc699fce7df1b3186db13e9052eb0df4e44fc4bf38ceec69112f665d8b34fa;8002;Health;529107;2013-07-07
f2a8fc020b318c1b95401c24fd06b085d1001a552208949359190623f7e44e5d;7643;Life;344397;2017-01-24
3b9761113e951197f6a006790e67ababbc83f76d7816054f056fe9c8ac4a3f72;9434;Life;686549;2014-04-26
b0e394968948b0d65b04ef14bf1591bb6814caf482e8f3ab607a61b01b286510;1523;Automotive;589111;2000-03-20
4e01892f0bc1d843aade66ccf60ce18b3a81d2d11ff8b5a26b9377034449d229;401;Life;564234;2002-08-15
836fed81b5667bbffd6fd5e3708260b98e5941f98af367859eb2c76bd01b17d0;8242;Property;215172;2014-11-22
669af84f603f309d8b08ca461e5a3f8efc9e8e7f978603f1dca6e2d8b7af8891;2591;Health;553774;2000-11-01
8f0e771f6255f729ee99f7147fcd12377df1a8370ea900e191c11a5edb931faf;9350;Automotive;167189;2005-04-25
36c7470f1437f896da9751dbcc66dc1129b0b69ee243f3eeaef913e06c458f6a;2477;Property;983687;2012-08-28
371c65fb16919af2921a70cd2f50abf2aacae051f712f3981b8e43c6768b30af;6812;Life;576428;2007-08-23
7f1d59df1ab8ae49982eedfbe892a74e54d89b67caf694317dca8178cec4dfe6;5862;Automotive;728893;2023-02-19
fa47881be1b16b8e93e3b82f24be1e8f64bbc1f1ef1c14f65caa042e4c53136c;9452;Property;722773;2017-09-23
ac47bdcd7c62cc109fb1be4697f6beced538f433f7689b4d30daf30872c8bfaa;6569;Life;919048;2013-11-03
d64377a840e3aa4810839d0a1fe643baa43ece33f7d34cb825b27784905d326b;1148;Property;785497;2008-05-17
ad39091d49c0f725e8fd84ba8e4919bb9e07d18ac8918c842c7ddf35921c1cef;3841;Automotive;555018;2005-10-13
88a841f99f05db36ea240f705afc286b37c3d26896bcf4ef4b07e303d25d0f5d;5262;Property;832978;2021-01-06
f68a942e2e72ff69bafe32f153983b1ad87b8165beedbced141f57ac18bdfc15;9713;Property;386418;2000-12-26
8e59c8436b422f1535d6ae2d8ac354377270ad42e9241aa292a3eda8ce12486d;4571;Automotive;504429;2009-03-26
14d4d7b710d039878569ae23d0583623046e890e1be7da11e839bd7c3f891bb6;5101;Life;565707;2015-12-15
a1744855ccf6b621e302e6a11004a56916e18c123977d24bf22c3bd6f573397e;1019;Automotive;714346;2006-07-28
850fcb4bb95529ae5a3dde685c727f4124ad44eeb123ddc5d847aee3f7a5e287;8145;Health;61166;2007-09-04
d3dfa8599cf16945fec4d7cd9c250a289b4ff04f322178a51c40f9521a28515b;3747;Property;580185;2001-04-25
d1822c176ffeb3df555108f7aaa250607ebbf1bf3344f4c9efd637f16874ca3e;4028;Health;529131;2015-05-16
af2b4c03820e4590af942c694a14e1d1da2fea7c6e331604020ce10415776be5;3007;Health;751675;2002-01-27
76a27e58d992b386782b59696e9a502466a7570ebe294a882ac92499c5f57f49;9361;Life;355763;2005-12-24
38988a8e986150c8c01baf2b2628598a23250e85c502dbada7870cb15b56d48b;7386;Property;925642;2017-03-12
2d7b47b6281165c83d22da37d6798021d824f349bdfa9b434d4ad0b79ade03c5;5787;Automotive;434101;2017-09-28
5ae806ffb8e56b38eaba25566b76c56166e34f4dc19fb54c6b0a36ac3597b3b8;8739;Health;40120;2002-11-18
d2c0b0ff847a5357cdcd2445760d2f979366e882b5139a953df2a15db74f9778;4864;Health;918312;2008-05-16
2d4f36b52a721e14095ce2fbda5fcfc382db5fc6f1726834ef7bccdde7361841;9835;Health;994430;2022-12-13
9984a2537750c72f7e3e88a4f0923f60c63b361954195c2fbbe4c76ab42aa11e;3426;Health;573224;2003-10-18
f8dc34be0b88d9f912ea9b8e97b616f75574728e0775b0b98d29ba0e1d197276;8829;Automotive;219389;2022-06-17
557b9b2534edc0bf02d3606935cf86fcbcf3118f5ed409c317070c3c5a5fe872;2851;Health;576365;2001-05-12
79b06876d997d0b7e437b403191d87761e5e1eb584aff9452ae6a2c5804921ec;6223;Health;223946;2014-07-18
b4c285daeb48f34ae5df20432e2841145b19e8d9c36286aba9a8b74c51cb7c4b;934;Automotive;85054;2000-07-20
a5283a3da170bacb04ac247feff927940db2f77636ee9da40bf0ab32f61f9b9a;2382;Automotive;73908;2019-11-09
de305633c63ded64c6dac5e95e553701e670e06d29bf0f5dc9db9b8fca0487b8;6434;Automotive;477780;2021-01-22
e120adfe73d0a2bfdc8dedc4c390a760a40d4c18b2e2084d75054c958cd4a459;9843;Property;328480;2002-02-13
06ebbfa620fd6334c82fc7b42eeeb5a89c2cf7fe1216a19edec36c6b863cfd55;6538;Automotive;49939;2017-11-20
fb36b68009bd5d51f82f330f3d3addffc90c633419191f0ff0f8012d09e52db1;4506;Health;475128;2022-06-07
3b4d22c3417384e871103eae8c9a32bfe5654ab3996f2319395a8568d8fdb18a;5902;Life;970567;2001-05-11
7a3afe667ab34da6593a67c350556beb2c1cbc81fab93227d5deefb1e50e12f4;5915;Health;248267;2012-10-17
80c10284c7775f151996c2e12efe3cd7e47721dfbf6c623fd8432af61ee9119f;605;Health;503807;2006-12-04
0b426f317078edab88316ad5aab585546dc6c4f8beee6f0f21bc8346bc6c2c6f;4154;Property;867529;2004-08-28
6f0c34b9ac06bbfc27b6c8dc55adc7d684924c03d0c55f29c584b261ca60668a;7194;Property;732179;2019-02-24
87ec6aba758a46bc0239be91bb25896b443ea984a6d37427607646e43273eac1;6810;Health;62928;2010-10-28
f583056e46c82cb43b5490dbd91ae49f5828b73b225b6610f79ccd4f38684b9b;1328;Health;220475;2015-10-23
91167b844c213b830c797d390b21611bc043aaf62dc8e8a6407bbf15acc7a823;2898;Life;650958;2023-08-17
b8aded5ad689ff25fad41f43ec60755db5c4b77ecf91f695b8f3cc48cc3442f3;6875;Life;700904;2015-08-04
c5aad3cad82018964f902f24a5f072df8c79bac8f370049c2600a9f137981a72;8910;Automotive;534323;2014-06-27
7820a77823778efe375c04243a7a3c060c5cca50028724302535298b5d1d4764;102;Property;247652;2004-03-09
61f39ce1deb8da5526c8592c826b3aeaa2655dc4f4b8f12956d0e55779f46e6f;5563;Life;205735;2006-10-27
b835f5315e3576149f53397ac10a9988ad799b5595fb055134c3eb86dc6e2cb1;7686;Life;879816;2000-12-11
5d61feb151784e8ed68f46fb80f0e1879090e32e123c807971eb063fe517bfb7;6712;Automotive;738697;2013-08-10
c4f1c3090e7965563679df305af3dae7f26ae9c56fabd1b81ba3a36f0ed054aa;1791;Life;172282;2023-06-22
abed327bd36cad359b2c5e32cfc823b07282c40e07ed173fd4fa80ac28366ad0;9341;Automotive;943519;2008-03-02
d61ca68401aac615fb1a16239c7fe7b785a8e7ed0ed3651b0d53b8862c8147d4;8432;Life;942013;2016-08-19
8a292de7f3514c5c75ba3f64b89cfbb09d96993320c070e6eee5e4a653cefed3;7162;Health;196887;2014-12-14
7e3e1d8f7fc0f1804499b16b115e6179c38ba53b6c2de7eefeafeb297e971d0e;5085;Property;637387;2005-04-26
4a2bab0c35df2d8d4a6b9f5544b25894bde51ef5a056d8081c4bcfda0b5868b9;4092;Property;53779;2015-11-22
a052941092a097519746e1d95dea5627e78fd108afa6f0cd0fc74b81466d0a15;3570;Automotive;892613;2005-06-19
38095d7ed953e51ba4bb339484a3b40153b854039567c8d882fa5a1a6a1f7807;6781;Life;252588;2010-03-15
cdadd20d09eaaf20085581511b890c67a17a039e92a7b075f14167b4e5d909f4;9230;Life;251041;2007-07-11
bd06790ee0e6610baa0cf61683fe0f062ceda65ffc99fe25da1e3c9ac5a81574;9548;Health;665945;2021-05-03
1c22512272945a2914b661e3971baad202ad854f773b36c955936a63ebb0d813;7598;Automotive;172062;2001-07-11
0c3c414576b5f20bc2dc9a17fe5a89893e3626b7a4cce94cc016bcf5436e2641;632;Automotive;71955;2011-12-03
549743a10fa20882809c92a4fe271621093bc8ca35d75b7e36eeb9b7dd4ec423;2501;Life;282424;2019-08-26
2874ffe8ca4b04b59af7c18caa1fde452442ed818d50f0f4184d70af5d6ed6e0;426;Property;256862;2023-10-09
86464bcbfb7dcf03f0347271a3ba2384cfcdb678f9802c87e752c23a22149c97;7533;Life;349787;2014-05-28
85ea775bb9eedbbf7ca335c8d0e5c1cc0df20324ee68f6107c54a9653da3464e;8454;Property;501861;2017-04-15
e8acedad168c776fe72c929901b1e3e3bbc32961bd84d0d7f498605555c99160;7115;Life;893221;2016-01-24
c162e2e74cbcb5448f35e3719dcc17724238ef2da24ce9e93fb0a23146677bfa;9745;Health;872500;2004-07-04
6a0587b000ac031d9a3cb305d8c7af9eb8070302f7467685ab5ea68b813a43a2;9023;Property;93602;2008-02-17
3bbdc04bbc4ece0bea321aac0942d2463186eab071dde4ccd6338e232345e69a;3087;Property;602004;2023-04-26
9490704cafdfa664e39cc7913cd107bbe29b5b40a57d8b9d1b4ddad8634caa0f;5869;Health;488656;2023-08-19
b73339efac4a8e24f24f78b1ad2e93967780bfe56fcca7d11ef3425a661cdc51;6544;Life;111797;2022-08-06
0d7b44fc91fcf0237aba3b24d1c1b1395be89a9d15bad8774082e49d5302c81f;4822;Automotive;138124;2008-10-06
d412581d00d4f55bb6d50574f28b0bdec1364bf2a59e84ed7e0130ee404f1e8d;8466;Automotive;532458;2011-11-16
fd53147071f1c3530aa10236a81980feddb4bfddd2c7e7c4ea98ddd9094f2534;9826;Automotive;995599;2000-04-04
68cf03812d7c4d0ffd5d73dd1023e4838f0d9108f2ac89fa443beac6917e7841;9270;Property;726542;2002-06-19
94eb05c22ad95e63fc9a8a1c4007e89e127005a627eb3ec1ae877a1bc77f513c;6571;Health;689375;2008-01-16
8bed24d08fd0f0d18355e5cf0f7f0bd9cb92cc7643d1dd3bac3b8636aceaa948;6091;Health;119702;2009-03-19
80805fd156d4d4ba04a283f1d14ee31818da02ea427d4a57a3779c0c6d383755;542;Life;107563;2009-07-27
ed6203b5c2631c43afc5d85e60ba074c1b0c1665025dc7a0e9d34bdb6664fd41;5817;Life;355853;2018-01-07
58c0cd10e8f6ace5e1cb405071d4a482dc2e0fbbd787354f85a42d6ce05673c3;2463;Health;73426;2008-04-24
591d86447eed38337b7902a87f828237097beaaa1964a35a10156c9ce6c6f8d4;9358;Life;488405;2009-11-23
1c5140966b7fd7e8f17a5a081d7b43a9336ea9b1b265b28cb3bbbbc0a2747bd9;1575;Life;895001;2013-03-15
6980e5ab891cceb8c60303ec21ee9b12501310c81d5a76eaf051e75e63c240a8;808;Health;483764;2005-07-10
dd45fc68e93b0749ad465391a4ea24e82a7f2ceab35d5ecbb9d54c69d43d934f;2554;Property;541574;2015-02-14
fa7f11a2e24e72536072043103b721344abd59bc442fc2b9d09556303b59e1b5;6782;Property;430385;2012-12-27
9195f8a2c05ebc3a8a855955ab5cb134bee2f0503a251ad8ded5e8d620880ece;8292;Automotive;595283;2009-11-25
65c626229998710352a07b6b3669f95b61c249c9b4f3bd7918a00bb6b4f901c6;9550;Life;113984;2012-11-27
5b59d155ac0f243c64bde3e4dcb69c0dc803d0370b071fbc3895ab6e501878bb;5975;Property;949417;2020-06-17
2dfe2afe888b3b72651cc7c8167e97293934e8815acbe34fa8e3afc40092f4dc;6826;Property;533738;2020-10-21
532c68d5d189d11f22641c4112922d6be9119caa47cdd598719dfae8c680f3f4;8480;Life;804328;2011-10-03
cf4f3c1ba43bf00db9f93136c7664fb8653dca7f8b4687f8b1b6f40f3d99a16b;4595;Life;15302;2007-11-10
fecab29e6aaf63e3331c270ce5edc3bbf940362f17a116af74ed36b723993cc5;2689;Automotive;614055;2022-08-22
d647be7272fc55a9e73ec47f80d83519268e2dc88854b05f66247d6f619c11ea;6713;Health;825479;2010-01-09
a5132e3c488e22296ca300a29ce14256447fe8917f1b9ea01d65af775d5f66a8;3770;Automotive;112256;2015-09-15
cc2797ddf041628a72e8847cdf80477da04f330048b886e47f4c9ae81f86fa9f;3938;Life;592483;2011-01-18
7e5d2d43ec4f32ef809fecc3d2b44e192fb3737025830f21ca0bde5cafb2abc0;2292;Automotive;982057;2012-10-21
d0d134d6a32201484611f66b4aa66827f319ca06d7b18a07aaf29800bec0af4f;805;Life;364078;2019-05-14
c429e547587a934ce4740331a5fe0c7cf1fd67e8ae700e2b21c39c703a5d3aa3;4032;Automotive;497989;2009-06-21
868b537822b908c18dec9e8e25554c1aeed8f9f0a850fad23cc624c9b96f07e4;9155;Property;455667;2003-04-20
26a057e3534992d487c53b440ce733cdd2bf81b635849146bd14bebfa2a36b21;4603;Health;575397;2021-07-03
2e65569b9fc8c185ba801a6ff74b5bfffcf9a1102a9b06bbda0b7107c7557bf1;9831;Life;522505;2023-12-21
f89e4d2edf48086cc8c268da361abf43b4592c76ed22811218ca5f4c08ef5f86;5908;Automotive;706867;2019-01-25
bf738eef2dc80f9ebc0aa0255219732bca39d68fbbb24e6b1db9c6c4c7a0382a;547;Automotive;916979;2008-09-22
0a477992e7074851680570ee23abbf82ad3f29e12bb0a7056c5f8db370ea02d8;2312;Property;945808;2011-12-14
da7392cefd2a68da3a5d3e7e05fa62e0be90447f314a4890cb344638d45e1cdb;1765;Automotive;170014;2018-07-01
27bae6d33df0a99719d2d75693fb4fae9da7b5e85eef64f79bf6993fa1b3c6b7;4369;Life;852751;2022-10-16
d9b594a521a8136f1587de5db6149cd82b3cb557bfd96d3645c55b05e8fe4d82;6480;Health;833758;2004-06-14
75f2a3b3fba86837933136fe58fdd53313b8f62ba1c04f229cf007ab73d3ac19;658;Life;161974;2010-08-26
af1050ddb73c653705179cd77d9389386f99511bd282d0dae9f28c919f1df5a6;1848;Health;57024;2023-03-17
fec140cb77b9dbd8218f8d06c90c3413e4abaa17ad23d6d1d087312e4296cd3e;6428;Health;470675;2016-10-01
73f2b0cf345fba7dac1d983dd9569ac0761ec1749533fb58c33bde66427458a7;821;Life;685460;2018-01-25
e9c8a3e99a5847cf088e913360536ef236d2e12296dcbf4ca4704cae22471285;4278;Automotive;816610;2020-04-28
7456afff6b4cc5558e9417b1f6806a037cb93abcbd814a1982d7a4eb865b3bd8;925;Property;170759;2020-02-21
62364c9c23b8a2124a90df0e043b4b51b31f3b64b4f3f535e289fbcba7d5512a;2351;Property;829323;2002-10-28
ab6c37251428c0f77e1678ffe163e2e6eb642ad5893a2f4930b9997b322135a6;4847;Life;426193;2008-03-04
ad4fb1df843e202d7e355b7ab6f812942fbba2f4c66520eaa7f896e103dd7781;4448;Property;262670;2010-03-18
ef054b3fcd06c625d72531537e7bf16e35eb9a414d52a9c1295240095b8eb87e;3850;Automotive;339246;2011-10-18
6ae0887691e9dc52ff12182d57b10993ce19a1d8f5262d7db50de05caf7679de;3142;Health;845812;2010-09-17
432b570382fb40945c3368a5efca72d78a1c356bc47f96b3c94e32768bce5c65;2073;Health;989000;2019-11-12
4b06fe3a540f5e3b3199d24c7b54ff64782bd5951a70bb4707d728a02dd960f8;5151;Life;67913;2012-05-19
c56caad757b9cd75cbb0545d0d3e5c48d1827d3fcfc46ddad7fcd71cc12a6a19;5290;Automotive;699315;2012-03-12
41f2556cfa2ab4898fc8d6c5a06fc1d556c1b4ba428e69f98ff1371d7938dd6e;4570;Life;634493;2022-09-14
c1ad99a80fdc45a07dfeffbf164e5914b36fa733be2d2caee51ce6f852ecba03;6515;Automotive;217961;2021-09-02
6517a6862ab6ea5f8e9afefe45778a7aa3fc4b5fb0ad126192ccd0f7cdb4f490;5383;Health;17502;2005-03-08
642048cb0ed49f3da3823488c46d8e90edce7c1187a5a05d64301007bc8ffffe;10;Life;610309;2011-02-03
eac2607a53481e26025a72b5adac42623611ce112ed300e697c4d6ef0b75886c;124;Automotive;462913;2020-08-23
e5f6c7f45ce178c0888aba4f1c1516ac61d3d0512dd14bf8c34e775df5ecd2bb;259;Automotive;784206;2023-01-10
a04d2660bb05307560c837e65223dc259aea215fd0dbe5000f7f41b7af452df9;6431;Property;243400;2022-02-18
f19b52acb8b47f2af22c529185e8ad44f5e8b0f4b1cf50a29282f7bf5752034d;7270;Property;461688;2019-03-10
404fc3ee752b064ea108ffed8eb06f9ed4fbccf512e072bab02e2cf31eea2ae7;9818;Property;494820;2002-03-09
af6b93d58a7051df70b5c9a9b6ec83f092ba3f09e0cffc0400a7b2914e989360;4761;Health;672623;2004-09-02
96327ac5a8956d9578839190b3cda951a1a5a29ae07caa6be9091dd0b4a94891;42;Property;27698;2003-05-17
82b3b4ceee827619b3cb82e73b57535e363b3b991725b6b13b2ee2319eb55b33;4353;Automotive;877892;2018-07-05
6d5dbe127825797c063e6366121c6dedb82c15a0da320a62302e370ecc60f18c;9462;Life;883403;2019-12-12
2c540bffeb22b2ace1af3cad9fd480dcfa6df25158a6ae6d4d12722754d55399;1878;Property;75857;2023-09-09
8fb101e76646b4d68a3706c7f103bb1c12c86407ff1544068785c0ebce810d19;6573;Health;226973;2013-04-14
35c6cdac4616998c4d6fa6076f8f40e8321eb5958173984929e6e1b8b293a9a2;1707;Automotive;805625;2021-11-28
09035408a97f61146b8d3aacda43fd75af36a7477405cdcfd994cfeecc95cc70;7994;Automotive;625843;2022-03-17
83cc898ed01f3288049cca5bbd7e61a7e6dcce491f1dee74545ab62110b7b731;501;Automotive;916137;2011-12-21
b772d3f5052c0e6035a6853aba7fbfd54d4d6761b2c6f1f6aea340bfad93f91d;7541;Life;340902;2018-01-15
39a4a43310b2cfb9e3737748f412fac3020384b710ca35726984c393a934d704;1113;Life;123919;2012-06-06
c8bea81f5648edfa76c98596b6c8d9cfe6591c489a2ab0aeb0dd55337ff579aa;875;Automotive;52557;2018-04-14
f82c3934ca7a9c9d65d3181911b0187fbdf97053a9d34b19262aac4f5c8f0c8f;3228;Automotive;420826;2017-11-01
ce28c410cb49ca6e41a492a39b79471c0f1150c77013dbd59c1c9475cfd48834;5794;Property;668716;2019-07-19
fa7a142355e891c6da7320300152b08a2bfc6c12379e03e67789f35b63c90fa4;3061;Automotive;66132;2003-05-27
e3fdc5840193aa2b3d5be2bd71f4524fb78f33adf11cba4f0117f425c2a51c1d;1992;Health;254111;2023-05-10
6bab6a5606b82d348a42b9c0fa97c68682ca590988131b64831f1eb72ba4a690;8027;Health;688923;2014-05-11
2452a2530476067d5efb704c1678f8c94807bd0b1f2a24f8dfadc6bdcb9f0326;8681;Health;700456;2007-06-01
db28cc44b0e6a42b9c9b4278a9d00cd1786ebe68fa8417edfa54f874dfa0e177;5024;Health;642841;2019-12-27
9a0fc2481e36dae5dd852573b59666bf0ba0a586c9195325fcf8700cff1861b6;8787;Health;318447;2000-12-01
865c5206d45f49a9f6bebb9f016de46b3fe9559b287948015290092c21865cd4;5024;Automotive;348905;2006-12-22
6c2f91845c490426255eb7cac59750a58ff29aecffbff332c9603fd18f920e55;4772;Life;375396;2013-04-14
34e471b149052b0f1a714aba05903e1592c49fd930a0c6bb58e076398ab16ead;7882;Health;870163;2011-06-02
711600b95301a84c7c66ad1822ccc37bd4aaa6ab75fa6ffd78885236d697f5a5;4036;Automotive;745470;2017-10-17
ef01f9fb7cbb64f98a23f3d42bfea8ea9f0e85a3754e53f0ddcdb67bf788c692;7173;Property;854756;2000-09-23
79a28fb634c10cdf8723845536d673b8683670c7b20d122940550069c6da1af0;6623;Automotive;673869;2006-11-26
63ae0292138eee97ae69813f3aed9f15ed19498659b79f49c922cde29ab4ce8f;8557;Property;836765;2010-03-11
700dc745739df714a211e2ec48b01e58b83b05d4b89be3c48fa7a8f368bdaaa8;6140;Automotive;744511;2001-11-20
84472bd6a71bfa9692cfc229c0ca9b1adbd2fc21cdb243e7a0f78cb8dda1f48a;7003;Health;359340;2001-11-01
22112cf2da349eeb80ea1a0175928bbed5156049b1b039af896261ca0c5445d4;2499;Automotive;391590;2003-02-04
37c251dff1930f79ba3ea28589a0120dd3a6d55346d9e3714485be5929bdf698;8320;Property;672928;2023-07-14
17bd754775b96f21a28050488785888f68652805e3b584e3a4f5940a5d78ba15;6260;Health;832913;2004-05-27
ab0d342675f681891525649a285675d548cfd7534f0bc63fb280356fb1826ed2;2063;Property;935693;2017-09-10
b6b10f8450b4a51463fcb2de1cc3b2e2edfb15ce4f5c36cff2cf2043302ce90f;9572;Health;736556;2013-02-22
7051fefd20130cccb92bf9f4380bb48fb5790bc84d59ec786c448719e9b7bde6;831;Property;3452;2007-09-13
b77e51de25f2753fac060c1df1df7b8b2d89b14034fe18d35ab2638e1252cf40;3276;Life;476457;2019-08-12
a613a4e62d6ff7e9c1dab9f112e4990f20c2c947ea0a8e92ad1026892693b7c8;8800;Automotive;703693;2022-04-20
45cc3bc44679d890df883b87ca6c6c52464ebb937b8d40d9e1e833721f196feb;991;Life;306200;2012-07-02
d5608fece8ff170149b3a631a6d738ad6791c5294377d3d4de4945e7eb78b09e;9077;Automotive;893103;2000-01-05
d162ae9de166a8470f03e2ca3d5a5547dc5588f812f6ed2f046dd47e51457276;9680;Automotive;197744;2012-08-04
4fede5498f5ff6513ed0f36e29808675365cf784524363f8f3c6360f4ca3115c;1741;Property;690655;2006-06-10
6486e3e05e5cf3478a66015b661806076cdbc68f4bd19ad40b153147a8135a79;5648;Property;235035;2003-05-04
d9b1514645fdfeb4c37a098ffcfc39c1bdfebe3d00288f0cd132620f65e7d14d;5473;Property;199188;2007-05-16
149d0482cea3d015269d5f4d83b9d98044908151ce4de1e9a261d939365cc88a;5601;Automotive;905159;2021-09-20
9284972dc499618cd1a3b10ecc5db4c05696ed6ac55105b22f33e0a1ee6cf8dd;328;Health;340720;2008-05-14
417cd9fb9c4a84b29e8a41a58d5edf818cb64714893644162a2cc5d3decac22a;2873;Life;742682;2013-11-14
7dae3773ffafdc1836cbe4102d1d7deb74886e84bcc089f042aa7c5984586601;9983;Health;801017;2018-02-08
20e5452624b457443f183c31d8a5ceb589a9e84c0623c668587ecc483fd07e95;5569;Automotive;405480;2008-11-16
f911d6a8cd13557d54a391d311578834544b10731b994f978f8f992a8bce2900;5402;Health;526404;2023-04-04
a4af7918061f45373ebe2d7476ffba143f5e0ec88b86014d70d11c9995ee9a3b;9470;Life;509409;2004-11-23
c543d92b9f85d0a5312f3212752ffd5c0e274c2b8595b2f8f808e689d526a5d7;113;Property;402790;2009-09-11
0934fcfc34b5aee593f6055aa70bd60c286fbe82d8cb98f68615fefea05ffb42;7059;Property;433243;2023-11-15
28c13cfddb195c15fc5dac5b112d03db15c2f53b5617b7b029efe5d8cf86a00d;8024;Property;984081;2011-02-18
b4d8451a6f16efcef35adf03764cb5aabc4ad9a53ddcb59084c8f04604723418;4799;Property;502034;2021-07-18
f3263f4269a6ecd305f9991e90b0ba722dfeddb156b0edfb6ff54100ee573052;2772;Automotive;510256;2010-12-10
d29ccf44be2ff66fd365140389cef2b8fefc9afb54fac7e1f37de5426f94b138;7535;Life;309172;2010-03-19
66fba7ececde82ab17efb101b8f2c1033bbe40646604969994cb9137b7a0b969;8803;Health;721731;2006-02-16
8c92fb43b231e0277e1989e057c53df1ccf0a1981ae8ce97c9976c92d6917ab2;4561;Automotive;143566;2003-02-03
875f217f2ff0cb528c0e0d273085328338f1cc4f789d1b0a71fbbd28454172e9;704;Automotive;957182;2020-11-17
16563db326ad27ca4b1d3877b5ab7b613218771d99ea3a5827feea73e25a17e1;3506;Property;334895;2020-02-12
0edffbec5457067d55a515bdbcd14f01873dfb734f517848db11886ddacfc5f1;8101;Automotive;24489;2019-01-25
ffe69b5dce79f7753ca11d2493ebca7936e8b9758d29dceb60d27484459273e5;1825;Health;31091;2015-01-21
f2073da2361262a0d09388539f4cf3f59523ae80b278572a3ac7cdfabccdd7bb;8077;Property;367786;2013-05-17
252ccac380b6356b765227ba231cf529347325022f3ca6aa5f2d76c60778a94e;8643;Property;734046;2013-12-09
533935c8d0b5e8879555e3c2d94015e83bfad6c6d246be156ba343c251e275cc;6488;Health;31788;2010-06-04
ae37c7caf381e56c62ab64dc25838e7d605e30b2983749702b8c22420dc87d56;6829;Health;739534;2005-12-09
2d86b6f2db378b44b8efd785d92f21e7d9b0684871c6359dc616d6f75c141a19;9442;Health;438882;2002-11-20
8b4bb1891e3d296c39824c5cee8c0944ac2830a103730aaeead9dd59a09692d8;6616;Property;907464;2017-07-22
1e390f20f4467cf5009275eddee918f1ca5423e31b48588f2ec03e4f464aa7e0;432;Property;465441;2008-07-12
54548766bb14b75b1fd5ed73c071b847ec943180ca7608406f0cd4d1d5f76752;9773;Property;602773;2002-08-02
f7f3774e1ff421a0107f0bbfbfa7bbc6dc8aceaa709d28bb1dc914a4175bb9d3;9293;Life;233810;2023-08-23
74038b3807f775d54a4ad656017be61d2f4368014bc65b2ab0f470c898301015;8053;Health;197079;2010-04-04
e45911f250e4a2cb61e7fd2a7cf296762ac8f4e75252cb0a3e6a05ca472c9879;1270;Property;246863;2022-11-12
e0bf13d58b0bf54608787fa28c5ea2095a36878324d33208c0e5bb51dbaef6f5;4099;Property;403713;2016-08-10
49af7a2ba00d0c4bce6ee134f80476b3356537acc00ef56899128015c496cd7e;9101;Health;34121;2015-03-27
ab8d9195efa7641a42d1c7e3ad43c66b1de0c51cca902858f4826a7abda94aed;7755;Life;343248;2021-08-01
671562b246e85d450c36e52135a61900bce92bc14a310ed05e82c8599d6073fe;635;Property;585600;2021-06-14
294d100382bc908654c4bb5c7a9f40a67a232cd87c0cc1b3d1df8dcdaba43aac;8299;Property;891604;2006-04-21
d71d3458afcaac4c494a951d7549971e3ad81301a885ae66e27b37ea18a5e158;459;Health;41734;2009-05-14
1e732183807ff5507409e676cd38d39d6d4b4569fb718f1fb2afd0e539a46172;7882;Property;306704;2002-05-06
d911399a2e3dae2a2caf369e1a0718b889280ca51bf88c16b74a9a2a64b66ad8;5621;Property;284950;2012-05-23
9c6f35779993ffc147f6cd7c91509f45101b2a74c5b517d1ceef4c66ff6f3751;581;Life;650714;2014-07-03
2fce8ceb155021de47b8a169ef468d89cf4e79af90337658e2acbed9143b0a3b;9195;Automotive;770290;2019-10-10
925ded84430342205c0f32c8bf99f5e8ab15eabf6d471404632a73a85b4490a1;9849;Property;580697;2012-01-06
c1587d813456fedb2d2e365f3580cf0e768c0b2126e854a3a3f51aade1f506b2;6148;Health;975337;2021-06-14
be7f9f2ba7599bb6222753810dbb2d025bfb7a01b47fab481439decff28a153f;1813;Life;27484;2002-01-23
e886ae43c3eef4804c1ae33cb5e2a1751790c7dd5d2d4303d05c27c22e77445a;87;Health;95476;2009-04-16
3a328ce4dc030708e1eee02a073849e47f322823cf99167a7afb5fc86bab2ee5;9684;Automotive;578295;2023-11-28
925a59fef7b0ae5f027cfce0e4ac81020c4ea2a1f25c4e851b0516fc5740cd58;8713;Life;769025;2012-07-10
0695234d7c540cb8dbc92ad56710db390a034d5aa0f5df41e10f2ce8af54db58;759;Automotive;243245;2005-01-04
618e7e56252900a2dd08aa3388074b7c5f8cf1304cdcd5689ac5deb30d24b3f8;3652;Health;951745;2002-02-04
7eb66bdd3d720fbd7972588f161eab88bfd10d6ae87bb7e24911dfc55e2655e6;9282;Automotive;568547;2023-08-08
87c5d24eb52a10a0e03bfc290db7912ad7a89e1876ca967763bbd2de1cd43238;9396;Property;322655;2011-08-09
690c2fe625c95ca5cbdf734f32772c700621506af31d935b8b45462787970122;9790;Automotive;798989;2000-11-23
c2a99dc04c9eda2a883b2b9ffffab25a28051954b7f8a1b785f925877afe6d22;3450;Health;394665;2021-08-06
0949d0f981bf3fae18380d1c8ea63f28133c6c262cca51e7386446afd23c2a4a;3146;Automotive;167285;2009-07-24
39ad06b54ecef59f0a35307ecb73b2652f437125a0559d75940b748ff34fa4ab;7351;Property;28717;2015-03-21
e1b8061a448d162abfe503eaa94749d87a668970dc21d96c51d7ecb98a0c939d;2984;Health;928542;2012-09-10
fcd58700cbcd77ff46de4608923693b2ca0af64a44dfcd593d1d4239e1541c5b;2283;Life;715132;2011-12-18
df95ea31b44222ec67e5bd68206336bcfe410d20e7a1e537d575d372efad4dff;8283;Life;374012;2010-02-23
d885a514887b1f3b6d7a6dcf6b49f5db2befdadc595bdc3253b7db023ba63064;541;Property;336001;2013-05-28
a032202e39e801511003a74014e67a4577dad332d2858940bf31a4215ddfae57;1699;Health;768572;2019-07-21
a1d0e5653b16dd48ff583fa2fe29b34e90e5e7221b23aa4717e71fd7ae733a57;5141;Life;825339;2002-12-06
5ad798195cd4c55700e3a325cf20db57a1a3469c8ea00175050cc44c1aafb566;7841;Health;798451;2003-05-02
d74c9cd10033145d95fbc3f08b7da1587836ac2e0a0e78b16c69aa51252fe980;8603;Automotive;431468;2023-04-02
eb684a5753a96ee0de8d0fa453f07049582907f56439c0ef169556d7da76db45;526;Property;859104;2001-07-13
82de190e051de46d8fe1c8a3ad04cc6a786e2a5ea1631440b0ad871ddb16d76d;4309;Life;843277;2007-05-15
fd2fda5addbc7531e032c7ac852aa3f826db4a5c95988bc4d209f36a989fa7cc;9817;Life;814416;2021-05-24
5927819b21d7e742f159f8cceb1918e9b54ecb0c13fa812f89636bf34325b30c;4188;Life;753043;2014-07-21
c2ce054c588816d255a717580335fbf70f116cd044405859743ea29cb4571058;509;Property;738394;2019-07-25
038333449a7ab85b258d5fffc6017fcbdee3e28137f9c8eea1e680456d2645a0;506;Property;875469;2005-11-22
a77b5350d8b36023b25f69eb510800b349e5fef9d1efbc0fde122bc781d2d219;535;Life;302583;2014-08-21
222f7d9954aa26dde65893a0a6cba1372a5df039e572543acfb6e09f9677ab2f;3217;Life;36888;2011-01-05
23f4c473e97ae23abe58d8db68b74bf241515040cf13f35d033c179adc8b3b47;232;Health;735211;2023-09-14
5b1613b24a04e2e7e17c1218e62b034afbd56d096e5107e9740848919ed63757;3473;Health;830296;2006-05-27
12b3b51840f2e9d05f3a47bac20712b5d990b523288469c9b21a72e4838d6ac9;8879;Automotive;267019;2007-08-28
951841dccecc74265adc71b3af799391838e610d1e6e55a6fd8def4a544f3e38;7901;Property;334364;2020-12-16
99ebea1ea2e44e0834d8442f6121eb5cd94c268dbdb99a0c77072a4c05590158;3495;Life;657328;2018-03-24
db37f2a1c7ce17d0ce63e660737278701782968da8334078f8a953e407e74ad1;553;Automotive;204058;2011-05-26
e5de328bcfb95f0a5713f84f984b9316d71f5c508e193e30939b5de9086f1abc;7091;Property;727163;2023-09-08
6fe81aca5c5e8b93755ee4f424c61dda963775b19586c24cedddb7a83b70f12c;3941;Property;187573;2009-01-10
c57baf6c6f42276b467422751ad81895a9239b12cda912d1fea302ac5955bab2;1822;Automotive;145894;2010-05-23
abe4df6da2a3858144eac6d0eb7192fb45c8bf06bfb3f9447cf9019a11c6f4d0;9862;Automotive;968911;2003-06-23
4080542c54799ae8320966e75a8ae1b07265016fcdee2e5ec8efe391bc5efb14;390;Life;572615;2005-09-01
9f9334b90df1c9763affa93daf3689e94bd51e40916b835df6fb80289325df68;221;Property;750012;2004-04-26
e2145125e087a74aabb961dd1d1a8196e1c41b95a0467aaf86771c5e7540bc07;1897;Life;587036;2002-10-28
78fcbc090d268141a1031a084d8e6094a23d7cc6ba8591f7bfd853ab23ec0877;7497;Health;151;2012-05-03
e5d186083a5b8fe40554906516b809303dcf8e3660115bd02258f1df941b178d;1305;Automotive;89008;2022-06-01
94fe0984aa049aafa4b7ee020bd2f636982e56728decea35bc5a4b7fc9f4d5ad;7130;Automotive;463414;2009-11-27
b42da334a9c993d8d47d61f24bf6bfa0509490bce976ca91566f8053316323af;2428;Life;646671;2023-02-17
40b348230eaa88f30eb1b868fd41545de5a662074081d499868cf8e4fbafa376;9641;Health;834971;2021-11-12
bf16c0f72816c9f2337927fbb628153e25e7007a9e5b7967cd1c26233affb04e;4892;Property;549705;2016-02-23
06cf3050da05e7c5b896930f9f5b63ae1f41386ceced702e6fd5ff36ab0a6c24;2009;Health;757827;2007-01-10
600b02913ccff183f6a6067afe8ce6459aa8c62c56b899622327fcae7850fa28;4123;Property;789641;2014-02-11
6a50c59934187faa9808b52889c5f80683b20251f723a2480d3065d5c875e70c;2997;Life;891975;2008-01-07
ef2f933937d742bdaabf6615cc4b7c591dfe1c4b83a360036f496c5327914300;7161;Automotive;82209;2003-08-08
5b02c22422c2053f6e152351b84549eb1a03484f81f050f6fb5bd47f7b8eeef3;7806;Automotive;375672;2009-06-15
7d5326e3cc9e68ab0f15f27b2c0dfdd41db28b90b461e758ceaadaaf65eabf81;848;Automotive;878070;2019-12-04
414e9dcc351cb078a594fce732aaab3997354cb2c7b6718d05013b19be896855;9839;Life;943639;2020-06-18
debbb2dbc6d7ebb930e480cdc0516932c1e1f36554b73c80d2fc7668d253e385;9014;Property;934017;2021-02-22
c6e037a2adcb2fc3df853a8b6628716f4aa5a9330876b01dd22e8398b486bba0;6701;Life;74993;2019-09-15
6e6c587614655c2f6a136a1d58b7737290f299a332b68d8f18e62d838b29f492;78;Property;540532;2005-02-28
6ff28d233515863a360479aef61f8aa2b2ec0a7e008a76dc6976df3a4cfb373a;984;Property;59595;2000-08-11
27ef5612fe70d2515e787cf909ee9b2e6df37f9e27b213f9816400426ad57c37;2414;Life;799064;2001-03-01
eab9fe4a1383a819c02db8d61e137a9d2e82db2c4fe0428502293bd608edaa38;9286;Automotive;187962;2004-05-28
4b1dbdc1e6273450cd1fe2362e51c7785e75c1f439cd623d54cedbfede871324;7110;Life;429805;2002-06-23
80c6ffa6504d6dd23aa1096b22bcfa644c398e40d09e8e4ba6d6ae4a65109d69;595;Property;815684;2017-02-12
acfd2e4cbfbbf324105dc0cf974fc6e21b616b171b6f62cefecc08cebac0ce39;8034;Health;554006;2002-02-11
d002d0687f381ff34cc6436776a60ed8ea1d365262b0876e87a5d7d07bdab1dc;597;Property;514444;2013-12-13
0bcbe759ddcd1df0e4d300c9b91e7cd653d8cbf7009a11c5966f27fe027140d6;9182;Automotive;962031;2020-08-26
f6b1133ec2064503b84871255eb1b25c2d8a03c764e00cab76e3e12252273ad7;2902;Property;963816;2003-02-23
2f95a3ccfc51c581cadba6234943a66fad1ab83230d487c134eacae27eb7a162;7189;Property;705350;2016-04-09
d49dce7e8a0c039314c09f1798cf22deb7189f63d2cd521fb285ccf213b5fdd1;917;Property;179824;2001-03-05
a3ccad1ceb2290f0aac4e148a40d76b7cc1724c76f17a2a7b5912869c56d8ba0;8903;Health;746635;2001-09-13
57fcdff89595eeff60082a1de3248c94d7c4ef57394f4efbbb6ee21a3f2d6849;5351;Life;765464;2019-01-03
9e11d94a678343bfff9135c2ec03ab0336076ddebdb9eb08b6045826c5600ca1;7513;Health;501159;2013-09-19
ac102b9631cd9b92c4509b709ec923420a8a841568973f3edf5db040b9e7c094;1036;Health;475553;2008-01-08
021823a6d3a8d9a7e544ed0c175a9f89fe94ae6741aaeb18368ab46fc12c3f11;5908;Health;482788;2000-04-28
06deb66c4cbf66ca25976770708db4aff63a6b8ad5a2d6df30127561a92b7af6;9362;Life;976336;2008-07-06
0083ee5269ffa055451584f1f0a3778c5b334c29cb6c58cca42a4bb9c695591b;5674;Health;645643;2001-09-19
2ea71a6a80ee2ab85cec22ac00f799b60efba43931797fec2bf97a0a96366f44;9150;Health;80882;2009-12-24
12f36765fce75d0f9410417e707bfd80ed2b3d551240ef0a9743827a92accd64;8059;Automotive;980084;2000-05-09
632b6755cb43049c0099bc6c592add9352e8e087883e72870b67f709df76cd8a;1512;Automotive;122319;2023-07-02
61f289d4d7c86bee1c3a225d614694efb964c6b7380b7448c98720e805ac31c0;7350;Automotive;171313;2009-07-08
0633f97549a46019fb89b9deafaceb5e6377e76282c9b34aef3bb833450cc144;8220;Automotive;996428;2006-04-23
b9f0903ca54394bc017167788679458d74e5abac5a77e1b1793e1948fe45c528;8976;Automotive;281410;2010-05-21
40c510a729fa27ae3d6752071a0ad366b9ff729901fc080f85790df57b77f290;4971;Automotive;864379;2007-02-22
ad800939f054b1265ba2a36a97fe59500ff0511c5446e44192de1b8b653476ee;2827;Property;839480;2015-11-27
521dd26cc5add070b041826605d238e1823f735d9f3d2c7281a679f85e4a8a3a;7757;Automotive;274660;2010-02-23
c8dd18b6a6eb1ad02ef65286326bb34c062dc53ea2f5bb6d42dde46c489580b4;7143;Automotive;460934;2003-05-14
998157a76ecf4d9f614b39664066f084d63263293634e925fe5b752621b3475b;3808;Health;23625;2010-09-01
f369334e421a54aad6946262838503ef48b48f57e36c73484a59a36cd35db1c0;2217;Health;925692;2000-03-23
498f25d80ec7a5978ffda8e4d0c4c11bd964828c216bc7a3c7a59b4b769b4b73;1789;Automotive;275280;2016-08-19
538218de738cf1c058f90fd21575ffa2a91dce705add625bc75e3501ba7bd1b3;3371;Health;147509;2004-10-15
26fa04a149c2bb8cdde36984158a7550f7a40dc0f375dd106e14cfe23235e65d;8502;Health;344759;2021-05-28
ecfdc54cbaf0f4b63c685d72fc7cf3d306ef887169b1ee2bfcbec28572db1f94;1366;Health;432776;2011-07-01
411417ba64234bab53270e3bb379c3e3869889ddff29b68fbfe8e4d670c7b765;2916;Automotive;736792;2011-06-23
d1c7d784b741e6f9c42a512c081062e87a03c6ea56bd4b0c0167623796e800ac;9045;Property;726307;2014-11-19
5097ccf3f14f02643d3541a6f6f3af2e7c166be3e5c848b08fd8d236931729f4;773;Health;850247;2010-01-16
b26576299e0021e132d90581fdcc3d76c702feabccf9a271c0bf17dfe78d958a;4630;Health;363588;2006-03-11
4251dafdb91389dcc9a41634cdcbcd51867012e575c2a689bc9b1d97b2c21df4;7908;Life;275950;2018-07-07
42e42226faf316d23f12c82c4ae3aa4fe83ee7365f489f87c2f257667876401c;675;Health;467292;2009-12-23
c89714a7b037bda6476e885e5dd73d5dae5d32f8149955833fe4f0b40da5c18b;1194;Property;534441;2016-04-13
69b3729062f17afaaa04f410395cbc9c609eca2a8553388b532dc72e45268eb1;2570;Life;507947;2001-12-03
747a62bf994bbd74ed83d4bf9713f9bf8a90536f35848ba64655c8a8967c0811;8244;Automotive;64724;2005-07-22
7cf373374aee8dca45e1f4a9e97515900767ce64ae94a3f2f0a3b948908b8e06;5310;Life;743457;2022-05-22
ba3bc4472503770fcb656673cb95baebb6c895b47d60185ef5b7745a0114dd6f;5090;Automotive;154062;2023-08-22
02e7c75d507441f53704c26cc9a73befe4e39ba77715a401bee09c31d88614fd;1201;Health;13685;2003-01-19
fe537a413e25b05f66f1cfaf222880c33bb51c2b8ba3fa0dbd66d01d6e65b6f9;2500;Health;918942;2007-12-28
184ea2fbc618c43d83134c92efb155b5d33bc2ee8b742786d8f7d7936e4cb572;464;Automotive;713049;2018-07-05
b091004fb98cafd74480b5105040def13c98f96e7969c78519d8918f7d72c02b;1261;Health;107003;2001-02-17
71c58c20399bd8d960f6c7176f2de0bc9ddbb450390e9f94367ff68f87f8f756;4282;Property;154245;2006-09-20
619e9272f2496e5b622fe6cfe18049b0da07f362329be47a37e3d87bb773be1f;2902;Health;692359;2018-09-14
53613fa5b8206982e0d5f46dab2a4c7023b223b30b40861bcf10fda6848a2583;3473;Automotive;542343;2012-10-20
378a7d510b3273b7210bb96c86fb6e4e6e3c223b6d5a9294851b81ed35342041;5411;Health;862995;2002-05-05
7de3878097681486bd167cb3070af0df341d035af655fbe532d10d275998e3f8;4642;Property;221146;2003-03-10
3c6f990acce93731fbaab33505f30564499c0eff5904b5facd1e021d3944afdd;620;Health;137777;2009-02-09
d0eb5d4fd51caa8b1f83872623faa49e69be112554668230bc1071b58cb185c5;8745;Health;247605;2019-03-18
8d6e8a21e6667c958d6ef45649e6fe994aae4de4eb987f68a03c5ba98522d2bf;3733;Automotive;295164;2014-12-28
d6dd01a4950ca22391ce8240cbabc59deffafc10b99d03eaada3e0839407a084;1044;Health;729486;2008-01-02
994b0602f4113aa6aff2efba1218bbf848cf9afe05a58792b9d066d376ef3034;9729;Automotive;802639;2000-06-09
e2802df1957b0b52d719762adc000a2a32d3651b170e7c96e2d77eb76c155aec;62;Health;282332;2011-02-12
ef56705b74bb1609b210e98399d8f16c34c946bb9cde9744229e7d96176a49c4;9526;Automotive;654757;2014-10-13
8af2bfeddfe5c48922b4fc2e5ae114263d13665f1d8eaa543c276bef188b7c26;9750;Property;344585;2016-12-24
7cd5014e9cee4ed19ac42599ed2ad7c1875e44d6e5a4fa9f640e921ef9f8dcff;8395;Property;416364;2013-01-22
db209f9d639da4a0149dc01b6587c14def5dd687556e9891a5f8ced3d2c362c5;608;Health;614975;2014-10-14
6207596932478723e90b96aaa97fa0fadb16ac238e596e34baee043bfd7c2e27;3144;Health;260848;2020-02-20
88024620aeb00a78b2597cffc13921acc91859b031deca303bb0d45078faf552;5507;Life;5615;2015-04-12
92612017bb88091c840dcd2d9446fb26e11c63037add0425dfa05fc7877e2fc1;5003;Health;32274;2021-04-03
6ae296aae13fb56f551b20e64faa41da53bc03a0aebd2b2ee3d5f7549bbd88fa;2229;Property;907683;2008-10-24
4c35b661cd56f18e0d8993671c11a451a29849207fc27bbf3a315ae04ca88715;7194;Property;587196;2015-07-14
c581f0129ecb0ea7a3600e3b9aece9ff1b44c1ec05780afb1ffdeaacfde91287;9319;Automotive;494298;2014-09-15
c42c9c3af04fe3a55138dbe214f5bd44ae8671e4825ef1a242c1bf3177e79241;348;Health;323333;2016-02-07
382b2b8cc066eb865ef7661d1681ef79294c94f8728a2522ff3bf07b2a8e793f;9173;Health;610932;2017-02-15
7dcfb7892001108a949f63199b44fb5387ac421a584bf0fc071d365af1ed4dee;1726;Property;704112;2015-11-03
ecf0a880bff72441d340a22459d9d465fa33494784fceeb34ae5256052ee3cd4;20;Life;859118;2004-08-20
69e60ed30fb9083603ef892ebc80ab53d060ff75effbe82b6107373952cc11b2;6973;Automotive;792638;2003-06-16
32e6771e95696d088cf6577df7993f9f7700083eef6fff1ffce4734a2312e904;9041;Property;766572;2023-06-21
092d67d23265ce4bf6fd5781d0095f9ebf6892140eec54a4c4f0d3adbf7bfddf;6466;Health;115063;2023-04-15
f044ac89378dc24b075bd0e0f81c09a5e69e9884cbc16f4ac73d6d0b57a30750;4216;Automotive;124138;2016-03-15
648fad425476ed513678b328d0142a3e113b4ce27b5236cd599e72c8f36b9f32;9364;Health;581992;2005-12-12
2b54545d1a43666447729ff2a579b69c5fc01f5e0ce2974578cf66a7d1f4a4d6;1098;Life;917818;2014-09-05
94d7a9da4dda5f9db1eea30cf1379c186aaf3d0b8a9fbfc33d44efba04ae60e2;376;Life;619442;2023-08-05
f4f6ce002f103a07019a8ad7896330c39a01211fed88ce336955b59398af79be;6220;Health;908295;2019-02-12
09e8abcd637f77107b381451d5aec16540c93899f293c29729eea925e2286473;2043;Automotive;443246;2015-09-26
5b3eadab505860c326ea71882b7225b441d798617f73e5fa5151d64fbd107fb3;3859;Health;740439;2018-02-19
f67eb6779854c1aea39d592208fe302f04a26441b3882f9dd60140f7c36ffa91;4338;Life;803473;2005-09-19
554129312fd0a7911476494ee8f32e9ca9c862946aa059dbb7132a6be85ebd04;1864;Automotive;868996;2009-07-10
72624e115eb2069c077d9edf2e837f42e2351474908cb7a998372988441e06e2;4707;Property;943771;2006-11-17
2d7a14cfedd7d328afefbab9c595ee37da8a6abc93d0fee98ccfc9df110471c8;7270;Property;156338;2018-03-04
3826f4c0c5880b31373f4db771278da5f77e3235e7a00bd91590a6d6c82439f1;898;Automotive;890491;2016-02-15
df05c4459f5e451e98915dd826933be321501d7745bebb9b0111b98130e7448a;6066;Automotive;806974;2009-05-04
55086915cb19c9ef3cb44d40a9fa6db462a57af06fd3643048246e2d1949597f;9656;Life;319423;2013-09-12
bfe9c98e80da8b1e71a8b461d28e0e435792b96b30e15fc1ed47802ff9f2e334;4543;Property;301188;2003-11-22
a6e1339ff69bcfe3a4c598b2cac48b3d4ea00039652fd43923cc7329e5c79170;4514;Property;214470;2022-03-19
e6072d45de7beaf05085095d3370c03a9f79735ee9732e159e487f7ae2ec7f50;712;Property;488928;2022-01-18
c3868b92cb62c889c5598090d4cdf16fd756ceb029593622917fc5744a2f2e61;233;Health;428018;2021-03-13
6c36fed6760111275d275d72bd2db4a1e64057ba827177f7b0a3955e6a90e649;374;Automotive;587945;2017-11-17
fd8d2af63dab9d16c8e334e71b8c581b2a5006e42251bf1b4210a7bde52d797f;5112;Automotive;749505;2023-10-17
9767dd2e56eb9011cf007d71530b662d9badc46dce7b91578cc907d904386df6;4115;Life;137907;2012-06-04
10b9917d313da0848da8bcede12be48227e1400b48f6debf380ba87ff8500942;7679;Health;697276;2016-03-13
9693b359411f6fc248f2406a686b13f08adbb3db40a22873d31cd3e6dc518425;7969;Health;547243;2014-06-11
af038d3b7483e3022adc2a73af69fa2136606273ea30c861bf5f93d987e49603;4067;Automotive;307418;2023-08-15
6ee4d565f6284405b43adcbf2ddf7aa843fbc45d2d6635007e6a3151ba136e3b;948;Life;281743;2003-07-01
f3c469d5e1c9203086d3a212db685c66f68c4ff0b26e5463de3bdce4d90adf4c;1361;Life;90144;2007-09-10
f8acd5668f0b4d94254c2e57ce6b6e8a772f12c649ab76c8df9f3c803c89efae;7915;Property;95673;2005-08-09
ecbd858a308bee16e4cd8ab2a2f0210cbf899224a8669ea908f6d4657f8d14f2;5718;Life;864237;2014-09-06
43eec699362e0b8d0732dc36139c41c80eff837cfadbc9aec776b7d00baddb5e;6773;Property;234409;2023-05-19
f322325d92bc43610370b8d03bb04473d273e3bc3ebde7d85b3facd6c80176d4;9149;Health;26615;2015-02-23
d7ba2f1072ca3200b767136478e43a5f51642cb2d86b2fa70c0c446cdad5d3ad;9068;Health;110239;2022-01-05
8f7b8f480852d0b0e5d25c55e685e1d28970390a8684b2515a869719b7c23b54;4745;Health;751382;2016-12-15
9db14184a73d018c4c578f95201c83acfe03dbb423089efb42a872cbe852eaab;3735;Life;417491;2013-09-12
2e2653e977ab7bf814a03a113975c213cf0cfbc87c348943f2bb776510b39d67;426;Automotive;283701;2008-11-17
89644d786983504bec8cc2daca4f3d08c7f62fe43df6df395be21ef92424dc07;3906;Health;806042;2015-10-21
ff8df80fa004de964d7952be95f88c1e959210571c0da29730559aec01ba5147;8069;Property;2815;2005-12-25
187813a3ffe2846adfd87ead8453e9b0de95c706407f099c7803e5c90bfe1419;5171;Health;262404;2006-12-27
bb7f4778aee7a84b375707be39d6f99954a5425ca143a49768dedffa19cd133a;2767;Life;232778;2018-10-18
db6d205801936c8cd6c5c93ba191b6126f29027e4820c96823d8f3d1e3e7a1c1;2545;Life;134945;2007-07-14
9d920c1a3c29d71237a720fb4287721690e501814b01b2bedf8e946882c294f2;2143;Automotive;723644;2003-11-09
c1b2793e27a8e49ca339c3ea4920b96901e2aa0144e5c3bfac9e8b5d65b5e790;8544;Life;359856;2004-11-15
7cfbf7f48fdd899467249f32fe9474041765ea691a1896668b172b5dee59d0ba;5089;Life;390772;2008-06-11
a3726537bc0f5e4dadbdd25fd836a830b921b473cfcdf0faa96e32f0335a4e40;7207;Property;731621;2010-01-15
3442439c33d0797ab0e361d38f44b769122bb3b6060b92a53ae3efa10009cbf0;2529;Automotive;343788;2017-07-14
450c289c504663e78cca5d8f6749b1978114f755215056c8137391edee7b8111;2480;Health;377736;2011-04-09
fb0fc94ad11c15155d75f3a18605e177cd57cb04ad33d40279d690fec9ded6aa;2043;Property;968822;2018-10-20
956705a9b11ac6ed90336507107f6257b79aebf5a77a213068ce7dd9b974cc8b;7490;Health;347639;2003-11-16
2413bb71c61f72b2b0334d93e91ed25d40904048a99e2c989ce14b5d8e168600;3021;Life;256051;2022-05-04
009af193ce753120cf2fed308c0439c81aca2be32ee80846a8a17e48fda3a8b4;1237;Property;584926;2018-02-09
9a3c1ed417b26bf6d4acb1c4fde24aff59096b85d1a2b1e74c45c7cafb61e9de;2869;Health;933780;2015-07-24
7ea7dd3c720ad9f61954c0ac680abfd9d95ba0289792e4bb66d9803caeb9bc3c;6331;Life;329971;2015-02-13
a9770b7298ba5e6037d3ff490aa40088a9cb16d127c55dd802aaf23e7145a64a;4903;Property;887359;2010-08-18
15e713215aacdc6f3ce0d9d93c14d7a3f515a09472a9a8ffa11341229230e4d4;867;Health;423585;2016-10-26
104b1b070e97129aa6a5869c590076df5025e67b5196bae08f5a82c60f7da545;2420;Property;79817;2007-07-22
66c6da73f3d43a70a3305a13ed0a0c106eac5036d28380d441a233b09c84e099;4046;Health;430212;2022-10-21
b796adc73b1af3c7e335f096cef13e5283cf0799a9143d94e952e3ab98a2eefa;6835;Life;550181;2013-03-18
0e51ad0292d3c6c184034d309e014ce67cfab278c258fdc30c075b390b6b3efe;7225;Life;96569;2013-10-14
40df0f95ace8dba7892c1517cd8f9dd9ccb7c05a20bc8e5c24f43bf23d248fa6;8604;Property;216350;2015-11-05
624559f425e634291c40a72f34a8bc9d2c6c1c1b1854c8dd905d07d2c175a71d;9975;Property;891751;2003-04-11
11bd50484ef52613ad6112c45cd46fef431432f822c82ba68bdbe485af52adee;9679;Life;531138;2013-10-16
efb7e8f247f1e1b7e2409fc34feb33e271bd65974bd88a424fba6790f177f54c;6129;Life;913958;2021-07-05
1e5b8aaf5a1791127d86ea3ec39f52d02464534f6f82e54aba2645c9d2abd204;2576;Property;712513;2012-04-05
e7b85e94ab3f77b1df59c667bf0bfde352172bf56be60ec5fa1abfec7776b8e0;6479;Health;44402;2006-07-09
b4a9454b5cad8e9ca202843f1f21555e0f28610503f4942a037ab411644041bd;672;Automotive;237300;2020-04-14
d81745338c9697740f16d76836f86c599ae4266a35bfc9442168013a2f582519;4666;Automotive;496174;2010-07-28
1eb72b5397e7e95afe33ccd78e35ee50f391b64b6214b7592578c080502055c4;3997;Life;211355;2022-05-04
1f38b2f83fb173f0c74019638e57b8cd0b58b40abe78ed711fc0b69950a15555;317;Automotive;593191;2019-03-25
8c56c5984318bcb1af63a80d49863022875d911b4e728987c55bce26d28e28ff;8843;Automotive;782484;2014-11-26
49c60e7fdb3dd592b6a1ee74b7456d03483f42b9a00037cc7804899846a72558;622;Property;107368;2004-10-24
c2e5499ff3ea1986a6584e6dfde1332011f0ab56f86cd53d96639ee1894115e9;6495;Life;625076;2014-04-15
d28c46fa7b9b8ed11af36751c0ebf04d4e17a11b6a7397a728045933fa22f2d5;8696;Health;410548;2021-03-15
c3002a49e5eec66e63dacc7cdb6d2cdbee1bd75664fbccadcc7f8aa4954e5431;4665;Life;136676;2023-04-12
155a7ea8596f3e3a97757b8b18de6de645b053085bd3582a598b5797639e3c33;882;Health;576486;2021-02-18
f9a3408ac91c9a69468910c7c2f801fa84e92e79ec922c7bbc6591a38e6d844c;426;Property;556643;2005-04-27
c4a4c85459f66590a8a5a12e7fe9149323b01ad4ef2fded7b56bf1387e52a7f1;4112;Automotive;224956;2012-11-14
4a5799a0d3c5c6ec3f422f88483649a2587b0d8d5c451991e6cda9c8cca7bb43;6534;Health;31365;2019-05-23
5d06fdfbca0193820bc44f3329d820f0469c557f5aad97b581554b9cbfbcf265;4926;Health;810432;2023-01-16
c5b5bf30a2fddfdb562255e678a545aa957e475285277ae0477f98ad5818dbbb;7901;Automotive;384950;2012-05-20
2d52f20e57495067f1b9d389d1a1973fde78ed6a461fa42005d9abe2d4bfda74;209;Life;630262;2021-01-17
81dc0de324e95ae748e860201f8409bc9a4b0b23259e086937321fe2b7331aa6;8170;Health;84921;2000-04-05
88b39ca12227469369ed7e2d219d192e5fc6c32d70d6ffa7711b3d802558a81d;3379;Automotive;831871;2006-06-16
1882f19c5b4b75bbe4b1446156735da4e6e5690c2f8eefd5c3c1333f93b7fe49;9836;Automotive;263013;2001-06-11
19084291afc85e2050b0204f634ad5f54d0e3980fc88c40d411e353f7cd192ee;6644;Health;328214;2000-07-09
50f584931c9919fe6d93c85260650762fca4deaad11fc7511b2f0a1eb6ce4df7;7292;Property;815878;2019-12-21
41c2bb6a9dac62a98c1fe438feaa802dba835e015ed553313372d499a02c9bd3;9609;Health;302625;2008-08-28
0ae6bdb9c9f1488488c0bdee5c3d2d37d00ccc04bd1c055d5f7dddcb20ae7ff3;152;Life;870050;2002-04-09
571ac296c6ee82cfd2d68c5074c903a25f5824c6ba636ea7542543d75e265d44;2284;Health;501723;2007-04-13
1a679aa5a60430a90b65faa51207335d2adaab8cb49ff8190f4f4cc6716a487c;3044;Automotive;123732;2018-07-17
25001a47efff9e18a0a8480b822c7135080aeaf581a0e89d7df6f8a864572698;1800;Health;643197;2016-05-10
64dc94ae87cfa0bf7648516085f688ded6d569ab4a4474a4cc30a1b309d008ce;2562;Property;380211;2014-06-14
6e37d83d8a4a4c64e30b4039c508f8060ed17dbf0f7269be5e313554bede312b;4407;Automotive;963875;2007-06-21
b6b191fde2ed8702ac2db6a67c54408e77200e3ba64fc012187c5cb96cbdf267;8898;Life;622148;2018-12-06
90883268c074f719edd7eaf1ebb1a9bcdaaa8f8ba9dbf5e0653b22c7107c3cde;9540;Property;786699;2001-06-03
e07b400888a2d9957695aab8bb2af354e284ae03a792f154d7a7ebb3f1513db7;3272;Health;883856;2023-10-03
fd2c3bac7e1f2fe95c2f0eeb525e951c01cc9906c371953f230c7cb727916ee8;4701;Property;705637;2010-04-23
2ddc144e481363cbfcf2b2b1ea422c2f41ece1349fd3810bdaa29f0735a0b759;3867;Health;701443;2012-01-10
fa64d51aa9600ce112838ff1b7898195c3f61982690d29bae23343fd8167702a;2024;Automotive;194735;2009-11-19
0bc2a082a0765a080d3b20627ce0ca3fc6cde9c464e8603fe52cfd656dcdea9b;9436;Health;534008;2017-03-13
6677239e3a52dcf6afcfa69e70d175009725f1ad6b3a4ef6dc27d417c0de2a16;6572;Life;718412;2014-01-03
aea55eaed1779c22d39681449aa3e03395c7b205e98cbb122c60842e6e93b617;6442;Automotive;115432;2018-12-15
7dfd866e3b0ce804af1b6d7add4b42734e33dbd2506845909c14cd9ee5089490;2747;Health;875430;2012-04-17
b88148f611243a1870b0c8e9c57aba03a3fad04d0ee34d6867d3bdc25a4c480d;5669;Property;465974;2021-12-19
62e7a4770378740524c294a322023dd5f104b056629c3b2fff7b51b330c3aa69;4050;Property;27939;2010-12-21
60b7a3b81c8e4d955068f4ec60e8404b76a4ac9c55f68db178c65322d54fa786;7132;Automotive;548444;2021-01-02
bce1abc7f5c0be41647eed79ab6bfac3a8ba84643f74d55da349926575fc6ae5;3144;Property;124288;2012-04-16
e52c9a97876107e4584cee3938078dc2763649f55a3903afbd91116bab0e52cf;2705;Life;613430;2011-03-08
6960a1a5a7854d441a20abb00116eba0c8aa1375d33148a3670b14d60b87fe96;4576;Property;172560;2000-02-24
3e5f5d397dcd5581f72063c0f5aff8fa5f872d6a7bb6406b089b92b94c7fee6c;7286;Property;189466;2009-04-06
f38cfca9ba0d1fe387d5adce5bc49d9acf56a883a664ebf6720f195dfda16a9f;5567;Property;355851;2015-10-15
b9db4a5b23805c3ba85089fdbbe635283c0c6b60005d96fb4bbd2210b47c148d;3009;Property;9958;2004-09-28
998811ff90f62081257060c58a245777cf096c144c1ad5efffc1ac6cedcf7845;2061;Life;394770;2023-10-09
9e97852a61ed6c0810d56ffc796202032f35753a1d96d4502e41d0a8feebb35c;2472;Property;943518;2005-02-22
1355f533ac7cabbc890afa3585fea56014d65325b63d21aca4a846f2b8ea9df4;859;Health;50958;2015-10-28
a7dbb85ce8b6cc86b909074cda1b2541353fb6a20dcd343b84516b09f6a91d45;6307;Life;832896;2007-05-05
fda00973c646da133ce8feba71637d36ac7cc5410c2cc96fd4d9de3b226f5b44;255;Health;594419;2021-04-28
498cca70c2478a5311c37e782816fd6a839081f2797764353b7af70ee8ce81bf;4750;Automotive;811903;2008-10-28
0711e508fad2234fe36a0e8f084eb29e0dca02431c309a628de380b831bdb892;5767;Property;351818;2002-01-25
5102ab08796d22ef1136fcef72e9a0ee3456d8a21aef0c5c9f1121c67c11fc53;8697;Automotive;957084;2000-12-06
138c86a67f09b59f74d6d1ef4fe0e8d567b8341da7e9d7eb35c850fd0c83d341;6476;Automotive;569873;2001-12-22
fb8c08b711ea9d33c52406f16b85de0dd36194504b46ebe8524e6e4c47b95278;4207;Health;245403;2003-04-09
648ed8670c27429971f7a07bef9dc93e3772edd771b6098188fb18e92265f446;185;Automotive;690277;2022-11-26
ec0a8581a39a3fbf96722b9fbdffe1e6c598a070031aa441c4326d2628882673;9686;Life;79361;2012-11-15
dc6208187d669549542ed31d44fab6f39b346edabf0176c253fc57fa94580c1b;3049;Health;869307;2000-03-28
1e69cd8b84bf120c0d9d3f7c9f91c3f0c8d2a907df321451447c4d1994b5cb5b;7672;Health;374786;2000-02-16
332b4b37f30245a6cb5ae9b18bd0a0b44dd3f088c764be65242f9bb7ef807c89;4847;Automotive;846044;2003-05-09
2b9d123c19d7303d7f8e26ceb0bec7eeefe1728af158248975db15d665d68e0c;9039;Life;923879;2008-06-04
08126ac276e35439b5d18d2fa3a6f89e5d2afef0939d0e31a762c7b90a69977e;242;Health;702696;2009-05-14
df91d370c7c0efacce419170bfd8bdaf72a32d018dec844fd8509584a9ed821f;1262;Health;213932;2007-10-01
251659fae85a2d522916c54f4c7b0897eb27d48fe2f5de9b7474728216454271;9568;Property;436890;2021-03-05
965672cb4b83f508e15beff2d6b5ab7d2d84a342a77cd05f82d8a48e2d57a31a;5958;Automotive;749762;2000-07-20
773b55b040c946c2a3b9b225b2ea074b0d37df70541cd75235cc4779ced980ca;9845;Property;618932;2016-01-10
0461925079c9fffbe3a777f7b01a0b603c774becc9136df21f5b1944e3d74db2;7825;Automotive;737755;2018-04-13
1d0815650c66cecd1751c40a9ba3db64b333f1317f7fce1c18fc419bbf74b3ee;4231;Automotive;899540;2012-12-27
bb2e0251d8d6e088871ca2cf4824957ca4ce354aed274922b3f2c9ff7453bfe4;7522;Life;136119;2001-09-06
3a4fa36f40da9c156bb856531354726ff7c18608ba7edfeee24e52a9a55bf63b;599;Life;200203;2014-06-04
7a09660e101ddd81d9531beb432db6718c3950d04e10f7d04159951c7c3a7f59;8781;Automotive;682696;2015-05-26
b83645d50e0b0613c46b63f97c81dd695ff12c6095f18c6c40d2bd22f13ee05c;6542;Life;260945;2014-02-17
c296bb7ec2e6cd9cd7bf2e0929d24dcd2f8dadd7bb920cdef156007a882816e3;3692;Health;43693;2004-06-09
a3713ad1e5f78ad3811b9d17dad4c3cca9de6eb9c9d52bee75b8f49c5d73d625;7832;Health;694974;2019-08-12
842b61e9693af07faf715d1392e903379e96fc9c65f8b575e388a990e770a615;358;Health;540344;2011-11-09
5e30b5d8719050b1fc38d90ca7f8c9e707d9c3e8aa392739fee3537c5bf5fef5;2020;Health;606105;2014-12-17
fb7fbb88cf005e6ecec16e3be4bfadd7133b023cd6ebcbe2ff07029692408609;3299;Health;610573;2022-05-11
f0a69e24bdab68dab6fd41bd41ef7f3160bce6c1b5c6d7041007c44de20d232b;3807;Health;990956;2006-02-14
6bdb684e4fdb6a2bf051e297e780d8ced6a74743617d334a7a841656704236eb;2026;Property;333185;2011-01-27
b4dd3cde16d6204936dd75d620aa1c00914cf375264638037d3aeda631ab9c9c;6922;Property;482821;2004-01-16
64036cf108e49f4d7f03f4debbe7f5645d28d1b0e418ceb16f0335e039a4be2a;5564;Automotive;200106;2007-05-26
ef2df8bd35959966e1ad1489912aa2e762c3d00209316203f5107a69e66c8867;9340;Life;81344;2022-10-13
2c0bbe8de4df4cab3866dd8a469427bed1d77cc8426ed1cab1ca15215f0ae7c4;2900;Health;157874;2022-01-23
c821448492643ed946465d348a7798f751d17ac2a48fc4cb728ac5a5387de70c;7879;Automotive;708126;2001-03-03
3db2b1d92c5c9ce1ca8251003ed999fdbf24079cdfa33a60d752fedbefe9f835;8232;Health;539408;2005-11-16
fa16788a0cd3fac47ed5b5ff21ba3c2dd495d53ce862b5c32fe884ee1ea274af;4102;Property;703825;2014-12-12
cf70c279954ecf9ee0854d4ee566816aa1ace40952cd1c95e07e1d7d3e19fa1c;1661;Automotive;226540;2002-01-18
664fb89a256f449578584db865f8eacaf51c392272c15f7bfeb309a8d156af80;1320;Property;86444;2018-06-08
533b8ca20f93ba0a7c12c7556c7fa10a5d9224c9cb7fc674b40a9db3dd242519;6741;Automotive;904325;2014-10-04
ba2292d51ac132b7725bbf016330b78c6a8aa3f704a00432e6bf00162037879d;4789;Health;857244;2002-05-14
c3aaeba6899e3ecbd0a5267a2691619078535e492bf917ddcca2fb9a006b5729;2675;Life;371512;2000-01-16
7864d81646e4c6ece9aa81e6516cd9164acb17e5df063ea10203a51ccac00636;5758;Property;552837;2003-09-06
735bab9b5f4ca26b3266cbee56b8fbfc1eaf79f6019aac787babf402b821fe8f;7732;Life;309155;2005-03-07
96a6f9e806da601ff6128fe436e7dd1b9620789c81fc6fb21c3bdd5b84f0d6a7;6052;Property;324038;2020-03-20
62e0b2c3c3b017c8bbf9f8e742961a2431ebbce088f9297682d2bad630c5429b;7122;Health;506090;2017-02-08
88fa462464a18ed701f39a5395ff98b82c14adf771b56274c6a740af25d49ebe;1125;Automotive;17317;2002-01-02
8c0a8aaded8ef3ce6556a1bc9a0605c9e98e45baec6552d2b26cd2d314448f3a;6736;Automotive;134449;2007-03-03
2e787bde47a8fc83e7a91d02959ebe5d47476ca22f7032be49901a4413a0dbe1;4085;Life;21466;2009-09-02
a98b86f4de684dab128038fafb932aff92a15e0dbf7e1488c7e44b8675007192;3578;Property;261900;2004-02-16
401eeca8d8f6adba0a4f84044aaf7ae298e6f670de2fe6f223386a9e2c2ba262;7224;Life;718318;2017-11-02
023c6af402c874d64d1b2ec244628998000e5eaac88b4658eac0744ceb6b09ec;7599;Health;545541;2010-01-20
b7b5aa6c41c778299e1e3c29e13272c70e2f7fedbec86f5285478e44074cf5f6;2826;Life;126650;2011-04-17
408dade5413363a4855cac6f3a8de60c9c8f49c8f5b99e583ae61bb8e605df5e;5317;Automotive;415515;2012-08-09
49a08e37b4f3b69ed970c13e129f22ab7f94bff7b9361bf3571a35b155cd1d03;2006;Automotive;876989;2001-09-25
3f4e80e4f66968f43ed68101f1c1cd18a036be6a510d6870d699b0977adbaff2;6160;Automotive;254215;2020-05-21
298434e6e6f24c7acaef2d81c538afb71571b7a7e09da3a33f97f01bddc40280;2844;Health;432790;2018-03-03
e14e82bbdcfdc0e60321f024b4ffd7aeafa0d343bd04f65c4cc3277ca75c8c31;5937;Automotive;264207;2013-11-11
3e04c51d44bbd2a66c927867f5d9a9f28685290a1366f68b616d7785c50b1022;2990;Health;627535;2019-03-14
7c6087aae3876dd3244865cd5460448806d01437b5df3fa85d3c56df8bdcfce7;2364;Property;788264;2018-05-10
311ae145eb3517069065d8b10e0b6408b78a3ccbbf1d53c7fbb1a2dae8787641;8693;Life;798377;2008-12-08
ab7e4e37a23b623ee2642957a3f7cef607edd694ff275ff76e01cb90b2df4391;2820;Life;169661;2022-12-08
3773b10b4d4a37a3243d053fb87e50f6f7a3387f471f45bea56ec636f55eaa04;8032;Automotive;981265;2016-10-23
d97dead610e239056e5da6fbd9e5eed75d82f4e8e949c7e266e09b1bc17f99c3;2227;Health;62817;2023-03-26
eca17e5b627498afd65297cedd200536e2df45369ff9002462193749bee0325e;9534;Life;349753;2001-10-22
014cb3a744c52774df732cf22160b0902130be002e3f6ad21e0081c261521d6f;946;Health;834012;2008-10-22
dd096ad92312c04f2d81512b0d6e3f96f3f772c74a24fbecd39b318cdd471f5c;7453;Automotive;918333;2000-06-04
a86e6572e5776f3b7691ed9e3e807dea1c036b11ba597a837a73e76ba906be62;8178;Health;428768;2009-09-16
ef564d4a605f7c984779589019f86f3ce1f8c77409a089620e918a5d855a01ef;621;Property;156385;2010-05-21
397971849340af24b7cb83acc8cb45b1f29c95328d764bc031a1ad1441dab396;5889;Health;464563;2003-01-11
1d8181825a00a333517e827028ce85a211ed7a01bbf69178429255b4ca507e53;9534;Health;123142;2013-03-15
5d5849d62dc8b7265cf1df182813a5fd294a7d9e87a33934e7c3dd599c77a9ec;6555;Life;736220;2020-12-08
e00b1c094beb953d9bf66d3d150d6c5320253232a1b2ac80372f2d6186b8602a;1405;Life;200443;2003-01-07
85024c4e77ea34167e119bb0c7881033018a9dd2606f7e507c0cc632be651e19;2022;Health;182908;2019-06-16
c3940fcdfc9df98a5d4f1178e0faeb4014f2556a29505a7e8d468b23681ddc43;8281;Life;879091;2007-08-03
a253ba2160bde6fbbace4a4f3025b687673d8651e9fbb06969cf789384d8316c;161;Automotive;822399;2002-05-06
9175be6949579b38b9e7422860856658e5cc875810ba14e35236ca5df49431ab;5800;Health;794247;2013-03-24
bf79381646b4abafd8fd63fc593cf689aff6016319cf5d1500d360ea2cfc3b3c;2752;Automotive;789451;2023-11-16
74ac47c4b2be40bc9c481a058ee6aadc780f584f22eff3bafe3add83b38dad28;1979;Property;703300;2006-09-05
6dc15146fd1774e2739cefee2cfa47593c8b63e0ff14a7a5730217559b6a7d6e;8017;Automotive;548168;2000-02-25
1780e03eee271caf1ad2f9b2fcf0e1983a551714f1b3e901ff183a1b3b4e95e1;8591;Health;867084;2006-02-19
3bb58fee1bccf95dfbf02b9a9b2eb6fa91a6be651cea7dc616ea453f79860b9b;7809;Property;98206;2016-09-23
9b3d06f5d59b98a6174ca96edfca598d4d07993187ab1ef81f9f2d7ee5f0c270;4216;Automotive;155007;2017-10-01
c8a445e651b7a141d4d86296acc48cfe21d14d9b2f6cc4b865b0271d020c4b12;9792;Automotive;825599;2021-03-06
8b64dbd3d3567f8fce1a9fbceaa865f603401056511f34f56d546104f4213b86;2147;Life;428219;2014-07-07
da50d86fea591c135b658c7426f90244f436837b6c90b83ef450d39fe8db6ddc;7121;Health;62975;2004-02-08
361427382ee718f2374f450f3111f62c0a2f046ca92a0b232489a174c0e774f4;2856;Property;814413;2007-01-08
7ea64580b6df97eec194a1a0e9bc214594b7792cc89a86cbdb09a6d19ccf996e;4363;Automotive;191620;2003-12-14
d7a7db39fa2bffb2d90d517ab79e6cf14e2399a6bf065b6b7b596169c6f9a30f;9012;Life;232663;2016-08-14
1c1f38c541e2b70b744f7995cba6ec4f0c63b306c8a3a925cf14c7e5cd9c59f9;3541;Automotive;723291;2014-05-08
d6e367e51d6a3d914d403d43988e623aa191c0d4c1f1b5ccbebc0bfd526a7e47;7508;Life;398646;2018-02-09
b8c558f22bcdf10a8b1b1aa68d7c5bd399bc3d9abff37a5be1d7a804e06a09ae;2644;Property;784764;2002-12-21
34ae315befaeb13f7b5dc2068e5f9fbc875edb4d46f9e8d4b465cb11b068558a;5762;Health;581767;2015-05-22
6149ac873bd58c8ecd96afdd29e8d02f66e6f076465b212b73256e748ad57968;6551;Property;699795;2018-09-27
27d21771abf53c1b1b9db9e3801e1e094635e9a02d0a13939f8cb8460bc39aba;9578;Property;341770;2012-09-06
8b174ab2017ea7b0867372a98667dd8e750ad58eac244f7516c270b11b34517f;4390;Health;995657;2021-07-15
210a886d432fbb30d4dfc71ea8ef31f0bbd2dda006fc236dde62efec9f45ddc9;4342;Life;745949;2023-08-07
4560849ab999d0fab996fff13128949edf886d53048be047abebbcb116eb281d;4732;Life;308937;2009-10-02
197e2ae6cb68410ee4bf29bcaa9eed20a4236b1f1befe08664e6ed30e791f6c1;5147;Health;8958;2021-02-24
35cb864c6d007cb99f0a32ce3263f0b0a582a16bd6a250f637a18e9419fa12ad;9415;Property;286509;2016-10-24
c447c41c3915d3ce48e57d4adc5f3e0386280c7d555a57cbfb0d2dbe0ef3496b;6458;Life;382292;2002-10-09
1675c607c3c04744382ef86e0dcc04c11647ee0df8270354995788c2561f8d41;9858;Health;487387;2022-12-08
bacabb47da13673b12a3d04bf48562bdf6071be2490c7c72fe9fd7e6b8d71183;7510;Automotive;678912;2001-09-28
b80deab10313eb11921e99f55f8e06c5384dab6b7a380da32adb3f388ba77068;2635;Life;387831;2001-07-20
aa2b7a28087e21d3256c7b5fd3dd1a9b8c1cb8230b8dfb762032a9304c114a81;7760;Health;318606;2005-07-23
225f379e9f6b7e283b55615ae1d3d98e833f714d71a3755f451a3a9c991582a1;7669;Life;387169;2009-02-21
3d265d849117617e62ca1da3864817c0b27793f9223b3e0d82f927d5b3d1e15d;7254;Life;557834;2016-09-26
e644bce966e531a3085e6c52b9ce156a9e9ba275fce188479644dcca5c2efc07;4659;Health;147118;2010-07-04
96a8e19ebd8c63677ec38cc187aa651a09b236d0474a548e10d7d0502cd6eb2f;7329;Life;887913;2001-06-08
ca1639a941b7eea46ce2b52e218edfa6357263717e5585ef292f7eeef6e54c70;9274;Automotive;378342;2005-02-28
a6e897c72161f3629e392d46e80a68416890e6d08d9a0c84ff4da4044b0e32bb;2979;Health;499947;2020-06-28
5154e3cd6e2fa809a3c5b78ccb74ccc9241251902e14ce4eae445feceb2a8c8c;4037;Property;350389;2005-11-03
904d05175c1a4ed46d0e60b4996ec90c6f7981d208fbf5ef465801325901786b;7068;Life;766543;2020-06-04
57e47df4620dd5a7dcd7353f5a785878828155b0fac13ed5025c642f150f2183;7143;Life;408964;2022-08-03
d752518f0219eff326cac13055aa13adc0c3b36d2c3dc4d0c553a5ecfafcf57f;3138;Property;401266;2013-10-08
2b811cb83da56e65035b00dc30e332848e24ee9624cda7690a0847c2ef8c4509;7160;Property;213092;2022-08-03
ab3217fd6f871368da9c6b4f21101d5e73e135e329f516d3ffd7f12ef0e3a623;570;Life;210933;2007-10-06
519ee4a0ad73c92b096149dab0e1dff372deb9b4ab2faf2f47e6903125bff588;7028;Property;133409;2001-12-17
1ba3e85f0047b54a83326bed347a94ab72e47fc63bd4cabca6a17e20266ef9e6;932;Automotive;348828;2000-02-02
5573a3a3d424d40c0f2ccd44e350739e463b2b697fae04b463177f7f2b3467eb;4369;Automotive;970291;2009-10-02
2bc6151af3c7560908199a830677de1f6e47508c63116ca0a2da960a01148864;7669;Life;962585;2011-11-16
e41f88f37934b6247eafa40615d94ea4b185687f2ca64d27e89f5738504c1dd6;7560;Health;852420;2007-02-12
0ddaec792f2fa609b3f1b2db0003e8b9fefb7d927c92be312ec47b023192e0e1;9395;Life;988910;2023-04-02
9c7aafa3e00d3e2a3a1dd2160d2a6ed4e57c399d2b29b015a3d0868566935abd;8137;Automotive;456631;2022-04-22
2a729215002a00684a1dd66bb49e52797674ad7781d2c1dcef056083ae8de9f5;2379;Life;895376;2013-09-26
3737f810da3e5b05b488c912372c61fce80b29d5a28b5edfcf0471c5713baeac;888;Automotive;783807;2016-10-06
463cb8e93c031c5d3ce59a75a4adf24e2fd7998d0972c57a1e4bd891b3324cbe;5350;Life;585807;2014-09-25
82df3e218c9409068b49fbe212206fdbaa87d723740b4dc9b4d06913bcc1ced7;6135;Life;902291;2007-01-11
bcb0f2c3d360a3622d3a81906c4ab19ffa44ede25871cb72884d457b56b0beee;5770;Property;176914;2007-02-09
15d369a7958f9ae6630d808096d62da28552e012f42d74c683672c3b94136da1;3911;Property;864036;2017-04-11
c264fab9aafbb6159e3a034129f591ce750558f92df30a0e2fecd28162265624;7981;Health;153697;2006-12-21
87c0bf773fb0b225a2a6cd4987f0539a3e12a18b0b515e230b5fea65dfdee3a6;1481;Life;196413;2022-03-20
fb4c660f524285251944c038c147d350b52c5975605529cfe607df67f6e050fd;7306;Automotive;423920;2022-06-18
fe56bb8a29c7d4c89801dfbbeda2cbcfa0e84a538f7e268146dcbb55138e16d9;2454;Automotive;584979;2014-12-12
3c3e2be4b5ce77e95731791d34493c3c1c5a047f110da8335ac3dc319c12c407;6640;Automotive;769042;2021-01-14
438266229b9b4b2751c224ae4370fbcdf79a0f1670b74125d7cd21a240c7ce1a;5615;Automotive;306026;2013-11-17
f34e1e6e3cf74277b957e4c300d23eed016a6b99da57f95cc261ca943543da06;9370;Life;37533;2008-05-03
99301b3da018c0b7f4272f1ffa2404c4d1d4a32586a6f5875bb65ba455b19604;3381;Automotive;643489;2006-01-25
7035b65c213b64d51fe19da3ea2ba3df67a809c81f884e6b4f623ebe8cb89a25;6784;Automotive;210974;2013-05-02
74f7b82b74f98399e452251c10fd2528b81d8408951477d0c8028b6229cdacdf;6772;Automotive;513569;2004-03-24
d5d6d899d34e372f2baba2686bcedbd915c205a18a10e521b534a53292393e92;8966;Automotive;882060;2014-10-22
d2c86d9a1198e550af376254b037b5a9a3305563f33837862ae1805148a7390b;256;Automotive;553680;2019-04-10
166c4191e1124402f560754505314d599b8336426b2718b6deb9c8f36379e095;6277;Property;723536;2009-12-13
6bcfb8c9f0b8359368dcdc030c65549b334d978f3971e5dab3fb11c8551fd245;6078;Health;41316;2021-02-15
c6521e2643414181086c03714c413c859c1151e513190c671731aa13b0e3f36e;5005;Health;4511;2009-11-09
179f04548271e0633cf84370152c8bff8a676b4b72005e949bac4f2a60fd22e3;6575;Automotive;581967;2002-06-04
75ed220d9a16c89b56332ffc421e8471a3011a2d8fd068be756e0464ec310edc;312;Life;192498;2015-01-12
697d960d7b963e6fb831ea8380a398966c358ab03adaf83cfdffc8e2e506137f;5836;Property;201939;2014-07-12
bae6a386d1e34783eae955d815a3ba73cd0e784d8740799b7cb6ef0216247f3e;6897;Life;909605;2020-12-11
b74271fabe967f911a9701c855f3c51fa7daa4c29588acc549dc970297341247;6073;Life;474387;2000-04-27
dd75ad1489cfca5567217fe5a81a512784183a8c71ee63cb17272a988bd17080;3217;Life;421478;2004-09-15
b051f3b4373a71b2b571c263fcb0048a31bcfde090f9a012ffc753ce115b7ad6;523;Automotive;137921;2001-03-02
818d05271ca941ffcaccd1ded183b5b479054a8f801a7a6731e1edd0c3afcec2;2134;Property;390710;2013-03-20
c4b9c72813e58fbef949d3321edb32c3e1358aa8a40b14e3c38408951bfedd07;4030;Health;836102;2012-06-18
09fc4868d01a932f02299588c72e3a8545a477cdeb0d49f777314725f64917fa;1678;Automotive;688170;2003-04-16
c9f65a4d7461ae8b85f090999f9f299c3b896e39c59790d7fc3df9c75e8b8d83;3173;Health;197170;2013-06-18
20dc970c00e9cac5a4f3f6a301747a9e86ab99abfaffdde6213c4b222b21985e;9220;Life;894519;2003-09-04
6fb0565911a19be28ad2614a7e3951d1865d65380d7b121924b93150649f62e4;6122;Health;196989;2000-06-15
0d557b48e03d886598c9b67cc2f660c2557c8ee5298385323fbd60b38fd172a1;1784;Property;542094;2023-06-14
f78d42abd679ca29c3dbcc07d436c14df556038c7eb00800af095dda7e866ed8;4444;Property;209198;2019-07-10
87eef32323656557248b7210aa848c093362c2b5c7cd1565fe8be69d871d4a2f;7592;Health;123831;2020-09-16
59f08b704399587993af39eb1f04e835a301fa55f4fb7f44fcd88d196e328096;1356;Life;135190;2012-11-02
3eecb41e25a55e57355df91e6cbec16730be54fb89477ae42b3203122d67f964;3062;Life;134328;2006-10-15
46ff670bf0259979993c979b66999423ab707c97e5278c53650e6ce968bd6091;3511;Property;218641;2013-08-21
3ff6449d5acd9aeba024855566ec40e21456215342b47b58736c461a73577fb8;837;Health;283529;2010-05-17
dfc897f25f3b2113d1de7073d1173199e5b79318dd5125461ed2f367c4b950bc;5590;Automotive;639838;2011-08-14
7aaa6672ad7254fec040d8e5d5f5c6b17890586ccf543d5e93c17d7afb49498d;7512;Health;546087;2013-01-02
a1ee60be8667b142e941e986730b0e14c43d92d5cc6aad384e580ed4fa83ed34;3264;Property;29322;2015-07-27
c2e4007b3468eebb1d6fd46fa11c444b1291dde389b5861745d0e4dc3d8182c3;5550;Life;724658;2009-05-16
f18a5982a9bd357e6d698a363edae7862f8fafaa69985d49f8e05863d8238b71;3752;Life;286125;2019-07-23
e3d33f8558b62d9f4a866b638181a0e5a6a29a6d8b05c746f1b936bbde52119c;8795;Life;866618;2004-10-02
0a7e296a419f139c146d4f8611c5d2e7d8fc409011e322e93bd556259315db12;5683;Automotive;829608;2021-12-24
6581a7d433d0f200270eacaccc224d01934175c572841d29e7e98a0d51f43fce;1280;Life;129560;2008-09-06
311841be9437b90d295d0c188a663dd67b1e361dfe30cfa69d0d598cfe7b69c5;8146;Automotive;403932;2006-07-25
f2c7797fd137dde247030317d30052659387fb8b026c59c7c2b4daf8d283cb86;8921;Property;994866;2005-04-13
675be7d99dd42db21da331f682d674e939be8dc60a8d93e5fb720df0b7ca928a;9338;Automotive;164856;2005-07-04
5df84f015fc750608ff85245d16644d651d89871fff4736f73a717e54af09870;5615;Life;281398;2013-03-17
b632649fdec0f39ab490eb91453def08b93ca173e7e6ed624f867bda1c65c268;2297;Automotive;477934;2000-02-20
5754a5c98cb2b262c9fe7e346973597236b27defbfdcb995cea9f37c1f91798d;7360;Automotive;961035;2000-01-17
2bc38f64bf0e5da2f6a7f0d578df8240bce4c2b75a496ba8a0f0f70bacd8d745;8067;Property;267231;2021-04-11
96030cbeb87646eb6f3e0ff35ab8e6d5fc931420bca4603fc8efffc5de697183;8580;Property;260747;2002-12-08
d932eccc08b057167dd081488b40de03be08dc327a0a81f3fa7c0612f6cce763;5041;Health;727867;2023-02-09
fc3b95c404b27c5810620e62c64cacc5bcd13743fbccb1dc7116721a4ce74eb9;3851;Life;406111;2019-12-27
06899a5fcded333461711a7312c4a0b257940dc427efae2c4f279a365960940d;3097;Property;337582;2015-11-24
ebef84fa14c2258517db0fdadad95e16d6f6f618a06fbbd09128396ed789bc57;2287;Life;307843;2002-12-17
c82312dc72ca901a6a14d4e2cf8ecdae9856e6264b9d38249e8da0fcd91f2fe1;99;Life;34423;2012-05-27
61e13d51181a0923af680b5da89fcbeebd0b1de30f3b7601b8f4cd21f876b845;383;Property;615515;2002-08-07
ac70e0ec237bf22da733145f74679f9c932629fb885cac6090b98711cb30a2db;5548;Automotive;22032;2004-10-12
f07aa766cfb5b8fce22e198fbaa07d211ca0f9f3b4782e98d438770c79ded47c;416;Health;506809;2019-11-03
9e42e1d62c9b7d861781759b9bfc1c4b55209e7e01ee4e1e2922a73532c9e580;6238;Property;790453;2011-04-17
17caff02a9397a00b9bc9b70a6e6c8304ccedfb07b91c518ecdefad5432c15f6;9045;Health;60993;2009-06-14
1894ae7d4e6d6c039293122e82e0f8ef03a414b6114ba0420e13f76a9b629e48;2530;Life;851667;2001-07-26
5ee52ee64c763b49fd412e57d44dc4b4bd4447023e52f34dd37fefb18799a213;7386;Life;742049;2010-06-17
af183d7cbedcfdb5a52a06ff2b9cae7a462caeddbfa45eeaa349bafeacc9948c;3624;Health;939611;2021-08-15
c55e96b468b9d5d7ec27fdcd135dcfb920df586421912cdd99be26204d8434c1;1134;Automotive;145669;2009-05-17
77463074214c598c30e9ecff663c19ede86ae95cc4d150df866bf2bd874c2155;9959;Life;84253;2017-09-14
bbf22cbf8a2fe9789a4788d36e297e3522d5cc979c4c9a2bd036b4dfcdc33ede;4511;Health;186100;2002-09-28
9e9766f25cc169352316871181d6e1c0f1b8b5e801af7e9879e7a29c2ed7b807;8256;Health;484636;2013-01-12
f5f90fcd85b71c9a5a9c100fcac9ad40a39815123f4b19ade165f122591a98de;5866;Property;378667;2022-11-15
280a5546cf5280ac43f0f56a7f5db93e863070120c68d0d4e1144fb2a2cd6e7b;1577;Automotive;12917;2017-12-09
f3d6d8d4119fff799e3cb88690aacf8898ef934970e6bfc88c01846237f1cce2;5005;Property;468024;2011-11-07
b9924ff54cc45a137ee3735f48ad50886d89e8aa9412ad4bc2b49e8a2f78a931;6729;Automotive;980908;2000-04-23
11f9a92a95e742e68caca2230882891aa05c42f20cfcff6b73a1f3cc96a36809;4923;Property;755671;2009-05-10
a23da31b68e3d2357a76919c8ea87d27120982b37e976b2a1652a880ff49f5d5;4038;Property;482199;2013-03-08
b220b5813394eb978da091f104ecffe3701f469f019a4a60566f0ab25e925cfc;6957;Automotive;156162;2012-02-26
6a65c1f7cee3b9c21a90aa026d4c6a3dd361cbdce10c5a8f6be2911e298db701;1491;Automotive;979141;2020-07-05
f8603c50fe7a4a2a750382a7e822523139c9b9ff5a989c9f129e9ad2fc448b32;5010;Health;949344;2012-07-26
14f3fe68420a7f99eaf8093d7e4eccf66eea47970a85b5f0303a4bb82d4b7f8b;5340;Property;478826;2004-05-17
cfe3e879e9af2b071ad9338cc8f85208f3c06373a538bdac71815db88e327fc5;3227;Automotive;968982;2007-06-28
533bf61ea8f4c0c901d16dc8a73d6b6ba2b06b10625db2c6c5649821d78c81c9;3494;Life;653836;2020-02-13
94b5f607e352aafc201513be3bee4f16d06cb7d9f05128f0d096e241cd182849;5233;Automotive;373186;2009-04-27
4f83d6104ef73ac8931ff2667aa6dd066121ba0e169700cb3e052f80237cf77a;7071;Property;709686;2001-09-27
dc81ce7e1b40c491eb694df5a63cb555313b265cc28d5a3b43cdc332804bddf5;8159;Health;840587;2002-07-01
885d98b15b03d9576cd95e758fa4dd5e45da3b028a3e7cb70b2fba4bb1ac65e2;1731;Automotive;65806;2000-06-04
1a34dd274a5d0dd777fb6d4db169171e28fd9b2f965c1cc16db671d8e5148d00;8079;Automotive;299040;2021-06-20
8cc88a15c48b2b49a05755d2d87bed21b3bee14cb7410919d96d34ea4a905631;6040;Automotive;388834;2014-12-07
f5d0eed293530260845e2169dd5ffbd1d5d15f98a68e5b12f3637486a98d05b5;9831;Health;240737;2018-02-11
7593432446a66b3128f173f8067b15ac2506ca052d7407f85f21fb03d343a9e0;1079;Automotive;484871;2009-07-14
54b83daa70ed7a6f5dc643886c61aeee1c90f50d4031b97507434821abaaf227;2899;Property;198740;2006-08-13
1d44572e08a292b48c1e502d7b72b663d17a3938939d6b351ede0a223b04f6ea;5826;Life;571407;2003-11-04
cb222eec61f89c295a6c5b8472a4e087aee914bba68ba0d61821bf64de43340f;6756;Health;931402;2023-12-20
72a966706aec3ab4920fe8a09bbd510b080de60d035a89f4a913b09039af5256;2825;Life;112264;2012-07-09
de4d1e0a438d015054ce5b65dcbec2e22263142830920efd6fe629591c1fe5d4;8894;Property;410633;2008-09-28
9f827291af70e45287b4773accab5e953899b5f360553c07b536c7ea1660fc0c;3879;Property;56634;2022-01-07
89b2e8d9ae99977c34e00c834ccb4d793fdf96d320d5d4d5558073de76e54c96;5273;Health;634794;2017-04-08
e6d774cccebfae4dfa9560ed2985c138acfe5268df0a426c4d2be46b0698679f;6221;Health;66463;2017-12-15
4c920b8fe7c9cab42c683e1d235a792154b1356459dd4cf7984222c04aecec75;4390;Property;16187;2010-10-03
459b9eb3191f3d1e74b2da9e5476b3066c15993cd325c8d77cf4993fe999e217;3283;Property;552981;2007-03-16
65c5976610401cee41cde4ab78020c708461bf65bc66a9f9eb68998f558c3fad;3771;Life;83186;2005-05-03
7de1988f8af028ce5e5006c61ec08500d1f69ba346e9bdfd552568e272c6faf0;2978;Property;395894;2001-08-02
58c4837d4cf3163f6355ea31828fa2ea658a2d8c455253461dacb129ac6edfd3;6936;Property;229481;2002-07-16
c439cf26ca374866d2b8b560f30b4f275e967e8a9ddaf024d450c059ef8f9ca9;7513;Life;804879;2015-05-23
fd67e4fbdb664f4166caed7b4ddc7e58bb7f51a1034c2d746b5780ab18713f66;6016;Health;797462;2007-07-13
3d95cd4a9bea57932433491fc55437024ddb5c04c2f59f97bfe5770dac5643e7;436;Life;593820;2020-05-02
6b67c2332defc760e3ec6ef188aae17a5996605ae5ed0f0524d16c937299da8f;1432;Automotive;748190;2007-05-24
0902f3ea7822f3df95dc311879123f313f158e4794f17810349b73360bd1f732;3211;Health;925054;2017-11-14
59f6fef590ffae12551a40282d8f7c920204bce02f3f4f5c24475254fa675990;2474;Life;412488;2007-08-11
9975c8a39254b7829f2b58dc32664eff0b0f5ba348d338ef651ad4d4e27bacbf;866;Property;224355;2023-01-24
e80c0f2bf069818738a1234a7fa0e1cdfd67d46d3c3bec85668055400e91ca5f;1660;Life;721798;2015-12-05
562a926a98fbf71ea8d192fd274ef49b96605b84c4687646898e8181e16f4e56;587;Life;528495;2013-07-18
151e667b58b422be4278af68f535fe799aabe64d612088503819276e708ebc2f;1468;Health;264590;2016-01-07
b4945979cab3269ae478a8db2e55817bea09b098456aaf96fba5b4ba388fed42;3090;Automotive;280460;2020-09-20
c918cccf17251ac3781e8377de3077cab62f77e729bcbbb37dc2aa1544357217;5467;Property;33695;2004-04-09
bb3b1f0013c3a14c2e7a78a366d90b6e4e7961bfe94d3677d8c7e1a09a0071f7;8651;Health;285326;2013-05-01
1bf7b3a12d74da25951270b4d751930bca1759bbd67a54d1d938b85627301565;5905;Life;536910;2007-07-24
ba585f6650690bc6a09a6bf7cf9da147961f728480d578cf5519d87e167d2ad7;3484;Life;833817;2021-12-20
5334c48d312759c920f0ef41267841303214c3f190f848d914778d9ece9b0dcc;6894;Property;891013;2021-11-18
e07a177166679b2465af3434db0cfdfeb5982e97e267d40224213214e9536f72;5610;Health;47439;2015-02-17
9d689d881547277f2564e25f4c4f9992f5c686f841e39a2b9e54cc5010f656ce;2608;Health;850378;2007-03-22
fc8e28d42ef005ea6f709bc2b360d9535f3fa4506f14baac334c342d4d685ad0;2391;Automotive;429675;2011-07-03
059857a7da5952b7063278b4e2f1293715b0a5b35e2f39f0335121da4b34a76d;9560;Health;753944;2014-11-24
39d3774e8b808d04f23648e7992fb5ebef13ade589e995e61f444f347cfdd901;1082;Property;393128;2023-09-19
486cd397c5f9b6ccdccc11ca5edfcfa46d3c6e459353d97cd48dad466669de50;5643;Automotive;45703;2009-08-20
3c8de174532c4e142f0b626a06381480f3dfa81807f27f452e2b12b67ec48214;1090;Life;958467;2009-11-18
85036ee89383807a7ba0724c627507fa6c1bf8fe3697b417191954448857b91d;6782;Property;838024;2010-11-25
739d0a5d7e1f5faabfc1a0afabe89b6e3465c441cc0e6f45bdc5234402749926;8014;Health;106378;2023-02-22
9808b0356b153f5369e8bace1e59566843e678ef7b94f6eaf0e4dcf70b104be5;4063;Property;388705;2011-01-13
5174257faa0ff2b84462a0394d5910c1cef9c692a6a26d7508b9846d4c739f63;2963;Property;703716;2015-07-08
faf2dcc8d19cba47a41398f6a2c0adee597ba05ee1af4256c1f19bac741a7edf;4133;Life;634563;2020-08-24
649b29c0b1ec7823cf92b5cd5fa18d256235ecb99d6bf4f8c296c38f6a5b6da1;2590;Health;910368;2000-02-19
462f47463f1f8a186c12222b30bc35987e3dc0e5c0f299d1ec6638835ab2a20c;2168;Automotive;179606;2004-09-07
fb25855a3c9905ef819983e6cd70531f6171636db7b6f8d2efaf61daeaac78b2;6262;Automotive;105694;2018-09-18
7b934ad65c39fd9254b335e0f5b496fff8d702bdaa04a1b86b1576d9ea62f2b4;3680;Automotive;556548;2015-02-03
63beebe6d1bd72a88ada89921d491ade0389d6f5aa1192a516e6865406f7f0de;1963;Life;29482;2022-03-05
e7fac6c9dab45f9e3ce7def44274916af80900ffa4e39e1d55d27e7c972774e5;7668;Property;509162;2000-06-27
8d00b726de3ae67c921abe61a4e8d2379be4d2ffba59ccd176ad35ab836e0efe;1227;Property;218682;2002-08-28
dffed8115f3ae4ee780ab0d78afd09b49311bc5c5d6507cf7783bc6fcfcb6354;6295;Life;268596;2011-05-11
9673876cee464a801b26c8122b4eca8e5dfc3a6e57c829dd5a3363faded083fa;6935;Health;559150;2001-09-09
f25eb9702dcbea8fa1727c9c99bf3c840b9da161a649d8ed2b500f0b0ac3651b;9769;Automotive;578351;2017-12-11
7e4015e26ec83e0e80fd1ffe9206845d8a483a6eaa3e674a869ee821373b85d7;3211;Life;457804;2006-10-15
0d83c9ddd790d32e3210276d6dd3398369922e2b27956dc8fae097b8ccb708a3;5805;Automotive;806511;2003-02-23
7a6b2f8b8b6af4ce47eaa51123f98d28c44bfb002f831b4ef8c45823aa3997d5;5821;Life;208222;2003-11-28
c357cfeb1a1d97bc9b499ca65327029a5fe56362ffbfad7dfcb0b9e9564e2571;2909;Property;514526;2007-03-19
0fb2424847f7b638eb45582ee335b2b6fbc9c8047ac09139dbbd008aea0a038d;8817;Property;188331;2001-08-22
04eedad291470ed8c57dcf072f40f2cfdfba267c72296e2e88623d34ac766b6e;4800;Automotive;694299;2016-04-06
12d5db915d628cc7967d81de2deb0e9b131c6f4f1a1643257a1764c4ddb558f7;1362;Automotive;284081;2001-10-02
863edaae1048b757d403c021093ab69e14a81e0dbce2d9ec801726125a0d65f6;9150;Automotive;283890;2007-08-16
8abc6cf24c9a3f1d8d56277f0e6869fb5c54acc54dec33638051e134b17ba77e;9587;Health;934490;2006-10-18
9b13b232c0690e1c7b9c09948549df70b35cb77e5c9bcc10b5175e142e83f918;8580;Automotive;921160;2022-02-21
9b57073697a72a0a29fbae2f28c4085a54f60bfdd22fdb28481d62dcc92e4334;6070;Life;856244;2008-07-19
e31a07dc82f551e75ce9896cf40a62c2a9cd67f76ce4167e4f55a347de76129e;7085;Health;13094;2018-08-01
373446b1921c30643d15c7c5472e294e499d7173f1ebb6791fd1efaea8bb79a9;7126;Property;924988;2016-10-28
cc798ff8e9d83055a6df92ae60ed12b491ef02327473ba4fee370547ec72d939;1463;Property;775304;2019-04-26
bd409b2aaf1c90f08deac19745fc86dce5a22dd8876ea0bb7fb9572f290396ff;4956;Life;425822;2002-09-06
8675a2cdf7fd91bdccc29be81108f64b12ea56d582b7dc9becce5589dade524c;2351;Property;787515;2007-09-15
82c5e5498d1d7e8f9cb294159a0add53758c67530c7525c7f2fdcb43e33ebb5a;2112;Automotive;290364;2019-05-09
a3dd8942dcb4153d56c5d0c8a6ac84f056081ddf2c8943977251077f6948e371;2909;Automotive;284385;2012-01-18
892c0c7fc1e59be46a9cedc1707c5a5bcacc0e4f8bb0c79e21786b091473e9dc;5920;Life;763398;2012-03-11
b1be701a53ea55794d112342a913987a5b7445963ea3d9dd4a48b0fccc34d1a7;6873;Property;231398;2023-09-13
e072038209418403c1490606746a193de51afdaab48ba510ce344977f23698b0;1846;Automotive;729332;2010-01-27
557736c162015a67ba3b4a91fd7f16b4d2c8ea96dc7bc2bc2f045a5fbdfc1df2;927;Health;828233;2011-08-07
83dcec58e89bfe9bf9ae03836c260784602ba6fb04ddd5451501713cbca2ef74;4197;Health;853602;2009-03-05
1b33725e0ba920683316842f86a0f8db1214d8e9d6eb23ac32214723bf89f673;6369;Automotive;669095;2021-10-19
95e716620a0f4768c14a590ebf1c253ac7427177b6e10a734c95f1e53ec39d30;9559;Health;769480;2014-08-27
6e545803521f5c97e352c2e73bd47b7510c3f744c994a2f3ee42902065bd112c;9813;Automotive;26557;2002-02-12
14888bc03f9db2e0e10d43f8d3815707993cdb1bc0de055759a2597a996f9343;6472;Property;709499;2003-04-07
6764fc21e63f00aaead70d3c4f0379f5cd34cfd6560beaa52ad28992ae08e532;5330;Automotive;137875;2023-08-01
05bf74164804d470f13e7848d44d88585d67a02287e18789b1f125591b091cf5;9310;Automotive;989638;2022-09-03
70b83101d91588eb1bf060d1adb3c2a46577f243d1b8efaca01a3c54c9da5ecc;4869;Life;724187;2022-07-20
dbd4d267b20ea78692d42edc773c6e628a30c8b6b7a4e562636c6ef7fb91c7e2;555;Automotive;627986;2007-04-27
95fbdbc42206a434bcbcf00f878ec99f26a60e114e56f612d93d4b22aa092947;926;Automotive;557329;2005-05-27
816c4b56dd8e4ac73749c1262f327f83761a8ce33ae775185c21d52b53802124;3461;Health;294644;2001-10-01
1caf61c6a4650de6f82a66c6f9731c7b31f49b35519bf3a0ec1f9b5d1965ff36;6700;Health;138500;2022-07-07
9ac93eace5b97a68b0e8ebc9e5c2335b7aceb3acb60f517d7484ff1c73dd997a;6710;Health;908188;2005-02-24
30dd0c01fc2ecb2d64e8ef624e4830ffd4a173628650b136ef8d69e044fd3a16;9089;Automotive;995188;2017-07-07
91d973e182688dc34232ffe7b4e9cbb16cf66434f408c718eea6207eb0da4bbe;1878;Health;944490;2001-07-25
6ed53c4c6c5642808046e09630e20ea2fd80b1a23800665451d5911cd5b8217a;4762;Life;201136;2009-11-23
13f80391b51e89098285cb56f3271a614329bde2558da58cff68479341755f60;3770;Health;416806;2014-04-21
75fb7ce2751d70fbdf5f6e085f08ecfece4d22bc2a3a3f568c3759cd90605eb2;8755;Property;729079;2012-12-14
a859937f9438d15b7c829ea584fc527dd4d5acb94885be300ee166db999bdbc6;5725;Life;282288;2022-01-04
6fdd5cd8265ebf55307b8a8ad5d410a92b8109da0fb50cb3b1197b8a66a5029a;6754;Health;441666;2007-04-24
36d3fb3fc61b8953d41d07e36beccbca55f80cc56cdb0f611698ff02b0ec5601;5734;Health;995578;2021-11-16
18430bf5d809c0a01ea114ad7575269c0face5b9769389b144916dbb15213db9;3284;Property;277751;2009-10-24
4dbf2e036d1c51a5c81e252c1829d21fd1fad02aa63c20fd8c63007ffa17397d;9246;Life;247360;2001-01-14
1f8a2023909cf90c38eeabf625de882758a56bbb5d07784690bc8dacadae67ae;4766;Property;290957;2023-05-07
c672abd65abfe2a2c5f2594444bda21541ae57fd20bb7e76519d3c80e7def73a;634;Life;980596;2001-02-19
0c0b5ea1c75d03ea8d365ca02d43cbe4aacd742957db4cd465f3724eb166dbcb;6884;Property;696917;2016-09-12
09b9cdff0592d1008ce6e9a087f9034cae3b234a092d33f46f647b709835aa41;8521;Automotive;392932;2002-09-21
ba725c346bfb9d53992711331237f0835a699ede0e2e4aacd5b5056e22d63100;4667;Property;696009;2006-08-18
2bf93ef5999216de0bd1b4aac83d50f71e707a60044c3f1060bd9fe668ad31dc;4155;Property;524433;2008-12-21
72aae9273ae9f8e6008b47566facf9039d98da6729e760ac0cdcd6abe2984e35;6219;Property;238117;2015-06-16
1146b03777eff59cb1aa009e4d522580841c3e8c6febf3725646ecde4b771e35;1158;Automotive;475177;2005-06-24
0667b763f6f146c17bcdc0240affddb5f8c3e1a798461583cb552d07554c678f;6728;Life;408947;2004-03-01
3bbb79a9abde8688f7c69e71741c07ea7e2d17b0c6afe3e1462f16ef067e6073;5879;Health;396145;2013-12-01
d8cebcb0529df19f11af8b90cbda214b3db044eb32a402b3ce803d6ababede9b;4450;Property;82789;2001-08-22
0eb70506d59c02f60ca67561fc8238803ca5b671b786927509cd64bb817b1ac0;554;Automotive;456196;2008-11-27
f98db66adb54757cc394f48933924d8d582e90fb58a8db2901e6b413d3f16dd8;4414;Health;582145;2000-06-21
3c7d3524f7ce64ebe4dc1be200a07cf34ca71b4c766363eaa44b0d931a7e2d12;9494;Health;984093;2022-10-12
7078959067bfefec2147d855feeb467078adbcc26f605e0b0fbfa38083a52184;5137;Life;354658;2020-03-20
45a6dbe9282458316bb324e721fd1298fee2395e9ea7802f5eb8d3a80e9ef601;2205;Health;189822;2010-01-01
0f8600e54e5304a14f55209fe987b0800156bd21f0bc497a17325eeeb3a94db9;9510;Health;194477;2006-10-19
86ff481eb375cf91dbeb00d83fbf778b777e837e0f328b11eb40f04861618485;3608;Health;55445;2012-02-23
8c5badeb5545a8ed40de0e43c12d04cc3195e6f23b50bffd0594905eccc1a5e3;9031;Life;577591;2019-10-02
84def91944176b7b59bb96dba2506bf761db7a83a80b40d7d891801a61bcb9ef;365;Automotive;542422;2006-03-06
37436bd145e5bdd429de5b922b44e5261f76affdcdb2da677a8f19d314c36542;8007;Health;177835;2000-11-10
66a32c89a90cdc0daf5eb5edbcdbf1b466156793e31c1324184b1b1aa1cf1510;2290;Life;942564;2001-06-12
d3fc0376afff56d26300d29287691b7cecfa323c5b58fcc6a230aeae7b58a88c;567;Health;881103;2021-06-03
35ee0ed4e8bf2101d11ff0fb55736fa62bced2a503321206a7b64cddaa53139c;1601;Life;831586;2009-04-03
78feff12d5de88b669baf84d318d695902f366854704626eb3adf7e8fd993980;8828;Life;718595;2007-01-06
be5e1ea9920ab7fcca700d33c99fadb3e6698875463d32689081050a4e20bfaa;3969;Health;869722;2022-02-21
ad4676584d481b0d2e4d1735a35c5065e34fcf0886d0dcf7c04e76f49eb6a381;1372;Life;900380;2003-05-17
b8efe4cfa2fdbb183dc5faa5c282df5841b0589c789d99e0e67444b62c5b46ef;4950;Automotive;976123;2014-01-17
8c828d31e2c9f41f9168e36eb824c221ba8e61062484f9ae41f1e6d6c9f5d90e;1248;Life;322021;2014-10-04
fa4f26da1df5428f03c4498e29434353c4339b471bbbef3aaf1e91d666230209;4046;Automotive;985720;2016-10-18
664cd580e198801359d1092b911bf9eccabb052df09d6f394010175bd2375b32;2029;Property;70589;2009-09-14
e78e2277e8c137f74c86ef3df48757c8fa9349e3156d764ab31109746909bd46;9306;Health;930169;2006-02-10
9f8676a39ec9d921d9fe6247f1398aa97c3e1b436e6c5337fa1509ef6a4cee99;9689;Life;775408;2019-11-25
3ba0666933bebea8494601bfd4802b37b1e60844bb82b42bc0b28c58f58fd1d2;7914;Automotive;874667;2023-05-20
b4f56b24f2640d04efda9d81d8f054208cb58853131f75e6a95de0729ae976a6;558;Life;418360;2021-09-01
a626245501dbca30365bee5ae131ecd58b0b4cabde117a23763e2bd1c34e5d05;3374;Automotive;458832;2014-02-18
706808bf076f820ada801e95d779e8520c908625de0d054b8404f4e5c8df818e;132;Property;22230;2008-07-28
7cfed0ee4500baecc7221f57f283aff19c290ad80b5302e42a5bc15817e1bf5b;9557;Property;601161;2001-05-22
ff8bcb48960b670fa2c3fe36da8623f5b79bf894267d883a9095b71e5b777e5c;251;Automotive;66369;2022-03-10
7d10a87c2699d632ad530f7ee69d1a8ee4529c10652ca72c0c4100a5ee408202;6099;Life;78316;2016-12-10
15301cf670544bfa830b1ca8762bca63d6b15e8ba365135a4c0e38048e9f35a1;7000;Property;251200;2002-09-27
7d936a56d33c66d179e1b8f1e790852520fa5be9fba5ede08fca978d751778dc;1333;Health;934610;2015-06-07
0ea0e1721a8d589d743e39e79cac7f9778d9d356ab5de83cf6b90e953464625b;7061;Life;402655;2011-09-09
855b29688f8fcd6b480e2920022c964cf81ee79ba68b0d197e393d003eb45fc8;3382;Health;360116;2001-02-27
8a072f3f8e3b29b357d9f252cecf069414638d6b3e1288b2b19b248173f6d253;6379;Life;75000;2001-11-28
f211ab1d505f4c0bb4489e79f4bafd70fd1aa803a38bf69da5d71d190a0cde82;1169;Health;621626;2011-01-12
c57853649945b84e8f1eff922b07b4f9775742ca75ec0977e3bc3d4e6cba08e5;722;Property;890193;2016-12-27
0e17a302000f2c3eb26bedad88aff1dc1428e3db5213cd24bbf6dfa204c20214;7493;Property;106850;2013-03-16
fc0c235fc80d76fd92130e319e7dc29690e2e7f3d6517e443ae05a0fa0f37b56;5696;Automotive;923882;2019-05-10
b46ae0dbf9bec89da54575a06267b1b41bca22c060683151d45466c4859ee0e8;2204;Automotive;686919;2009-10-19
debe3250a6c58ed10c6c081a51a7d4414de2ad812c4ef3667afd9351d891c623;6872;Life;206010;2014-05-01
7ed9f5f3a800d6996a1cae92bba5d92b58351dc4690a57a7886b22d87a0219bc;8152;Automotive;278963;2008-06-20
32883e25f543b0df3eef00861167d4384d72902f768cee8e37d0af90394f3fac;9258;Automotive;977857;2017-05-14
15f03f762e51fd7a6017ac90eadfa410e3d13545dca79188a4d9ef8a603fe929;5922;Life;82515;2014-05-26
f8a89842a2b4b96b9ab22059c5568f27ba705eb642b85180be38fb9bcbf0cc7d;6344;Property;73095;2005-01-12
7917804eec0a29f948384177fae83e64934ca09bb8d75e99cb7f22df72e99912;8865;Automotive;883175;2009-06-01
cfc2d354a0c1bf6e71f12edf4c0be456dba79856fd806eba814cd60c017ff525;3946;Automotive;711066;2015-02-26
b3120d20ccf4ffc4b61e3a83a5079708788670fcc05693ac845305552d4aa0b9;4583;Property;494935;2012-07-10
281ef2a5cce8de02dbeb408c16f62419a2b5a3a0a3b1d4a923562a77decd00f6;2673;Life;667911;2000-10-22
24d9ff8a5ddccb9bf552c6e1f14398f862182480a09153000ae749a1e4fac7e8;4915;Life;627567;2018-03-16
b2e238c7403ecdda4fb92e0cce2af2ecad36d286d6045436a76c806c85075403;4224;Automotive;778814;2000-12-17
8948f743f4044edf02865d3033ae2e03235ca0dd3718c719d62b8b9a0ae0314d;4579;Life;380240;2016-12-15
6609422c4d3ae10d7dd14677afb36ba2b15a882ba3cc50e412b5dea8efef34df;7786;Automotive;941864;2019-02-04
1b14117823acbc219f275fd1bacac0a0ac34656bd97bd20d679a17e3861ee86d;5719;Property;207730;2018-10-27
d5276ca573fc58a967ce06ae8fb5c57362367d8038a2f822a97daca703ef80b6;959;Life;148961;2003-08-13
a6cd0c7a24558456520029abc8201f4dea7f11cce70260c4bafa783b2c4e10ff;9307;Property;497703;2020-09-24
b841fcbba76a11e5911d2d32b970cc3e9405fa4ad207e796cec8f4969314c9f0;6538;Automotive;693173;2015-10-16
f4168581d0544e08c82f571fad903ba3892c305effa7a3103a3c0f9d6059c8cd;6920;Property;750796;2015-04-26
c95c50fe1a03e46a28cd461a5b98a8a4370011c3e2bcaa6099a930646ab09ce9;4712;Property;532016;2003-01-08
403c21ae79b719051e56144e03c21738231cfaa4b21ce958ae01e9a53d4bad1c;8485;Property;62340;2000-03-12
deeb0b1fb6adff47806b85a4e96ecd161762c72efecaffa4bcdd8ad032a1fee9;3552;Health;212241;2001-09-24
24b6a32e4d85deb40f6cf025248f6b4a7b83160ae48fdfea68380d4ffe047230;8134;Health;256122;2008-09-13
146602a8e24a2c9ca799c2495739400d1cc47d01528b1429f76c0d1bcfdfc450;4132;Health;817050;2000-07-17
d7f0a32b95f6317a2f553daeab4c054da39321f42a242941e2b5b546195a5a80;2652;Health;791226;2016-03-16
dc07cc1f7e2ed907dd88fb55546c7ccd04fb33c306b6b9e751bc4ac59c3a8a20;6074;Life;982512;2006-06-25
fd969f9108bc895cdd3c10d40cbc173b03ec5d45a3bfef021d874e358bbb42aa;8768;Property;489615;2008-04-17
2ab67cecebce7c8a3e6dc1af4ab6140dce537083a99c435e21302c0ec62d9afb;5625;Health;753328;2021-05-12
6199fd78cc1b55117fb9f5e5b168977fba63c870e275b13602622e62c91cc98d;2569;Property;133849;2002-02-24
752abe7158e65c3ed7cb6b46ed8bb018b966bcbf0b462360ec0383caafc472f8;6204;Property;582913;2012-01-19
dad33cd333eb8eb206e80e39c5b94c7cce37d5e941959fc3fb2142eab8abc9f0;4716;Property;359857;2003-11-20
699e4e0e1aa799620878041d379461580ddbbd7f2b81a553cc53fff8046fcb00;8080;Property;238608;2015-09-15
2bfd52131f3ea572906afd783ee5c83198b7f1360ced04257feb1fa05a732802;9801;Automotive;689089;2008-04-22
8e35a48860358d8b8b5b49bc48656d995bbca511032a49307b3034b9aa55e5f6;9460;Automotive;199058;2018-02-16
7a6766f4f64b70410035184100f61e708dd003d348505306f8bbea59098a08c9;3154;Property;931176;2023-06-15
90bb14e5eec5b933434654c4c49824c515a22b6dbb815f8774cc39dbc31f255d;928;Automotive;986525;2004-09-08
4a03dde7bb28da22233cbb1d426640802c559a41615ed149433305a30c8004c4;1911;Life;359921;2002-05-22
3364e6bc8ec1647f8ed0b13eeb9f1398b6d7bdab778217f272d39704cee32742;4542;Life;62564;2016-05-06
50ef547a66d5be50712f61f4be38bba514c94d69cf46d89faad5c251fefc8616;1572;Health;642078;2009-07-03
6fec9866519230eaa1d4d647b4616f4b5a99ac76e27be9041ecc6eea99cabc91;449;Automotive;863489;2019-08-16
f583d81f1d37dd496183ef10370e1b956483c062145061e2d980619203009793;9786;Property;820228;2019-03-03
83ffcaa16bfba0ed9c6ee5578b0545b7a4263393f8e51eecccf184f22fc06cc6;1160;Automotive;786769;2010-03-02
23db4b05036f5f7cfa077d65e8ed043dfe54536c36102b8d1598a13e3db9daa2;5112;Automotive;795412;2001-04-07
3b227a06b131d2046048eaa517bfe7a28af219217f916caa420fb660aefe6325;1619;Health;722152;2014-03-23
a7170abcbf744b5242c14d601b2d56b1e7bc1f08d37b5f397fdcc9b45061fdca;1149;Health;780354;2006-05-03
7b23b8eb90f3253002705df7919548e4491dff5f6d05b33a6871a25efb5969f6;9696;Property;874465;2019-09-23
e4cd846405a1399dc2eb2b4b64d659d02b7e5eea4fb67087d604abc83f0184a3;1293;Health;125682;2002-04-19
59d6eb51eb5e60968fd7e3ad2f7c9736695acc236617c19db61bc72801a90170;2142;Property;377027;2017-08-13
45bd29a9ddd2d2e683b59ccd2247d05199d78f8d3829cec33c748abe3d4d61e7;5371;Life;36991;2006-04-26
457099ac02a0c00a52754ce3582ca9fa7859f02c1769fbde5d7087dd660ecd30;1776;Automotive;527842;2021-06-03
27ba3af974814d1dbb76ca23fa993259b9e5abac02ac95ae7f4eb800703cd1ca;9976;Property;705450;2003-02-09
103cdb444a7e399252987be460b240745017c91fc94e35acc18cde292900036f;3932;Life;560707;2004-03-03
155a0f0614bece02ddc8391f3ce89665a554ea968b16a258a6e84d16d62b2d01;5278;Property;624761;2011-11-27
0b4af418a56e67a430fdac84c05678ed889d9a585f21cc94b24d34398b692504;6872;Automotive;270120;2013-09-18
1aeb47d69cb2909d28a90fc102f9e8510eae4207740d5d5e1e3d557d612d2035;9329;Automotive;434941;2011-06-04
ceab87a6b9e7b13c36ed69186cd201bfd704aa2cbb59540883dabdc9e2c9fcc6;3116;Property;28612;2019-05-13
1beac2f2e8d6c4b630e410c5779b9854a861ecc4af9e97705bd3a017c8be8c0b;6769;Automotive;901523;2001-04-16
8c1bfd2eb653bdec9d5c35e2d882f1496bdddb1263435af2002a7ee5ea5b34d7;5834;Automotive;561249;2019-10-12
74da2bdae5f8b0f3b10f6d76504fc450ab36df1d62b1a4d3d8bdc99bb2b0286d;4082;Property;717953;2014-03-11
5a24516dac238d7f63ffaac00e2e2a075500e5bd931c92b1ea619c12b3e78005;1819;Automotive;184188;2013-01-19
a5fe6bd0f4433308f5f9a61f52174b898fb8eb864911354a660a70369d57afdc;7408;Health;352234;2014-12-11
ccd37e8bdbc267d192dd0b8cd99054e1daf4f5f9e5c36f4d989765ab5fff2bc5;2706;Automotive;784089;2020-04-08
e17204a052dcd295210c631a0cf432a56f02cc0425178bb23298437ab9fa1024;1195;Property;784269;2004-03-19
2ce5d7f407747cdc674c7cb82b510a029118b99f7fe202990b01fe6122411133;2963;Life;850556;2005-10-12
b2483152978c8f0abcfa5f588b719e1d56bd48aaa7796ef85ca7d68b0c177913;8571;Automotive;361826;2011-06-08
3aae4f1d2c3f04be24f932cbfad7ed8748251a8eb92156f97899ed907daabc14;350;Life;734577;2003-02-12
2cd7d4cf65b9150dd2dfbeb94973dc8d78948cc91bc0c962b4776cb1df740e41;1916;Automotive;905390;2003-04-12
148ea9f3ef0bdb81b2a02cc039c8682bd0447f5746ebc5e3267daefe33af8c43;2264;Health;117199;2022-12-28
ba7943ccd4abebeca781b2dd9e25ca8f2d9a41c251e2b827f8bc72a749b05c37;4427;Health;178329;2008-01-05
6e68e9d80c6e0339f3f92f9b361ec37b004016ebe42c8a5822cbdca4243613dc;1893;Health;943118;2019-09-16
7ca44a5ef300c2f6018cc5fee201f6b757c964de1358d2efe5044af4e5be78a8;1245;Life;852886;2014-10-28
3b7adea86bc2b2a4a2d0b9236012486c1d5cb44ef830fb86608152a1e5b2ca0b;5619;Property;688136;2017-06-18
8f04cbeed80d55f26f02a37b89a7b7057c6e8aeb28f02c8b5f0d63b2e330f6da;4851;Automotive;980488;2013-08-13
dfee58690d1cba6975f11c527db39eb33ecbf14085d70e2916c4eea184320986;4596;Property;956563;2012-05-25
4e5f6bd9014e5a2773c0072e682d6a6cdcde9fa313b478b178d36d8cf7f1cc86;723;Automotive;291498;2023-10-15
87a74a865e1bf44b7dbe55494e2914c99f9267e1a432b00fc8774ca9d485935d;2004;Automotive;697317;2020-09-20
45c321374c8ef8e2218cd4d171331d0e369ca3c8f448820a3e8727deb144a2a5;9473;Automotive;460661;2016-11-09
d1e20c5de917a4643abd9e96d7b2c5f0457c1a03d89b9f0c3879523c9fe94123;6738;Life;456692;2018-07-21
b503d616db559edc834036450780eafbf5d50052d7881c0571842cd983426026;7916;Life;991125;2001-02-05
49be6c994c73ff3162a2326dd6732ac26e7c664a0603c08b5848a06025af6c16;4324;Life;461070;2018-01-06
17cc43a8848e374e9a41fdb17ecd6cb712e61db8c977f5d8d76b4f720f942e43;4270;Automotive;344715;2013-09-16
654abf667a04e9a5e0f781cc2d1e6a541fe179de1db0f9d25d09e3eba98be091;3888;Health;319969;2017-03-13
e12bd440905f2d87ff5f789f9a91d3116d008b623ee8437166109be81ca02df6;1884;Health;307616;2012-08-01
1ac0d26b4129073740b97eb992f6919abce66af247e4c50e552e55308dec44de;6399;Automotive;763137;2018-01-26
3724f489cfd5ca41bf435c977e7a03d6f1c4f0778755e161de4f812c3ce86c89;8443;Property;353311;2007-03-16
bd19ae42221ffb964c4c6782661276d7c41a7bb70ee23ae587db24927beb634a;9085;Property;519849;2016-02-09
335ad6987f47ec02a4ba30bfa2f38fbe0ba60111e45f27fd64332a59858027c9;2830;Automotive;285521;2004-02-21
049b8009e791c6a40cf5d61175d0e362fedaa7bc6e5f7cdaee492153b7e95128;3539;Health;55668;2011-11-27
aebb594d236ce3c1b2ea0141d57d2e529fe961b6fd5ec95d1fbeddd8e5df8b23;295;Health;628842;2004-04-25
75826f4a10ef168e73ef97c652f85e0bdf1a1ef3b1441cf173dbaf4ce00525f1;3853;Property;286498;2018-07-08
3236bf4b9abcd471be363d1eedc6f2046cfafdd11cd322485c17c3de76bbda60;8909;Property;452938;2014-05-16
e532351998a39f30ee1e872e47ad0f235aaa81165990ebb6d64977c09936d110;3500;Automotive;269582;2023-02-24
e211c89f8c495c66623793e02bb5b81e8a455867dc775679f17ebe6d073eb0d5;5803;Property;264778;2020-01-04
47005dbdf5e87817aa5ec8d776b4661152ea17e84f945e682500f4968af278ad;4818;Property;445096;2000-04-14
618002baf854721a927bedbee8c623c12610bd7d0afe6b30828a6f3b2da13365;7872;Life;562402;2021-07-08
d76a149d3107c3be62583fc65f639577be0032346b1f7092b06995c4fc0b195c;2570;Life;376245;2020-07-08
6bc903cdf841cbe05edf394fa4e5a75438fed570c6e01fea7bcd84123716f25d;9112;Property;36889;2004-12-17
7b88af858046bf2779afac8ce093a90a54e8bb68ce127cc46e3968a7577fc3dc;2441;Health;529712;2018-04-14
33cb8401beecef0d4d272e4df4e48b66a562f7f60e0d11bd3cd900934eb9498a;8919;Automotive;180171;2022-03-26
0f2d1f8b491b0c81822b02b18ab3e41828c1c76fcbd9892c90bb9341182190d0;2464;Property;619083;2023-04-16
bed37876dec5ccd125c610e4146c6ff5b17b69c20d48bcbc971b7f1198e5fd76;888;Health;683807;2011-05-07
6c5300f87ff0a2c7d62b4fb3781f8401ed29b6dda1157a2c3c3e215894e695a5;5203;Property;503224;2006-01-17
59108a98cfacae58bb7e7d835d0a5c3545e80b550a258bca3dfc71343a77ecfc;2505;Automotive;116126;2008-01-16
7d7e81d3c928557ba8ab8c2fb29326be5a206a383325f759b6373ce0791597ae;2677;Automotive;371046;2023-12-06
7ee45b6973b0e1f399e9371f95f5dd5a3e1cf7a7f0d4f3839fbbc2758187c922;4872;Automotive;657008;2020-08-04
7dc34a9fb523c864d5120d7423506ba1ab66dd531250750744583b7bec4c6b8a;6084;Health;37263;2023-12-16
74ef47be8a8a655666acf092d4992a2942cb27929426a4d93f0981b18bbae8f9;959;Health;403446;2022-09-21
c0781b050de8102a9b68dea7301b0ec299fdda01d7212743ff504c144a46822f;3133;Life;351560;2021-03-26
afe6cc08298f830dab6b18be0957307a77064552210ef385c5bf17d6871170cc;5004;Property;576280;2021-10-01
55ecae7bb53a35ccc15ff1faac738c1d009bb25bc732b95b0288d5ecbc06d211;8799;Automotive;129557;2006-06-24
63d9702f21ef050b87ccd58b86108260ee4f346f33506832a93a6ac73effe3d2;5293;Automotive;465030;2013-02-15
deb8c761d9c500c08a5840c272a6b9efba864d2c2c6c52db8e6f44c5622f12ae;69;Life;585243;2023-04-21
c2195c2457091537930affcb84d695c0b5f8de4164d8751342b717ef60e28583;1818;Health;135148;2010-04-10
385b1efebdaa919b594e86a7bb1deed4fce020c5d21e9af07cde1fdff8332c43;8503;Health;840184;2001-12-13
3881f628fdb2b8a5facdaf749622aa63e4e892b08f87db654b953a028c716dc1;1206;Property;413484;2006-12-22
63ea8895cc50d0c5598b225dd2ec6f3b925048e1660f5d7cb75371b251fd3d40;5831;Life;603625;2020-06-25
7afdc1be896293026ea34e9817705ad12ef337ec5030985be5b8abf3e6c584e6;6877;Health;519389;2013-01-20
a312df441f8a788f32ad23c87545c8795fba6bcb6bf5e2a15548b7686c3b0ba8;4191;Automotive;673986;2008-04-13
ea76106600ffec7f6c3c3c4e0cd198a2a2010ca4e3ae1ca564009fa475168a01;2188;Automotive;30149;2017-07-20
4708ede21e6cd772467c7abcacde5fe65c357aa72805c54266afb2433a86b6aa;6453;Health;506660;2018-05-28
118a3b640061a2f235b00b86deb267d530c5d70a63200d55ddca8812ec9552c3;9748;Automotive;396302;2013-05-27
5db36ef26f62eac0bb3a5e005f746b2d1eca72a4fc3e6a42173075c61c14bd99;7521;Property;519247;2001-09-08
53c7ee4c1da5c4bc2b07777e921e21cfeaa1252333360b6ed85d8609e29f309b;1153;Life;16632;2012-03-02
aa1b74500235ead94f9eb4fe03130c45fe6582c70276a62abe6d286e4ae94c5f;2558;Automotive;524385;2014-03-07
ebf959f73c10baf994ea183e4d6d4e9f26172bebd3cd3004934255b3ed630738;7842;Life;543195;2011-11-09
f339098cb092983457d1573a5c3b56bda8cc3954e4a11cbe9f7dbae353e301e9;3853;Life;202442;2015-10-16
6d5939b4c674f2a42a87a6793b261ea0fa2f4ff4e2b5ff2c2f586e00d668bf1e;8743;Property;840562;2012-07-18
c396159e266cb7741cbf7b3324b456bd84d8a84f9cb469ff57388b5d72ecd7df;8379;Life;889188;2023-09-07
cf2245026364d003e53d8906282f78fd2fc7f86aa2a61c53f39490c89459184e;4079;Life;440419;2014-03-19
01a48fe52bbd1e1c6cc9412f097a22d6cec74cf2a456cc0b10ca1c7e662d23f5;4385;Property;851564;2021-01-16
c5002f3aaf26f74cb98b800ac2d8764195d53376e64fff1f3298fdb88e528ece;1580;Property;946888;2020-05-16
d6620a378a0d4adc1a5a0e525bc3aecb1fa2c8b4e61784da9c86818f5a5d6b55;9060;Life;348275;2019-03-02
ab4fce3bfe3dee86fd997275c90e67d4f84f4056359f3adc0aed20d2e4aae870;833;Health;587349;2019-07-23
022f2f1e90cc2a4f210ec91bf08488a05162accf5b1bb31e5718c0ee4780e802;5317;Health;730506;2006-10-10
c1fd155b688313d090233aafd6b8a4721ef5efe526ad104316669faaf49a14ce;4308;Property;959651;2010-10-27
7896ac205035924138ea5f3b73ba4d8d3e721cff049406b0875167ce756df4c1;5390;Health;118858;2022-10-21
aaa84f2e499db3a551923cd9d1706cdcb69d252816d7aac2cc144225d03c4570;6862;Property;57847;2001-12-22
9777f728e6090845f8d88926db3312f58d8f66f52a5a325c06fdaa9b08e8fc72;1500;Health;668085;2013-06-17
6e90f397a36dc1df73aed572016b49bc706b0840dd959660c0937e4353f8c1ea;1624;Property;149811;2007-01-27
e6f5824b8cbb03bfc4775904492711e4fe39cfdfb95bd6779c8b237313e867fb;1643;Health;604961;2003-08-27
15e9bd63be218f18dfbc613621bf88f96d2611392fd6bebef376ad739b7f3b78;5705;Health;927048;2023-07-27
012ef4b85cfa17dede6cf6fa2ec1a420b752761228ce9c5455a8dc00964b11b6;2065;Life;731626;2020-09-15
ff132d768f48bf9f21b40fa557f5169c10deb1b1e40def1ac21daa8fed9d8f3a;4228;Life;705734;2001-06-10
b347dfd7ebd7cd04dc1008792575fbc1433f71ad4974afb63cad7dac667a515a;3554;Health;394417;2020-08-28
2abc1094aed51e144742f97c95528e6b18f2475bedfe8c57c91fa784cc2f3841;9734;Automotive;96212;2002-05-01
0c422629bcd4c284f2f5c971320f22d7665588f36155c0977bbfac7573eecec7;5010;Automotive;300332;2002-11-09
05fb5c3a0c2f6e2f8e6e6d4e13088aaee402aeab4636d94529ee0eee7030e02f;8710;Health;488659;2011-06-25
2cf971a8456a22bce36ce3ccaf4735e176afd4ddb69b12c1040b795471b95aaf;1880;Life;159311;2018-02-06
79725b937f98d4c2ac41da644dcd404040f2fc72df982e4fa97d594c8ba9e401;8618;Property;752915;2021-05-10
2fa44cc79919ef3620ccd43a831272c225e7b55be91da1d7b57b3597c1c5d6c5;6808;Life;476616;2007-07-17
3e16a998925abbcfbf38e83af6747a0b668c4de89a002751de3a2a64df406d50;8382;Automotive;350062;2017-08-09
ebe3b7f7dd3b4a6b57c840588e6d7226fe6a686db1f6cb08c811f8229ed53d34;8504;Automotive;284615;2008-05-02
1cf110d8f848f0578ce5a4ef95daf4ebdc128d4ee517500059e5ec2c9289e116;6426;Property;917067;2011-08-03
2e21e042a6a9c7d7879d2047e4edfe0c49e23361e4d7e90f786cf736a10f1bfb;3697;Life;604143;2007-10-20
527f2d9c81f9b226fee11f1e2d34b5ec8a081cea96cea029d35fba03215f928c;1406;Automotive;733037;2005-07-11
4f3d0e4ca6b1d2800fc61faeb18203625dcf6c8d4c0ca1de2adf14a2257a44a6;6846;Automotive;961539;2006-06-21
4f155d3d85545956a429944cb82a2cccbebcfa1c2e10fc2268764a33da1303ed;5743;Automotive;990048;2001-03-10
0ebe253e48637f935c6b394ebef61f019946ae6bfccb0d8f16db15d4060a193d;7891;Life;206833;2022-05-21
a859c87a38fbf0f05856b86f722268f725c596670ed4a399cfe18a2e1c169384;6386;Life;936064;2014-08-19
a924efb319abb288326b1d378758866504921b9b2659d7a99b874a4d720b00c3;8233;Property;134009;2001-02-24
803e87e27ea608b23b7676790dbce650b7859c95ac986af7a3013e2c5604c354;1556;Property;604973;2018-02-12
d1022699b03d442b6835940da426a2bcdcd18defb62d779d3b57c351da855573;9634;Property;913555;2004-08-24
d72d8944128beb46ffe3489d8478500cf570a37023b18697ac2151505886a32b;3253;Automotive;40310;2001-07-09
292d475396b8a35171cbafed38540276693821ac63090218ffb02ed256072a55;9606;Life;200520;2008-01-25
09b44cc33d3b3d511ae1a5b98b39da7a2988a6f1e061c91fb1b7afb3e1c1c66a;172;Automotive;320470;2001-02-25
b6418c1b376a4f9c6525ff7186978552c029e56be248ec7500cdb41538680d9e;2942;Life;440204;2018-08-13
cf109aa00d3f79b20fc43a5dd3c725a49636dae1321550c048e05559899c1e1d;4482;Automotive;104306;2001-12-07
48f949c96f8c99da5c26b018876fbf29553e3aa3c3fbbd0a00f0223e0b292d2e;4707;Life;430145;2020-03-03
1ecb05a1ecb491ea6f53731ad91bd9dd4e78a72ba798f03d19b2bfeb7495795e;2959;Automotive;250945;2000-10-27
9be98367927b013304df2e9509597ec143bee54e47ec0fbf86d73247378d813c;2048;Automotive;778160;2020-08-27
1ba348eeef619d00e20af7099a71c88e6a505dea60c27ba3b41e9154e7836850;2055;Life;4054;2021-12-26
53d60ac8d8dd0a9c32fee6a97878ef6e9f1252dcec907124fc9c21c93d435765;6980;Property;901917;2007-07-19
62067c971f73fcbd4565fbbb4e1b8fc8b26d6f39f590fe03bebbd325a69c2131;8413;Health;657407;2002-09-25
8c092afe9a074ed2042779c5ee4c954a8544d96f94ff658c221c07798027e3a4;257;Property;883005;2008-12-07
6707807734454862fea2cc23d0315991c033ee72125de8d61246f954dcf148ae;5642;Property;653927;2019-03-16
ac5dd504c030ba7f260fd4f0cb58562ba63900c3c3f07ed5ea05f0086e28ad1b;1342;Property;649274;2022-05-15
fe6f4d7f32cb25dfea3904d254f947df8ce9ff376fba25a1564b30a879f1338d;9381;Health;800637;2022-10-05
7c764bdbd4573745e2fa2d9f120c881e8939d4cfb3b7304ce276d3679b79c1fc;4028;Property;689527;2019-06-13
e81fe7d2f21b513fcfcec1fa05a29d40d24c9b9a79224bf89b59c29d45d8d5c3;8969;Life;776947;2006-01-01
4af1af127f29bb133764bb1dd7f81978aa60c24cfaae343b62b93d9e0274ab26;2973;Life;537293;2008-01-16
