uuid;customer_id;country;salary
f0076a1799a36f6dab709ca6cfaf0588d78457fdf093706ba7eb0978550d3df2;3394;Mortgage;144
02b3d7588c7588fad85f12e99f05f13c64d26dfdea956e1f14182d75a9d8eb72;6822;Deposit;36
7260217853e6e5b86d3bc3664e793d4983280f41e55154e19e8f1b13a601934a;7322;Mortgage;107
be511cb0efd9696719fb75d1ab3991ed9c4554743b14f703b67bb4d7b4827160;8271;Credit card;11
ed32ed1e1d0d7939b31679bda132f1d2e1e7d7fa20f97847e18910c5e707d7a0;7791;Mortgage;39
a980a2c0b4eef60439bbf207d0ba31952fff198a1034b8a59d523208cc202cf8;6175;Mortgage;153
51262f342ed8718cafda1a4cc015e2eec6ba7af0613c94ed56baf0ba875934a4;2006;Deposit;100
4ac1e059c290e0b8bfc9bd03c68dc98faa5fb84b31c324685bfcb70c813191ef;3059;Credit card;179
c7ca29143799dd3160c7fed7e98d8d6ac5cacc62a17eb3b5dba050550109ed16;2956;Investment products;73
56dc89276608ff43a67cc0e4d0017e1dd793c9d25829dcedaee99de3f18d86f7;694;Mortgage;157
ebf4c0ea29a77c78f3c619e55d29da0b821aedeadc85253007fcad0dbd2d7f6d;7688;Mortgage;73
efc646de578ff14c65228a8619dce15728dc2316e19fffd83cb058a14742e0fc;1931;Mortgage;147
96d72a4966f1165fd5c91acfad0bc43fdcdd25ffda418f9bf9ef9477f17a99b2;956;Life insurance;165
b5cfa2848bda68cfe21267787031d7bc52e15bc9583bb6fa0034f034937476bb;3632;Credit card;101
6e053b84ef44caddc927edfee84f6c5dfe102b3037fb4f7fc6553d9343868586;4614;Personal area;8
0775fac272ec82ac1e0f76d0367cf2fef5b3b67c1ef921014ef5648972d259e1;1431;Credit card;135
a85a27eef7fcffdfd2e537e6d1a8ac58481ee32393d89d24da1e82b53c75c55d;6052;Consumer loan;43
b87a201c616e764fb00fbfec9b58a319c1d0235b2d6e8273e5155ccb6db66832;9392;Investment products;26
e7f97ef74db4f17ae1059b72a2879c52e533f50fd7fb1d76241c9ba67914de71;9830;Consumer loan;27
35ee06b359a237aae7164391242d159b841cd2199840d25fc6d381b968b9e242;546;Deposit;40
50183dd270ab2c9136fda2cc79785bf25c4e5f44b483322f7d59a45a44c64d58;7381;Mortgage;73
614e5ba2250787adf741199d518062cc11a84160865f6a97f60541c67d387cb2;8395;Mortgage;189
faa51859446742487f8998c75b3eed71a49ac700bf05c5edf5b22f205cceb1ee;3117;Deposit;126
1893badc85f379e6c58e3ad9fa8a73e1c338fc53ae4c76b1127bbf3ae25c80fe;4975;Mortgage;196
f48c76c993cc34fb50803e7d2b089b8891ad4c9414879c2003c32c56b0bf14be;5122;Personal area;25
0358bda1504772867b5789e891a11c4dfd09d8ebd2253d57b43c86c41474b470;338;Consumer loan;10
583fabcd993b48cb2fc3c54a9340dd6ebf3a49c34cc8c1f5615ee843a5a40c17;8452;Credit card;148
5a415b4d4de40ffcb152aa699649fce2813934196d6f79efc3b3724d895b72b4;3348;Credit card;110
9797624a9568c7634e699562ffe4b37913074c64f191fa34714c5047f15d6cca;9459;Deposit;148
80cf896201f832cfabe4ecd089af4d586bb85b75970c0404ae5e79d4b2756133;9318;Life insurance;3
e145645bad63b45e1c03e8920da8764e85230bbcfea3f189e236bb05103e7d53;3180;Deposit;125
a7fbc0dee9c60d56860bc94abdd62a23581e0cd378a9fd5f3069e79e72b1e4d5;7396;Consumer loan;106
91c2ffdb8109511e9e616820253e12da0a1b377684e4487b181ad5819cb5d2d8;3610;Personal area;34
4547707d43e42f4b264a6e16af5866359e405fb572338b72427f911c8991a1f1;3369;Mortgage;135
1d3e39c07802ff235bb62ba06b91c05c1548df4194ccdd766a041b5ad9b4840b;3045;Consumer loan;86
4496e0a0720259198ad271a7a6fabac13767ec81aec8a70c63f39e8906335da5;9676;Credit card;178
afb5328785c64f3dff5eaa8d8d199e15557668c2965f7c66247afd49fc534863;4281;Credit card;104
7f60a80f255c8a5589e0365bf988bc883b151862c365a6b69ca90a2fa31d7162;5226;Life insurance;41
9854759e17b472f579dc07fba335b536f7362b352b8a343dffc4f70c294fac6f;7413;Credit card;115
cb3662584ac34628fc78f4bc1c478f3832de1372b73353ba1b1ccb146f932733;69;Consumer loan;112
b0acba753268797e6df3f219ba1917f8dfaa5da33189d092a53536a4d51e1005;5956;Credit card;137
ef44dd74f9d85b8c572fea4db76b995efd4f5620025a41fb1f4b93b573d7ee26;4623;Mortgage;14
4adb65b10a08c51ca7b647bafa7d4b5e01dc8597961074d16115453264e31dc9;9575;Credit card;47
7997b2d7a1d9d937c260c76e1ddfdf0e7fffb863cdac13d9d88b015a78c73d81;9855;Consumer loan;63
70599e238537e475f3f86f3b0a3eb2fe8feb77e982e3d4be65eac7eb77f7ad2c;6721;Consumer loan;80
abbc6676ee81e9eb46427b4901fe5a95e8a6f1e612689f3a4da798be254b66d4;567;Life insurance;126
7bdf04ed0e2758e28d8794968ed38375889be9f1077c10b13f129ddb2faa551d;6014;Deposit;21
2feab3eed0815003b9a195d9ece9c57bbe9b0a89f6f366f56672892732a40c2d;9637;Mortgage;181
8600b22d35c7faea9a870da8f7693bcb3bef1cd2e3ad483055cdd0c5f5dba84d;4447;Personal area;167
2162483f467e532b6e2fad8a3a69dcc3a2dc0e632f9bfb44bb5c5016403177f2;2144;Consumer loan;163
c18585c2edd17c02c0fe4dd76e80bff76b3c968872e588fde1caccf5d3278e7b;2088;Deposit;22
088549e624c96a20e82879fc9e5049d042959e9c2de944b754334496e4d4a197;5095;Mortgage;178
6bada4799ef6fceffcb8c36629204fcb2da10f478d00424124b1c64685cff604;4782;Life insurance;169
815e7889a84bc00bad835cf853f472e901e50e073d52965885084943161cf011;2621;Credit card;184
83d13f85c886dee154d16f080eb6f753685e9b66ba58f44cfd5d9d0e141ddf74;7410;Deposit;109
e1f346716d42c9389fe87decdf91b7a6f01093534572ed035afac61061f97f46;648;Personal area;147
09570c2150f358019701954fc3c210b30d30d28e0532fb4799cb31c9c5bc1f21;300;Personal area;128
cc13c277b12dab379b386a18425ef8cd16eaf14bfb9cff1cf42817202693bf7e;3656;Mortgage;178
72d5c3a680538e79c2ba285269eb643685eca31e2acb3f85d8fdc4e157525a00;786;Deposit;34
d097083ebe7a45b8036dda7614b979db7d53bd88e5c05f03c98d7432ab5f70d1;8470;Deposit;84
aac2292e7d002375ba83335fb3f188041e75e5f1e83dd6776c8fe75de3156c95;6718;Mortgage;102
844f09a40ea86d083420151bbfded48ae08a450c860fa52c8004051a346928d1;9592;Credit card;93
5a7d902644270bbcac067bf5bf0eb8fdc0f072038aac7aba9f05158026970b26;286;Investment products;68
8fe1d9d99bc3befa0743e1904a1b13da8e4227f7be1c3a695be19a5836aa5631;977;Credit card;32
fc31e39f075bffc3c851e10879f2511b4f5113ce7b9320c482869758c1193dc2;1525;Investment products;135
c398b1171e0b62efa6b23bb7f910dc0ad11d5de1c2f71df3021996cc03e1a8f8;8066;Investment products;98
ded6f586cfa609e48fc40822f54adc20191b99fbd826cfd13958829489e64163;8395;Investment products;30
5bd2c87aff9a2eff544355130d2dbe4aef9fde1da6bccfa1715a9201c7e6bba7;2264;Personal area;28
08e289a1a3d6b55ef082513bdee05f318aaded2a0fd2411b5eee8d27ab436c23;9044;Deposit;177
8feef8314f507bfd6d3729edd84524a673f8fa30b170d54e413b101fc036802d;5943;Personal area;170
d29323d13955bc14a23db07d01e29f8daf392fcfd71fc4c2e5ad0ed4c7617f1e;7485;Consumer loan;139
b8aaf7b80c580849c4e4da765c2376bb9aa0e5071bd3b0ae64ddaaed50c361a3;6301;Mortgage;112
ac907b667a3b3962089941d88be7be8d6b473cdd5ce0f4c5fbae0b7ffc6f89aa;9035;Credit card;117
6eb4b48a6ffcd22337bf938b17ab31fb781fc7f10f167880501ad1e07ce945b6;1384;Consumer loan;102
898ddb47ba165a057a6cf8807924b3dce3f8caf1f21a09713dc8d3faf601cebe;985;Personal area;148
5216e3ddb78ee9b373207d39e0338f9fbc5bd090bd826622c524b2bd05341da1;7954;Consumer loan;144
be291e0966adb067308cff3b8d362b8e454dbe2877496e18055b789e5e060b7c;6297;Personal area;117
fef461ff48e6fa76b2dbc14129f23218f46769487d1061194ad872d2958047e7;3405;Investment products;173
6d7f2b677af80320caa2ced14d1236a71fe209ab8f3726fd4e7c1491aebe16e8;9147;Investment products;153
27610d07a16d725206e6c3ae48845199c807ef0ef6bf0092f3ccc0c35e5df308;7496;Deposit;137
86d549b526157b26dddfecd6ab8dcc31e8bb032017b5e8f8354ac21f5de51c78;6551;Mortgage;50
621f4ef0cb799f7a4d66d856caca36169200fcdba78fed42481f5a7efea8c022;1885;Deposit;15
aa67b2eefd73e726428bc429a09e1a31038b490618fa9fa8f60a6c8bc9ffce6b;4471;Credit card;150
dcb00b9f2b8af58291b2d8a173c3849072cc1ec1540bc3c14aa6a4bbdaf55935;1736;Deposit;13
35d0f65999d257e776c108c669566ceae777d1e7e0b8f60aeff0d39a6401f3c0;3527;Deposit;132
466c362228894b8f45d225456c086c89d2b50fb496b4bb4175d114b2b1eb4d6f;4350;Life insurance;189
a18e0fbcb464a6802afbbb19e769cc89a7e9ceb8ffa217536ba70f85f47bb3f6;6380;Credit card;113
ede031289ab2ec840bf13615d24db994be8c2a384508f5eedb9c2be9e40b69be;7637;Personal area;135
23d1636f056eabf912b62c96b128a400e2edf122837e2dbc82c56260e443eda1;1191;Life insurance;171
61f081443b94829861b351c10427b305005df6b935f7e955428b52567c8f8656;3403;Life insurance;89
f3ae40d7cb37cbc5c9978416d014120df84ddece7956089333b728f5b971b13a;7241;Consumer loan;44
cbb242956887537e5f92532a9fc7949908d83a9b53895e100daad13268272928;1240;Consumer loan;85
b5495422ed01ceb163d3bda8221c34a9165fd8bca3c97525447c824832262c58;2873;Personal area;158
20df8bb0fbc8dd292365d557b2bd4453baeda2b673bb240f2ec5160b7fe1054c;5348;Mortgage;58
02d8234fe9c7154ab4cb65c2e366d0cabc05c3516b43b8d61559584cc8305560;6445;Credit card;193
222f69f293b1a906ec4568423bce82aa1c5e644beae82f83c68ab7b89e1f143e;845;Credit card;29
7c5786c40bfdf627b92dc01f15ceb25a83fcb648bebcccfe82f7ae9fa79a52e0;734;Personal area;64
d6e6e058a900f4a5e4c0413e140702f56e64c9cd92c669eb4a52c96a57d3a5c3;233;Credit card;71
cabe3bd70f5f9c65a4e2eacfb227fb5931fc536da132a20efa00c26f6434edc8;2730;Life insurance;67
c5bc8fbd4f5a551e9eecd12bfbc1d4909259ae4d56b47676edaf671d6540feb9;7226;Personal area;152
ec1457f824c502b9ca410fddf24a45d0ae21ce0ee486faa17db7d319dd41e399;6871;Credit card;160
1f27982cf94585f46924230a9999f5ed23303344ee1e8b14c627fde7c7bd1e92;3228;Personal area;13
b3bcf08e3b33a667207a0b01b7a22bc504d5232b9abacea767ee2bfb67f83f41;7519;Mortgage;91
c16c15297215e7865b8c1293c5c1cb5171f0ec513742f07168b373794bf99b2f;1219;Deposit;4
ae6b843c2a7cac323cf3e1c06332e9b746a5021f8492ab9597b0ddfad0918b0b;6218;Life insurance;86
73d6b67ec3c432c84b3a901d4a80a005f41b41e45618fa786a15e5b22b1c5da9;8376;Life insurance;21
6f5e8cc8801eda752fb804a1928ea79c3842ed689dc8c5e817d8f8885ebdcbd3;2264;Credit card;176
7f7d1685880da049db4610bd000a911987a80021b64a9cdf8b26c18cade2fe47;9801;Deposit;132
04b99cc5d8ef028d3a23d8f3a7d57511ced4a0d0805eb3766a5f048a443b847a;4283;Deposit;141
24254fea558dafbd9a71665d8c7b890b1c4501b17ab844aa136001070dbeea44;7406;Personal area;183
b17de72a4dbed6dcd15c2379efe6a32f0c0cc2b7cbd10b3b3a26c82495390a27;2341;Deposit;46
800be0ac76460a8ec3f145204dd607ec5fa804bfc8cabd103ec67fe6fb4e4bf2;2768;Personal area;126
88eef97431e35332ee5a5d73bae926e1ae716f0ed40ab83ecb32ecdb6dd16ab8;342;Investment products;43
8831425f00a845491ee89b8344373f3edca6f65db98cdea6b56c895b3a576141;1219;Life insurance;166
cdb4d4e52534925f5a5d42252a8cf4a584a007ae7eb9f3ae1d8bac63e672deb4;6896;Consumer loan;127
b94495eb1a3d707e2fd140fbdddcdc3baba814ea6b94daf3e9acfa5a9c90224a;8856;Deposit;29
863fd2414cadf23141c42281d15d409e0464a9e7f905829be756b92005614b5c;6011;Personal area;177
7c43c11354e1973d2b7af187df78ff4459b35a4b9f4d73e8c627ad5ac0f57ba2;2754;Deposit;13
c016f7a53a9e6616d20979a40fb09a02b2bac1a65c8fe538c0c78bb285986ed6;5979;Deposit;25
71c64d5369799e939e5e63eb9b5ac51dfd3f7d6b1dfae81c6ae774f0a350697f;3905;Personal area;143
794bf1be111c2ea995f48c21e3ac49f7a1bd270a8b5b78f55970851d5ec2a5cd;3320;Deposit;164
07b9c6b7d02f8c0c75f597e7fea98e6069ffb3fda2ae33725208a6ca3df00f0d;7977;Credit card;171
141fdb70d5c53122e40af4c8ec50496c627debe2c01c240788c2250a704ed217;640;Consumer loan;31
d1e7778c40aaa2af8d4652c77aa7f4e3650d45233fee40a9a6040101022a3cf5;314;Deposit;176
bf87f82d523533039b31aa2aed9e6dbe69c3705c35c7d012a794d423c992167b;6664;Consumer loan;10
9e7c7a4395db21da41b7185794dc99764def84cfa5e86bf153cdbe98ca5f8159;1837;Life insurance;165
3ddd2272bea76f1e5e727dae2fe3b3df2b3ac18aefeee6be56f424abe27f2be5;941;Credit card;16
65c91f56e00bcc67e01708255f8fc14e096a27ab3b1fc9aba578539045fdffc6;2367;Credit card;90
761eab39503f9629d7951837aecc233bd82f35f0b0119132eea3c24a9d347e32;9747;Deposit;1
d37c4d93f73f4850c45d466271ae83c0f197db7a8dbab1ec91dd812df0f8557b;9680;Life insurance;26
ff141a4d858342f93b8ead9e38ba8230236e0ede64b5562b0ea32efd6b0dd65e;332;Personal area;187
84b1cda1e62676a2c28e3d2b976ec23ae0e9f0f35742574335406d7bb4ee5dac;6937;Life insurance;16
6e8a5eba49ede81bdbcde31b513b905aee4fa50b00529b0737ac0c72bdaf69f9;8528;Deposit;144
99817967f5195ee926d2bf45aff34294838260f617379d0102eb2a4cc7965bb3;9473;Investment products;98
37d6204b8d349a4799faf5550dee4a1e053af85a1da5d60c9f29381ea428a9d9;1761;Credit card;187
9f8ca58c6079a65f72c4b12d8db68dfbf5d35286fa25a3076cfecc3dc15d2eca;2527;Personal area;127
f2c3b778da05f9aaeaf9c9ed01baf0f77c2b6081561204de889a1a831b55dead;7981;Life insurance;169
81c19e5db288cdab0a5325d683cb74ee36bde237ef717ffdf0524cef2c0d4242;9032;Credit card;121
fb15c7312843b7e50f825ecdafea1641dacad8543884875f9588aca13c2b5c98;8653;Credit card;160
c077a75958a7795aeb29b0df92051e35f6b8e7750268dfafdf7197a0b5b88568;8028;Life insurance;66
dcd17e1e80861e149df3bbbbb28fc0658330d8251789264815bcfe636c617dc5;8752;Personal area;65
bdb918a7c2137e076b9227c4eae35deb96e5538bc3d59c460f58746244866b16;9075;Deposit;37
4a8b4c1c36f6d498946669113e4dc92af97ea7d8e712e196e799f5c37c3326f2;1428;Credit card;151
fbb2a277862a0759268eb24fc5648eb775bde2843646e8ca5f05236677d61eaf;2660;Credit card;25
9c19cc0490ceb8573de2b8f69651864cb3c4fb3d67e42de55e20cc9b44add55a;2094;Investment products;15
a49540abbab981bc01ba4120808cbeaabc4f899c3b2b6c8c6bec8dc07b7ba408;8870;Credit card;180
476e9e3d6010ee0b0efcb8ed8415873c310911a47964e6eebc7ffb972f33b943;8538;Credit card;120
4f2d77f44aa328ef7d6270fa016deb6a783de6772e1db2734e1857fc30e667f0;9075;Mortgage;27
d043718b3ba6815cec0c82d8b59858eaf7ed10eaf789c3259c1ad68e25d92358;6902;Investment products;56
aa2f667359f67438e5de228236f05a196bc88da4aec9cec774dda141ee13ac03;5927;Deposit;184
99ae2b7fa68ad2c4ea1b59043782fec02c6ea4ed63b57c32086f57f4bdfc7a1c;414;Life insurance;49
81b3159caf1be90ceb439a1ebe52916dfe307dc069be3d0e9e8d7640b644a129;9843;Credit card;25
89542951c243bc09945418accdd962d28c9a8e030b1c52bfb9bb4dfe8fdc0614;4432;Credit card;64
df29619d4de27c599db5db49b9ae729bc0321260e667a5cef802e68ec52d4cf4;1394;Credit card;160
2aba69a74865d8df6bf13aae1c2f86fb5e6d485cb2de2825c6aa8c81cc9759ef;4650;Credit card;102
cd1b67e34cd93818e1fb69fa8c5d7669bc763cebf636de5c95843c4a56ffc2f0;4399;Credit card;188
75a54b1035fc3d2976de370dc8191375b181aca4107ed8002ca559ec504e7956;1060;Consumer loan;86
b0337fcad34bdd8745cb72947c756b68e366477006a748e97c1a78b37750065c;569;Consumer loan;168
b0e2d47f96b660e682679f18e62cab272600801fb7ffcf0b21d2191ad38642d8;2041;Investment products;77
b0d6e55bbdbd032b7659cc1f5297dc6ba034aca1f6e79374e388f327478627a6;444;Consumer loan;129
e499cd9adcfae5a11fc892246f731551df2f92141389278f094dcec7a0e6d8e1;640;Mortgage;39
eab46374aa37fd4de1220e39dfec179cbefa80a8e0c5d92120e9c1c16cbaee48;8182;Consumer loan;150
8428d9fdf7edc4d75ba8cc7bf958597e8eee199037fc1a9fcc47da4a581bce4d;5292;Life insurance;127
ff0aa53d671dcce729ce25e83038f88d448c9d05a14689cb97cc881243e412a6;3947;Credit card;155
4cc6a366faf979d7d691e1715ec8a6528a68e6bdf86479c1e4e920cba18568a2;8312;Consumer loan;121
8596cd54fc080e42e6931abfcc3bc40327d34a84a9b2d1167df701e0b5f52155;7547;Consumer loan;96
6a69e0e73397ee5ecb42afdd69a0b023b6a0a08e22d4b4bf73bd343b3bf4f361;9816;Life insurance;147
85cd5b5dc25bc8a582ad34e31b005ce0558c71dcbd0ca3a3eab7434f801bf6f0;2905;Personal area;39
c92e0d9104fe103818d265b6742f6b46bb5c8f9e5797b3accd74219513d02e57;9631;Mortgage;106
059bf2f11ca7dade5bca1eb702086cb7e256cc609b3de3f693e1e4843f3beb8f;2942;Mortgage;28
10eb05ffee1ab5ab91747bf5f77a02f9f6cdec2e4ccfa9907e57c0e867ee22a2;7950;Credit card;74
10ca3b18762a9f06663260e8bf3303c2314261d2d50016761ec5b9ed0bfe9d3c;9389;Investment products;20
c5533f72bc59ab922ce714363a79ed1131b5d8a9c137b5f69cefae3a0c4fc24c;9345;Investment products;118
870676557f789e1404ad20d74d5a8b149a3116fd025e4b2742dc8f97bfaf2286;8561;Consumer loan;184
ca7b242446767dbb8425bebf1366f509ee7f0e300a67a7c6ceebae9963150251;4127;Personal area;1
6ab41a8d4bfd399f1ee25814b5332eb78665a4451f56bd38d6a6b912c8314cf0;2448;Investment products;63
80fa828de28efc24d53feae67cd94b30c10fed5fcf422d047786b7135932017e;8153;Investment products;8
8c488556abe4e807316e5008afdb6fe1faed457880fa2c943d94bf7df993e74b;1359;Life insurance;12
6881d11fd1bcf3998105a82b94490fb44578eae8eea7072030e9e5e6104c6e75;3929;Mortgage;30
1200f13791b6b3689128fac03626f58c35d91cf80fde783a6b2ef96fb6a25158;5196;Investment products;125
f25686bda3636e2ef011ded9f0fbcce154e0fee3f4d18498f5f10fa357bd263b;5769;Investment products;32
fe90e80341a1e723f6714e0abd4c755038b933b6b6f6fa852aff53f197a28545;4519;Credit card;41
c4af554cf63a0c29db1fce7251e0c9c2c8758c3b58801e4eb2b1058a88d33b5f;1300;Life insurance;124
4818ef47136d404f7057bedc67975c03f853cee4aed5ef0d71d69a4824a2c7cd;7603;Credit card;162
793c9f546f85efb9690f0da6dc0a9674b4e0eb627e0d3c65b0b5167eb4ce9752;8185;Life insurance;4
858bd1202f99a0abfe8e6cc0f5e11291dac1be3a677cf5596eaee257bc85b2f4;613;Personal area;49
1d4f795daca9843437278f1bed12234679c8202bd93e02a808c124ef98f23a16;3339;Investment products;50
38738f5bb42f2068a2120a80e39162fbc9172d626b6693e75e50b062523101a0;8171;Consumer loan;90
7729833d36fc29aab4ee17a63b7101b8fda60acc16bc9444353b7a4416e2d878;6501;Personal area;152
02138b964299ec7da28bab52523b8c236db8c1bc0a5dc65bafa55e71248443cf;7882;Consumer loan;132
fe487a8f87a63ddaffeb109a2a883c51179935104c0cd8e29a3d4921bb4de984;5112;Mortgage;70
8769ff75da04f579d2351152783375b78044b7dd56a21cfc1909c650d0cebbee;6534;Personal area;24
75da5a6f7276836d9bb5b12f2a87274bcda583a1a90c1a016d1839f9be27782d;7461;Mortgage;42
bd7fc68fb70e3efed4e1031ad4c380bde9072ad9760674b1154c17630981b7bc;2301;Investment products;16
9ad6b4aaff4263a8020203e656f3af704e860c824b3e9cf339ff0ade4f57e9c9;9022;Consumer loan;27
4160a302afa1b14e7fc93730b69ca564656e1ee736ae35d60a907d7859c29bc7;8267;Investment products;122
1f8bc7204963a42a0ef1c4f9345cc86722b21adb06e8ab3012050ffe532c547f;288;Investment products;41
7480a6859849b811e060a9969f093687741e8b13fd3dc7705372ec98587817bd;129;Consumer loan;196
1443b7f9602be222fc610e4d6352fbe0821908566b755f401f5306c93e9c4120;6632;Personal area;159
f781ff7c62ecd2ad0aa82305c918d241c6dd5151d1a203ec430535716e24df4c;4066;Deposit;142
d38643a2b4f72e5b63399f3d333436af74520e6ff936653299097a52ed6a4397;8662;Consumer loan;66
e33eac0b5ff05ea9b9744e691ea15425ea44b051a52427f1d609282a456c3e1a;9789;Life insurance;189
cbdd6ff0a5896e06e84c2632cfa9b86d1ab6f60d761ec50cb3011d6f25677d28;1417;Consumer loan;96
06a13f8dd498d4020eb5b05525af722d9f5791cafbbff775ace93254fb0183c2;4700;Personal area;7
877eacf3e5e18fc0c72461904cc16e1962f7ed720e22a6cbec71985bc99bc006;1780;Mortgage;63
e72e7456c6cf2f1da54be832f6492b527626c16c941f584a738455a2023304c3;85;Consumer loan;166
9abdc81fbef1841c600965d3351523733a2c91f0365a0a90ac80f95c2ffd2a4d;4976;Deposit;63
956850b2ec34849ee29fc295efe21ba01ac5c49acb5afa4381c0911c7f3ad63d;5462;Investment products;119
ee23f51bf9b1b640c955a780935a0512dfa5f8c0338f5a188aca8290364834d2;4323;Consumer loan;19
ed754d4b9652406d8eadd0ff8c347cf202f283474fe73d28399a15b07f1a80ad;3424;Deposit;108
fb7816458b011552f4b414278bb3b54ad6a1583787719e88d859d5318db1f7fe;7183;Credit card;105
a8631ba585d439caec1db4834a2da5f25c157184eb023cee2fa614bc0ae9fdc3;6827;Life insurance;52
d226449f7ecd6da7884a8a8dcf1ef5b32daed093374f59972e550f01233f06ea;4230;Deposit;93
2d11c4ed3ce7e98e263fdace38e099f66fe9c88203a6d199239f95cb03458fd6;579;Investment products;118
1f35e6f7dcf67220c056c12c2b82034d2cfcd8e11f21e5dae024816d03164b14;667;Mortgage;80
33a43d0a3019381732455ced52aadddf94dba8333c2f2a6480b4e7d3aa73b230;7397;Deposit;17
762fa8c388da52b0c8f23b0843709466b7ee8adf1070c641f0c7da5fe1c580bf;3386;Deposit;188
09a64ca9b93c88181b9f210a86128fd1614f1d41e7a2bd43473a59d189171127;6263;Deposit;188
913a4bd1d63b032bce5b5cd8048ad470ba84b9f9914b0daf664e404545ec31ac;5718;Credit card;125
70c27aeb6a805658a161a9fbbe0d250a948391eb61f5e388106a484ac57e626a;9638;Consumer loan;68
8665b2ed364d9e13f181a35a291400640a5260113934c30f2bba115ab7466008;138;Consumer loan;119
0efea5573f8c1f2be27b7bcd4d1352cd383d999228bca806947acc3f1ad71fb1;9367;Investment products;160
51472b84863540cf97091e23f831242504227f056392c04a0217a86107ec229b;1204;Deposit;122
57f36dfc6fef971b7126d8e1102df0e5062f308f2a01de9b07fb52b683b1e722;2937;Credit card;182
47dc4c083af35bb21fc6a704d9df6c5a6e9477369b922042e97856cf41299648;7990;Credit card;198
899a782335b186df7a0e7e2447cfd1089c8ab5562751801aa1237c050075ffb0;7569;Life insurance;140
c2dd4eb681e7eb0d5007123f2d58a19d8bc49db857fbaa97172805099fb63595;7503;Life insurance;169
03e50bd00b31e576fc54c88997caad9e53ff8b2b3d14cfdb7f7f00c7ef18b97f;8764;Personal area;193
fb78e621e555b38dd0df698fb3466b0151303df8bcf1fec73ceaca64585699a3;1295;Deposit;179
4ccbce442cf7d1d264c67b68f828b74ba0984f30ee320eccf5ea56c74bc7ee7d;2246;Personal area;199
851881c6250b21131fa54ecedfcd2f577c465c3903660b49cc205cc33251d44e;7270;Personal area;9
385a1fc286907b0f1f066648d76a927779c31474a1f2f2a76a4a9ac823f5f449;7976;Investment products;133
5b2aa40bca2af2e7386758ab62e0172674dd7a925359ac93e0f86f8635b36b44;8712;Life insurance;56
2ad7d9d29791e6f1e81fb1ad4298738b5085d63854c7ef96e11bb214fa410f90;4649;Credit card;84
7eb02816273271a98e245a3316ad16722d268ae9b1aed4a1c6c5a98a37475f62;5120;Consumer loan;168
98f94f28e3ccd0b4129ebb9118c6db12fcd04304fa8e7fb1905d881e7707ccd5;4999;Credit card;66
d79c4a561ee54f71c18a082ffd2bff52c0eeb83f722df56a64ccb17629c85ecc;2551;Personal area;120
ae3bab25ef0de90b82f5454a7c253751504c131ab548803eac3129f263e4d700;7447;Deposit;113
5469d512acf6b0ff7e5084ded3a01c1ebfa92db6c48caea65ee0ea15764eea8d;8849;Investment products;35
2bcfb447cdfa33bb2006a76453ec3e473a7050cc018f66eb5f6e25843fa47a7c;5955;Personal area;59
e885bfea967e0f66552eed29c70d70dee97388e383a5776350fbe508a4c5ca6a;6959;Consumer loan;69
5a681bbfd5a412e89b1bd2f74150d3615139821d68440f40cfb7cf22ea702453;1997;Consumer loan;18
4572101af2d4da9e5de333ed345758ac31337c6d128ba01a5e73a48c7f992a71;1590;Deposit;7
cdbf254fbc0b08eb4574e8d0e3fcc06c450b4194578bc7cd0cbf17a9ae330143;4208;Deposit;193
f89b1348caf99f67cc482e36df7775844369034c73b7946b5918d351776cc909;8178;Mortgage;101
7e8b8b72b9e2a4392c35b6ecb077dcfa3998650afa50499d5962ffa6c56262df;1468;Life insurance;91
41db5a57af6237ac20aa172ecc586766d19ab3decae22f3db4fa1a6e87a46a3c;5650;Life insurance;55
8ba1160866b284440f2f2cb5f8a8627fcd9db24b42333cef3ce1debaf28e6789;3747;Deposit;75
bb17251a882844914d8bc8d908aad9466fc466333b103a4a59a5cf53546fd1c6;3112;Investment products;182
974c5c8ca8423b5b40b4e26fd49437aa0d9889950e24014985ff04d4cc680ad0;473;Personal area;155
a386f56a3648725d6cbd916110c6d6093e55d408ed97df0a10d99252330080b0;4565;Consumer loan;31
90d3782cd6e9b224261aea444620ae5fbd41947bb2390156a576eaec91d7af25;8316;Mortgage;2
0c02caef90483249677a4f3366fbf2629329f87b82c86db57e6d8e5958afa456;2255;Mortgage;112
fe21fa4a5f9caf016d5fb8ecec13798c8f1953c4cb41392b9d80bb7eca476950;825;Investment products;77
f9d83c345af885f78f2921ee698dd8b4f9601fe2935c5e482902afa62eec20bb;3217;Deposit;16
19677aea79b8538e86a5e3e57e50e728ba96311102607eb2fcdc10f335e3e6d5;8499;Deposit;192
f63823798b2295e9a48e784a014b7bfee3647f073d733c7aa8b99ee24d5a7dfb;2980;Deposit;101
8b484f373a98da0b3e40b7330c86e56df599ddddca10ea745103bac61a0b81da;5056;Mortgage;49
74b77f7a65f0400f8b0a56f86392c7e36e17d36643161293dee0f74f10205a65;1829;Investment products;73
3440ac3718a6cf5089f68172c744eba9c255de46c89bb91ee6bfb1d7d6f680dc;1330;Consumer loan;69
5ef4f0b02f38ef356a7a88541384d9842f08fc91c6b1a6462034248ec67e30dc;2939;Life insurance;177
0e9e64a982cda2332ff770e825687b12256d73e013ab6ee929985199b2fbbb44;9914;Consumer loan;135
7ace5bd7e4c71e8e3c8a14d869275e02071e62587634c3773443f4e00a756f0d;3433;Life insurance;8
dffdf4340508106ba9230aa31c33e117b133b70f0eed662b32d75f1de17a9ddf;2234;Investment products;195
b57e6c8dc4bb4c04be0a4874a25da5fd5d726076d511d2a2ce9da262d0e64aba;8772;Deposit;88
46f12eca14cdb0d22a4892538d3ba61275170d427da64174caed6d5801d9adef;6350;Life insurance;181
b5784e6e5e62f1d5975fb551e99ce7dfcdfc738b67c22568315d157eb8217f0d;7548;Life insurance;145
08de3f9cef096d000ebf500a6812cc0af9861756f9d34f2ebe0a57c14fe191d9;4790;Deposit;37
008a0086e0d178b041e7bbc238e882f36d3994102c8e48b8141bd7f9bbcdc3b3;8439;Deposit;95
06f1cc7cf46bd64014eb27716b50a9440b4ec05867ebdccddbbc65f152ffbbe2;6121;Personal area;38
cd0930985423e81dc823d374722000099f5ee9a19a70408420e2d2564543fc2c;5650;Consumer loan;66
c6198ce27ae16af6a199fcf3bacc7cff37ff93f3a4f8d712737649d00e9b2de2;1569;Credit card;190
5f3d3e3cbb1ab9e13ec462476eb4f50ddea8783f07c708df23a6caa0cfda77e6;6495;Consumer loan;15
7e283359a330e9bbab2563276497214f5795b84021e9497d182fb1a9133104ff;8827;Personal area;186
969a2d1b96c9040fa941ca239ecacfdfce9133b2bb79c7a4de3b68970ed74d7d;1831;Mortgage;7
fdb6278991a4ce6de340ddd3b484d5e99beaac732dac77961d0a4373cb7387c3;3139;Consumer loan;102
f53645f9cf6de0b7144f60730a0d5d02d289ebf42931c9c74b3a0e5f1450a8d5;9680;Deposit;112
3eb41cdb37c2a7999466656d6c3e6050b71db673b5cefaa54ac51168f328093b;2720;Life insurance;101
e3c5c91e7ee8c710888e407100f41e88e8d312807c79da1218dd780110422d8a;2515;Credit card;175
fddf4b76244325d60775daf3ae137a7a30c4bd45d359cbb63fa572cafcc7fd41;7540;Deposit;115
3a1fc28a8257b7a7efe735349fb95840da34bb39901b94212047de9cfcc5ebc0;1582;Mortgage;80
289ed82dc026d15134cb037ef101c2048e56657588c3396471b9135bcf69a355;1338;Mortgage;53
0295145faca608431a7f00eb563655f73e48c2a1c0819e7ed65eb1b3e6722552;4798;Deposit;130
f2787d4f10ecd1b5e71cbeb0140468cf71ec09fe27020f55aba8707f729fc71e;3899;Life insurance;80
131c25fa957a43e860a7ddcecd83c48db87a4fd2e09e29da34dc44495d23e7e4;4218;Consumer loan;37
16807cf527c0b810d7c4b78a4eff028e8147e588b7f6969f1121379f7e27dc31;4171;Credit card;121
beffaa9a14a08bb80850c7394bb2791b173f367d33bb55c88ebbd5ff0316abd4;9297;Mortgage;124
90992c7f12120d4c37ecfd22317cea498943adb8236eb477a455ee3eaeff5c5a;2157;Credit card;165
5a69ba79d1f3d206dca69f636d4db9233718fd16578f2aaa994eb41ef3b573a9;2393;Consumer loan;44
d07a1fcf26ec88bebe5f3c1c5d9860446d3f7dd058e02dffce59ab4b2a0e7e56;3501;Personal area;44
d40356f3345f34a1a90cf6baa1a929d5e523a4f2cf4b5d9e1f75041f1efb4e2c;5782;Credit card;191
239bbec2a34514907bfd2cb3d08990656d2cdbac3382cdf22c0d41aa7d395f48;7148;Consumer loan;102
90149f5991f0fcda8e6425f3739f4fad61a2d2b879967be659f13c323d44392b;6208;Consumer loan;39
c7ef8b8d7364589438ced349bce868a3bdc885bf21e33de25e65113d31eb7d58;4140;Consumer loan;50
ad7f6d041507da128ae818d960d84bf1eecd2278ff6e7a88e70a96963020f906;4457;Investment products;158
e66a625b787882af004c0946a01e5317aa59a482c9b1e8f622fddcb9d4968044;8602;Deposit;150
4ee3be014f7c04a0f99a6c3044795efd1c06da0b64b3573f0600830116989a52;4730;Life insurance;166
75d8eab0992eb7db863d9735bac97aafd652a5ed4a6e857c2c67cc974d73c033;4083;Investment products;29
296d4cfd1fee9bbe7dcde5c7f2c03d26bc7ca6524dc4c69af5efb542e39ef05e;7769;Investment products;147
a8fd2394300bf23cac87727cb9c644267ad6bf1c945138a415b116ab5aac508f;292;Credit card;124
f451ed8815523cdb29ac3cc1e8adcc55d65c9b75e19ca54971bffb2e893e6416;5704;Credit card;105
401642c0f4e830b027a2aa589323b8cc671b48197957f2cad09512a77e2ea1a9;3807;Life insurance;68
49f137d07844c63e79dd637103ad97663c451b88004247638b79c211c0d9eb04;1287;Life insurance;163
de48c6caee599038e1c4cb5daaa9c2f8c386b97124d18c891858685c90432aa1;437;Consumer loan;175
9a84cb3364408693db679a6246e1019be20fe3a9b29fdc2b2b6b82e39da58e03;6917;Life insurance;70
e28afce3918b7c569179b2ccaa830596819469b634e36751148d5fcd073a73bd;1592;Deposit;24
bad6d0716e9a335701aefa81736861bb08019cca4e881c6fcebb55c38ba81c8b;4268;Credit card;141
a0d0d3cf909f257be5efdc906242a4ba6e0180f4bfc46e53d4b3fdf0655bba9d;3357;Mortgage;164
3c3aa9512bd808ed536ef31cb2241a0a6b6b3bb8d593389f885a9e33057b12c3;3000;Credit card;38
317fb0654818101761f1b7614f2650d8233da744c648b1415723da6671c11888;1630;Consumer loan;65
218e3dc46b46dc127080b1cc71b4a8a4c2079e15dd7bab6e29c09a1da5c2770c;4942;Deposit;176
596e987e18899e33514990d03aed49f15d0644c6661d23d5f2798ea283cb7783;1580;Consumer loan;10
6195d009ed341d7384056c458110311a1bba75ff221a452a3e57653d034e427e;5701;Credit card;87
cfa6b33a0645df439ff8b82d3863bee20bd82cb574a0109d1ddfe4d1a2a4704d;6900;Credit card;173
bd0b0b5aba2552392997eee1d55527c32e077970ee04e5fe6cdcf801d7ed2369;1172;Life insurance;134
91c2380b637753ba21802c558e8c3ef9573c0ea74cd2314ac19d225bec06024d;4194;Consumer loan;187
a1d3dabdbadd9d7b845f88ebc6fe8d9b77f2301db2d69436da3452a51af0d960;3362;Personal area;131
05d6345396f53f8c2c39610e8563ef192652b2f999a293a5a6eb699bbb117915;4471;Mortgage;59
cf76bdeb2dc5c9bf7d69a0b93f654fe9c9aa69750d227ab7f8a6f4de920c64a4;2391;Life insurance;166
fbbdfefd62bbbdcc83bb36b0cccf21fd80328f303de26850e32db976d53a4364;4701;Credit card;87
15ff3298f4fe9cbf81092b396bd47202296d5b750c9f7dcbb23ac7ca3ab928ea;7554;Investment products;115
0cf42d129e0ec3fb8275fe2a81d7f592cc9f8c0e3ae2167ad32d0b53fe8a20e9;4072;Investment products;121
edce2d151f315aecc459765521c7ca07efe33ecb2bcc3cdb75ce4c7473429ce4;3380;Investment products;24
05a44bab4b3275bb2ae1fb93ebe3d36da9645cf027fada0ed8687be83604ad4c;5633;Deposit;104
fbd154cc97fc05bb56452dccb169a0046ed5e221cd6eb0358708828bdeca4ff9;7434;Credit card;126
48dc41fd0616b6e6a8f2a9ae72ade51eeda7e5bf1f12180deb7e58055ab25045;3879;Personal area;196
bc832dd4ad053ed68842ab820d40a53276a553a9a3f0f798201f040386da7e65;8373;Personal area;120
0b9e11e545f206658396676840634eeb842625ce4ab6d6c15910f8820fa0c14c;1766;Life insurance;135
07ae745c439a3bff848ecc263902e21189d145c4e9ad48f2572c6d1a0267eb25;8042;Investment products;86
586fb0b59f8f7f64dc0bdd3a336f9e8f2f13ed3c34d994db7dd0fbd5c900c1fa;5257;Consumer loan;106
f35488798da1293236bfbc01e14a9b2e07098098b95590559b2c447440071860;679;Consumer loan;86
d73027eb31e215bee08f7a9805e73720aaf80fe63912edc9a19840dec013a824;1162;Credit card;156
516b81bfd329725d41d8fb6f0df5ccaaeb35b939ff336f8fd5d0d565517b877e;4842;Credit card;68
ab903ea822ed22d3991ef366901dfa865717c7b74940f8fc152f6750c65d7c34;8156;Life insurance;9
25d8b5e24dd470332dd1904c6c3cf1590b77d911d629213f277e3f133f862dd5;6270;Deposit;170
b2ed658b8e853ab690eddcd471cf59a38926c990a3ccaf1e121ab4ede18ccb97;7607;Deposit;49
fb1349bdc448c96be58625ae6850bf557c50e642c6641de96a87eb8229e655df;1198;Mortgage;178
e7aaf375f1d488953afe0413ffa77b9d154ceb2d2defc312b171e2b743dce820;2234;Consumer loan;102
209474ac51a7cb96e1e4c780898de74db8fddc66b6de15f289877457de5926c1;1694;Deposit;91
73706188d48445a595ab1461c6dcafd4532bd8ec1fbe9c8a775f517ed56bb4e9;6995;Investment products;143
22579d034e2c1c8b9956c22ea5075f64d1b12b79659988c2bd923ec7bfe5a6ff;3610;Deposit;58
ddbbd20655295225c4f46e944ed97b8d58421f72c3a7661fd099599fe2c0c86e;2749;Life insurance;198
b1834408d7025e35685f68ab7d476b4b678a3b16791228161aa44b7fe2eef3a9;2981;Credit card;22
f2c861cb48ee98a33e77068da13ee05498e491e324a2a5f803bd574a2ae54968;9621;Deposit;20
b9f4491e60ec499b729960838b244a892d621559368b482b5847bafece38ab00;1215;Investment products;92
d5a8fc39448232fb1ab44bb2b3babf2345c19bde03d0a848085d63c5b02caf67;1921;Consumer loan;27
9e9a2ab37dec101504db0fa05ea4065681f169f2992b4aa502688addf07f108a;464;Credit card;191
706d7df7425d729d0ad9e0c34011c95431695c2fc03712cfb992ac93d9fff6f3;2214;Life insurance;58
f2dbd753c76d6eec7a08a7c8044f7f22c3255386d69b4fe83a0a1cc5e9172e07;6767;Consumer loan;151
b866684f46fa11f700f6791d60b2be7b3e5a6032f32fc740667defe4c9834e59;8780;Mortgage;43
3e060d390196edbd8d41ad8be593a4c11638965eee11d4dcfdf7519b2b4fbc55;7834;Deposit;61
e37ff0a4e298f05d75e2af381e7d7bda35669677f8e8b10296a4493ed088dcd8;2300;Mortgage;73
e19ec71b103423d366236d76a42ad601db6f8e477b97ad451220295db6ca7392;7937;Life insurance;41
cca43642e1e2f40bd4f291ade873b6fe426832802a53a502258133dfe6e7763a;1225;Consumer loan;47
c82e8be494bf925e02ffd742c0443939f8f5c500c137288754309d24412ab6ed;2034;Credit card;119
f70be28a067405e8f04c98581378fab5418cf87fffc802eb16ed9a2e38ddc096;7692;Credit card;5
b385bf1653e55c499a79fe5092381efd845f44e54f4c9d45d1463600a72d808f;3781;Credit card;92
b6094ac9d3aa8b35f228df9584ebb46cea2c206b39b228cda3ecbf46a2af5c14;9006;Personal area;8
550a558cb5828e8110da4b61f242826e9e96518969a655d28251a8725014f27c;5802;Investment products;118
93cf35f36876999db9fa055b3e66b7ee3ffe439f3244a7e33528289e4b2dd49f;8576;Personal area;173
3ecd0a2f66ecbb81270ac8d70ece6909735bb2dc9d8af8e8435f1d1f564c8519;6047;Investment products;89
3fb96fdee2ef744ed9cb0a7ac6e85b7c032f08f3d8c8dc82e89647cda69a93de;8103;Consumer loan;60
8bb749f7e9d6df5580b4e7c3ee4811fd606b8b5cdf41517f3ae786d381092a95;8521;Investment products;110
aa22a226fbca75e5d9b313591e37387096be069a9d5f1e9bb362e8689b71a152;5925;Life insurance;185
1804a45e011a3164b7d487af5668c1809c102c840a3e69050cd39297204299a6;1228;Deposit;27
b5ee0942169f6644b5cd8c4c1f4bd4f99db8bbae99f86e628b5ef60b4459b75f;5923;Mortgage;9
3619bdd38678c3542c647e047b4fa43951a5bd8b5bd796cde258e03a1b16ddac;3051;Personal area;22
586239724b595d49b8db0852bab8be0750a1dcb4001443d863612c6ab2f5a8bd;8441;Mortgage;197
779dcf58f34b9e1971f31beabddc83829cd1d3ad305bd0781ae14cf564a7c283;8825;Life insurance;146
86690027134218aa53636a9e43f7c09b26317cd48f8e0627654afa829ab12675;9375;Mortgage;107
89b96e324bf62395f6af9a33b8438b8730fe95ca7f9134d3066c92275e55bad7;9773;Deposit;194
43750565909082e186a5c998c54de3ae015ecebe6a51b7857f4f0ec53b5bf5a9;9169;Investment products;110
25fdad37286d71a05be30e2777c8def6b6dda3322e29758726627ee609f24ed8;7895;Mortgage;81
24baec81357f4fb7c1182657cc034e39a0adc3ef4088e935b7b1ebcdf2683c5b;1333;Life insurance;149
9594125ff165b001efe25604053cbaf6c1de23e8b405a7fc773156b2b4267220;3177;Mortgage;174
ceb7292e222eae8327d56b0a47b2efaf556f648960c5dcbe435dd11902b6c5b0;1331;Mortgage;54
d829a4d7d23b845fd4bb4309e1194df85d90206ad65419dd61298f12de07ae59;2410;Consumer loan;91
327e546df74afa0127fb9baaf9b745988be6cc351e9b80f2af1cb278f3eead95;4499;Consumer loan;55
e3d6e7b1c0aa37759099780e28c6c686219dc489ed6547476bfa6a0f5449e9a5;6959;Deposit;165
7877fc2758a2076ba64663ced6af3bd6f206a96a251116c37e95fddefd3f78b8;7286;Consumer loan;179
93c0586903141cbeea8b76eb40a1594620b65b52fc17db49cf258c82f8058e69;3465;Consumer loan;20
4c5bacd4427b5ab8bcfca44169ad089a09382b5c42953b0955ed0f122c528cdc;1392;Mortgage;57
d606e12903e3078835e0875984ce9b44ab74b062ca90f46fbe7be49c34be7629;8830;Personal area;73
82e1c7b95196fa174dc9f8b0ff9459442c48edec5d83b7ecd3887afa3963525c;6613;Mortgage;183
49e34c8f46ff4131c57cc51ea776968821ed573b522aa019062d75478b863a65;8853;Consumer loan;53
0ebdd54f25e40b69df608745f21e5bd3a15cc902c1224beab5d0f00059f2768d;7551;Deposit;199
4b9714a55c8a597890348557adf932a96b1d51eb030eebe69e8a75afa0ec47fe;8753;Life insurance;58
c596c640db00abf4a9f8950fe098bb59cf838204b63eb6931cf59d799da6d2ab;9893;Personal area;75
73b426223421e8233faf64ecff4cb62a4797602bc99bc4163d781daf33ab2b03;5028;Consumer loan;11
ecd9a03a79df39d65515f1fb3b4eb60f265f00347cd31b0ac76ef29061dbc00b;8566;Personal area;129
122423b835239608ca21aef1a4b30e089fc76516364c37b25eb90e15259bb603;6142;Credit card;32
5fc2052171d40e77a79e51ceaffab05a6404e003a59a4e6838374a239bfc58ae;4012;Life insurance;161
6c3e7250e20e8705bb0c49c9a9cf327c6d552044ac8e21d3ceec2d0d6bdead3b;841;Investment products;174
7cf4cbad2d3d7a6c8364e5d0cfc95e082a59f879e6c7644f8fcba9bbb6bf2f6a;2502;Deposit;62
23b9301060b3a52a5c9f7997a38873c158edab5ab6923b2f90eb4140c883dabf;463;Personal area;151
739139a485478cba3965f1d6a74045583a785a55d73f3860edd013556018c489;2399;Credit card;9
7cdfe493f33063e486a41ea56664319fee5cd699050d8f1634c954751d9ac3e9;4434;Investment products;31
c7bf5a671b3aa9fa275196f2db8761a140ecd60281a978a0a9d413ff6dd70217;9765;Mortgage;97
a164c14576f97fc4f8f3490144bf08cf4d94143c05d13d46ba6ee9f1a2756d61;1910;Deposit;184
feb7c9772589a2b53c531d6bd67bd6cffb9b77ee7089868f03c3e60f46c8f433;2515;Life insurance;142
1c3f4eaf82e3916c18ac0d9216e74b5117148de50f2096ce9fad0550c54b0a63;8366;Mortgage;142
0e982d4952cc71336f89a35d61d5e28defb8b796cbbeb266274d09215a7f83fa;1521;Personal area;180
c4cd3e226e02ed5f06d8dba50d1e75187adfb8c23384817706f3b25d19289182;4518;Consumer loan;21
0479ce36582f476f9a841cf0f5e400e4d79add4208c8fe0247dafaac16bfcd8c;9982;Credit card;174
65418b776b24be6663ec7972b92d8b0c3c03f692c18731ac57d3aa8b880104a7;1609;Consumer loan;158
2bb272c1c59421b8ec5ff9f0694cec193a05a202148ce58e4c7b33d87a14a515;5087;Credit card;75
0f45b0522dd22c0aa72b1b98f85208fec16ae6e4b25f610252e9ab2b8afe6240;5120;Credit card;162
00a7c9ac068dea85156450628c7ee88b9e25c5abda4a2f9734fe3aa0a8db92c8;3131;Personal area;80
828f2f7a82400de4c34e4eae0a2d6354e06a327573fb24c8705606e96888b8cd;5081;Life insurance;200
d2423bee790073ab3548e35568b5d13a7eede8f0138d9a6deb11a2a5e6c3c869;4775;Consumer loan;9
df6a39e6403d4aad2955d0a958b5b6198cde194325b75430475a1677fa338c07;2682;Personal area;154
4e9da0b68cddeeb6ed775928669948433de237e735798fb7085614330c4a40da;6070;Consumer loan;87
837ced92adba10c15722a569c39284689ddd2576c66ab8d9e193c439d88d460c;2781;Credit card;141
38bca5b66155223da1a5d3a87a2e1fd2d47d263257916a726d0ed03fa4f6f134;9334;Deposit;163
acba803a05f41337f7597ef4cc8bab79ce4505fb40c55d0b3d278f54dd5cf815;7840;Investment products;2
bd55ac9934694e1e83bf3efa7fc0427e8019488d689993fb271ec6cf8bd5c4d6;6420;Mortgage;30
20109cf1834d67bca75aa18d52e9a97d69914edf0c467402b0d735491d632ee2;4623;Credit card;165
a890cd2ca5a4350f826810dd08ccaa86a2ecc9f19571d5242491d0912af635de;6289;Deposit;174
35c75f66a621cccc39b6b0fe9df229cb3a18a8025ba29c2f10d908139d0d5009;2327;Mortgage;174
55ce50f89c465ad5899f428bb9fc566c95bc3f43fb2e865edab935d9a41f7d14;5094;Mortgage;184
2f67c7863b2824546e298f66f0579d30746a3eadd00a0376754f6361da1e13f7;1356;Consumer loan;58
1ec0067c783f3dbed1cc68701fb4d85065cc0912a386f563312fd69f4af173bd;1151;Consumer loan;115
dd0ed8b27132a306c25e3955f60c563da7caff80a4559e11cdc961f1b456a69b;8710;Consumer loan;112
11e21f1c13826aac3f7eb95afec7c26113c8e65aa066508fe7361e7e73bd22f6;8024;Investment products;63
049c62a7fe8454bed4f6dc053f77cb884b07df7c97815e1878c89cf44257cc1d;8196;Mortgage;96
c5fb5c582aabeac7428692c0daa96a84a451e7c8bc8d9cb56d581d06769b1870;1940;Credit card;145
a69c0866dd0d380396ec619d756322985c10bae953f1887c51e1d4c12017d544;7785;Credit card;9
358840dab015f60ed9009a290f24f8c9cf716bed02e5c8fe86e01447b0f284d5;4978;Deposit;35
5bfa70e2b217e7e8c1749cb72d7a1902afb371c5bfe6677ad71fa3db0f54ecab;6392;Deposit;161
e388f76c14ab492c18f1dec4fbdb834c7d049098b1bc256f20cf330c9f72f21f;5652;Credit card;144
c0799d6ead644e08800f6af4abf041d986fe0c5ddb5b58bd791967054061dcd7;3066;Deposit;73
86ebec2e64c14d94daf4d634d281585b2793e9c7d2c02b71ee16e0112f18d346;6397;Consumer loan;28
12ca118d652b176795aabdd620e65fc0f8deecfb8de5b0561623bc349e09f907;6317;Credit card;155
1fc44e61cbab0324b28a313c87b6e247f2d267fc3a53b78964fb2411d3a66eba;6087;Investment products;106
c07258e8ade85e71c002a17171581d804e811036ee121c817021171bc77301d6;9121;Credit card;190
f72545d4b3a04db9d26be87794dde90601c51294fcefb82c1226c708e6b5c9e0;8399;Personal area;110
1238e0d19b373da43828289827369427cd8549b84f5c016b09f8b2e19d985e2f;517;Consumer loan;37
1f04669d7d034dae57f0f92d40c28c281475c8af09631eaa2acf5c1c742662f3;741;Deposit;54
f0311ba3562f713c9c89745dfe29136307c47386c2a76f8be5cef3586bb755f4;7337;Personal area;185
06e95189b45aaf4aed0699fbd4638fd6904c80cb4ae958143689ba2de6b22631;1823;Mortgage;149
60db685c99c458cb3e54c4364ef17b94340a140da79869b66f34ccb2731878ac;5273;Consumer loan;23
93466a03d434626a29183cd59c561e43a3dc351c863b01bd92a0886ccbaa6aab;1456;Deposit;83
0917bd5cfde35c8b7896ee3ba6d71781b1cc4791f2ff8738edc72c3bc6e5bfe0;4657;Consumer loan;100
21d38d70d57a9b7efd518eac6c9bde54688da99a0b073a8df4b6aebccb884533;2506;Life insurance;79
0cf00a37f374ee1cca39eb34cf7255183a311c158d249338a6344fa748de5445;5285;Deposit;67
65cc7b1143be7a91c04aede35bd3dbc9a929a04d64354e1c0253bf4cd7e0a013;5077;Consumer loan;49
b05fd45df60a966a995de7f8ffe413df79709c266c63279f11c4ef4cd7a691e1;5750;Investment products;116
6a92bc20761a5b2ecf616fd778e648026d3f4633ec1b07d6c592125346a7d872;8530;Consumer loan;84
63b9ae699768c7321dc100adee099443739dd1074eb16b8dec987c9ee9c08b02;3968;Consumer loan;86
0a057b472b1ede3b0cb1ac15bb57e206ed05e5a2aad55076b66b04dd9eb888ca;2163;Mortgage;186
4e753bf6ddf4ee2e31f5eb5bc66acd71aa1589a3197a2487852c64666ef2e27c;6478;Investment products;79
35879bb260e18a1e3be60b89ca3d831f9d3a34104282b83a0284537f2e669232;2175;Mortgage;89
a61c99c7747394f29ad087e71789869a950561ea7b83ceb9fdc3f4633733a68e;2765;Investment products;200
c5759e4e296839b4dde24325b995cfec33213769a9588550eeaed2b6661a65ef;5207;Deposit;17
a3189587123987f01a74763d816e1f323d7f8256610754dc83f2d1c3a82d2170;7873;Mortgage;75
7a84aeba7758c0f5d24cd3de999b90f7450e16b4fdfd25b4d75969d7614f722d;6742;Personal area;135
57d3a417281f9386eaddae349aef9c4c58799549ad860de73688935603d5f532;5727;Deposit;149
f983f04d291e1d597a56bd78f4a6dcfcde5316040c80553b878db864c201d699;1677;Personal area;197
9b860c00b40e67dfec0af62dc2e2049a567bb7a0982eee21fa8aeee452055c2d;2215;Deposit;34
66c2653f8dc3b22de38acb0bc073f3913cc0f8f7f34121a458aa9f4191a21414;6822;Mortgage;117
704d8da5f43c64e38312e9198b5eb6465570f5a8b10c756c328b67344331e125;8495;Personal area;19
d0061b5f4bc1fec6e044fc6d8eb301d99fb1836f0559d622f8399146f16ae144;9424;Mortgage;195
e7662dba011d061d3bc7242d939e78a82f2a845c1ad393522d859c431f261670;9811;Investment products;45
0dbd61b4805b27269c37dfd85501c9d10f0e82cd0a45ed755038965447d5604b;5826;Investment products;65
c5215d85d4e11bf7a057192226c925ab6b5e80e482e1ad0a92efe1105d037ade;1484;Deposit;148
2b9de624023f52752a406cea9e75e3d606544ea4d49d075fa8acb7d448d9ef76;616;Mortgage;17
904495157fc1c4f6ca3e4b71c85570036b05af9c103cb7d8d52715c7b6d92e88;6670;Investment products;179
47ee61d69ddd99abb6445dff29d282668ee1882c0092ddf4363900460fe51450;5370;Consumer loan;76
99cd01d391a3ad08bc059894ff0c4d635712fcafed9fc0c7b3e13b1bad261788;5713;Mortgage;65
710db46b43c440bfc2b55c9a2cf4d07cc895bef1736251f456a0d4257e0603a6;7297;Consumer loan;20
8181a58b8bda8755f8154c473cf12d17c44907356ec5ac1b64b55583bf136a79;1196;Investment products;174
01aefc32cdf1c9843643684d47d88e86f33f0db2a93cb121d96c99ec85790ae1;8837;Personal area;155
aed00feeef18b9069b94f749d17b877d7bc5f5d92cfca8671255a538ed9d2be5;4290;Life insurance;108
f4662e38dc5609e2e2ecaa489380f1848a82bf19a33fc6e3a9189d88d3bfd9ae;514;Life insurance;33
9f99efdb775a76cdfec76d0608f5a6f3149a9aa5d854c3cb54bfebae1285d957;1175;Mortgage;73
8e70e14be3f1d4be152c97cd0c4016b57c0826224cbd83e7dc75c7f546063062;5537;Life insurance;15
458a3bfd147c9daf9ead32bae27801e80d09c12be8df596bb22dbc15d2acaa33;7773;Mortgage;180
73467bb9568f6cf56a3540e6df18bbfc0fe885916dbc9406a498dbd3c78430f8;2085;Investment products;95
7849e0c7829bf349211bdc46853020e93f90ac9004e57b0e0813ac04a5a81319;5956;Credit card;65
5290403214fdbe4f86a006e2d1b4295de8a937a547f98acb579322388115b527;538;Deposit;116
8c50cf32ddd065bfb48485f7e05fb214b76ed342816d96104786fc8e722dc350;6869;Mortgage;158
e3d34b615767e1c1105737af07ff00e204e594cdc58b4a9e322d24dccef4672d;2604;Investment products;159
7abab8f960c7c43865a8167359668e3a8c1741e799812084073e50784f682917;9377;Consumer loan;28
9b5feaa81aa63cb684a501efeeaf709c8c6e62327ed129acbc33208493559351;3768;Personal area;73
b95ea16f9800384b6ab52e1205b743ff543c0f1f7354d3d155c96338add38695;8344;Life insurance;47
1f3ac739e3ebd2b5ff65c3e14945596521b381b9b9d3225c9db26a72b122ea10;4037;Life insurance;24
2db35d20ff38f721fd29a4aabb6058f32d2255c05eb21b29b98b08ba1a0b54dc;267;Investment products;172
898526e8c7333665dc6631baf16180f54e2713f145a7afda3842cc4ad7b7ed17;678;Consumer loan;131
5807b9c782b7abdd75ca2473a653f2c947e35203f7c2f81ff281f1603bc9dbbf;3390;Personal area;37
5337471b983f57729ce3365cf32a7a1d435e29eb23218d36732c085522f15689;2577;Personal area;29
dbb1bae230dbdb77d248d85b2d33d1fef79bba795a8a6426a8197d3436c210c8;6883;Credit card;66
b4114a368687d47855d9a0e991171beb8a09e16e52f23528db9f4965889c7487;721;Personal area;154
75e92afa4bdfb1e1bc66966a3ca23f317d15ea889a245c490c0b080cc668d75d;4982;Investment products;72
303abc566454d6df0f9125cc210def23cc5ce338b7480260b5f2e310050143db;1572;Consumer loan;43
3b2af18e19788d66e9419dd8a79a11abb4f7d4157f814887f7f6b9c6fcd1533a;9128;Investment products;14
d631cbc5acd9e22d6d96eaa5653a1929df966c09cfdf13e012ec77365e8f8618;1078;Mortgage;29
26b334455e2367791589223418dc75fa7a10265aa529be7170d9c288449eb370;9974;Mortgage;135
5c688567bf1c8ae5bdd094a6d5c80854a1a08f9efa35c12083ad49f54f5ca706;408;Deposit;189
bd9bb33287bf61847568333958e12aee047b3ee038d9a301665900b33f0f5496;1558;Credit card;171
86f60c0079ecba97ca38e7e1230954b414fa3ca69052bd32d27cbd35c4ad7a5a;5360;Consumer loan;180
614362a2ab96c7278ab9fdb96b7b23c045e3a6ab744fe443d5419ff1f0a39647;2061;Consumer loan;119
df4f6f75a06ea7dcf61264d5a8932ccd37c0a088fcbaf0377987a3d768a48fbe;7032;Credit card;40
f3ddba30b8e03a063404c6ab62caca8426f22f32624a8e90417f1275a44524c8;1067;Mortgage;46
23368d176b248cba313c598c2d5b781f03e8f5108dde0e93903752e1f3b3677c;4617;Personal area;103
3c452783ce746b319c4cb9a948c991a10ac041d319cde566d39bc84315e1646e;3130;Mortgage;96
551a01305d0c71fabda6825310a4e4225269919243ab4d7cee34b0a0be50222f;799;Investment products;58
287dbc430ebb04d5e6c6678ed9b084e7957746240984b611c02961f001646e0d;7348;Deposit;24
54c3706a5dc6b46ad77edf7264644811aa4e7c50c9058910b449cf665234385b;3159;Personal area;100
bbba8f5642f18797d5666d7bf436cb95f460d1d3d6d698acfc185d93bedbc75e;7490;Consumer loan;167
2cd438672bd42d2a2d4734302190d0258455bf123a73a33b6752876b2177c590;736;Investment products;99
6326c5d0d923b935a6ce3ce34d3ea28c137259c454f116212a6b93c8cbb7cfad;6214;Life insurance;78
9497968111c7b3433f04307faa7f19f428bbef1c98e6e73d8ff42993d8963f79;3967;Deposit;105
6b766ba39d7489b91386c679d0a2fcbb663b772b50d87d21927ad116160601a8;5476;Deposit;94
db9e104290542de993f6d34794778feae875a1cc46cbb82b100566f5b1a29fa6;4992;Mortgage;45
b2c636cc84a1c1aba44ffafa800ca1fbdc505f0deec7f31e9817dad3114a4c14;564;Personal area;135
4d502c39d84a674a87a83aa6fc2a6accb727d9ef39c42adb594ade03ce09c7ec;7495;Investment products;49
ba4331f4c2f99bbf608bf95bd01c190feca0cc476b48e646b76cad0f21bec667;6856;Credit card;105
512198d3f0df7558d9a40411c9e908e0dbd9774af92d499199effc0faaa16276;2381;Consumer loan;41
7092762475eaf4a8f6209caea78723406726aae1a6de76cfd70265bc33c9df87;4719;Personal area;38
7c4d95abf55eeddb0f880220349660171f56e0604e0d94b94d722e72d0163321;4982;Deposit;50
6e49f35f43fb2cdfff44a7947a2af34a714d173e0d6cb31c7388d29e7dd8fa32;7097;Deposit;103
79fab86900968b9398567680879a1c8ecff07ec114ee1e00777a8741abcc4eb2;2112;Life insurance;128
fb9ddb603722600b373edab4fdb546bb9c6e7f31aef951c5f57317b2f83780a3;388;Mortgage;149
02f4c3b8c9dd9238cc8de25761805bebb3f724b8a769d9f9e809ce8da3062bc8;5274;Deposit;64
ea7f585a63607a9e28e9137d1127a3b79ce9b73ead030571154f560a88a93957;2437;Life insurance;44
31f2fdb2973e8dabf97680101fdca5d73622f184298f70c9a735626b1e61d4d0;5579;Credit card;145
8f0afc74d797483ca1c7c270a9b8b88c62024304031c0d8f74dbac220919ecd3;5148;Consumer loan;169
4e625f9f5893dbd8b5080603bb6bbfa1b664ed54fda9bf5c31516e9285366f7f;8473;Personal area;96
c53ee65b1f412fde4041c7261d525514099c7465a1de1dc972ef7a4998b24c81;6865;Investment products;112
11c453a6d142dd3c19e5faf2eea44962b32e467c9d2ea2af5d5120ee699fd7c0;3353;Personal area;27
d2c22975c1a1521945ae9e38bae2759230ba798ac27b1503b76fbd1f4c753a07;1095;Credit card;112
00f6ecab142d4438cedd88adac4dd3f5db151e32113755bac048c3e18f94336d;5529;Life insurance;63
eedf5d3c5669db15098b04eec390226973458a360f932b117f5fd11341febeff;2960;Consumer loan;91
61c53680dde830b3eca067d8def077c43443fa451160fcf8313d629b383bfcac;7745;Credit card;4
12321c1e053512001ddf5618ae6e85fc81eaa73aa87f91a9e053ab71215ba04a;3081;Mortgage;41
e1d7518a984ff0323b66f1d0e5a2d42bfabc1d2d26e836a4568cd4ced570bc04;8660;Consumer loan;96
f17848f32363a264f75c42c3c717d151196f4e2faca4db0b11076c213216101d;2203;Consumer loan;65
a6597dc38255ffe29e29fc653bc2791e6156519dec632257241c87326c44ceae;799;Life insurance;80
a03fdeba0c743766c1c4aec9fbfb5fc8d712793d47e768c5b2cf51c187ef633d;3239;Credit card;13
0eaee8a73795a02fc6072d1701063b756bb4a7c4c27aaa23b1eb50a4cb403e1a;7720;Credit card;36
ee4b734cb0feef3bb56b077a780ce70ab163fbcebc55778371a8e5f164d176af;1554;Personal area;119
d396d2f186ad4b4ee18f8522b11c6a00f903b6305e9c79281a58cfda22aef6d8;2994;Investment products;144
4846d5dce05877e3cc66086a75ffab1122c4cc062b2e5eb06742bb7047364abf;4075;Mortgage;183
975573aaf8024edf3c4092d690075af3a5030c78e8a3298bb291843691d3a978;4225;Personal area;51
7710db294ea72cb95a8a6fd7c24daebc19ddcb293e469ff0ec2abdc6eb4a1cc8;2494;Consumer loan;102
94c0e8b2f3bc4545e1c77fbb02932554c1d6993176d9a38c903e392b417c5bd2;6123;Consumer loan;140
f4383fb50e37e6acbd257dd0255f009a3475dc8d20684e25bc63e51fa9b0378d;6074;Credit card;150
ca8b86202ea7d2530b3cbf7a300ffa7bb8a75f5f3ff48ce5297da5865eff6a7c;283;Mortgage;58
2ae7bf70cbbca1b2b2d4b47f1486f023bffe987ab89ac7efc44e40534bf7ee78;4179;Mortgage;138
c62bf637d7010e859e0a850b1233d310da8cb3550d83f13675ec0ad2559255c3;4778;Personal area;83
05095a325a8ec781e7d2173228dd1e0bb2591d166910a1e797b7ca0ead1f9e43;5561;Personal area;41
99373c70697d38684762eca8edb0c2b622d26d94ddd713a8f330b4f5767435c8;2169;Investment products;121
6c3845626d9f6f07f89d96df287238e6704f52e198970b2ea1875d90e1607a1a;1268;Credit card;54
5a8a82a40a25446e389ca56ab76be96c9c9f497c21453899da8beae16156c0d5;7938;Investment products;114
eb040fb3cc47ece37637790ba45635703e42d7ac8beed020c6508bf8fd0a97eb;7440;Investment products;199
d568386d9718f59382dc5bd35c39f9b5837af5d9deae036615f3cd0697d76518;3058;Consumer loan;28
994e711b44827eea919688d0c84079bc3d34ee6bac413ec9b3ce2759b2bbd711;1324;Credit card;2
49c6a6bc1dff8db0018794a8f0097a20d3bd3e8fd38ce89a96a6f3041e909f36;1159;Investment products;95
7e1a33310c1455796866f2eee163cb211d790078500f91e47e667a7c7904dbaf;955;Consumer loan;2
26d662ef289f6d41a2b1cf06e23a24189404c15f37c3aee3e50e48f43d3c909b;5584;Deposit;119
629f96d3e18daf917dd4fca17202844993b44dff408b18a31c1833b01cb1fedd;4442;Deposit;64
bb25f6ea58e9034cf2c3db91b425f2c8aa3b4b14e3df59cd079ae554eb8b0c9e;8687;Personal area;199
3cd3f0754c4c0f92e5dff35c2e472282473722439410e83a1596d12345531359;759;Deposit;194
a6af6fe07ec4cd7e64f3320794b282d4456b1efb8e7d7e951077db38544571db;8974;Life insurance;155
9236feb29a7a0e2a6bb2b862a943e4a68976b182f3540a04bf53e61c7eb2df3d;3144;Life insurance;23
4c999b50c669b526e4822e908be224f2c9b86c9db73e419d7f890d037fe2f95a;2855;Investment products;13
d8afcb25f90219ce9ade43535623f589daf87d5b738fdbb03169b04e61a60eae;8208;Personal area;7
043549ed93de9fa1a60fce364913a2ee04d5b9a7a2664b1d703c35cf02136b40;2873;Consumer loan;28
5053276a37b3015a43fcc6355de72553ff4f3e3f2b5c135e99a2f532bf358708;7099;Life insurance;89
a7b2601c64ab9cfc6a40163873841ed14374871301151123ec4920a16a6deeed;446;Investment products;60
00bd5716d7d86b0229b54c2286503a5201a4679a2e6ecf5563c5fd38c44b2b80;6282;Deposit;33
830a2ef914a8473fcadd3abbb4ee374a68cdbcbd4752c55ce37eb10b7b82a285;3679;Personal area;122
69eb484e924d5d319530110e4ae4a5b6c12673c0c0805b489f40639e82a95ba4;5134;Deposit;96
f72e2e5c33ff34fc939a8a3f55b4babba23568fafb907e7a257010fcbdcc5ad3;540;Deposit;186
9d87c3a70992594574fdbd67b348a07a58d401202397b47d553cf6e3cffd1003;3727;Consumer loan;80
7256d2952f00a1b7d41d2a8b46e13491792565277a7351eb8836f40925f06d95;4622;Investment products;84
3a3251abffc6f09d387febf1415937f67c60df38c6f1987ea3c76f368200c35f;1589;Credit card;153
d6a4d16613b612aad8ce3b67e9f875ef09c35845888037c8b700911b922ba78a;1358;Life insurance;6
28342bf4ebe31ddd6403de5b133c0bc1df84544c19842216352d2bce38a48987;7521;Mortgage;49
f027bb41e9b29c0560032ff05aead2f73b131ef3b54e0567092a90e67b17c812;6931;Deposit;181
cf321487cb824600d25e55b94312551226c5db404d4b1f79be36444bd51fc9c6;6905;Personal area;129
d91b79fe37922bb02bdf91492ee7709b5b448d182f1b9e3cca42517abeee9613;2133;Mortgage;113
87ee9d297d7fb50e72f9d13a2f2f7b42c2a09b108307db23ce608e0ce41990c2;6055;Investment products;94
35b557f89a240cf6a5963dd702798cf52379eb91743bddc05ad25d657d23cc3e;7819;Deposit;30
e4b906c589a68860df996787383ea750e6bdf1b29d9c4625334cf9325dbd0ccc;8158;Life insurance;155
44e6bdf5155769b54dc18db585627396b763a4f9b270f4f8a3fc05e34b727d24;5213;Credit card;66
4fb40e34836a92d36b96e5d0397c486422d2c5270e957df2d80041e97319692d;1563;Consumer loan;122
7cd4ee21220d1f66ff56827e1ff29f096e0a26053b5207bac090f31a06e27b9e;3357;Life insurance;172
620609ecf45f5494d92712655827a87ace28c90a641b9dbe2a56ae37986c26a5;1956;Investment products;139
47310196547cf266212a170a6fe0d75dba658671ee61a701d7b7565c318e3a8d;2378;Life insurance;193
ba064354f6d00ff25f90ca15fdf21a9ac425c1d74ffeb8f2a62bcea1bf3c361b;4592;Personal area;199
6432e8e51d949869041c9babc0acff21bdd889c95eb45c60b21f08d7b6540c8c;2624;Investment products;15
cbff420b06cb552828577279ff22a9a5f6fa4c1403ddfb1ead18d7b839ea24f1;3684;Mortgage;96
b3e663c25ca3a013ddffbaf2c7111c2b2a0362344da6de93712f1f1303cb0272;4306;Deposit;132
f53830d796a435cfb6d5fdc233358449eeabf2271ebfc2a402b70b54a8a11ea5;4440;Mortgage;28
9bc3a94c99c8ccb652973b2308e840d1246a90a0d19ff0bef2d03caf430a3115;3029;Credit card;29
0af4a184c4a8acf713d0481beac7a280ce5bdf66e5511dd21876a614e1a31b64;2079;Credit card;66
d508bcf88f18b9b1e20197c743ebdd264a5fb57f3341c4432ad302dede3b0aa3;6872;Investment products;36
20a08a33eef726be48b2cbde444e714c47234bc857f110b26f973fa32843455b;3750;Consumer loan;88
802e9939c7ec1f00fec97db6280bb83b12bb6c75cbd438e0241e629fa0900f1b;8566;Life insurance;92
7a31a0cf468bad914bc877892c2bfe5a2aff4f1712618fc984872d29572fa565;9518;Deposit;199
6973164fc475af7e1ff80498b2d8fd3d143435697bd0a5d7987f4afff59e20f9;6360;Mortgage;48
a0dda909a1ab0d01dcde354852dd2f47b783b014f383485ea49374e4fd096485;4050;Personal area;181
0e0b55f662455006cb46948ff16b6ae178992eb5bfab02ff80089d5d0901976f;7857;Credit card;32
0904b4f39abfa02022c902ef41f8017448b74d8bcb68ec80f2ef270d471fb97e;5166;Personal area;81
84927df6b472465a2b2ad3faa6122bf7bbfed16b9c7f7f82664b1bbcbba7ff1f;7711;Life insurance;166
c44347d24ac00c979b58a9beadb13610380e1f0c785474221b953b18b87cd1e6;5618;Deposit;42
226a8faa36215dcee79d14f4d900e92112adf2de9c207dab15d6f338c03af4e5;5444;Consumer loan;99
1bd7ff4f44aef199748d666529e58abc9e8ba31304d3104b21675d6c24946533;8642;Deposit;187
267572b1a06e25eec537a3af8ef6f47ee7e7a99380169219de60abce4d354c05;3716;Investment products;125
2e6d095f0762153b5282c8e9312d3219b41c444702908a9a50c4f99d824c0593;7941;Credit card;176
b9237128d095844e9e23d5e17ae6766c8e29a3a23b6d2cf3e72b85c71e20bd0f;5579;Credit card;3
82d1a52d1815fca3a5cfd8f20609effc4458c225a6b33f09d7dde6ba68838894;8481;Personal area;22
15a83c3ecd8b0931635fb8e88f6e3e75f2d09685f4a2d9af42a48644cc36aadc;9212;Consumer loan;178
a62a37db4e9ee9f8fb5422b73d02c9b6617624948b9270c79f626e086e674d1e;3929;Credit card;65
c4672250492532284b1c11da119e6bd95d624e4b53a1669e80b33892436db7c6;6061;Life insurance;49
062fa18d773893ffc2bc83e3ed80f4a1d0f106eb1bb87e56236e94062ce3b315;8535;Mortgage;32
b99103d17f50b3c9bf5f64451bda30ff27fc99e6a8ced076d89994378c9a8157;2424;Mortgage;164
45dbe9c709bdbeca0776841df47ac91f98fa2dcf8e03df45f051b69bbffc7870;4515;Life insurance;126
e2af146a49a81b2874f50ce7e21542b0c8a707a5414e75ced917a50cfc33aebb;3857;Deposit;168
e5cea8667f16922aabbd863b42f8a4b6f081725e524b8fd4b124bc26959297e9;4553;Mortgage;4
9d878a7db52e061806ed64ca734adeb6c2a86371854e5ed1154421c36eb44a75;4534;Credit card;133
d49ce30a4db1b3f5a29e3a3a69dd6384bb5431dff99411f0eab0b755af7d9a3a;5088;Life insurance;35
eb58ab98b4c0b0c6103ecc7f8b92db93b970e5762911073542032eb5d5b9f315;5481;Credit card;76
483cea72ee5a0117da299095957ac779afe4b31cdac0d18e3cf0838fbe19af20;4957;Investment products;27
e205c317266d34764e2d77b27fc0ff9279203c70d3ed9fdf7b25e5cad8cfadd6;5910;Credit card;109
c66fe6624b6180072aafea264b831dc964903810ba82cba326529dba4c2de4b5;4816;Mortgage;138
0544d0ce136e0f47e13ea6f22e79df8c157b5c8d49f55533b22ece5ffbe3b530;5487;Life insurance;172
7e1fd6d2b17a66e2aa72d38691384d9c41d2a8ca4f8fd983a6ebeea5051e9083;7709;Personal area;160
b93f4473ef80cc8bbe7711c0813024c874c78168405636193b149479ae189358;5933;Credit card;55
657563d672e401ed19c7a724f1928881e1d98071eb9acc03445a8e69bec3fd49;3869;Life insurance;157
0561811ad1ee1a44530434b137ec591d410fcf7a633f986737ddc508d3b90b51;4354;Deposit;176
201401c2f25566013f1e3f2d90812bf925d529893bb56b6db8e63e06c50054aa;5145;Personal area;111
1ecfc15a36be3f5de3e7ec802639eb7ac1b313e87890eac2dd21fb2edd542674;443;Mortgage;67
de0544720f97f93afbd39e19a6de7caf55e9d08c7d5a2d612a50cb62a49f3e07;7806;Life insurance;167
e896d9b42fc4717790a4b96d67f6ddbafa02754d5ef80c27b381cbbd43397650;2245;Personal area;193
ad7811e953f8a3d5405ef51f5a06d526dc9fbda3143207ed0fac6064c6debc5f;165;Personal area;178
bb2a255ff6bf0035d61554be8a133be3d52cee3aaaad8fa59e7850ea1101fb63;5985;Investment products;107
ea68de922145be456125e425702b59236b1baab0ca44b9885169ce229c67f0de;6841;Life insurance;132
94cfc27ec4501164987c961d7e234b9c0bcda9e853be4be5cda1ad2cb7391313;6285;Deposit;34
1074c7ca1b069a40ffb5fe08426d67e357f572396a32ec5816cb3e4d54080ab3;6251;Deposit;114
0b8fe9e815bc3ce5abde9014e115b7e690205ad69f0127ea368ec32e772cb02c;5630;Personal area;86
c3677e7eab4dbc2cf0ecc37c87fb51eb14660d43b6134e13a98728b365ce703c;2753;Life insurance;9
fab198915e394ef7f5b022ea37adfdc140b9c4b2f76b3467cc8fd0d226ac6ac6;9418;Life insurance;142
0c36238a9b0e3c0bbf907e9179583d7f7298eb51f99fdd5596744acb01379b73;2951;Deposit;63
08706089dce54586dbd68e786d269e6cb80ea8187de58f99afe98eae90796eef;2116;Personal area;68
d638b39c13fcfb8d9259cb294b89be090db612f54073ef4dda8dba991d86607d;8050;Personal area;169
2107dfea09eea560a4324362a17b7a8e8f483df31fe2f5168fe26332134f538b;1136;Mortgage;43
668929a02cdc36a3d6239ec9b92488497fbcf68653596d0ee51dbe88a395db8d;1634;Life insurance;13
db71c740151dd368bb877a27a67a3ecfffde61e290a1d40d078235962a63a157;1045;Consumer loan;118
758bb53d4fc9d8cabb33d56bfbcd20297449edf2ddec108cfe7627df6ae80de7;996;Credit card;177
0500f4c410a39710a691a46b408b2fa7c768c6a26600776efd74d623c2edaad4;490;Consumer loan;132
9bdc50aa99075a8ddc85b35501c99472b0fc14efc2f0e952546513f41a25e8d1;7964;Life insurance;181
7b808976e786cceb7f87e8d9e31428887ad2ca189506c86fcabbe566c0408640;606;Consumer loan;186
5286c38e760767bf7aff39ba21126c9ef3ef5e7ef38afc5bfe7a6a363c88940e;780;Life insurance;189
0a8cfef16049513cc4247a49a23bc13c02e677a565231f4592a4337acb20fef9;5276;Credit card;12
746415f4ad4f4f49ae521ceffd14474ccb0edfb55a3846d12325c7f8d80b3c9b;5626;Life insurance;103
58845d502aaf7c6b38cd1c695a860c895ae03dae6f8d9bd4d99509f777c5a65a;6732;Credit card;53
436cb2971ece0b63e10dd9cd872dcc328482d95f25f7267310bce4216fccc7db;1416;Deposit;141
7df4b0226d7708fef3672424656c5fd83f14e19f0ea94f7deb2898a759c481dd;2803;Personal area;94
1299ad1fb2a4f0846647d4a596fe726e4a7ffbc631b7ce087e3bd28587732308;4705;Mortgage;81
2f1b7bb6f3fca039f4aab37a441c6c4f8818a2fbb436353dc3a2b69d25db64c5;796;Mortgage;29
d718df0716faaf167bef21eeba108ea6df63e9045407387cb099fc68286e3729;8922;Personal area;50
792070cef134e2a23b5739d2b10ec22e3a654ce5aff275587e1230b71bca9446;9400;Consumer loan;68
560c181233618665b06ea4950bd84caa358a88e66d605b90e2a0eb3a0b6d15e4;125;Mortgage;10
d00e4a5fc9c48d1df0939e500ed4f8e697b13a3a43c78ef7764b7971898a87e2;2698;Personal area;197
9d6045e185a0e618a53d7cf8b04dbe068e34e081ded171e0bf8dec0ef76ff14e;5106;Consumer loan;68
c0a3619d033b26115c6d1d8a037442c921d4efd19acb26743bdf8253f6db5a03;4341;Life insurance;31
ca5453ab99dd02dc167852eb028b95c84b3d0a4b2ebd44edab640025e12699a6;275;Investment products;199
73c3f6a12a391e4c37f5fdb2e2cd5e4af8bc4f8ab887140620f128322803b22f;1569;Life insurance;130
2cc4912b81e3e948892d714a8b89edf7540395036df8fd88f0be1f170011e461;1668;Investment products;110
3d29742ff27e5928e010049e88e691f930549ec7a8bc6d0fd59ba849e80086a0;283;Life insurance;2
6edf8f6e6410a3971afcfb9c8054ce7a342e3b9d30e5d8425521d9dee62c5f9c;4037;Mortgage;148
6ce6e6db111f7df735bf3e89929082bae78eea6136a03c5ad16b58150ccda712;1592;Credit card;179
42558723011c9eb39be127095f0ade61a0e15f5ed0819e0182d14030738f72e5;2416;Mortgage;144
915468f4dcda49e2d0d19ff7f5af54065d47af0c7aa516918d28f8291b01a0e8;7736;Deposit;160
1da0ce0b9aa36283e27bcee2dcdc5eef106b11dd15c61d994408f4fdf0b22330;3478;Personal area;196
e119276ea7649b9003968e3d949532601540facb8562262398d2475d763716d8;8949;Life insurance;152
793ea0bc3edfc30a09202700aba76159e7dfd8d1cf073a3e843bb32698652026;6527;Investment products;102
dc34f429f31647ee970ba49a79875607b053ba38544980ee027ee3c657b666a4;1338;Mortgage;147
182f4ae280e122652a961360d8e6a399ff85b158c961c82aec4974d665e847c4;2843;Personal area;41
bc3b418a3621656a4aa66b5a4cc9b4f3910e313dd81222fc47df7f9363e01b12;4822;Deposit;97
468fdd8892f15a7df1dfa9bba600d59d47b30448bcebbe483947e0174f2b1252;613;Consumer loan;177
d60732eb70fe1906e3fc3825e1a043550faa2bb4da6739b2127da3cab818523a;4737;Deposit;132
5229c65e38135dae08e134862f1655e4e0d4b2a1726671128b857950cfdebd95;2590;Life insurance;44
5e9094138323de7234ddc4f7d0f12ff482a0996ef12d14d7f3dd30276e2cc19c;7837;Personal area;83
596db158b09be83bcaed02d996ce92c558b954f2b10c311d90291bf84b4b636e;5827;Life insurance;75
6738c4c3d76aa50365058a6cfb12050658af1b1bb7b554cde28989e8cb8f9d89;2731;Life insurance;194
777555fbe3311d1353f9657961a9189e1f3da0c499a89c6f0ac408f247c8f8f6;1134;Mortgage;37
a9f7eb235858f11a3dd526ce0f2b11ca5fa4345ab6ed6ba494529e85e29d4f09;5186;Personal area;61
c45f827c6d3c34820842eefffba0ec18f6589376daae8f1139fd66c85988cbfd;5895;Investment products;131
f79a363506ad6c2c403255e4258cdf39765e137a8d122d391ef1d78e8e0dcbf5;4361;Consumer loan;100
e6f7fb612e82c65ee77caf6e1466a462c54b4ea5d555d9f9b0dd8b6bad396efb;772;Credit card;83
dd2bd09c081117cc3e5336d2c7b9f8e38febe8dca4ede5b94bfbc01a70f8e78b;6770;Mortgage;4
4ef77dd63972c4b1f5a18c365a245b9e05ff4258683ff35d8f47e5da429ae60e;9532;Mortgage;114
662c907dfa0e383a1067953bbc9ebdbc045d8ecb937e24163e5b3b18333abe90;871;Deposit;99
fe2c8bc76b996bf2e318402dc216c679e1f359bd7c57a5ce9e4de7a7374f5378;1518;Mortgage;117
804d5ed88ca9b39fc405c594a9306a63d8a7899e5770e8a50277e81361f3f412;3300;Consumer loan;65
9230dbf0a9de644aaf82ea446c3adaf93089257404ed8cf5c934257ee6180cff;3521;Life insurance;3
c569aebde7b1e898a33e69921ad00cd63e838b46f90e2c2011c34476727fbac6;3798;Consumer loan;107
962a42936b3e7aff7fff1c1c8e529bafd5de6423b3860ec49f118abce86e4443;6457;Credit card;30
9426b866e18598c025e138d6611a1c18d2127c89b7295f351049ce35bf812d0e;6467;Life insurance;46
65cfad4cbc4c1c799a0d44f59a52512d58f45967ebab404524ecfedcbc20e0cd;2981;Life insurance;141
c2a32a1152fa06d82a582b4adf711e63046e434391234e67ef13ef234bc9e046;7053;Deposit;35
6286e0653754eb3d72e9880862ebef5a3c9389eba5b57ca171e558ce6a018268;6706;Deposit;119
7738fd6fb569afda5336f36438badd637e368e77ac9cc440ad5e2de647f5ab02;2639;Credit card;13
6b59097b8b2b09c94b8f8c5c12ed5cf16f4497a2ceb8d643449394b68fb133c6;4128;Personal area;112
36c4ef86ab92dca8e3e9e7cf2da70aa68680f0e84575e70f862c443de7ab72e5;603;Credit card;151
7317b140389f355b3aaf5ecb20f852f634c8af6f0be3c3a7cdd8c06a74d28947;4172;Personal area;145
86075e4bfa395f7c09c71ed8004794b3f88a0cf9b6ca67281cadef7b3a937d0b;4329;Credit card;77
fa6a69f43ce25212041f48da600d9a56f91ffa3366f701dad7ddaf56745de595;7851;Investment products;92
9abed92e5f561f617c3d06ba896f61c26413467ee9bad9c8ad8acc0815b6f5c3;8671;Deposit;51
cc3bf02969be50d26834fae939f5dbe45d5912f4306944250b6c163c04f180d4;5037;Personal area;85
647c8e0f49a7920995b88552ec78f345090b3379de712dc63a498f3ca252c4d7;501;Consumer loan;100
623c643576d0f6bd33224fcff2d2d7fc4893543ba3129786c3ff955d20c91d49;3374;Mortgage;109
e9963840a8a58df3a9e32b24c5fe50e1cc6f6d6cdeba24670218cff26215cbf1;5848;Credit card;28
32fdbdeeccba7a8ffc8cb2f0179e35cdd6f62e20a85dc80d009952c92a6171e1;6512;Life insurance;171
c387662635e59761e852f6923efca78cd04427aa21432bfedfd930b8bdf677b2;8653;Personal area;80
03a77afbabe0ae569b729c6379d69eef645ac10aff78c23a821c886283de63e5;4339;Investment products;84
185f73a369c565e2f968b62a65f887d4811f9d72ae8b58422f562051de7dca01;8375;Mortgage;166
e4c8bb30970c90fb24899177346f1f828c8c683576be68e257194162fbff284f;1627;Mortgage;12
efcaa8167b81588228d6dbd38695908b07a98af122585069711797bae47ae750;2536;Personal area;69
e638f74a00681e76e06b9c29387a0ef22dfe2fc272c1ae4d1816bbe35dffc429;5076;Credit card;168
c59349d160f00efdc97c28705bde275bde2e204cbf314bc440bb2981be3bc151;8099;Mortgage;76
4f52ffe3d92d5c7c0e3387461039a2df1a200b5065bc58dbe7e53be2c0756b17;8211;Mortgage;177
702b45e7963dd73a55b74d4aa92a12e0bf07cfc6f312d16b32722c3584add93d;3314;Mortgage;2
7ae3d6fc8386771079d8c6939ebacf59fa7f8409a03c1a1410c115bd83d68607;8527;Deposit;11
3542ae04a2124acb913f37778332af73b66c83007581c59bbecff66655050cc4;7965;Life insurance;174
e7e8c2dbe6809e9dc5f8fa0a6be5b065032f5a23addb2a91dd31834f8f7abf8e;5769;Consumer loan;168
0a7da926800934f62b91c2585c7e1a4d0b32f20e10b02156100f0650802e07aa;9001;Consumer loan;165
b06b68b03d0f49969613df1407b7944d029db95d26396c6b50eaa2d2851f6d7d;6027;Consumer loan;132
6b4783bb94d7890538ac40b91b68a7275c93d2478e4ac1d9c74427d4fa2a342f;9191;Investment products;120
2f40756b61fc549bdb7bb37c66be7c8dde939ae2e0b1261c856b5fe9cbbafd90;8860;Investment products;83
5c6cd165a9ece5c7e2f2f34a35d8f7401c1accd6734f0e433531fac06a997f3c;7490;Deposit;175
f4dd29f014d7f725aefc76b1e37b690e2fc5697ec9a626519b2193c7a1c91b62;4546;Mortgage;16
e5d008256543afd167684d79f2f38e2c5ac98b23375fbe614a8582f99f38ee47;5161;Investment products;8
a9db19a199de974e75025551ca8d179ca61fd9bda86e8cf8433184ff642d7ade;3922;Personal area;103
a4de706c590e7658d9cd97696ae35f2fd3a585bfa5b4454a19eda850a1377833;3166;Life insurance;172
3e678b816bfa3556d2f14a9753a8fed3b21d84f8a936935faedf25d8c636d173;4968;Deposit;2
6fbe543ad0603d305d0227689aa00ed474f061e348e0a46f60cec10f67dd499f;4990;Life insurance;149
8d593d4c39cc21245d17b6e198720d1a0002d29933fb47c0321a19a2970e131d;1248;Credit card;10
eead94cacebe0494b11910b0438d49da2e30249cffe056ae6e25bea187f172dd;1486;Consumer loan;177
cfe9ce2dfe3022a00e170d915588bfd4533a7c6c2a610d494f29f1d3cadb2da7;1760;Deposit;25
433d844f5a4f727fc3d07eecae8fdbe35776d261e23d5ccbe5e65d615dce788d;3851;Consumer loan;85
1ce2708adf675fae895639ae5681e35683fdce48e9fdd875a4662504d046bd8d;4998;Life insurance;63
0326cd9386487625935ebe3de4c4ce789cb76bdb0b99edd0f0588898e712fa03;2060;Life insurance;156
6725e4237106ff0ec40586bb8aa40a4a2e097b22e28ef229c10f2423831c274f;7774;Investment products;159
1c544449b3b0743d12c068e5750757ac06de1ba42719cc7356d88fff02b7f074;6311;Mortgage;112
4d2ea573cf8296de8f2abd5eca8b676fc8fbe440c1511c7c9dd6180e9329fb2e;7236;Credit card;2
94cdd791427f71c3a31a2e0434ba0d373cf3004608ddf20839e6d8ccd758e358;9257;Consumer loan;127
4271826cb916fea0f8c1d44666d7e1ce182eaa42e919b4119de606cb14678df7;6093;Consumer loan;52
d8744f650e5fe4923843c86d734829b07707bdd1325cd0854fd4b026f1dc8fbf;3437;Mortgage;112
3cc56859a54d89cf56380eddbda2cab66a6963eccc6feed8fbf9bc61ada5357e;1505;Life insurance;178
803b0503a36ede8b3096a5e4eb9bc07a34100281fe3a7938bffbc70ea6cf4389;3297;Life insurance;178
7e335e1f6af62ca95d71c3dec7ebbb5648ddba1f6f98df72a5113190d8117e83;2443;Investment products;69
917f4890d70268fd9ed5cce79c00260d7cae7c88841ec4d487534534265bf888;3352;Personal area;52
c8bc58bb0d55f3d0ae594bcf49b08086f2cb5d6b4edd5e40266ec99bcc68ef0d;9177;Investment products;117
7cf281a7738fdeed97bba5c11eaf124e336393f8f4d3f00cac03edb9867351e9;1588;Credit card;12
4d59b87b857ff35e69f14ce8ad6f7d5911536626cf89e19471696de5cef43370;9025;Consumer loan;113
56328fac2d044490db5bca5d0168f8a1f0c90d57055b57607b704793a9c85b2a;9117;Deposit;53
011343132cb24eed43de85f7fe3678cf862aa091ca8548f3b03213a9b602b3f7;6854;Personal area;28
7c8c99e61587b88e91d199d72f0310c3b6ad5d31b3a757215d480c4e58e969da;4593;Credit card;126
f60960ed0cdeaf387bea59671fcf4cd17e3dcb5e3b37fb259815838facf65c9d;7331;Deposit;162
4a9322528abbb8f4f29cd0edffcefabb1cc0ac2ff6f55cf83f0e09d4eb809568;7267;Investment products;25
eebe46f8a059e03c962db21615b439902f450dc48151d22f66308b8bbe8f6eaa;1521;Life insurance;131
2ac775afd629bf8afb418d3920f27d3665b73dac4429b9482a8fcc969cbd0a60;8728;Personal area;38
91a62c8a1d28fe2ab564c7aee04ca6c5d11e2123da204b39246ef5d1762731f0;3451;Credit card;127
d4c10fba9eaef6e4ab1c980150f4c0ce145920ca6f1744cb74c61d23762403fe;8758;Credit card;19
e81a91ab6e746b1ff344b6c65cba6618c8d4af38fed00c1ef69a803141baf089;3334;Investment products;59
5075a33204f4a6ad15c31889520c05b9503c9ec6aa7f5efcabf3c8da1192a086;365;Mortgage;10
16a4de24547b8710277c2e87b62437e96db4ad4f19175c08efc3a1932038665b;5620;Consumer loan;120
48aa35c0583cdaddfa631cfbb509a966c210ab4dac7fe6a967f781686e9ee33c;9242;Consumer loan;16
b4f7726b575b125ff9854389d5d0dbb17bd48ac2263ddeb4eb115c7a4737638e;4581;Deposit;21
764027e7c1fadf26818dd329c694c3275e369de094131ecb04fd853d603b1f68;1743;Credit card;173
24407ad1aaf14ff85578fb8caf2521dcfdf74deed5544a56603684364eb2de8c;8226;Deposit;97
259e85733b67a6f60200548622237bd251746ba30542193dbec7c638b1f27fba;6961;Deposit;42
4be2fa8dfcbac1cdd018a9a390ea8a4f4d1a5f60115a1657f7f7a92b9ee23370;5384;Mortgage;89
333cf8185e1828ef90901263ec5a6b475cbc767e9a8312f2940e1139cd336b5d;5995;Personal area;123
89f4a872345470b0a25c8a7a42a9032320faf040654aa68ea344cafabd7d7922;9305;Credit card;136
1327bcbac62cb3958f9807cc9406211fdc284fd392aea2e4d96420d40f8b5643;8548;Investment products;38
0338f443134e401d3f9f036e0b77ee59811bb6428bf6497da99e814672da0e1c;70;Consumer loan;7
0abc3af96888fbf6841ea08db85fbfed60beda030570e0e4ea98f2b86e3d262e;8919;Personal area;149
57b11720883bc339195e6d94cdb494097c750bcb71d6b290ac869e8aebcac068;6652;Investment products;107
bd90b7bf121782528ecbc228d83992f294bc91e410cb5043899b31f407a5ccb8;8688;Consumer loan;172
5ffc69c7bc1817a449c70aaafeea3c75825d0c7d01af59250d74c6ac3a3bdfea;7416;Life insurance;98
ec051816f763f7d171d57dc98f8fe52d81c5a35569c4eb427ebc08e33156482a;3388;Investment products;72
b74cba243e532930fabd7fb2019ab2ccdd5f1dd9ba78fe18ea06e89bf8afe6bc;4502;Personal area;17
056ea2623e5dd671c5ba5e777158c4b87c3cd8422283dc675c4d94088486c591;160;Life insurance;191
20b3ec6dc3d58b570e88ff8e737272be8dea4f632ecf75881c4b6a6764c6c12a;6467;Consumer loan;89
708495abef4e8b09706ddfdd3e12cb934a2d665fb9a976f2e898e8e4bf42d2dc;2920;Consumer loan;25
5e7a860456e283185b898262c0e45abe87130feca6f25198856b340809b9c954;2179;Personal area;194
d7f081ba44800743cff2ba30b7974fab953a77e169284405e67d24111933949e;3328;Life insurance;53
21dcf55a8d7db578e2094ce268d064666ef31e06f36d2decc2a26233139ab1b2;4002;Investment products;198
b19f2c4683e909a192ab6b60b51b0f1549fbe15e1268e09c75ea9d5ad1e75e21;5028;Personal area;150
fdcb29abfd0ea33cde52a10df9b9107ba472537fe61016393a6516aee55af378;7797;Life insurance;102
4d920a7a373f6d97d5bff1fa1bc27dee01eecbcc9fbb087930c987e9c69090bf;2168;Mortgage;167
360fc9e6a5ee63661b527f8ab3fbb5160e44d0282ee0d2e446532515c50c1c06;4222;Credit card;161
d85ee107608be4c173a856bb749780710287de8d6857c01abacb1ec33f338c5a;7070;Deposit;96
78b004ec49d46dc077bc4c22e0dbb5ad55ca9a3490dbc5a83b2d7b83338f2839;8571;Life insurance;180
cb65299f7c3eb6af60d13ba7f8e1ec2126ccf0cf1f08a73983b484b9e262b6bf;343;Credit card;5
b77b198ddf99c6a128870d9a166ad92460a79522cd860087498ed888f03a80b7;4625;Investment products;196
3e026bbbf91a795ad6ddc7e1ab2d4b7a0d9af1b7cd2cbf683aa6f4e01a51aa37;2350;Consumer loan;89
24dea6ce7ce02875326eaf498e40c62db671a3b468a52f0d88d76206f94c37fe;2764;Mortgage;53
62ae2c60027e9c983390cf18b5fd052d994b84863124b12ff364e6499f0c5430;5344;Life insurance;16
1f32934f0fc2a3e45e7cf4af8d9c84d0ec3217f5019784f469ac7920984ab6eb;5860;Personal area;184
104c8fdc347ee5a8834b733f120c2a5ade97d957db35c29594a9f22de634c0c3;3156;Personal area;41
bab40ba8ffb179573b1c3b60b041de411ee63ea8a0ad452e922731394a05ad87;831;Mortgage;40
22468a595613ef22564708cad08de639cf87403c98e93338a545ca28661b8aa5;2151;Investment products;148
5be5420c3554b8e3f91953f92740ee32d1b6859edcfc101bf43b221197abdec1;8554;Mortgage;50
234c4818f13222726bd7555435e45d0e2fdaee3e73792aa25461876afa7e4fe4;3388;Consumer loan;91
9f4a266371a03e3a9b889b9e6543d05340db7de96c4240809f35fa79157f95a5;858;Personal area;109
f904b1da2b315a1ce557db7c34ac2c7cbee35844264b87a52a2ba15f7d28f50b;5432;Consumer loan;44
2b0c2523c56c153427d3a7ada2444a4703aa31d96c98f1f7273aa394e417f0c7;6564;Credit card;162
6af0293893b83ef5739d4be59f17dc4cf8eba9bc8c049239d76affe433d204bf;9698;Mortgage;86
7bf5848419f698e44c8a16aacf45f39a5696c0ab7b5389ca56e797b18c0ea5dd;4191;Credit card;130
f16adb5a8ea266a2d16b23fe7266f033bfed9715eed8b150483c230d9d6ff0de;570;Personal area;3
3562b996ab66299d95275ca81db9e46f8a4fb51a7b0bbd0c5c1dbcc29d7f9188;320;Consumer loan;138
e2d9dd019a317efbefb76a65bd8038afc941867e2ae578b9fc7d881fd75e3132;6780;Deposit;27
8381e06aaba071797c0a4d54b3bd9bad9628e343686ccf96f123b4f0201dd6af;1799;Deposit;185
a0a000ccfa24269b56d70548a4b89aabefcb238d8573953423856907d75309a5;5363;Deposit;90
5dc3e13bcf2868765038bd93b3b3ac4262c784488d5888c5115c204093d9fa2f;8152;Life insurance;129
0c29d89fde240b335aaf4e416e03f463428992149e5e154d026f57bb49f8921d;2546;Credit card;145
3eff55826acc036979a21d1bcfeddec5f9180383e4c0bc5526e91d4f4f4cb1ef;2541;Investment products;50
cd197d34b72296591410142b995b103266f05e7315e25b37f2535bba046ea69b;1486;Personal area;53
9f3df8f437f60d311b0b7170d2ee3be0658150b0bc1f4d0bfdb1a4f32bb82aba;4477;Personal area;130
be9321d07ba2e8ee572e53e5cd86cf717ae2afdca9861c868f674a63cfaa3819;5882;Investment products;132
c7bf767f78aad6196d63debf7bb8ba93475e656ba8ab3e5039ed7feab28662ff;5541;Deposit;39
5aa50bcbc4bd605613b1fb49500d89d2ec5f8625227eeed73a40eba7dbc07458;172;Credit card;89
aa561153278baf45df4079a82b419fa301e7290fb33827b24ddcc6610f123dfc;3124;Investment products;188
8feb04928f8e1cfc3fb1e3d8141a6e4017fbe57b7dfc1fa436fc48a96d33c1e9;7428;Investment products;40
bc96b08df71945b717303aa1d8e3a6e789452ba386f8babbb2252ebd219c4d83;3553;Credit card;79
27b91d78aa01eaa0170195bedfc37396b6aa54e5dfd387d5d0beae3dcce6579f;6091;Mortgage;110
e5d856087353b5470be924a278e204a78bc24c56374ed1e6ca375bda1467cd6c;2296;Mortgage;37
dad11888f418f311b52bce276c248c62bf9a0ab1ae48dfdd1d5fc46c2ad89acf;9336;Consumer loan;155
4ea9f7f7c82f29e08ef3cd9042794c3c77040afadbcd4ac31222eac2f6713190;6764;Personal area;184
2bfd643e5693c9e03879db704ac6120d477c5d95f43c014cedda27df49ebf588;9609;Mortgage;111
635d95ff7a0804648ab8449df039b3f2fbaef7044d0c8ce3c0c3f04e153b9998;8812;Credit card;192
e3e0f7500705f9212b59b66b8d4984ccf813dc12beff48069988f1a00cc74cb3;2160;Life insurance;82
fdbd8fe758e007be01ae7b017eeb3fc61686c7d1eded98e80305e838034ee76d;5088;Investment products;25
019a8738e9e5a03fc5c4a2594a9155fd86b16dd2474ce9b8151c9079eeea148d;1711;Consumer loan;5
26924b2d6ab62f19c9d013b063ab802d2584d2aa5cad522366a038b5a0c01179;9864;Personal area;68
abf6d24b93ca6551c492c17ec2627cd793e8f37addb0afee4fb67ac9ea55b835;3405;Deposit;60
48c494577a3c75784d2864f942b1f2e87824eb3fe30b4e849fceb5c8a1d05684;8274;Credit card;21
6c6e92bee69b555f873b3c69a544aeb563d7a0f09c06419fd5013f4407a3723f;1866;Consumer loan;43
88b1e2b13c941cf904e1e6ac262f89d1ae3bad6446ecc5bf6fc5de7c34d82ca0;6037;Life insurance;109
96f55986e35f02775107f56e423a9e225ebfe6f5af2cbf6353f0f89b36196958;7242;Consumer loan;97
f19bb3b7e36297f2c8d7cf8eaf2100407ad26afd3094bf9535278c3fadeb8a5e;7213;Life insurance;14
7b9e7d48853fa6af8a7093243d2594126563c50895c8272aadecc28721f8ca92;6140;Life insurance;28
395c7451300dc0ae603413e25950cdc6b4b475b72cb5dceafca120edb215590d;8380;Personal area;19
0be3c7b5998051c2ec64979e95a93935be1d6300cfd90bd6ccf18d2073bbaadf;6873;Deposit;155
15295cea552be310348f1cb2008f27daa0bb06ea0cf24fa2f4027bbddcfd9e44;8488;Credit card;54
a26d624b532a8acfaf5f4c9f8ded19bdc4bc70ae9591efb35d4e244515202f9c;6158;Deposit;61
b1e70aed20549d25de172661a00ba3cf04edd09826b38b84fe1c17689a723339;8092;Credit card;85
72ac6a2291a741863482ee4678c5693c5c74fd3a4206f38c9d7c0c1114e4a24a;3137;Credit card;129
aff184359d91261f2989d2c7b04136704045f1c36fca41ac0a38cfbe1cd7d73b;5339;Mortgage;71
824b3d53e90cdce0ce25b5e78f5a78cdb1bbf0078d198404cd0c4233b50414c4;5372;Deposit;106
6739666e53e617cd4f3f35b996923ab2aae282acaf23dffabbd9a5389373178e;1041;Consumer loan;48
bf2d05f1e234a18e1ae3f392a14fc39df5fb4cdb953880c73364f4258317f4cc;248;Consumer loan;147
22688440477428945b28d836829fbfaa0001f5ad7cf8abea0f4b80a174b5b757;6009;Mortgage;88
c966c15a3ab58e608f25986d85ab264147cdd1aff2cc9c6b407226ef1648b2bc;9098;Consumer loan;89
f86377a41e6303dcb48b05a10a339320a3515d045f269f3e8bfa33700ad9aeb2;6745;Credit card;106
0e89b1ca5027d819031d6c995b9718c687ad7adfaeaac03f15e41f1e92315661;1687;Deposit;124
5c79a334c25901541ab4676dc2dc4a6a5efd23d8adccede5796daaf24ad1bb29;7529;Deposit;108
8dd8de854279b8b0c311c6baf40acea9c337f64d61aa56081a09bdb8effc6a12;4975;Consumer loan;142
c486c7b8f2a9e0beb9056214453aacf8c9e3ac215bac057af9f1d0333b90b6d0;7154;Personal area;126
c139e29cb8ff0d570d9ec8151a7097ac384182436ce8c948c3bf8034d9a0cbfe;8049;Credit card;99
1929227ead98e988f29c83964b0c2be7ddd80fa596deeb8ba3f08dfba68bc090;6530;Deposit;160
252cf1f37971111a9df97c3dc1318ae5f2b91a81795dbd9e0ac49326a3998e8b;9765;Investment products;21
a3a371041eb55efc3debe288adcd60ccb9ee5ef9188e180ebe6f2b54baf0e988;4588;Life insurance;115
1ea4d2f5faab8c4c68de77c186d77acffd16f6fe63e493cf3b858989f976a7cf;586;Personal area;14
0f89468c65845bab8bb3babad39f550b1a7cadb123e012f59de247835c1c2ed1;9929;Investment products;161
23cfb22cd94955e04779e902892cf6a484f36e6e02545f47efd6b1fe11078503;6883;Personal area;14
9ed80b10ff5016c3bb2c4407e9519c39850c698d94306e1823b02bcf41dc3878;1765;Investment products;119
8a899f918ee3c649460383ebd9540b7fe0658a47b439f2ef14228dde443e9f1c;4713;Investment products;198
ed039f7ce6a885a47ff8dcd698e856a18608897135da56faf1def3635c19d84b;9921;Investment products;77
9e4432d17ba1efec290d1a754558e27f9ca5c3a776dba51f789bcf532b45e95e;6107;Credit card;22
1ab76eb95d4f4cab9f84bf530757721d2c6108b8248a02048a4b5231981a6500;4873;Consumer loan;103
52b90bdf0e4467a792df8d54d6feba54ecb172f0f39b94adc77fd44a8e5d6743;7895;Deposit;24
b7f288c8492d622b616312a50d3a8158ccf7b6fee206ed4e7709b40984659c72;477;Consumer loan;99
0f552bea4d2a0514b815a963dc5bbcd242dbc568337bd1017670b897f5bab54a;364;Deposit;45
152d6f8ecd1b85e51288dcbb49722cd06f446d7d72ea1b2c1a86dad97d31c68c;704;Investment products;137
86df8b29c80feb406ffc5d40ba8a1bfbf0d78405c86e305051442fc61cf85bd7;5877;Mortgage;88
bb769473e456cf495b0c9973da96be86bd7bb830f5a0330d9b33b414a7759d27;8407;Consumer loan;35
705a2ee2307349d69e3dff213ff32d5418de8eb414980778fa35a7435a998c9e;1280;Investment products;145
7232bc4ff7061c835fc0a3e46f602cd1dbb618d067a445ab49ac65ef0936a2c3;7929;Mortgage;121
3ede068853b23207a822c26949b9111b8e74711fd86d20771a69571c7ac56dd5;3857;Mortgage;44
befb6fdfa21ea33c96825766c80b2548d48aa49cada685b5e4256774e937cd7d;5483;Investment products;8
2abc95a2153d6585bfe034a90b832cf5e0de5242059ce10eb500fc319fa6d4a5;870;Investment products;199
e43267f4e35b611d9e5619a59e998ae52e0b236257286ec68533cf20efc9b28d;2253;Mortgage;123
bd897c4f5a752d513008228588b7ead753fb30ac9ad83c902ec28416473ce1cf;2159;Life insurance;200
7980b998f17c61996288c9efb1b12e5d900612271764b032bea467ab300b45c6;7112;Personal area;128
5446b0f052ddbf6839194adb34b58ccbf68db78259e99aa3114c52842d765c11;5161;Life insurance;64
abf2c3afb104191a83ec889ec421ffb8ddcfe2634b4afb10d638c0d2bf8b9fca;4199;Consumer loan;106
36328a9c15338361679ee5fab58b3690cb26357b2f91eb903a7c8d1b19c858c9;532;Consumer loan;147
5795e06a9a69e58a4118869c78c59c8700d0ef6301a76f0522a6ca63ef57cae1;3303;Credit card;113
f5f4ee25707b06a5930bcf22ae8eba3236fee69f1d7021d0d417266377429ad9;6960;Mortgage;85
25b1347bf8ee1be4008accece729e83f39e9c3b2a261466bc43780231ca1ef21;6151;Personal area;120
dc7cef7ca41f982ac242b265ca13d222be8266522172c19a54f1a9d63daa75ce;2908;Consumer loan;94
3f2f1825d392cbd601eac360882350b4606065731df4ec793cf8888b82c83400;9947;Mortgage;68
769502c5a4eff591e040cbbd5bf3201e6d99de99c63cca56740aedfb204c4d64;7484;Credit card;47
a841119824489622f039020dab45486dd32c529c38da2b272e25dafdac5d49df;2631;Credit card;111
48d568872e11cc6ea1bcf1dfc014ab64971ab806a3d80af531e23ce0ce01b86c;2923;Deposit;102
2ea6ee5567d2ba5e858ae4e5632e6359d37674ec2a84b82cdb41b58af0802b03;2987;Investment products;7
50fcb1317f02a25ad3c21a6c9b8cc151f8b3d76a3d73b9cb6d3d1f83925da3b7;4144;Investment products;167
c8bb7f4a6d02d4368430c9b84dab817c88e1dc54a909d290319b47c457107684;3273;Consumer loan;178
f37538ccce3ffc545ef8944d1153f8c5521cc809afcc7827a19ae4577596e263;4073;Credit card;26
b55780801f23a31ba598f95577e3daf1fb1e53ae12fcb1ff24ee7b1a33827e48;4647;Life insurance;177
87cd7a0c8960790a79d6a14e7918a9bd75fade8ddb37c919007b83e23da29cbb;3818;Investment products;164
e51bc26c93f6faa9c2c98f0dafccb006a9aa19580cd468526be061ca12130758;5340;Life insurance;185
67fe5501ec5e18fea36846825ca0114faf151ac4a5f5628e562ea483b35cd28d;1835;Personal area;172
09b5ba253a23ee162cbcf55b298ba9803454d2a79d21c881ea89d9f4ed0fcea9;5858;Personal area;95
9f2f64a1407f69f4e2d2d90f737dca8d2aeaa388d2a91599e444e16190c9729e;7141;Life insurance;116
76b1c947b0d7b852e6873c34afeb56e0a69f4aa4cdfb411d3edc911116797718;8576;Mortgage;109
68d4886d4529f5ceb5464a6ee472a3f2c6308955fae978f23bfde48756e3287f;2857;Credit card;82
e9455d73ec1f9d0cc46ed078c3f83d6538a5e2565f9869091598eb63a5992b10;5079;Personal area;114
7bdca88e10f743c38be8905ed56db59065c860f64e2debe10f7ee742a94bc5a1;3269;Investment products;31
46d03b2cc90483ee3a7928bf53e585564591dda33f5ae6ea9e66fdab6b639481;9133;Personal area;12
0a12c05519af85a485f64e6dcd18a836a1883d33badc19aab2a45fb6d168b309;130;Mortgage;104
79d2d15949bbcb3287ac4be2f9895c6c95893e048698132bf12b8a11b7ff80c2;6543;Personal area;80
6791e54c9eb05b855705b89cbc54cba23fff9b5fe78623846db417c468e3b2df;3331;Consumer loan;165
81041be189c58f8a3d85cc7f98d07bc21c33c75e4ca15d802f98752391a7eb2c;4333;Credit card;179
7ce661f3dd06bcd64a708dcb9b3b0656ac82fefeef98362a65b48c11a852b23a;2913;Investment products;147
ef24164b188d08e1c9489ecc646c5130b6ecc552389967cdfa710e535615f1ce;885;Consumer loan;117
337fbf8c7b4f3ba416ae79c2829733c3a4283eec60196615195591a3fd608486;1647;Investment products;91
635cb0870e078d1017ec9278a4d4800c54b621e1eef903da524d86dc062c3612;8653;Personal area;63
ed47071e382b164c2c8a2778fe47f11aecf2a6f1379498381c48e916f4597f83;8915;Mortgage;65
a7b13b100abed5a7b2a805457b22af99d049bc7c67501125126e7e4bad89a1ee;7017;Life insurance;4
4de76278a5fab00512fa7b290045625317e6a83989b626d07eeb7836343fbb33;2516;Mortgage;145
e6f7052dbc222c0b18684bd9f98579e9affff241dce1cbf35a22c9cbe574a770;7969;Life insurance;77
e1053c5c1ba545c21b2f3dd1f12b1b53798f08cbac07c2a80f05c32d960e9ae9;2893;Personal area;15
1635388a41f82f832478f36f65e53f71bed3b53ad3798124ec4dfbb911b3af8d;7648;Mortgage;103
0c1e5a76f260654064b11302a0b9809b3b9a591d4f8cdf3b0855ac8edb22bf74;2056;Investment products;22
42d8406f3344b66c88a3842c66ce5422939f871474895a6f417675f2f4f9239e;2468;Life insurance;46
1e2ad5366b63115130de2dc9de4c4a7470882cc4bfc55617a5df65bea7f732c2;1563;Consumer loan;174
1b6dcef7eb4988f2de44dd1ebf8ba39ec16266c690b1fcf8cb41e36a6f743960;2936;Deposit;32
b42bf24c454f0f0c6c75e8e32616d4b9efbffc8529d2531d5b92f3af7f061740;6266;Mortgage;23
76a025b1ebd80fb7627ccfe709144b6726727e1088d0667f0d7557c070a597ef;1643;Deposit;126
59b0f4606f41c502f3d6fa4542ca3737199b6b9b6b832b16fc0148e05400269c;7980;Investment products;108
0f84d6684a2b50094596ce11dad19fa0d575eb91df97a6ae95d0ba080c83f101;1200;Credit card;87
fcb29917551ea940196c7c2f9c35636ae9398e694cf87e8a417d0346361ea935;3073;Personal area;7
24b25369f0801c344d711c4064aa61c5b9c442839aade3b84bd131a95cae03c7;1870;Deposit;39
0d2b3252a4ed28b178cc544c27a0890021218edb58a40ff1e27210e2e2e936ef;1984;Consumer loan;57
f80f176a83914508220a2af631e96aa9ddd89746722ca5ded0553127e37d3a92;9990;Deposit;24
bfa15bc26da0d0a34b97056768e627f0c409cb0b7e5166d630b6d090a2797f83;978;Credit card;11
8cec3cc79efb55c42c26e1f20620d735196e5bab8245126613708f5219f19553;2405;Mortgage;64
ea5f30d29414641c996c2f62827d0e3d073a30448cf80ccb23b9c095fe734144;185;Investment products;2
4042e3cd639d6705f155bf9e00309613f7124924a8a37c1f64eee5f6808f3e0f;2820;Life insurance;51
9d080bd6ba88adb5d8ee5426b15d26dcaeed06456502daff56ee68b6a5b8f117;3580;Deposit;175
c6a11a438b00cca3168634bdf2194a50c1843e81919447de77c5cf301b60642e;6995;Mortgage;149
2a80652395a1463295b33ced3420449a7ea3615b5816aaf2afa5e015ec997d71;5777;Credit card;65
bca837c8b42f0f55fbd2c68e4a2a6b9ab466895af5f12174e92cd69f1ce912ba;8544;Personal area;29
c0e8b4f9696305544e267ed4fddf42d2c3284403d2435b2a8bb451a4abf0bd50;4689;Life insurance;2
c8b88a6bf7cb67dc9251bd56b35aa6703548ef2be367da7f817df2613c5b615e;3640;Deposit;100
ac09da5646875f438cee5aa80c8317e64584b7675889c5d02343765afb36118a;5095;Personal area;45
167e0cf5ed7ed4a45b02cfe831f72c8c766d7af384631bd88af23d76ec0eaeb3;8295;Investment products;47
928df6903c0cc827d8f47d040d2a720d80d41f16a2a0de8fb438b0760c0717fb;3085;Personal area;196
2354fe3cb7a899564adb2940525b2bd8cabffdeac11224875233b96400d34732;9962;Investment products;102
74eafab24875b1a73a0a3d8d5848c68652964039d8c5bf1f8e22ed0a18ad9439;6122;Investment products;12
2eb0c6f6e3f14f4ecca5503d76dc5f0a34ae3fd71e5e61f7212678306b027fe7;3709;Personal area;84
ce23993f1821bb04d703e507694c8a09e6187538a4e027e0fd5cec0a1427cae9;6876;Mortgage;142
db20ffae7d7808c51a2920b65e8f8d27c04a8850b38b56894b856922f40820ee;1520;Deposit;163
0fee8a320b72d93003a595e9fd62b7b76b96f9e036ae03d571e0615cbbf7681d;864;Personal area;153
997ae92c54740e1b6bd9ca76204499d6eaf88433ee692b39f93b27ac35497d88;412;Mortgage;195
7a934c5cbdcecc1524a7d142e2118bb480d7a784d0fd6c5881bad7a45d701e7c;2422;Personal area;174
06c469ffa2755a7884344ea6ba29e5df8298f93e65365642680f02e8d4026612;4793;Consumer loan;60
47e876846eefe162a3116cca95520d3f72d25222656b9fa4b30d57bb2782eef7;5260;Life insurance;124
6fac1784bedea430b38c415ac56b496b416024dd64fa2cfe07f5fcaf7ff3af4c;3061;Mortgage;144
8b4b8da9388ba4c2a4900486d61733a1aa2eb7eebc3d15e7fabb7e3aff437990;700;Deposit;76
5ccc1d5dbe1e7f174d5546cc42f295a46f7de64de8570d4850718f410e41941c;5325;Mortgage;192
6bbb122b946a0f33835f54f6cf68148f487cd9dcfb788cbff9b749c478aeba2a;4222;Life insurance;36
f1ae5b1e7b7140989fc50457645063f45a598bc5f51da3e8304affab53c26d3c;2398;Life insurance;20
9c72da76bcbaa5b9d7fcbd0a85766b226a63163102fd4c4aa75062751afa9090;2226;Life insurance;192
b4929d4662daf5da207990a0f1b273d72c1ed54f50e114ef277128697556637b;8803;Life insurance;33
1eaa7e29602b32f6e2565189f1f8c854347eaab3c1523c5bf5b0672300f39c87;181;Consumer loan;154
4e42051fc11038775c699e00738880675b9c7d54aeda488ee86231393cbb4bb1;5721;Consumer loan;200
b77a1700f1adb8ea64e5a279e18177164624b93b5c72f4cb5e2541d9d5c6f58b;7121;Personal area;185
27d12e6eb79908ce80fe759ad4cba618dbbb8017564fc8dd609f7c2e12d2b9b3;9194;Consumer loan;15
34bee6d24ea1b78835c757bc563c91fb91e315d750c542986d549e141cc5c8e0;2910;Credit card;186
b84ce0291250c7b2e3b6aa3981821378a580018c5de48775ed93192fa3f50300;8350;Life insurance;147
170f787835dde56842d606646e4810529390db9f5f977f78d93029963d749d81;4440;Deposit;104
ebf92c6efc0b6ede8a9066a650a32da59609317fbb8dfb2fdfbe8c4520bcc495;7696;Mortgage;61
61ffbd6328f84b538b294f887a56be4ad7fb4013e361095398760d27b9dffb89;4139;Credit card;183
9fb478cc7ab1292c9b40a80b01c94e659c7b238134dbccbf819d6a209ea985d3;9147;Mortgage;68
25ecdfab7c93b5c15429fc17d61d2b607b93f78e7c5a5925a576fce055a59dc1;5950;Mortgage;70
bd2f24353cbbc24d838b292238bc374beafe2d33a38fb9639dfe05b89aa3a43b;7543;Deposit;68
c59f603fc7820c26a970588a00d9809961cd46ac253a8755bab8cffa03d6604b;1975;Investment products;199
23b00fc38c0324ebd80b911151e54f045fa496a0186473aae9be3466c591594b;7050;Personal area;95
3d53730e3148b669882a9821740414c9838b7e9cb2b99256289a7b7ae309ed7e;3436;Deposit;2
5b6648ea79a834cdadfee5e7bd6e2fd9cdcbd592726ee95f7818080fb2c974b0;6821;Personal area;54
d4cacd724c7de969141d3066f567b373fe3a72d0a4320c092c342192f9db6ddb;7743;Consumer loan;89
f062257abc62c1cf4041e699c62b729331608aaea882303965e2545d1b7de84c;2471;Life insurance;99
f399966d7c20b45b30712a07e0257028153792cc3574513106fbe3465358b360;9268;Life insurance;200
ffef7bffb06b4d4a528ef31e2308da26a0d3f3ee9cf38301b1c106bafafc66ed;5646;Life insurance;67
3d0724f6341238c24027d7faf6cae644bcc0a7a62b5925b8ca989462406ffa7b;4307;Life insurance;118
817ad1d545408f8b874ea2fca24295acb1ff9859c7ed360e0025939110172587;837;Deposit;162
f52d0ce8be486f4ca986cf08a10cf935c439ff20ab7683735a11f8ef66fdb0ce;7826;Deposit;32
91ebf00e76f2aadfa7cea0fb1a1abb6c281b8b14d05db67f78e9ab7c04a9f36e;1584;Credit card;125
faa3fe5b817e042b438896689dd4d138f56fab4e8f2655de2c53e5bea79f7f54;2576;Mortgage;155
833db5046767ccc37f3bc4a6ce942e252ef9b31c23c8301f7d4fe82d4744f7c0;3624;Credit card;61
83fb6d0c5e369893e8a0f5189741011860cdb4ed80e64ae678ed3d7e6a5b6390;3759;Deposit;104
20649999b9136570826588112ada4d02825516d771d0c30d5f70296a2b79e183;2582;Mortgage;163
09b9c9cb4140d70675ef5dc3fa2f13bbe4f38852cf8049bb615f6e8155824247;7416;Consumer loan;99
ddf072586efaa957583f984dda93735a8426a5e9760ed60009e3bae2aee4f99a;4839;Personal area;88
f68a411ab3d98a6ba90087c536d671487ba4d6f3ba47ade72f73b0fb5d9a1222;29;Mortgage;124
926d963d2aa06f7303e0e0b14ba3400fc7a0da9fd10f10079f4d1f9455912f3b;1311;Personal area;85
a762c25977daaec2b18b05727358a093127a5c0e6d55851398cbb84a8b7fc8e8;967;Personal area;122
06123c27572b4c6055b0e5892af1445732b308e0f1de088d32699bad5aaa9c6b;6266;Personal area;103
7ff2573e3d2542acd1dbf6ae75874b72f768b34e0bddbef55c394efc8d931ae9;9698;Credit card;200
5d80b1ac82c52a8974c23b9a9fdfcd710796ac630789d988b67c3db21da5d128;6216;Personal area;19
25cedb661d9c443487503244255a83b1cbbf900067f9c0a50541563be5db40ca;3231;Life insurance;158
c066e86337555e35812ef82475e347bdd11a71926e3d88c20590dec51bd9acd4;3451;Life insurance;53
5b10d6f83d56062083c6f90f07f8f4d65452ec9f9d292bb81254823d5ee2340c;6111;Mortgage;36
a57cc8efaff8bbd062caaaabd996b9a01e5b831a63ca64342460e35dc442187d;3692;Investment products;133
56f8498f6df7dbe1280c521b234d0039639ddbca17c0133d133c32ba4fc3b989;7099;Investment products;159
57c66022b899f42627d6728cbc49069126f86e8a4604b70f11217b7da5f9fd86;2094;Deposit;3
09225c947a9267e978efe31761839c6d0fecdc86cac640adfee32995fae16c0d;9952;Credit card;126
a107aa805ed225d251af8a06fb9f4c87b67af896339f0f153503ef98816bfbb1;2525;Personal area;29
f63ae5fbe89383162b3f103e2239cf323575f9ee9f5d5b59f7f85cbc3643f173;5866;Deposit;46
f6d415d84db944450d788109874bb70caeae7e5d96aa1f7d1ff07cc580feaead;1355;Mortgage;72
750021b25719370c26ef1dabd77373efb54b6c3d287b7708c3d623b634c44b07;2486;Personal area;51
d395fb0e112a2bb75c21c770b6f1322f56145524bbdca9c0d1e3d377e936956b;8548;Consumer loan;78
17718db57bf465135f14288b8b553c872239cb50cef0c9c0fe48bc3260dc2715;7795;Deposit;155
8d14c83f55966041073fcba6f6b4a8e7adece2672fd84357d7e908b63e5271c4;1717;Consumer loan;50
10d9a67b1a698017f4990340f7ab92dbafef1ca116a48f96a0343a378d83fbfb;4782;Deposit;162
3ccca2b1538df339e85ded1bccfb59cb182550250ba6022b613f9e94d03eb613;4168;Investment products;63
1a621a126234421b5619c7fe820346b8e52795d2174e3289460bdfe96ebe208f;6140;Consumer loan;108
af86ec65943d33b801a49227315b9fcff2e86434c2676e2fe3e3a48dfb96a94b;591;Credit card;141
cca3e34b816b7c24eca3fb39cad4987b3bc5ca42a11477a87e56748ebf3bb617;4667;Credit card;16
359b5d1f8db6300b6ebb8f835bb97fac9c36b876bc32fc4d4fed812805a1de05;870;Mortgage;94
187f46ed0aa34a31bacd30799001e0d62ab33fa11de2b7a98b726e918f96bdf6;5843;Mortgage;65
3a29fd9d983ffcf4dbc7aa29b0ceced19179c17590ad24b05b2aa7b4fc8ab925;1799;Investment products;161
42768d695a101651c6650a037a704feb87620d59790caf4d64b7aa78599ce708;7755;Deposit;72
77bd33f0464a6048f528a10442066a2e515695ea66ca57cf68782cdcef04f191;5187;Mortgage;52
0c98e1ca273c1b8f0e5476f576a62a3b0bb496b5369ef6dd1d1d5f1d339059e3;5796;Mortgage;3
873724d996b4c4433697dc93c0d58b7f0c4271bc0a2635023a8203a3364de6c3;3521;Life insurance;176
08654966543dfe8088df11fc78d5656b598afede078b4129ce8b1c5261ace4f9;1821;Consumer loan;109
2f68b40d1f19f53ae1af3b260512ca4675d58ca3c0ed8e5f010c45c025454c19;6238;Consumer loan;105
3e156b4c746c42287a7b60f480a6c100777f8946ef8e6550502fe3644eb737c2;652;Credit card;193
e81c88e9bc9d42b95d51269a8fd56902422e25f5d9b8cf8fa5c28cb7d781c31b;3288;Deposit;168
e0f76221a3785b5565e91f82a968f615649edd551c5a9dea228d2091b16fa3bf;1743;Consumer loan;92
fa4ba5919a4ec3a55349b1565cd08330cec1f9d5650d1fe68ce6c743f28349ec;7946;Life insurance;144
005858a8da885d084159cfcc9aae086a37e4a2e62947b63a222bf37617899278;7061;Mortgage;25
72b748385d97a71084a77eb58db041156897dda453399c96315649623034b47a;6410;Consumer loan;19
10b004c8635e28ea43c281f2e4e9a2f357ab6230bb960fb52b6c91dc9b950af9;7296;Credit card;38
1e7034e267bcfc19bd2d732a2e7606b110a33f9e43d368008d7bac6ba19e8308;1400;Consumer loan;7
792215629280b19c547145f893af5324ee0b7e50932ee2c6108783d0e0b1c7f0;9993;Investment products;115
e7813943842370f53b286a18b09ba89494df056944fbac81d0302f75cd338c9c;5738;Consumer loan;82
3d836329db17783b368a987f4f9be3c7781f566e7ab45b439ac7f58e31f9fa30;3731;Mortgage;121
01c3d01a9cc040600c109a4c8997d0f57057a00281e7c5c00309c308bdc7bed9;2871;Investment products;179
1ccf72b5c0a43f362e840a938d405d5916dfc8d5ce0d018f1b99ad2f6b306caa;1037;Investment products;182
63a4a3a732fa0fb2dabff8504ec8def0d3fc486401d430378d228885f06caa02;8515;Consumer loan;9
477de078a0f6d24e9d2cbf8da786acc2aa5bce580dc1cf040765d8c4bdeeccc4;1215;Deposit;164
6eb3e1ef526ecc44187c6e792d690d9ba4e5145a2a6578ef7ba4248863a6897d;6128;Deposit;168
c0f8ab7f51cf3c91385237a6c667eececac68f375bfde5e44e8a4b1005fea06a;8331;Investment products;45
130b4f4a2ae65287ff3785e0f643024a19e10502b2304b4f01827bc87196dbcd;8500;Consumer loan;164
db48084021cd4bb486568131afb670ac18af5dfaf701eb58700e0f94b25f8ec6;2214;Credit card;173
cdba8a33205b33719ad43d9896e359353d48c0356884945962223929e7f985f0;8470;Credit card;165
44b7085f0a63182a8ee0d0f6ffbf5c2b035beabf6ce85c05fefd426e289f3bbb;9155;Personal area;113
56ce327373040c53b5844e3c1c2f914fb063fa054f8a9799be826622323dec5f;7780;Consumer loan;89
472128bcc19b76c210d063bc6abc4a7003c17a708b094f17736d5c908ce40396;168;Consumer loan;31
dcf815d810a8ddc4eee8ad66f209148135d572b45188c0cc2d2a15a7b852da78;6377;Mortgage;7
80f3055a0aa5b23e39dd281d107142bf243919af30f220b835ab69811458a355;7883;Credit card;137
b7be31f46354ac118e6bf43ba51d95fb6b5da2e4d952d6ff169a3318d548f66e;193;Mortgage;80
7280eea484e52a40241fb908af05b57136bb94483cc5452c449c41be6da81d2a;7748;Investment products;106
fbb7a29a990b58f5866dfcdceefc55063c925a30c8b795db2747ad963cd26dd0;6165;Consumer loan;3
a3a6109cf6430fc7665d83676f1cb62cdbacaace126494e7050a12ee0329655f;7902;Credit card;189
9fbb3c96b6f891bd46afafd63fe18518aa7ce9a8ead8d32c46bff4470ee61c44;5496;Personal area;197
04328c7ded04a0003303b6bc3a31c19ab88944477a83bd3c70c0766fbee2fa1b;8027;Mortgage;186
c72bbb9347d8fca2d67bd83dcd4ea72dcacb03613de2b424bf77014eb83b38c9;1004;Deposit;108
f82c99fc8fef5c4b9192cbd9f2a581b133ce2de49b745ada6d90a811423213cc;2559;Mortgage;105
36dcb70b93c79c9885450a3f44ef7ff2e51988f0bb08764702648c8f0d5e2f73;6997;Consumer loan;95
556b6a9766563ab3bb71f60da1ea3f74e258c511e9604433129df25daabe430e;8657;Investment products;83
324804a4cc735ca9057390bc21cd90dd8f8c480849b3b48587df81d8f39f5325;1639;Consumer loan;181
4aa5c05e343387fc862ba87cac1d0b23488ac53f92c89d90587241c02bf316f4;8380;Deposit;154
1e99d97fbecc161e1f459392e4a2cd26eeb023094d008aba4feafcebf81886a8;6479;Consumer loan;182
ca7dbec0a4bb571784e63ebf6ec4cd37cf0d4a7a50b2a8855fa26998319d8433;5524;Life insurance;162
3f2a46529eb678945ceb29277ada513a01b4013712b4ec482dc3678aa2e028e5;7381;Consumer loan;5
293fbc0d91e4c35eb287bf73384017a6dfbadfe8859b895af29c11b238db141d;2701;Mortgage;35
6c09fc0288ae138b5212891d4365192139498bfb8ce656aa0dddf2f960f2acca;3116;Credit card;194
c15a6384f246c0ec81528ad5af99f5b63dd2e656a412ccbbdc404cbdec4ae363;141;Investment products;158
a581bc3fd13885b268833de8e4e95b8bcf3a13ae748403f6eaef31a21f61ccab;5068;Life insurance;110
16682575d971dd8b7292aacb797d392b58a039a8df930a9c7ce5692f5cf5fecb;9235;Consumer loan;129
28dfed8f57ff8b5d19a84d314fe2a77c2999568ffe17a5eeedafdbd4e283e59a;667;Personal area;130
f5f02f33555c86862a49cf4d8fbdcb22d74503941e28f1196ed94d178f4d43b0;6844;Mortgage;170
56ff2cb35cc549e87ddca4c281203686712fae7505c04fb765c2c2f88f792314;1502;Deposit;67
8449e1335c7d4d33f90c9e3e7246093bf678457e1fd98cd5c29f9302b5f3579a;369;Life insurance;157
00dcca6fbb83ed7d183cbbd3f04e3a18aa8c1242af507479e05e54b2947af389;4460;Life insurance;48
380f9de3a033a6538c10529863ae75581d30ae89b4cbc13f959e3dbfbbc334e9;6040;Mortgage;77
7ab094f725fb03e05fbb442bcf15c016472e7e1656b8bc4d9be14fd81e2ebb6e;6952;Deposit;176
58188d81f2a070d975c6697064feb11ac327faa95c4027ac8b16ca69f1c87f4d;8789;Mortgage;81
b7340a5b255cf077e0713a7085748a0d7e86687aaa198b2ea25f401c3d0dfafe;7776;Credit card;157
5929acfb22b5031bb75c86c151b97b619f423653458f048bc2bf3f34ad9c34ee;6954;Investment products;157
4abbf406684949b60b5dc4c4526bd377378c2e175d07cb57ccf6a8e479880b1b;9969;Personal area;28
7c6168dcc81f8e078dd37ddac7b440f777f5ae2c5d1172a1edb5877c332073ed;5322;Mortgage;19
2b670585c658c369624544e9dc3e68da25c4e09ec7664da2b7cf044db89ac5db;9697;Personal area;180
a935dd316bb9dfb89d5144403c15a34df5c603330e28bffbbe06f1436362465a;8159;Mortgage;121
13e83fc5b76df3e2dd267bcef8f8a20d566561c896de9e11f47be144156ab6a3;8899;Life insurance;94
e0282d01aaa5fedc9cc927dbe9df191f3edf202edcb08a31d16d7b6a9cf90cd5;6458;Investment products;152
5812ca89b6fe7c8f46e46fda7eb4ecce1f9880f51e35d1ce8f57d6ed115b7b6b;6480;Investment products;102
b0e62bb3eb73be51a71183690a2b0e8678bdb8af97d4468cd08f347d279a8e15;6906;Credit card;194
c627074ed9233df0329dbbe024678988e16cf250dabd9515e53730a204f731a4;5916;Deposit;16
4a806494a9945a03e131e69b345679203a0dcfda8ecb1693a783a4306356f80f;3455;Consumer loan;95
bbc8356f1ec3952e546f7b550fa84e25975c90f990fe7bee82de54ccafccfcf7;3814;Life insurance;80
2cc3e5babd93745ebdfac5a0467208a810d387d23c738de763cb723bc7a56463;9432;Credit card;168
be891f17ba4438fa23d5a900f92dfc403f65e42208e98f8c353cc492a40ce6ef;2077;Mortgage;181
8ac877c0b4cc5daa83dffb7fa4ce94e44635a5234833c07e6844ac89f1b9743b;3541;Personal area;42
670a323f88b3f10e7038932e55cfe024a13d71016fa841766b81385b4749d0d0;3713;Credit card;193
a566ff51d37591efe94dc2269da1e7e1526d77204d1349a020a2dcf0763c3489;3102;Life insurance;166
2870abba04a0e4024e4d8a1fe0c55d153ef8cf93d4fd0f14bf90869b4ada8c58;2580;Deposit;109
52333047f9794cb890114bd6ddb11b0280bc5b42df04982f6d62cbb1441de8a9;1433;Personal area;184
e08aede99af2a3f8e86767c16f4c045aa25143fe54666325b318203e377299ff;1716;Personal area;10
1097b2384ab41d5510e6033464fa716eabbce63bf49f29876219bfc8414980e4;6935;Life insurance;49
9080730adce53f3cfe7f84e8c980f6e73569f949b2e19bb232c5a67ab42a693a;1677;Deposit;105
3053f813994b646b7f9a7180ce01838fb39a0619a406fa2519c5f1a6fb7664c7;4756;Investment products;146
8ef7629ad10ea54ea9360b47b3b4a2fbe0e1d8fd14c818bc35cef377b1789038;7152;Credit card;54
fa9192fedd9f52ec6ca1e13134c761d5e9b34051a14059da3daec41e59653bd6;2152;Personal area;21
9a7fa58a4efe4d2faa520fda590ea4d4a25cf0cada638317b7cd7e2820528be5;8365;Life insurance;167
200a512d4d1aa340ff92fd1a6762270de4c441c4cfe351050cd7c43c18daa1b2;2633;Life insurance;3
049cb4eb62adb8fa0b47f159b0fbb74cc04e0f7f4fb5de68ec4685f70faad9ac;6975;Personal area;99
584f4b751dcd9b7dcdca9e5e1b0f52c7ac6d26051364530afb016a1aeafc1279;2298;Consumer loan;161
fbae0ff969ef7f53610fce01d7d12534fc7e923da24514227a47bd75f111e8f5;9075;Credit card;51
c185bff836dde9138db7b28ec71765853521502ab1226877fa8a483312b6c0de;961;Credit card;106
73dca198fad008bd43cd18c3c79573c5c9569760dc24bce9ed6fb3cff725ab86;1007;Credit card;154
5e68de1b9e151fdb1d93df8237b208300fb517330fdc52cc2a52138c83336f91;6708;Consumer loan;55
6908ec0c9e36f8019f799818ffa089328d1175d29998344bfc42f915383d3c7e;164;Deposit;62
b61421a07c36d8be5543b98b360db99aae34f3c9a17f6d988fd92f1f09d9c8c0;197;Mortgage;186
5b69dcc84ab6ad0eb07f4b0f8ba89b7c48cde711b4a632ddfb9280a0c364c147;4219;Deposit;77
96c789d50b9506c01f633fa87af49b0ebd7b64af292978af71c1aabe2685aa8c;7090;Life insurance;196
3cdbb99b89785b6033fd504c4f26e68a37a34df6817f122b243f013a1fc09fee;3197;Investment products;139
ba5e45de85b9be0cb69ea6f217f7c5492aa312770f9f7e57f7863c6edd411436;9864;Mortgage;155
8fb05be3a42a32ca2cbf988345269a4d929930d1cd227809a67ca925c0c3b796;9528;Life insurance;121
1ba5d8798d14cad5ccd3a01f5b3c098b7a0c5ddc3da901045ce36443287846a2;2635;Mortgage;144
42dd227911ee16618535edd9ce507032bc5aebeba9bb826f8dbf8b82260e272f;3002;Mortgage;55
c027533138244c7b5bf8bf480f522488b52b3125a7d73a297876aa8865c38096;3865;Mortgage;41
0fa5fe314d18200de462d5e2742d1d6ec73b7f9b4141c1b3378849597fbc7db7;8644;Investment products;51
a7e2662dab2c5c02fe4b4ca6f9fe8a3a7d129400814d074877a4f7013eeafc11;3698;Life insurance;110
2667fda6873925b874c81ea0791d33aa650e1ca483ce6e25e28d8f173906f178;7351;Investment products;75
453f6444f68b06965a54ed9a21a68c2f59863504d55763efd6d2993defdacc95;6753;Investment products;172
7894f3dd093be94af8d1507b1b258bfb82453182779bdc180da8dcec9d5c6035;4837;Deposit;25
086f70c4a9f0727b069c4680bcfd323406622608bd5547f398835f8d6fe9281c;7427;Life insurance;69
d2d39c6e25d5e07f7f5c13a1684da2d91775cc6fdd560e1ee385a9cf11bb5aff;7586;Deposit;177
687306354ce3586079152d71686f1a862e24d82e6ed0d8c0eb68c47c5320ceca;1202;Consumer loan;78
8cdf9f146a0c9291ad5827daf13bcc449932cbc541047c4e160652651b87021d;1692;Mortgage;32
231fce309285135fe67016dfdc4f8decb3059a390ce4a65134ed832510bc5635;6553;Deposit;57
73b74c0f675d78e8a5c4795a76af02df35e550afc34a4c5d34813938d2bd48e3;4865;Credit card;168
00f033962ee23f89be7c7ed03ce95dbc520b34e9ca131f874dc031958466e130;9669;Personal area;23
74e6e34c081105c953762842c051ea8521928812f235214aa395674f07f9775a;9238;Mortgage;107
119079a99173cc1d1e68e110bad3ff8fe9ab6c2cb75ef9493e6c3e951c0ce1a8;338;Consumer loan;104
e9e984c53a933ed03a2e5cc8034dec48e21b4c4f95022868add637453dd1a2f5;9553;Mortgage;126
9d027c1094db680118d3af91dd43e9300713ecc719e73fdcfb00b693dc53c65a;4175;Life insurance;85
8fa98e11769e4e2a4cda8b1c56ee5f4e73d658985318b12c57610fed6b59ef03;2572;Deposit;51
482a6b75598fd90ebb5e1d2940e3e543b813756df5c7dbbdd208da13c572b536;2609;Personal area;25
aa765850122caf241cef9dd869098db34e9416b82a30d840e0e5c2d089aa7d01;9794;Consumer loan;94
df2fb9f11ed5ebe50bc61e00e4db8d64bd97aaa2f821585a04651a59d9f718b4;7994;Investment products;83
b8c3b5a36b7117b3b542b2d60eb60a6a81b0e40b7be659314590f139c329d433;842;Personal area;49
a57c2f4e40697a3fc4d34fab467578b4ed5955bd7a66c4b3916661df9ebeaad6;9131;Life insurance;42
f7fb94500757a5f3a756f72b7c07c45226b6c2c74aa1e52e683c7568274badba;2819;Credit card;103
7dd1ba0c924757211b67a3893e9e71a260f19fb526e810f122eabe4506134c7f;4291;Mortgage;163
014b95312a3a453cfb9b4a904d4afe7f942a46d932ebf0c4f5c4efd0ccaf1a3f;3382;Life insurance;185
7ec8a99c86016b3623bcee7be700b2909a228f65764715b573116388bee7e7f6;1659;Investment products;24
1acf11342c0b9e8a2d14d8f9266ba1fd0d33392dce455cd35bf434ab96d9ed53;875;Deposit;188
d1e280232ff02708cac32e12b174e0c35366ca4732d94c4a6bb94e18a9f035fe;3186;Investment products;159
8bb449e0a2077f229f96283915ea9e0891576e3c85519b6c48fc3cb6ebedb11c;5497;Life insurance;113
4f44ab9da574dbabcedaf6a3d53aa14c67c33f29c0e382ffe47c9049f29c0b32;972;Investment products;176
3fc991cec5f88825beb55fac0b7cb079491bf927f8014877f25a0bc9f720869c;6242;Deposit;192
56d4742de90550239fc0b266beaf5947db6e5c884ecdab25738aaf7d00085bc0;4221;Credit card;158
e91a954fe8ea17f7472fe8716cd4cc773b1f743738965ab78eaf3d6d076c9e85;5395;Deposit;88
d591aba0334ae145aadacbec4ff783ababbf4f498e8df7305c62b284fb8d1657;9744;Credit card;134
a7159f104d403cc4b81d9844dd586ab0c50438a85409e1596d2fd4fb00cce2ff;5988;Personal area;101
be77210684007303d804aec5798d68d38f9da3fed6c1a5bd0ea63d2b3bbce366;9046;Credit card;184
b0000c04fc76ff7ca192426b68d19f01ef502a2967f651a469d67dcd6ded5620;7198;Mortgage;53
47d00c160de3d19bb5df8f02c9f837ebcbda25df224b8e55d58203099727f716;819;Consumer loan;106
345e417a45739f76c7df6787da4b37049a8eb4e4b674bcfe40595cf61b6b8cc6;2546;Investment products;39
28411df49ba0df17bb7d84fc843d189ec4322855da65e918568f685550a6aad6;5220;Credit card;190
4f170ba1ce7db37d1718a0050fd1187bbb699dfcf13af2176ba758ff03f5c86e;6818;Life insurance;148
efd905a5c5b3ba369908d21e23b652c11fcce7fa31ac1590a93653cac33ecc7d;1713;Investment products;29
776c9f9422212d5f7af18663e91fc39c94711104176c2ce4c5685057909b9f68;1426;Life insurance;197
53d6802d93f5c6e9e4cc179b54b21a4a59d3d16c2eec8e544caaab441b3bdc78;9826;Investment products;185
838f4b9303681186f868e5ca30ca2d538527d28cd2d16fd9561944ee7b7bccd4;8775;Credit card;97
b794f85e375ed2ebe8c222f56ed2b51b42e00a81c6dfa23e489a8b94b49aa594;4682;Personal area;124
972abda51688e4276e4621114a1e9e99711775e797ca15c7094ad24d44ea1897;5126;Consumer loan;19
6320f121c881babc037a54c5bc49de94558464bf8596a8422b357faa23d62a21;2141;Credit card;133
4f85747e500b9377cd3e8df418f71119432f1751b7effd952330fad04808f9d6;63;Deposit;52
7a019d290cfd3ca637e2d926695e7d03cc997abf9137c7f0655e4e39dda727fc;5782;Deposit;89
8ca2e0c25056f6abebaefc0a68a17701bf66ee6ccca2647ede63f684739f8d72;7112;Investment products;182
36a8926089ccf1e44c0ed57e996b2ac38e7fd67c1a70536b1eed81666ec65679;5593;Investment products;176
f8b7fff85f262e49c8ecfdaa033f76236930c5bc13691cd9fc5369ee054a1c5e;3468;Credit card;153
fbf31e29b9ba5ef220a7587a507477e99cc13b5092af2e06ba53777a3b7e4b76;8156;Credit card;118
15de895aa9f48ac32fb121d90d51bdd88be7b4d7f2250799557d34972675b4e2;8860;Mortgage;80
d522b897fa72b3b64ba6f6510525aaaf8e996feeba8038058d67a026aed26d09;4974;Life insurance;82
a52b96206eb2930c2a690a6bfa5960f1c7ea00eaccdb15e12f0fece62b6376fe;9588;Personal area;70
2c15886479bfec9522be6ba16a04bd6cf0d8e1d92ea79a335f4d03561bc2cec3;383;Mortgage;35
6e40e4a7d51f19534688221e05d048052ffa557c19fc120708117cccbcb94e64;3521;Deposit;196
e38178113f1fa717f7622ae090d9ee77988d3686e3c4b68ba03b8c32ecd8d0ed;7502;Consumer loan;137
7b1c9df97e44c703a9761698988eb39affd413ba13265b09ec60fc6f7e7ec094;4122;Credit card;115
fcaca4ca3351c9d56e340d9164bf64972862caa451c3a048c2c397392dca9ac6;6337;Mortgage;69
b2f7db53c6ed6f56e42bbf81040aef2666db1e4c14da5c66b56f4c44a168fc77;2363;Credit card;134
a66171d7c657b47a1102bfcc74ad23c69cab121733fbcabc341badd78d77ad93;898;Investment products;148
7ea5f9d39f1cd3c80fc55a64f8645e353f3d1c2f37f4beab0764eacae0789b84;7133;Personal area;54
faafa2eeb67378a92ea032b7628edcfe16e396e3f0ec9ef6bb8d12ef7062f679;9042;Deposit;122
42c6d32ce75864074edfb61414ad2417899dbf451577a131393ab067334a30c2;7329;Personal area;54
fb255d517c3616be20ff66461d55fab8d573d118acd79fc21120cbba89c12926;4795;Personal area;150
1edaf435d1c1b38ce1543dbd44f3c5ae1c3b456ca68898f6bd281bed7c269bca;385;Mortgage;129
7b6af2bdc8fc9ecbdb73c559b21d15eac2ebad668719d28d72268a77d021823a;5284;Consumer loan;148
8ecfedb302319801f6c9c0cfeeb20c1ee03751b18b59d088a1490d0d5994403e;4432;Life insurance;149
9a62f7388933f53dcb5e5ab03821cd5488a51563b201350c5fb1c9371af6db0c;1568;Deposit;100
facdf684510fb07239e329051ed244d07632c6caa4abe121c1f83e03daafc753;3205;Consumer loan;136
b3f1a5423c0f39499b90ab67748cfdb6b4d25f0f6e6b3b4e588f3b43515221ca;2403;Mortgage;162
365e064b0b2f86c709640c5c293ef60977b8b48aaefd5806b98614fc5c8682ab;1527;Mortgage;9
cd65b0c11a595567ed573edb2b131098e64b9dfcdae8d534841a6c25417e1923;431;Deposit;154
15488b913914ebcada940c30f70e8c8300762b635962484aad56d36949bc91f6;91;Mortgage;175
e14e819dbff902dd07b92fd6da9837c6e85eabf717dde580165d6e2b7fd2a2e8;8961;Life insurance;59
8b6dc1e5dab314b8606912b381940d2990a1cc3c9b2685e71e230a6e6b63440f;2601;Consumer loan;23
eae2f0168261db16e0f4eca43c45e19c10f4f4daa6abc4de0fb191265581485b;965;Mortgage;56
8a30542e061855e44f936886db061716e32c38ff715c93f995ca3e5bb4137871;609;Mortgage;82
5c68b9d8a98a38a38dc058cb1dd0c4824535cf0be15fc2899e7f6173644c0832;8949;Investment products;6
59a0b358f03c1a4dd4ff42b05393f2f4548637bbfb287d7db007b7333cef521d;2317;Consumer loan;36
fc425af97baa2bfb750df4bc810f3a11ed20207ed23f38821cf72ad17ba3444c;2771;Credit card;143
536a77f9fbbc00c5c35196cbf3d92bef6f91f423199cd87371fb34b76775229c;7538;Deposit;166
62f3727ca11739a99b0675f529914b011fe2cf2287743342e83b09c9f691f9c3;6901;Deposit;177
bff5093626d6368940cb62dfc3026b7c86cf57770199390996616ddc50a93e51;1519;Mortgage;4
4224ec5b6f885606d76fd682c1afb2338fc63053b55db5e74c39a39a90336767;5411;Deposit;61
457bb122d3f3cad28b8af59a3d34824917b00c628408e06e51f27d478e282e23;2465;Mortgage;183
e137419363e1389ea715a7ad08a03934925b5fa9cae0ba75c15f049e73c71a5b;3484;Personal area;123
217b3547e8eb15d4f78992b2f2841699b829b2fb3b244cdbe5c1594b16f7a0f2;8951;Mortgage;78
0525baa3fdc35e2fa29c2639694cd4fbfc3d8e1e8a5a27ac4014e63dcf9ac5a2;1534;Deposit;89
b0ca51810642d1d0a2de6d149ed395e1e5c7d3e084ad4644169c9fb9a47ba94b;828;Investment products;33
99bf80f4380559a6eef132363eefa2a0b7df641e53fa2653bf4f99048abf9c5b;3186;Consumer loan;73
8535e9eda97654a00675983e2a874ac34aaae8944dd5b19b4890d15949778653;5448;Mortgage;134
adde059dd5ae31308fe113e1c63e618055b172d21f426dfc85b46fd22c91ba2f;9712;Credit card;33
ec1cfbdaf2049996a0a7dff0837d85a75c2536745a9fe938a49f37ba8ebc0745;7539;Mortgage;69
f33529c420e21a3dc8b1963632f5fd688a870c2625bdfc054f8ad98fd7707286;5159;Deposit;27
969ee72a4a82a8cb5d3dd207db288d3fcef1e94d868077b5026e39a646a723e5;9943;Deposit;116
0f19d4186a4c0b5c97343505077241ca80bc51bc49304c69aede255d59a2a6d6;394;Deposit;164
38c8dfff28a68f12159e190d3e0f4f524f37c4ff569a97d7bcf67c768eda51bd;3298;Deposit;187
9fc01d0d62ca5c140dd7e4a59682a837d7287e906a0220292370d91a819b96c1;8358;Deposit;199
b785a7e8ca6348b6d6cc4743ae3bee29fd2262f466566db6e581e92c71ef959f;2324;Consumer loan;190
27e08e188d5173f0195cf1c7a272de666a13fd903d7ac32f9e3e05f8d102cb1d;6702;Mortgage;156
f9bea0f0ead83cc16dbb53afc4a10c6a41f4f0b0e2ce3024893162da3c2e5293;5906;Consumer loan;180
1911a5be0b3de022d2a0b3a6f3a2aa41829289afa2ac089b04d414b8e16e82c0;7128;Personal area;151
0da80ac8d2134c4971fd66164902fa3b3b1e3fab9a35c5f8e6ef1f74cfcbd6d6;3584;Consumer loan;93
b85a2f71d6299da6b9de66129f23c7b57082fbaa91cf017a74656f9a198de23a;8553;Investment products;155
29290664525b59a80d631a4a27115c7dceaeed923642810a728bf77637094502;9414;Mortgage;35
7d8593143c9c22b86c26200b674afac14a222d63510360d4e4ae153398a82236;3562;Credit card;131
7879bd18679d42b84fd1681f162d72e28bcad4e6b340245e4997573f856395b6;9319;Credit card;195
13a533f2761432ff0852e81497108df344a8ef0d9b38848a0c1be0bb3ae2e44f;2183;Consumer loan;81
f89f79c2cb18b41077de5a474e6e2020e0d6e54c793a48bc4de04ac17e1f6bdd;9412;Credit card;50
476aa6d9850ae989bd7ff506beaf8dc68b28d04c82d72033fd999c51c73e5569;8789;Mortgage;41
119f5475898a04b75e814b8d1b260217f072876bec7de670cae3c236664dc538;8645;Mortgage;37
bebd0d7b04cfe8f7aa0015c847ddece91ba7de9fae544a820f81d927adae8dd5;167;Life insurance;152
36916b516c81d9a8f77013012c8596db887be1528fb218676a75b94064131a0f;1657;Consumer loan;154
6163c17667164f31f0e92b4a9f54fdba649d79f8eb57fe922fe7f92c6aaed64d;1922;Personal area;23
3cc5ac7616d9710fac0fa2df86eb73749f205b9e7fcc3475ea56ecb2ac242233;7021;Investment products;33
8814cd8301e52a61371e14883b39fd8a3bc8294242ad9c06afa281826e39176d;7175;Investment products;64
4c41abcad71c434d2a86202485f3f6cd33e5ced43325157ee1f9658122d8688e;4100;Personal area;143
09b73e2635af5eb638eacf0365ceb20a0f609e9621fd66ea64104f2a3b27e329;9406;Mortgage;110
ed11fc721ae94fea5acb8adc6485905bb1c12f304b0bb67525fa874e2e0992d9;3587;Life insurance;55
1e1e26b35c938fae31b0bc46afa02433ae4c426f4efc3df230a57f501a4047d2;8970;Mortgage;113
2f16f7ef1ef9c8d222bef3cf3029700da3673b5b621d321c1f9223afe316b4ac;5539;Deposit;15
1d8c2ad640a44449ff8841e3c4bb276d53461975303e421579f71ee03249ee7f;7102;Credit card;67
fdea930af0a3eb6c64469c5d80f6d269c5ced4df096ab1ab05684ae7de5d7624;6357;Credit card;34
8723ec12504c6c7150020472f37ff61681a6278739529e116fdaa91e28b84523;4777;Mortgage;119
135b0cade127cde1ee0c4af441bd2db7fd36568cab64ba2a625518198ddbe8b5;4172;Deposit;141
23268770a9dd6bc4bec129564161b65217bbd2e5976f758c2f5e72bcc85aa413;6775;Life insurance;27
2488b9d9845bb5a22f478255d66f6d45a2434b1ac514173add58c95721220761;1713;Consumer loan;4
2145e2adad7d118ff977e920680e710d7998af8f7dec19e4dfe88b8e7f4e6bdb;2410;Credit card;13
d145fe69a95b5225cd5e7f4b437017039e5005170b1b03cde30636a9965c2748;1455;Life insurance;64
2623252d290f55e1083a3f26949565491132b1c16048d6499aae24a3b64692f1;7037;Personal area;122
48f7feb66b0724d70d414fc40b47cb5dc625208383811f9434442e0b7ac42854;4481;Credit card;148
cde1287c45cb8d1af7a864537e6ea29a790a74f5cb23214271f84f1f997f0193;2871;Deposit;127
3b016d4ef9223dcd41dd4612a51b8b527e99802fa94fbf742f3d1ea4e9d7fa93;4053;Consumer loan;40
7d607d07089dc2f70d5eb2d3a4f17546f647f88d7ab5ecf757e62e283b6e569a;7488;Consumer loan;77
3f8a0c8d9ebf14cdb59e7757f8fdee74d6aec0a189a2f3dfa24bb041f34b24c7;7944;Deposit;18
094659e8aae74643bec971a5a3405a140a7cb97a9d01dfeb8d7200c51567ce9c;465;Consumer loan;136
6e0be752e5c673e8e9e5b113d25ea835fe7eea79262c95fc706972b44fcc133d;2926;Investment products;147
7de49e4147c8844aa1e2d615ea7ed5c0b7c8e7838564fdc26023db9a66f29680;9886;Investment products;145
c5c5ff6501d58d9b73490dbf7222d00d21446c5252300330816de8bdb80d95e6;1245;Investment products;58
901ee7f2b2349fcc4f0648cc101ac56c4dc8fbacce31a429879016ac236061ed;3866;Investment products;190
a07423aee9aaf67cbbb42595bb15fbfbe0111b325ad034331f38bcd387c2d5c6;3659;Consumer loan;57
31919019fcbdeff744a7834b652022035dd90370f76c4443ff81e939a4e89255;6234;Life insurance;176
b49319eba4c4340e3af00e0bc64fc74951e265e7f4b4e0600609dff5b0b4a8a2;4280;Investment products;105
2d15c106b9c650f17e1c81c51459fb85273d7fa05b2c5e7930fe746294ee9873;5017;Deposit;91
2edb743cd5665ecccc72294115ddfcb1ce6812ddafe917c0ba92dd75ed630701;4417;Investment products;72
b1bbdf953d5d73b552ea76ec90e249c03b33c071686e1438063e755eb88e0468;7614;Investment products;11
cc6b24875a73a7f21251475073b0527312da0ac3bed375891f84cdf3f0d9c9d1;3613;Mortgage;52
3a97af864d9528698929e2e424673ace07d8a447219b42a9d4f137f19edaf481;7520;Credit card;81
6f38478f9d0701a9bc21116bcd774163935b0be02c0818dd35e3bb852c6b5993;4097;Consumer loan;165
e8d0888027781886fd6219743eaacdbbb373e65c43c051ff163969704a0a02f7;4780;Deposit;174
e49f93bdb2fa8a9d7c5ee3211c8f1165e479325ef4bebb485e97d48f00063b5e;2426;Investment products;188
6f1a1eb584622425f0fa07cfae67551302ecae317213d23617d0bc3101407e0c;9267;Mortgage;48
d204749e8d50ff8f829bbc94d8e721d7928828cda6909e67f2a027fdf80052b6;3820;Mortgage;158
549c035bbb628cb41b394907a7ec17eb05e67cb4f1fef21b7171439ec945e7c1;7448;Consumer loan;159
52c18310ffc9893efcdc0f85bc9120f288feace7dc90a9ac129a52642e42b15a;4926;Investment products;58
2280049f73b5f8bb3ab94f1ee9e041e969209ed4f91814b9e21fd6890539a082;9417;Life insurance;107
439287ff6149e3391376b100037e0a1300739453b0a2a26e5fe8747fdf807712;7075;Life insurance;92
cb6d4478391aa836a69dd747b6ef77aa971d7469250cac56403af835cd763bad;5197;Credit card;132
3a4ddaec066f134cdb80bd95537a384ee6a7c7f6ecdeb8237c18c1cbed561e9f;3733;Life insurance;52
6f5c63ae3636da56225d5f6036190dbe2ea8434dae1acf895bd2ce8d9f77bcbe;7807;Life insurance;124
6a3630424fd70b2240cf221de280c05042cd3bd10ba11f8cf8dea97747660a5c;4592;Mortgage;196
014b380aa2a13dcc4987462abb3a9f5d32591946663791c821be54e031d00ac1;8788;Life insurance;37
763131adf448608ec482a9a774badaf93b971f1b838abd68a53867c1be598b0a;4434;Mortgage;159
ef186954985b3eb84ed4880fee270b97cc8ccc596bde30240c1a8cae70f8d36e;5332;Credit card;60
acf98006be497d72f2d00cdc94fe4cded1f44cb897b832700a8f16e0e37aaf7c;6914;Life insurance;166
8f304809e9c83edea4e8931e756ea476231f6c5f3a6ad9a68c81f5960dcaae6e;9615;Investment products;158
3663603741f33dd5e59d453cfd6239841a29c6449d1c8147dcb724e352eda898;1277;Credit card;170
31364965ba8617742c042d61044777eb89fe2adfc4153de6d6b4c6a9a6318377;8685;Investment products;81
af1e3be68ab3c7658ece9356f8bc1c127cb54c1e469ef26177b801d127831692;8438;Credit card;183
fffdb8bf16ebcf3d07d7f83f6494571129c5b8a39ccc3c1e9ae07a3c563f1524;4355;Mortgage;193
ddd9c237bd2be83401809c1b4ff6a21fadfbf3ac6f28440b4b399e884310d5bb;1772;Personal area;140
90895d08d4e34732b02dfdb6ae128d8d2bd9ca4a1c55b3a9f2197f59cf7153f1;8186;Deposit;30
fb2fd862187b839ea2d477f54e33c12f5b1314325afa28b947be7a0bf345083e;9753;Mortgage;120
5ec5f434f30ec1dd2669774614e1b74d71cdfd0121a139d0000b508aed89b2cb;4816;Personal area;148
a62fc88696311f68f56a7e2cbe58b6e3041e1a7964a0fdb72a9e0391b08621dd;7482;Personal area;135
4f390ff0861ce5dd5a1ba84082f4b570cf9ecec01cc40fd8d578cf8ecc6f130c;3779;Credit card;20
2c18a8055573fc022207b933dd877ee42ce08d8ef06150cba6a789c0eeb38360;6677;Mortgage;21
569641fa106405633ad56b81294f0ebf96551616688d526ba2df54dc248387c2;2287;Deposit;32
955f427eefcda9690d09943a7c7309c87609d7c16e4c2d02e9477973df4b7e20;610;Consumer loan;67
29cd0cf028e76ec3acd4bfbe1cbb631db1f5d18bbcb5ac38fdb1e2ae6383576c;8657;Investment products;189
bd092bd4aa2d689b250e01e7a868f28635590fd24c3410d0e455f747ea916b71;4680;Deposit;196
2bad1aafd4f2fda7ba0200a25a222307ad2490fa33e2e3486677844d7a92936c;6333;Credit card;144
db101884b4a04f392cfbae6f9c3d0506c7bccceacc647cc157ed3285ec4e2370;8214;Life insurance;66
f8cb26c467bb9615c421f1da77c67e2349cc907a2b0d69f06cf6ff67ea726bf4;3105;Credit card;6
4a360fa1d323645fb2df8b343b33b38b769ae7d0fee2963e8b3b7bfa0d08b169;4743;Life insurance;175
c7d0df454e4ee45e86a6139a0df5a57b5812dcedf5af19bf4b17e78c505828d7;1318;Consumer loan;124
6d89615aa40771168d83357cc1e5c093e435d11f5dc893ad8129bb386303f6a8;7239;Investment products;184
dff95c9a412152f0ecfd9edd917cb829e9a6d9eb6f61323b851e4874b3f90e09;2444;Mortgage;92
cc6dcb8deec627a2618dc1b0677ded97ddd3b6b6fc171d3b73ca81cda25078ca;1107;Life insurance;114
ddef7d89344abe6bb4b4b1ff3a8930da8f6be0a9ccac2698ac9abd59294d95ac;9682;Life insurance;25
7451aec8eaa6971a32efa6d35d1834af5dae2b57b221374983d6b9b54f0244b0;56;Investment products;153
00bfc599d56e20c5d232fb5a7af874484d4dacb00c85d2308e1fa3e3d5244ed8;3531;Deposit;185
f4d5e55866f0156d01e8c6b34a76bf9a9b90526b0f3e43fdd90f385efbcdb149;7800;Mortgage;127
6e9475cbb5e2e9c15da0e13f87f6845125351d4f391f2b79b58d6b841f22cae6;5176;Consumer loan;108
c7882a44637a233cdfb2fd286eed93ee55795b092c44bf851b496222a1c3ea1f;3848;Personal area;170
9bd6a22f1908a915d82e8a7547ffd3705c5396f1d26855903f20e4daaaa312e2;1257;Life insurance;108
e421dc1151e03d3fada5d8b37bbbb6e86e1e293b421ee7e998729d1e8aff85f8;2721;Consumer loan;76
6f817af374783997f998c9b0c661d47e7dc1268eb89f125544613c12306aa3b7;8631;Mortgage;181
46ea21b89762007be657051c0c904b5da9b142efabd9df1850c6b23621f340d9;8032;Credit card;91
3b0f7c454f1c3572fdd74a8eab7db7e1ce7a63e4db309537547393a951a1a0e1;8039;Life insurance;120
5abd16e98609f9b18bb54d4001ace13f33630701bdc157665ace0177c3edd62e;362;Deposit;179
dad1d904e285a3d45689b68afed2c123c4ac60b60164784041ab09172c596984;2166;Consumer loan;100
647c6e66c6dd6659827c886a1aba93bc7dc567138c6e15f064261d6c530d5694;6134;Investment products;98
6d08dd44c61c92f0ca816ebf9f0a0cedc6360a1702102c4377d049fc69a80815;3096;Consumer loan;98
76a72d9d43d3020302c3045b9d951acc61c157f3ac68d1c1aac7adb53166efc9;4844;Consumer loan;159
4e1a0f8b4c2d151c9257e00f3e65901c8bca33a5969336a226bcb3b688cc3628;1174;Consumer loan;74
2aa7983de225c835f20d7427177cab1c53367b42d45389c6bb44f4c03df8d4fa;9036;Credit card;91
acc8db98498bf2fe38f430802ae16341ea6aba61f0d4f0cb8df51206429c624a;6369;Deposit;170
615a5b5fdf0dc9b5ecd955c3977a8a2bc721db01749de033173f31f4c860586a;8037;Life insurance;162
e4dbc9399e482455d2e24747053b7d86c4b52da3e27b38b971e17a9d4c389736;307;Deposit;8
cc757ffbe48819563f029669e8d91f61e2cb9bdf1e13b3e0c5f8d0be86770e22;6431;Credit card;167
ad4c7e8ce30b2c8ec1c6e29ea688a8a83e64b3a29780a17684aa9a760726c79f;6837;Life insurance;170
0b0d2a7e086951c761cae827ba307222e7df15e3bcc959cc2aaf6721d7af15e5;9511;Investment products;196
3576322782bbf14311354e8d22b9b8fb10a451bfe6f5d4883e407217d9827149;5980;Life insurance;16
0173a4d242f40c41401de6e20531e9115a0f9d5bd335668a93f41e34fd175aeb;8768;Mortgage;159
f5a54430294a1287da63f33e61dee05a9a03eee583b48aacadd0f7fc4434de12;3269;Consumer loan;148
3a0a5f781ba858d113254f219659e072c38c0a996d317d0cd3579ae6fedb4da6;566;Credit card;28
f3c51b4bb77b27cefa6d6bc376df9c773371f599d367ab1bfc8898026df87adb;4675;Personal area;90
175b445daf8cbb0de166da19d4f79f059b570b669d4cf0e097a4b0aadc7a8237;4757;Credit card;175
2ca031e0e11bd25ac335d7b23f1f12b40980031ba5a79a715adad16b205f9714;5963;Deposit;140
be610039135716ec5d58f04830b4d19fdb1ba046ed4a3e8cf7ac7121060f278f;4691;Consumer loan;127
6b98b5e42985a81012cb1af534a95dbcc1ed537e31ebac48a174bad5d790e138;1720;Investment products;135
07107d1c25414373fc32501b74992fd654c6da7acfdc61f7009d54df537ecd37;1997;Mortgage;152
3e8f12e8401ee8fe5f32c425df54101713b96c918efc6ee5887652be9583c303;6316;Personal area;176
3785c7acdf385cb458ce25b96c0cba1bf50ef01e0dd7e0def05f7c6957bac2b3;1518;Mortgage;177
99c5b544f8b2d20c213d669971ce4392f5ff735a0bdf924307e548360889b575;3123;Personal area;181
6b39e9f4a91eb9f6994733cb25d66da4aca32af5d5e2bacd7bfc89cc4e320f14;1197;Mortgage;7
65ef6da7a61a7e02a2fc866f4e90eb5c0772a6a7b36ac39b360b2692e1a88025;723;Consumer loan;4
8230f0fde99c73e9d3a927f343ee69d8b4bbc89708f803c32aaf2eb875bc9d04;1527;Mortgage;46
e691ab965140779e819b884297e4d2f26196bfed2a0694b82ef097bab5e5d5b7;4287;Investment products;176
7e340df016e07972ebb8177bafa5a8fabf3abab6fb3eede1b64722752d41876d;3050;Personal area;104
af7fae34587921e1d8d0f3fdeda5170b5becb502c04965fe5c63ab20b495e81d;3404;Consumer loan;190
bee21807f99b4779ec9e354cec4d4f5df4e6535ee20783f1cb821d54ee62bfab;7237;Investment products;145
fd402e692d636902e80efa7691c46b009400735208d83d6608aa62a3bb2233cb;5436;Deposit;5
bbb9a2c20634a9fae78baf6e586f09db2205bcecfe1b39ff274e5a91a4c4a886;1255;Credit card;10
16eb69cf3c55d78e9eceb206c158e5fbb4a59e9fc874ef185f107d5696ef6810;3136;Life insurance;80
216a4161de688182f3835c04c4b597f30551d6000affa75284ce5d7ac4daa0d5;3562;Credit card;27
240a1647ddff05b5f727a7f40135c7eaf4bac4435ad05600dc0b4fd196e77085;3927;Personal area;88
3d4494717025404841ea96211f5806f8a58fe2e57cacc37e36b48df1ec29fea8;8104;Mortgage;40
695754e3fd9faba7f6a4fd591dc68ac18080e4141fc13338ba5eb52241a6e51a;140;Investment products;31
125c5d39d77d797dbe932c32e8345cb938538c2ccdd594f31774d232407f7d2e;4447;Life insurance;62
a997d146c7623569b219e3d76cfa53c20f5f40ac14837904db3c34672b43c1f9;9761;Personal area;148
fd2ce9825815d317332463c9cb5f56fec59c99f66c34a6915041640841aa3c51;3700;Consumer loan;5
27c9bcb9eb106c89b0772aa06afe6d2c293c6588bdf541019702a42114d2c92f;8402;Personal area;4
f03faaa24d241c9a8b442a0741df7defa53cc7b6c42708dc2687652ffdeb983c;4319;Life insurance;51
440f8016a029970139f042e6c1b9f7b6e443037f9b029d3f4940ba70a9693bb0;606;Deposit;126
d0db5c1e9d826f1327f831fab207004da340c80fffb42d8247925393cf21dc28;4519;Mortgage;129
1af0b0764384dde7693e509a5f9e194ae8f8909028149243aeebd5238e45b384;1677;Personal area;199
c81dd23b5350832170addcd80cd9ced4e28a8428be2aa13f47a7d4acf0fa7f9f;5143;Life insurance;138
6d0918c1622cdbdf576f635978712f30cd9842ff105c52fc66436969cbdf6005;7794;Mortgage;167
77b02b2038fece1e542a036a40cca4e60567e024865c8d5968947fc78178e38c;8176;Deposit;168
11ee6b7876d61d0f723fc3c83b21ba355f3fdf5ff309a23cd8d8f3c208b90abe;1364;Consumer loan;84
e814629173972727f219c7ab1443cf59d08094e824f4794c99c310d49e8b7e2b;8665;Mortgage;3
8be8351e22f9face37dafd9737f8c1f60cf2c066ef8af9a6577d2f91a9d7c278;658;Credit card;166
765a8467c8919510fcf5ba8ec99373e320ba72b857a14d0ff10e16d69226e713;4563;Credit card;15
05ec36c6f07faadc236e516e2bff0a30fcfb0f0b1db51ff9de5010fceada501a;8092;Personal area;183
1a24795ffa7394bbcf65fc27019f1d870373b555f3a894582c563f19cd920964;4426;Credit card;3
82063537b322a4e673d0b92a48acb23b16b997ba3277788452b9555cc15783a3;9959;Personal area;47
9d144a1cb28ed7b2fdd18831a8fae7410c4e31bd7252f1372ecd5a21615d257f;8341;Consumer loan;65
8298cd7eac0ef4b2884aa5984a10f19b67026deb6b5b022776657ab3b98b321a;8903;Credit card;29
14a1b347e92cb3ff5bd4f22d7ee7644bf52d61b5c1a89713610cf58c14c95ad1;4640;Consumer loan;27
b916f626bfe9e22e96c84c43171616b0cb266d68af6302afe71ff276d1f8e266;5499;Life insurance;181
263ca8d651a7afe306381d57fb0868c072df8bd95ca331393c2ec58589b66454;251;Investment products;125
199e70376246353f924900c3fc715c10f29ed03871cadf56ce860546973c1a24;4856;Investment products;155
b024ebb6277515a0ec5466cd13e83ab0b808a9089ad8718ae3752d745cf54721;2625;Deposit;124
4a87863d05b6adf87fbd648d94b4fc8c968b1301177a1a49b8dad70df5083271;3742;Consumer loan;55
4b48e0661e692ef8e377c83283620c8995a3aea09b7d7d35a104d03ff8f9f686;167;Life insurance;93
0ac96d6740a5b6127e83e6977b744064654512da82a6f64faae6a2fc98da2eab;7950;Investment products;102
e6ae20be8469dc50af70f8dfbaa3bbfcb9ba9607316b51a3d3c3b7f17fc2c592;3011;Mortgage;182
c9c35a6ad3f93adeaa91576bcb072047d42a7728c3b94e536fba5eb8dc64003c;3965;Mortgage;118
cee11ad1b8bc50ced33cc06b25724ac947936f5fd794a5021479cae521a42ff7;1488;Personal area;11
e89dc5343b94df0fc679b51115be597a8bf9e1edb3cf4c6f576b7fdffea4e6e3;7838;Investment products;77
3dcf0a37c66ebd2ca320c9d97fd605fe1b9149d20548250b07887feef61a5351;4729;Life insurance;105
00b01bf6e30b83229ad7146efd8551505bbb16a57b219958a20aa36f6185835e;360;Investment products;163
cea7732edd30036924725ab4ffd91264550eb979fab1da0cec85a34ef38a8bf0;584;Life insurance;126
7a9d9b0a3c46c16e676a1e97e0043c923e65cb52521cdf7f2c91ba86860bef42;9663;Consumer loan;127
3f6f0304e4714cc69949864704318ce93756db94ff75f9d8850a6b3c0d8757f2;9545;Deposit;4
7c30a7b1c2d7262bc6be218c2e8ba8e3636c54d622571658e132c2f6cf559205;3248;Deposit;191
7c094a3402b6414343b285389f20f6d50fd07bb7e095f0d065252ee106c93d08;8278;Investment products;155
3f519d875a8366f6bf572cf3605d94b2599f06286da484c84de30a2fe31df748;9844;Mortgage;17
1c32a972c667c854746ed8037f4a9177ae8f43ca3e3ef4ddc3143e42b2f5eb69;4968;Investment products;190
1c4f38cd34badc6ccbabe03b921a80153cda94b06b17ae60a7e2ea7bb1e99716;2194;Personal area;112
63739791ef567dc0dcb5c9d2309f5c5e26eb0dbcf649df970343d9e04f687700;9475;Personal area;6
8af7913fe844ad99114cf5fd2880a7209a7300ba81878eb334faa7437c9db3ba;6682;Investment products;157
e220abecab88545e00b1ba452d03d8d7d050e347abb3c6cbefbcc08d3915295a;8199;Mortgage;82
e4ad8b8b18eb91e850b123703c010c7755d55373634a521e68ea5c30b42f45fa;6284;Personal area;75
3b30a8715ea9b6fcbb67e62ef3524104adaecea951ac2eaa43c7860517d8b0f8;6669;Deposit;1
1864889d0be166f5e8b9f20e6aedc89387f0643898ac3cab8944c6566f90e5a5;3675;Personal area;172
c85af295487c5b83303b5292eaee5d57207bdf7af885c8e22bbe21d5940fd1bd;9411;Personal area;104
fbb1c7dfe648d9de986b95070e7708e6a390b66b0f3292295a1855183af09815;6638;Mortgage;50
dea487a4ce408f791eb6d4d11c9cfd5bf22d3579edff8d02a65f0e797ee55c08;259;Consumer loan;58
6ba93afabef1c437532a5b292d6f2b873c1d7be5c374980c4f5f0b401d7631ec;9112;Mortgage;34
69eaf0660773a22294a761159b19ee65d0cb98c827593bb40bbf69dda6527a18;1120;Investment products;7
0b43407641cb87058b8ca60e75a36141c2d7fcfdd340eb0f23cff64ab847267e;4204;Life insurance;120
f0ee59c784ce00b0ad75b0adf65f052210967bface761647fa4b4375027def32;7097;Consumer loan;129
a19d5e0121bb6c760db0727bd22f81e065da9377b71ac2a6fd2a2a11e12e9f58;7669;Consumer loan;70
d526341e7ac922becf6ae40e270ed52eb9035ab07eeb593cee926f302c045b36;183;Personal area;84
a407254d866795efb8f69d99ba89671c13c1a73b670296135a87bc6dd33b4351;2634;Investment products;18
4923bd63908221a49f0e606060558b9a4d76792851cc1eb96ee96e3488d4bac7;7413;Investment products;24
2b33b07313851f90a62940dd4691571c537edae2c1c17d6abe166dfbc9c7bf21;8179;Mortgage;25
2e6548f7ac362f5576007831e6b27313fd2dd039efdf73e39e98154e37b54e64;1987;Consumer loan;54
7eb12be4e784e2d3ed585ddd8b5d358d47de86a92027deeb1b905af3d55fd048;5381;Mortgage;12
f83aa4b7108ae7df532d502b6317eea0b31005a0a394272f6987b3fc842d3487;8420;Deposit;29
f737b35bfb6f2055f9ef829d6ddc983f9e0e630acece22660b3a4ff21372047c;5278;Consumer loan;196
aaa7312af8b32137eed96c0d7e1784e29c6a1c00f75e445662259a5c925a3583;293;Consumer loan;184
c18c4dd81e663ef93fceb45f636f2b478da8d4cf7e705ba4c31a6151d1023bfa;9862;Credit card;116
c240c9f8ff1c1bd8d78005d12a41a4f11be3ad957d3e5844822cf070c9291f17;4528;Mortgage;41
68d53edc88ed89a5908c24e457af3bfad79e361bdb68c0ef29ce01a6a7e2628b;5908;Deposit;175
72477ceab785945092fe92cc09258753b1ec61b7f2415d10b27d036ab945d582;4531;Personal area;130
98d0dffcdefcbcd765841bbc692547b3ab081804165a8bcbf948f8e45a31e52a;1820;Mortgage;176
4ce3ff35cbfaab99ffe53bc210ee96f44eb07a5cd35f50cf57e921d573014c65;7975;Personal area;90
ea3f1e374e629bb00ecf657633de9e53f9e3316be49791d286fedfa296650ce8;6508;Life insurance;14
92f6a77714dc8fec5dd651d81294d5a00ca40ddd7f2c1bdf4bcdf8ccbdbfdc67;4050;Life insurance;29
9cb86cd34f625dc344ccf5c0d481126f79944edd51827647462790526e8fb353;5366;Mortgage;45
2d245f89a5a04f175a6fc1572a9238ed3dc4fb9695f4d318a7a82361247cbead;2156;Deposit;123
72e0390a915f7b8c3988ca93deb66318a5afa187931e2b18f992df61a5aa7a36;1355;Credit card;23
63334be45037dcf6c952be56032d0960b1d573735a378873deffa117f03f0620;9410;Deposit;103
56026906e5eb8fede3d7afba0e5ce950efc0993c9a0cfbf4256b27b545672278;211;Life insurance;124
05060926b57263601ff2d4e58b436d31ccaffeb7c17cbe1fbc980fca7a5e1841;4561;Credit card;39
b8f9ab58ed82de46c5f3648d291fe6367a5559004eec38975bf7b5abaaf85606;3256;Personal area;27
d666b4433fa1c37ff9c659424fa89bbb4a440645e7e0b56420f1b3809cfa913e;9750;Consumer loan;111
d97a0e1456ea6d2e9991207e25e445f078b73e01100d4a25b43ceda3b64cfddb;7220;Investment products;30
681b8dc2a16b5248719368481287cd8f3c19fc2d57333c9ec4c3707b23ce780e;2907;Mortgage;33
7a1138048394112b15fc82fbf009dfbad4eda9908de58638a6e5872da4d6cc33;3027;Consumer loan;10
771b65ba1cf6f09e51e50d1fa98b8e2464f7dbc1df9d7b5efcb556f8dad98fec;1198;Credit card;144
70ee4232372d092c41897505454cf24af64d674edf4b08cf9acd1e39f595f091;3604;Credit card;2
6cfdb35c7a1c4b1195e8a34bbf406cf2cfdd222016f9035543ea0b34af7346d2;311;Life insurance;89
df89832faad581658f58ddac15b9ede83b61c82d8d8d8d5f1ae33996c3f980d7;4654;Consumer loan;189
4c30144c55b9065135555050625bbc8f91f67e646984122b3a8dc7621ff83b2d;7617;Credit card;163
6af4d3ce76d489eb44ae17f1a917be60cc129a1b64b10738d0b0cfcca63d3452;3515;Mortgage;156
a6cd7605d5d50a5b225887e36a0644fdc8652df5d0426fa7c3528a98ce740552;5349;Mortgage;123
2308aa60e7aa6f443a442f2656dc685682190743b5ec603b1f64cc86bcdc53ab;793;Investment products;149
2ba4ffd8e1056fb0c0759149a371906e1f16e0f27f8354a15eccf54ac58a9c48;4406;Deposit;1
168abf3e1de6fb09a21cf6d2ddfbbf9fdeff1203f0b68cbff2ad72dc69223041;8894;Investment products;79
48444ab714ca549442af871bdeda0531502d4b6dde193517e319ebcba051af8f;5060;Investment products;121
795e6b6cc1b709afee48361ac64a37286a55871c924646462ffa389a8df8364d;5353;Personal area;38
e97d1168cd9c92659fc2294736b33233cce7ff848503fd2dbec1f623889eadab;9310;Life insurance;9
d488e25dc98da2b1e8922a90352e5ef56a12c84172cdcb5f5690b79004bf3ca8;5589;Mortgage;131
dd58171be051ffe50d3ab2be6696d39f29cd34daaab2082c7cfa4a890225be8c;9357;Investment products;136
f6fcd9a33c6cdf68161f8b8a520aadeabb98e21763f53ccf75540f0377bd8dbb;2762;Deposit;113
7efc81eab964ec9e364dcf8936c1707f842a3a88f9a4bb63f2b8013ec36768fd;2986;Mortgage;40
5a692ae4130520c90d7b405721febde9cdc529c7c4d081a38cd7843b0c8d3e2a;1900;Investment products;159
40ed3fde61e75681f377d71d76b3405fec01da2029a5253f34d4442760b2396f;8653;Deposit;9
0d0bd4e6a388e083adb10fa7fa11f9f5d79c5c80cfa41d3e12023d4f59970cae;1372;Credit card;186
aa8fd93e338c1033e50747cd24dbf3b9cb5edf83bd121b2379e9927c9b342d0c;552;Investment products;7
aa924651e5dfc311e88fe4fe07844f160199128f08f5e52e7933462ae7cb5f23;4129;Personal area;11
086f91b955d149cfaf32c022a9690e5b11f30f8ef8d1bdae4a92aa374192cca6;2252;Consumer loan;100
038695fead145438af8a95f85fa70948568fae0bcb85777e2bf8d99580e3d4fa;4169;Life insurance;184
5794754e083d96dca300fac3852f78dbe9223f18a9ff7683321a5347376abee1;7917;Deposit;175
5927e4448121b88ba529cd7cfb3c616a34fc780e153267e433564a6e8ab6a854;8933;Credit card;152
5976d816bd03209dc24a7afe7f0fb297d62e9754cf5e2b10ff466aabaefd51a7;7633;Consumer loan;198
d996b572bad591cfed9990c8394ca92c54171636be0ac0185d9cf43bd06f7d53;9582;Life insurance;87
d3a7ba13d10e0f97cb1dcb0513b9a611a31b2a70c6819d558445f74c67037035;3810;Credit card;15
d98ffe99a929e178d71e531b1d48bc00d314f28a4c2a2eecf18632154b3dee9b;5065;Mortgage;97
c965fc5362a806b37fc3b60a5f3e46ac915154d33ccde5a3f3305101a3d59ae9;3106;Credit card;153
1b5a57be93c8ef27ba7885e99e05dd7864a8682f97edfda25d5922c37f3a4240;4447;Personal area;167
9b20bcabb1b674c4f8c37b8de8e32780e8dbc233c696d7bcfe7055a0c236ae42;6622;Mortgage;36
052faee0daeda3662d09f238674d8461322264cb1eac2584f21ef654473cef63;3911;Credit card;53
5e0840afcb7ae9fd5657a5f9e0f807c61eedbff29b7cd64f58c104f0d80ed9ff;1547;Investment products;93
2b1f5e94e040164117802b842705bcc84d1b9f095a7eb3c9c4a3699dded01da9;9016;Deposit;156
3300c19ccc455b250d2614d8b5aff90f42b5873b984231e3eacf877a1ed9b800;5154;Personal area;114
e6a95bb122a0891d930e836de49450032e91cd66d9d1414cc73ca5169acf648a;9995;Mortgage;175
c2e43a8a48ec44c5cb377e64279b33039938e50f442f01c19f363d4f9a7b0fb1;4820;Credit card;153
3d665d60cf7051feb5650b6955e67991f6eb5b497621ec5f7d8677f468ad9546;2576;Mortgage;94
a5d6b064a0f844d55b69313551437a70eef4b56b786ca3a40e0f653a263ea407;2947;Credit card;11
7b6ee34c80e83531e00e96db07d2c6a5afd966d9f1d10c1a1862627f2b22e094;8626;Deposit;129
48d22e65cde2ffc0c6e713519e9c4705c033d74cda03a62f7f35f941331a2bd6;5152;Personal area;118
8ba31f83d418b4ded09e581a22502661bb2526b3e1ae11472fe1eaea47c44f0a;2643;Mortgage;186
5a1ccf7b14d0d270a4aed5383b11d17d85d1f1bbdc3dd3fc108439d3920ae199;240;Investment products;20
91a47a66de34aa3ac01d3c7868ca72a400a696f601fac249c4cfa451bae7e036;7722;Consumer loan;28
46a6c626422d740ade185d490c230eec98c5e4294f2a19c276a666634b57dc5e;1049;Life insurance;56
c7c667d43e0aae0d150195d3af0e9585a1a5ad2096274c242c27f56f178a5c3b;2743;Deposit;143
1f207d418e23b94e58d1861d08b7945a7243bdada575b3cba82b8dad5d561356;9128;Deposit;137
c6548c23a7a941ac8a7532ac9b88d2f75ca3af49cd884f9d18af8591687adcd9;266;Credit card;156
075141556150fc493feb3086e428f556d1007ea3a44be6c264f8abb812ea5c5e;8656;Credit card;57
d26aa98057d9245a669b9332f761256b90a03bbf828f395e5b30200fb04946c5;1768;Investment products;74
0c366ca4c61bc41c4e815e13c0ad9df730da81cbba93dce98df32743ae056cf3;8657;Consumer loan;59
b81809b427a58bbaad5c8c15491226965d2ffa49f67496ba525e5bcc1f763d82;9330;Personal area;70
4bb1be820c0d76c934b31d34a1566ba5a6ab3280cd160f672cf5aade86608248;3154;Deposit;117
120d56c3c36f9e11d44b168bbfbe60e812da60faf8b5767a309c44d145323113;3098;Life insurance;189
9d095d91b137e90870176d501fdd322799ab653b7fb1d56775889aed028dcbf7;6577;Consumer loan;29
1a350885525015332359944c1a83aff724f50ca615c1cb09906b0dc3cfd58d66;7353;Life insurance;135
963cb3b2fcd9c1756f4e84b200c73aebe4520d4b34308f514ba27d5d8de472bb;2163;Life insurance;176
1f8baac1c7855bbe431563fef32c78bae2478f82fe5fc8b976a58a2acb03aa6e;6650;Mortgage;79
f467c6999a0766595445063abb058b0f3992d7636839b7421750e959f937c074;8606;Investment products;133
ba0f0909cc8e839269e4b97f08011d45b79d6a35f0717976a424fbdafbc76ca2;437;Consumer loan;32
e5e52425ca1b3163b613bc5b4c98644ca59cdfcb90c47035d223adcd0cd42dfe;9841;Credit card;104
dc16612f38c078070ffc7e58aea063bb2f0ff80772e8c1bed4e0681de19bfe66;935;Deposit;190
867f0c03821110573dbafd3e08be5c36ea30843d6634b2736353e2abb518e109;7789;Credit card;154
dba69a09cd4d9275798518beefb931b974bcd64849cd23363020b778f67d3b5e;1533;Investment products;104
e67ba9263900970b5cb34bf0f1fda76baca40a17473ef2fc16b46aab22fca0ae;6189;Personal area;134
51eba8c34571141b9257c47321fea02d7547f094f7964c0db3a669470d906480;6099;Life insurance;125
71742c3a78b496532da481fc64657ee3946853f189b8ee5f4e3e36a46b98e965;10000;Deposit;167
d76072f276a6efa03bc30f42a23df66c96778cf61e13a04a0dac4cc7687ecedd;1569;Consumer loan;146
00ce8f416f038423d7d34d4d3a2b5149bfdc6e3a6cd54326568748a81cdc8fec;7727;Personal area;46
5a9f52a7aec6dfb0f647b15ff242a5cb670af153abb854f375d81ca64c04312c;2497;Deposit;36
89ae274cd7a6485278a371830337d92978cfa98d2204d7bceb2de1ef02076816;4966;Deposit;154
acf0d52553e1ab9cb8248707c447d75630694dabb5c1bcdcbb19fd45da150528;8246;Personal area;82
3546ad112ca721367a10c88e45cdd9ba2ddb9d2a3163921835f668cf5210c81f;5915;Investment products;123
3f5025f7be42c59a2dda8aadb87d61e0856ff6e51605865f547ec2092de8daf8;5743;Deposit;161
c575d9abe879b1fd2aa557fd9b0ae07a4b9522315f2e561ec8a5fc333f93e0d4;5605;Credit card;70
b2f4fc264aae17662649a6b1ad4944d58f420a7d92b487e432a8218c87f39322;8992;Credit card;140
57e27b09b87673af787b42958c3ff6cc7bb16325ccc92cf7ad2940853fcf74b1;4742;Credit card;133
870f141b23a98fbf3ddeb4d25ca104de465191c7cd8d788433fdc3c0e8875122;3207;Deposit;186
4322a6572bf95bdc42999472284170557634282663b5a5762032aa1b3abf96c1;7995;Consumer loan;111
63d5f9765cc941708ffca31a7825e2275015a3eccc4f84d9ba8847a3099a55c8;7315;Investment products;168
d6d71aa753bfb7495ad0e0791189e44fc2edded41779e785cfecf55ae56c2faa;6804;Mortgage;164
00c772cd7748c30de9921a0f1bd5ccb065c15c5d39134cbc7f67f7bf7b8b1217;545;Life insurance;98
12fa7fca3a90abf9e93e6a7b2ea4f3c4289ba19b55ee61b643f9f51d1e8f39e1;5367;Mortgage;135
0767a65075e60808bcf3d8bce795229b0bbaef88ac1211787a98829f1d60d13e;6700;Life insurance;111
d36777844cf2d7171e4e5568040e761137d9265502958c19857848050ce4301e;9308;Deposit;145
a3f90cec2bc9143a2249ccadcb0ac86d2d65c9accfa634820eda1fd77390ddb2;6200;Life insurance;106
9f0206b2c3b0141f1b1e506e31d894533a0f34de496df2cff36261385e5e24cf;3543;Deposit;175
8323c8d3bf4047fa39b29240fa8b2eef9954ecd48edfc5bd55a507b8fe8b1a63;7619;Consumer loan;177
1211dfb1778018d9524ec505785fddba45d301896c882e47e18f577de9542614;5802;Life insurance;168
93de6f3631622fdc146747875c938240dc68912b758b1cdb5ab209b7512f1e20;1273;Personal area;34
eddfc1a4d958aee2f5133c83c7e30d380a679e94adc5730ab969462d0ade2f94;9165;Personal area;64
e828583b699e4376b581a1efde240d61c22fa5e6cb73087ee04daf4298021ba8;7990;Credit card;133
69346392a1b28ddfa66df55e9dae55ad7b78ae5814994f5914c48ccc1a7fbb23;6475;Personal area;138
e4a6fcab9fb01aecfc912396bab9887eb67c4ddc1d9e4145e5e2c216e6678d1e;4523;Credit card;69
50bd5eefe577522770a5f32c35a4cee75d01be3c7329e468dbb279b31e4aef86;809;Investment products;79
b435776e446f97de525be0e844baefe8f1517e35567c59c2edde18f684803b84;2221;Mortgage;116
8a2d9a2124b9782460f7e4d2797cb004b1b12936625adf721e24d589fe8b10dc;9233;Life insurance;187
160a807c1a2c462c022b366a4cc466cac39bb2a647f9014421e4f0535a512ac9;5978;Investment products;173
d321def8ba01dc4fe3af58a40ad218881ea5fbdf5c301df0ed6810aa8fb4ed2d;3994;Mortgage;58
363f6d26833b73518943993d74e1975d189d866f750c1bc086f7728e8f98cdd5;3864;Consumer loan;67
03d9e270f51069f04da69650185125ab2e1584aef0e7bf8e2f0812ac2e9a8309;6194;Life insurance;27
90fffc055dafcd3a6e5059faa3a506aff59265c0573d25a4422ed3921c60ad9d;7300;Deposit;37
254bb64a8d8f558b8340159c81f226d4574e6f9128b97c61dc33062bfa5dcdec;5455;Mortgage;178
883e97b65e2b9da66af3d3cbdd0c21150b07d27cd97cba72da883af3fd05bd51;2879;Personal area;24
ddb65af44c0f385c4827b57695654df1cd444d4ca71480dcf86b34624e1d1693;2651;Consumer loan;80
0d8a24f846801afcc58cd4e04bb856f889279033de214ca584b0659cdba410c3;9662;Consumer loan;45
9502e6aa47704007cdad9f0e55af928d726b335f177a02d1eba3dc6673f3c9b9;7293;Consumer loan;59
af619df44aede7b984514f000ba796ba02d8bdd5436c4469203b5044b952e570;5709;Investment products;185
aaa8fa0d3916c8afb4bb6421c53dfa0e0b04323631976a5dc5afda6532922568;3370;Mortgage;96
0ad65e94ec47f28077fe2661fb7ed37445c1c767428b19106854e5e8ca85c8cf;7264;Personal area;35
827f3fa6b8d73bbb7deaefedf72342a279fdf12ca903bfb8926c74e91a34396e;3861;Life insurance;31
245d542c96961269d223a988aca1793caa32fb98ed00b862ac4f6cd29718b98e;8500;Consumer loan;138
0dd3114f8934940ad313111f50a243e6bcab97ce5fe0808939a696471ec6557f;6448;Personal area;5
e80d91cf26d70645b88013d715b43c5b8af590364c06a140ed3ddc5b87dc82a4;6537;Deposit;12
6e30af251f388351c707aae8bcbe89b8caa4d4ca4d70f6cc4df167bbf54d4214;1743;Life insurance;197
4e525044c5569afa916fc36db4cc72f16ad71c05c9c0db5e839f11eb68997c2c;9500;Deposit;87
d910f492a5c54f96304e0cecd4b0dc874625cddb55802d26d4ea209f9dabb22d;2806;Mortgage;8
272a7a2529580c79dacbd0d17b28683e2ca9c27b08245f98037b662c68d5744e;7390;Investment products;27
483d5a21e8596eb34e5ad7e32bc4b9ac11d195b85ef9ae460ceee2659c02b487;8406;Life insurance;12
25b0c344ddb9faa935db7cf42286254f2fc2c407710d48d6a5d4a524288ba398;6513;Life insurance;163
d966eb94f072749e476d304d10bf17ee29b906b32f07f9743acf889bed62e888;767;Investment products;26
714cb4e09477dbee162c082dfd1eb0e5775d40a24f87e89ecb360cdeb410b53f;3962;Consumer loan;68
295770128f02747c4619004c0ea7bcb0bee9c38976cb6508da8527d1d140d3cb;968;Investment products;138
eb39b315f7150a766410fc192be2738dc57e89b93b71c6e851f6d89d6ab8bf12;3879;Personal area;147
1a5c41fede4878bfac851e844e4c0aff5698ad79e7ddc334076dc299c15cf97c;6814;Credit card;90
0ce59fbfe1d7481fbd98df1d207fc86a348ceeca2879e7312b82416f37891515;7929;Credit card;181
ddb9ca3162c2279ddd192f1fb69fd0cb4db393d6f98202d4b8ab0948d5be0409;4352;Deposit;64
1b92583699b3271663a0fd05223746ad0aee8f2f53dfd8472c0c994dd271cc1c;7714;Deposit;27
a8acada031f1c7bfa8390780292f0f49eac564f91a3c6a7260259dd5f937f9f9;7489;Deposit;23
5c0e8530acfd4cee2cb4ec9d6bad7fd3dc9aecb187e42fc804eacf970594d611;2071;Life insurance;190
e008bab7821707fdf2616f193ad3108f3b75d6344614813d87b4a6f0c095e8b3;4752;Credit card;39
b23ebc29cd453757ef27f01c2a04bc3e19d5f399ecf39433f8c07a93d2ed54b4;9144;Deposit;66
c2c5b450acbacaf676dd6df16698d587f1022aa80fa1434c64378a40ae80ae2f;9337;Credit card;37
bbfb54a7e04a5d1a2ccdcf2a2abae3cec522a02ff4a357841d268fa98b664947;207;Consumer loan;80
a66a7058d5f3550c78d6ce7115b94b0894077975e61d98d0f07b243a0a146a73;6589;Personal area;49
5f42f8b4012e1f74d1d5fa893b5ad47ba2d8119c6dea6df9eee3dcae7e4e2ee6;5957;Mortgage;101
ff88efaabad6ac79ff7712efb8d67a78404d77eeee71d28631230f16ae55beb3;7164;Personal area;31
cff3d8af4fbdb4b26f036b7f9fa09f60a73bdca4ad10c5f67620bbfb5df27560;3949;Mortgage;86
bd608d073269171981975c57a38f1ddfe4c87c53fba796efd1013a9c7933ce34;2810;Mortgage;38
488439ec3c63c2cb9419af086c97f3e57fb63367017fa55efc489a2a87cd3607;6772;Credit card;187
a722dd1f5cc298a907c6da3a3a627027f836d2618f253149ea67430b3566212f;8496;Life insurance;16
e928b27418a2beb0aa17e670e1a13a2c265316f51085a1735dbce9510d10968d;5406;Credit card;34
6f8b6bdceeb33865fb3584377f62e68cb6bc4aca8f7a6ebe72a20f131f1a47da;8674;Credit card;83
49ab03df06eaab303aacf33199be1bd773aaae89b963b0f268f086acfec0740e;4367;Credit card;197
f83b1e94355f687c2fc427d595c5697759a5d9ed5a501e16b643b761f2581471;3118;Personal area;78
dc24a4bdd52b0771a8138100c8c45ffb1e88f06733353004269c4affbc116fa6;4598;Personal area;64
60e4c09e3694d2089ed7e95469a4c83e859a7d71bed4a1b102e221a0f5c3a033;3255;Consumer loan;19
265574b72e0bd18410243900c03f1176a9ba364c4fe0b81dc9e57fd39e02fa72;3799;Credit card;192
fd918967e6f0aa9c0ceab462deda0377bc8561c9e3b41fac8a8c9c2ab9361564;8372;Deposit;109
2dc2c824974c3932b8bf1088730732a073a1606a5b55cebf398340efa21119a2;4798;Life insurance;31
f5cec464200a58a318339a5cda985b58b13daae57f9e5673fbc774302a445c76;6726;Investment products;196
46e87faf8eb4e3d888a8c99d82e4bfb0a2afa1de92026b407de35dcf7e8b4ceb;5756;Mortgage;199
21694b04f17a46afc0dba193710484f77b0d98a57d7f722ab4fcdfa2fdb95404;9747;Mortgage;150
483431ba59f5103cb7ec49c54f4f4bd29004da169a7b2da136e0e1fca9d12256;7235;Credit card;32
b1b32af8c76edf2d7a26dc1646ffd5e53540e7c6227e27bf14ab2076e0472aa2;1411;Deposit;103
fc6fe3530ac58d8889c97014567327f3443c606e24248e552cebd515e4495040;4418;Credit card;128
f3fa3f9468c3fa47aff1526d33ed479cdcac5769828414bdb5093f68f06bac40;2798;Consumer loan;92
262701d5f3af1c1c11f100d8c6fb84a6d7d436ef88f134b9fdfba6acac4b0712;7042;Personal area;76
8e865d2f220064dd21ab4269cde1dc2a42de033fe68545305df8643af72de5f4;9;Deposit;4
ec1f75c7b3cd4cfaf65f65906b15d1279971aed6adcea5eef8637a4da3885e89;6036;Investment products;114
8d34759f3dbdd6a68270da1fd0a3fe79ee4b5d68b6932d5d660560c5974715ae;4506;Deposit;86
f24942231d21d970f04fbd2adf0b632978c7c5b489a437b007b6a720672a9504;8015;Mortgage;31
39f52a8c83d206e6be7d47272af161e5cd98c5323a314e0c469943509e50e233;715;Investment products;147
b4999ee2f641a8f4c3387d8ca5f44a7c8736010435acc8db0c24404b68a8ee02;4124;Life insurance;169
6f12580f90a36b778b372441f1ba9e03cd1afa8ef23297d198aee495baa1ad05;9277;Deposit;83
447e2cb4844eae05679e269157e36564793d970c96dd2e42b6f79b160ba35e9a;6781;Mortgage;96
763e9d5643f67c5721622bb7767f62cb062d08dddd5e12f39040866f98b701c9;8080;Personal area;79
87ee52c3eb40d5811d1db83f7b275845ffa77395ad3a7c70ee126f5ffe09314d;3037;Consumer loan;118
c271073e51cfb45a4eb16478d9813b88241321298550786fa4b341777dada220;6207;Investment products;200
eadc98f7e03db7a2568574b701103d082161ccc85e662ae6a982d9a25e21b28d;1750;Investment products;61
d30a94977b352b1724e1ab8a5415628de20075c9fe78d2b3832d89ecdac48801;5533;Mortgage;33
064fc6f813b42f117fa2e89498df4a3cfe585a5a0e7dc52208b5946a37418368;7400;Life insurance;182
ec1e084000845af468993e36ffbde512748dd7c3fa6002fa251af72d4c320bf5;7382;Investment products;54
b040ff8fc09256754d1abd958ea49044e91d74b1e24a41927cab17c5d58732bf;2017;Investment products;122
14569d9d2708e83324530aa055c1a2f6d38ade15e5050f1ce9b52a4a428f2721;2640;Credit card;118
c51df2709edb6dbf639bc8a49fc4df9f16005bb0a4c1aaad2646e1be8081ee3f;5861;Personal area;1
5a31c1ea2a650c93c417238389debf90ca7e7bc619c809fedc3f984afcfcb987;6652;Credit card;88
2267ca12fbd434cea11e3b937ff1dc4d1a3aa5255a54cab21a6e60b7f77b9315;9648;Deposit;47
7dfcfd29c4114bd3938e59391cfed2d8831a8ff2edaa13b0be1e98a85827cabf;5601;Deposit;100
07165924b60da4459e07cad2121057138a556a8dc2700c09dd77b5b3db27b79d;9280;Life insurance;106
7c555f0b7771d935571bfa820230ae54b4895b6001168320842478a0dd730f9e;5865;Investment products;143
02c926fdd2e0aaf0d9f1b572971a0f98025ee50022b7c845e3460bf753f12791;9257;Consumer loan;20
13de3c6fc27cfcb071c854b1c4116427a97cee045f698409d836df18d0ee2fd9;1173;Mortgage;155
739a1bd00a94db7888b0e243cc497eb76c5f139497296f0c547f60a662b45fca;3566;Credit card;77
7c9f6859351edceb7c4e49033c74d7ac4846f895b9c1505f12405780006225d2;4824;Life insurance;40
c3b1ddb590b72073dfc42fc29fb686406f83a2487655ecf4db7c24c2b1a9a0e2;3644;Life insurance;34
2e7c6745efee372d9ff8d389fcbe821598402c533a1522f2948a5a9e0bd035ba;5981;Consumer loan;106
3fb271628c18d8a7081f3ec37d5616c676cb9b2356024dd061d7a309d62f3d36;9090;Investment products;164
12e8380d7e670b5113c767a3ccc79dfc8ba9fdf26c116e1d9a6d68ae8899b31e;2721;Investment products;185
38d547e6b19c0e1b60309239ee2e935140a4daea01ee1e7a5f085cddbbda2c2f;5285;Life insurance;81
9cb5cca1de7fddb02f2d689dd2dd5839bc510497dc4eac21499af99a66bd9af8;2778;Personal area;24
58388065d9f7da8e7346a5c667425c2b9d736f0902a9a04d41e60f2d507db455;8395;Deposit;144
e3cfecb443c1ad72a06e03d6d8555c6f5bbb2dded9b8f40f19afb3cead8fd719;9083;Deposit;183
922183ab55e355602b0c074f5784acad4ea823ac23becee24de18f08f4306623;3503;Personal area;85
e6ec7dfe301199c94940e0e7a2f9313c887b62dd8cdfa0160f5ea10e8bce004f;6060;Mortgage;22
b11a09c47886bd13e04632cbd1d5ae0a6db5c209d5557aa9edbb4b6dc7dc829a;1617;Deposit;174
9cc716fb632e1f88f86a710a74c9e39fcd531b4e07ad19cac53eda3b2f2d035d;2758;Mortgage;8
593626dcfd15cd82f1953775d8c3989903c01d786bbd56dcc25edd7abdb78829;3101;Credit card;53
5dd960592f37a864deb9b4f0ba404361dfd28ea2c146d906407b49c88e9a6524;3937;Investment products;20
dbb3bd25eb004616e7bebfc39d206139b411727ad612aa055b9d1e0dd45a6676;6733;Investment products;81
aa5d61846ac052f7e575c8789f7a616ca3754df2988398231f994adc8c2c257d;9811;Mortgage;128
9526d7e2be2d2e0359477fc73fe87078194e13609ec4fc7f16af79e65e113596;6078;Consumer loan;65
21fc38a0b9cbb1610cb609516e3a6c6e969c1df19fcf0abe905fba88c295562e;2146;Personal area;100
565a07eafb64ac4dd46693ea8541163490f069c9ccfbfe0d944e4b31be200c57;3719;Investment products;125
64f2a293790dd93ed35b87e5bc1e5dadce87872e55bd9b6c7b3fd54d55bac061;5908;Consumer loan;157
cdfe75d89d834e07c227fe1641558f0c480f416b6dea0fb91b599c2fcfa2dce4;9027;Personal area;70
e7a50b81041a0525739639b6097dc99c1e7c51925c106efe96afd6edd7013309;6814;Investment products;153
f2ce478acd20b006709a6937c45004ed691617aecceb0bc6a0bff08690ed47bf;2240;Investment products;104
d2cbd67524e7783d63bccb3525147a4a06ce68c23d489e5b00de40bb98d86d9a;7752;Life insurance;9
648f429df2e95183c65d3d9192e8eece2577105d8eb5dbfe793fc0c15a14c427;968;Personal area;79
cf5dc2b0585a5650ee80e707209893ac292a8a941be332fa9db4a0babccfbc9d;4514;Deposit;88
0e2b640a7cc41d74f405238d284306f3c8a8809d6bb8be3d64f6188ecb8b80f7;3198;Mortgage;167
39b2bcda0004a32367cc4d351ace457a7543f17097f2cd3e44c7fad8c93cf0b3;4501;Consumer loan;23
583933bc5fa3d91b298bcb4b703f4abbb2b5545eb43932230b460b66287fc111;4300;Life insurance;148
581cf88315bd41850bd5aa8c1765d7f70310756cf69c0ccb9bb60fd095e7d8d8;4566;Life insurance;105
7bb470367876306e728dbc3f2824f561651c5ef164525587c9176a41b5228521;7427;Consumer loan;79
cd961766d04c3c1e7b95b714c71b231c6b6d39cc2ead505bdf9a3f4c8fdbc460;6141;Mortgage;168
5a2d4630c84bb3b6e708ca5e9d0f501cab9939ade60707e429118bdc2b652b7d;8767;Mortgage;100
cc749a6566a43c03d78bceb5ce76961f4bab5af92a191c3b4e7f001c9e03e6f1;885;Investment products;70
d4c41dc2b68d5e237634e91ac80deefd3e066c746f0daae8cfbbdd59eedcdc3c;5529;Investment products;179
d64258fd49ac8f13a8f0f44880d81613260bda441420eae91dfc6ed2f4440807;3381;Investment products;75
0d34abcc48495451cbb08f82c25aa6523508f0231f7269addba31754e61eb762;7627;Deposit;187
120e0619dea57cce60288cc506975fba8f2531207c15337cb222c5aa91b51851;2659;Consumer loan;142
4ee27e7751e539517764f1e703b1d3f35c4f565725b781ccbecc950f44c1df05;8347;Life insurance;26
87cfa459e83d43a104acc540ec078f074c0094b0622ccc80a38e96c839041074;996;Investment products;112
3bfff6619df7682ce051d926a2277e6835fb346d7efd6164039bca4df67f7e31;8572;Credit card;109
a943e0a8406901e61121b6123d6c00a08a9529667c95261c5dd87d6d4a5c55db;4374;Investment products;197
a7d7f7205e6534676774494b8026150b9e0eb44472b64b43dd0f3c8b7e9f490f;5742;Life insurance;80
a1f029c05c98d0ddf83cb6ac91b2bfb2eb977c41ce1094bc1fc703b809500657;8421;Consumer loan;120
6695fc26c69a0d34775ef984aaec7c5e9bf91b819df6a9b271399ba909a5a2f8;1204;Deposit;84
3470ab6613da4a758ebd6a5baee0e0f22f5b87efc4820913af526efcdbbca83c;226;Credit card;153
e8a455da1f31f47929825baa02b2a8211870bd3fa3e6ce4954043a982fa9e954;1985;Consumer loan;146
9677a4f9938313b41de7b72f9481e7fa4270d8d21426b87436ae7c06e427cc0c;6900;Life insurance;93
208d7ce8ebc34addce2cfa1c719ffb5397fb52c43706358a75d87e01e351425c;1763;Credit card;134
e24635d57bd37aebf65c15b79910e705752d7a3819956fadef3d36593969d3ad;7458;Credit card;171
2da2c811b1a6c957a3c3988064bf997e58e349d14a70e90c54a544c30f0407b5;6289;Consumer loan;34
cee60e567140ebfdde52773e122d028a7c3349a630da39050a7e3c25b874659e;1542;Life insurance;52
748f072e50891c3fb0304d5d3a07adef8eaa84cd8d7909e760cfa50915ca5e8c;9613;Consumer loan;11
621fec98e9fc16eb49964a62628b93a0878f141f5227f5448e9a40ef80d5fdda;4007;Life insurance;46
d13d71d7c1da306c02bddfb67c21a16b077e36a05b20c263995998bcd7ac70a8;6941;Investment products;153
623a5523a6689d95e2bf373d87087e5a94a4bae4fcf5decfa13eb3e95e85ed26;7508;Credit card;154
bc15dcfea4f9883dbb7c5885308f7083c7c89b8da91fe6bea39ac011a56b2c4f;8153;Deposit;56
7eaab61825c06477f424f0f8dd71477dbc94432fdf2f6468cee5c7eb4d707f1e;88;Credit card;50
2959f1021584f8694f572cdc9520bc6d8618d3b3417fb9968c49cc621c68217f;9074;Investment products;140
b660bf9b224d88e51320bd3bfe848804e1364617848de5161c16390e35282e98;2143;Deposit;200
21273be7025a93a8b7cd4345ee5ca3cf43f246edc444b5f2e4aac432fe599dca;9099;Consumer loan;17
e891f6719bbcf14aad00ece2ebd964c6cfbaf149c22df34bb9de3d26d8de6c38;3792;Personal area;117
0305758262fe789e128014ded2cfbd30e57512c79453a576af79ac581bb1b17e;2251;Consumer loan;32
08aa4eec49532bfca3c0d7e5905275e310ba4c9b7f4f1b489ac60a03156d1d00;4067;Mortgage;78
65ada50ff3cea36dfb176c0e61041e9ac6048a0c9d320f390fee07ea4dd724f4;2260;Personal area;17
97a60a97a1263dfcdc14c7ad3e1de78f24f2190a2cad211d6e3b1ac68e05e3a2;4597;Credit card;33
6de5a51f3df55b76fd57892012ed301004b21e27c594b3d8c36056bac6a7eb03;9912;Credit card;127
dfcdff307987baf06fb9172548d2236b20d87b0dedc92129dc11fa18c7bbacaf;2446;Deposit;20
4de7f94c1a77d0de20ca9a8ced7f2edab8a595a737e2fbfdefa7c56aa011e86c;1414;Personal area;129
7f825313914e98e4e060d24980a97e044758e43aa595a5eb248cd70144dbaa62;9518;Consumer loan;44
b84d97cfbef3287d23ecd944a9a6e34b8c8568e4aae8a0d3c8ddac4cadedf68b;396;Investment products;30
5cacfaa09fbb540d8fa497b3ef0beb5ba17d5a101905bc431b6056f1d2adfd8e;632;Consumer loan;105
d0bd5efe244c15b606509ff619034830b91f0631c7764f9be81211c84d4560b1;1386;Credit card;200
d554539f2ad1637196be6cb442c38181c02f58e2314f29da740e11699c8b187d;8750;Life insurance;36
2f1e0b1fb0cb08845aaa13c619defd02e5081e97200abe7e5cd3595eb48115b8;4776;Mortgage;159
277cbe92c2f989c935539766437cce11502f0845639cafc0df029147551d7837;4590;Life insurance;111
e493d92bf6f58446132e660164cc666fb692c52378450c64fb9ff0334c1c060d;9094;Life insurance;156
cc8d10288ea729f9d59e395453e239750b00de184d0aab6de27d92583e1a8493;2343;Credit card;193
089d453e8eb23c1e24198f4c13d99ae0f9ec30bce085fc95391194ada1660584;2520;Credit card;199
04aa86b09c0b1eb1f7a30017383080080a22f03669d7d59814f9e133a9cb27c1;9838;Life insurance;97
ad6a15839f1c2e65c7b9b169666a21ced3e102ed9762f8671184cdbb39dae313;8117;Investment products;104
ce8cc0ffcaeead0564dd477de2128d9590b927d4cfcab2157af80b72447569fa;971;Consumer loan;28
d44f486785661d0689248d41687181f4c8f828e322bb3433a86810cb0a6880ba;1946;Investment products;150
3c427db9ffc6ab7436c10ff585c720e2d1c679e23ac66a4b0392e102c5f35a9f;5398;Mortgage;73
ad24e799e7e099475a5ac696a455251845fbfb52124f5d26dc9600ac64338ba8;2928;Investment products;92
d8d886c48625383fb6f1531f6eefbbb395fa20319ba194a6ce5aca56ea279b62;4534;Deposit;34
1c4ad965348f51d76888dea32cae8ee1cb8d512fac95f95dcd4247a35ea52623;9255;Deposit;161
78bb1cd802e5609a1c401809099ac74a8f59032c3d02b62eaadc51a5f3e4912e;7591;Consumer loan;156
ca86aab70735ae03b62bde50ed55a3304ee0818430d7a6691a3d1e245ecead5d;7666;Personal area;143
7732a98e5a4607957379a1c022763c81e4536d3da9ee51b361fbdde10038ae53;1996;Personal area;12
cad1cabce5efea3f19bfe33153eef5d8d43d65d340b282a7fa23ce4ca4c3a81c;5161;Mortgage;194
56ac67b710d7c31d6ab424577e73c290e7c43a484def2c99df87b5f7e3de7f44;4064;Life insurance;112
bc9aa0cee4d09e5e9f3d81dfd2a67f3c16a9e312d5d5b6c65b1f645506be2020;7957;Consumer loan;55
8dca960efe34168e5114eb45db439924a528c6faaebb96a381bb78ed0791eaaa;6470;Consumer loan;148
0f78b22b2a6f0f2b68734b4728bd333a6d517980e6ad3916ac30a0daba2b9003;9016;Investment products;57
45245c5f19936cd372f83ae94d7bcb1611966a851f3e65bc6d31c3f666be2ca0;2038;Credit card;111
00cc0500c5938428385d0f51e11290db08ddf7f6b9e3a3a8c86143070cf27036;4126;Deposit;161
7bfdf909787778014bd364359673dc0be484bc8b484fdace54b45ba1f267985c;1023;Consumer loan;191
58d2cd25bc92b931df94a2c653c58018e576321f9f48a966735438d15c527195;7920;Mortgage;75
18ffb35704191617c8fd97fe339fbeeb8becc957e447fe9e2b15547716123eb9;2981;Mortgage;9
70f4c29af16d793d4f54dfb93068bf95aaa1e71dfeac64e8f7a2544e1bf068b1;5872;Deposit;132
2792e61561e17160625b0b2dec53a0b1a3dfb5cac4fbb1f4d5529d2cb2188560;7107;Mortgage;167
1734a46c0a4f9b8f41adde28a70eeacd03ce6a6e7a5931d08e1b9bc4fd6e3c26;8562;Mortgage;176
7df618c179d692ac1c59beee238456e6d0b8c56472a25c74cedb192c5aa05d29;4965;Life insurance;143
a454999b772cb36d1456f625d3c10158dee23929f053b28a843f875102927894;863;Investment products;197
f99611a7c0b2869073f8435fddec848e8e05e04c8bf7d7031fceff17bc732f92;4187;Personal area;122
b5ee3abded70d24362a30cf8e35945ca679d6dd1f1dd48c5005b99a95ccbb38e;4395;Credit card;162
aced8ca74dfbcd5c19768a351e2550ef02d2b32c53942722412bbce8d6e11867;3102;Credit card;144
3118fe67890a0dd935a0a6baa21ab45381438edf4078c4f8407927634b17f5ed;5011;Personal area;143
0522d7f5aa2c6b455410f4c509ea8a92474c8255c12bc1741221a5627fdfccf2;1757;Deposit;198
9000c261d5554ad5f4cce70173293f18e988bcf09ab8983a97fccaf6c48f8bb1;601;Credit card;111
4f0723f91fc2896a122f04d6a6f8cdc820d9208f0472df96a6d162be3db9d979;1229;Personal area;82
7843a8956e2c8245ff1dc3fa06b88c6f631a13b9a2c215e7faf5cacb4b8a7a12;843;Personal area;185
0dd1777573d5c498f5239e19c57180f109c91d43c2abd2488965da8130c2a0fe;6904;Life insurance;169
04ed351e6c85c5523e5cc64649df9c4f45047b5f9f62ddfbf0095e6c54914c46;4825;Life insurance;112
30740beebdf4f9ff5683f6485b77a43a9f905005b5fc073907923c065fe8c0ce;3942;Personal area;189
993220396515dd09b001592327ac3082f5ff99a6bef61538995bf8acde4766f1;9201;Credit card;33
db809f30db90af907e9b72235867fd2eddb7342bf778796a5b8d943ad6482239;3638;Credit card;161
476503a4197dfdc41633fe702f04cef77b96180460a83791729ddc93518b66d0;1518;Credit card;156
9188ae6d2a9a21c13b43d5980ae6103bb9b1fa3807a7a1f399f011c306f8edf0;3465;Credit card;67
51f0f1b5124f811480cf49dca9609119476d53e174f12683a033b9cd7bdf2a5a;162;Personal area;181
7ae4bbb54d27f06692561823289035534a728266e342a2a8805037f5605f7abe;6867;Life insurance;188
c31594486a6c723ae188ca6c4bd857614b7eb73007df418eb5eba0e7c97da03d;3172;Deposit;11
20450e30de8f810bfe8c874bf4c509727f23fa29926d657554ae62c68a7d8ad4;6829;Investment products;95
80078911782ac2cede5ab904d60a88e8a18e07576ef28436e67c5abd7d3871b5;7439;Credit card;76
84df28ff06148a0cb20fba323dba28fb50d51a03aca5406c4854b69f575bacf6;1044;Life insurance;89
d3ef39d6d87020cf2dc6e9e134ae44db390ade324812ecc736c4dd5fb9b169b2;6551;Consumer loan;193
60ad21f9b16e710611c049235432b33c1bd1590a76efd1757629d2e08d9c66a6;8383;Personal area;54
35268980135bd5a2be2e057293f1c24f78afcab64bc236f1de204a6a00d0df64;8950;Personal area;24
b75ca6c3a869382f28e41c277c2dbd3be3f7dd069504b4050fcc9a6e7f088728;4370;Life insurance;31
efe51d45a4b6cac281cbf86a93f0343f06822900fbf59cc28ad43ed962c751e7;376;Life insurance;141
ddd6ee583e7e89cf4f8bb4ea402ef55e9bccbf78704c1048d310c0d17fee23f8;4133;Credit card;144
af3edb8fa21e6a050ddbf1a7a490338d9d9cc09bcb9f32db3cfc99bf5fd1faad;7151;Investment products;162
86183ee80a72902714b48a2d8d2da1c109b28ed0d666ec62773d45b9265d37d3;107;Investment products;171
c34c93514a486d21af59fc1e32adbf9146b38602fcc368d244b20c7ef57e8a45;871;Consumer loan;169
f30df1a5fc0090ffe61daee46a0b579d053c80648fb376bb6163b7bff48e0b3d;7781;Personal area;32
57f7688eb78b406cff87bfe102aebffce8011fb50d83b1f02e21be52bd83b07f;427;Personal area;163
1e3b180be0fa11e6af2e59901a7a2dd2ea5eb46ac3105062d769ee630eecadc2;326;Consumer loan;24
aeff53da5dfbb33a3edff8a6456d76fbcacd11c587019b25ae703e83065fee7e;135;Life insurance;13
15e4964d0dff2d1bb8cf5b6a0691f498e7ec0ec6db8c0ea55a3f3850acff8f34;6816;Investment products;92
a3b9e3d9c892d3958ab19c23321b61685b75903cfb747d37bd7c6013152db02b;2752;Personal area;2
e4f35001ab1be0e4176a04d3e5b504a4ee7d996651a1e0c5b01e3e54ec73de95;4385;Consumer loan;99
1f83b7251848f375025a7c0c4757737fbff0b4854b7d3ef37d1d780993bb0286;5872;Mortgage;8
e2d9434e3c8351e32fc3c8533e5331af394883632a2e4a8f3495179f18b3bf78;3557;Deposit;45
ca418f5906289fa474668e9153727bf1cbb7be9009b01a07b6246abcb01d2726;5205;Credit card;35
259e9cfc9f79de687a902dd99e8fcb35334f661e8fe5c96d56d64ebb91e1ba20;8133;Life insurance;125
1f86b293acc9a03ed2aaef02d0fff4a50607a77cf8ca4af677629fd83a5b5a33;1200;Consumer loan;177
42bd6b0da0e5d4d388d0239ac9924322525373e05e385ebf6494a84da50d8e24;9741;Deposit;110
678d8e728e25968a204e11e404aed825883cc9316469ee8f1e3bf90745c2e092;3323;Investment products;166
544250537dc9ae6ad00960862ab37f6890236223bfe80823d0768c4767466f22;8177;Investment products;58
cdaa8540cbd15828a9d02be409423f314f1e27f02b7044a983ada1b5fb30090b;4014;Investment products;9
dc23f4470a014fcc10c3450191203d4a12d2ac16a3cc7a426869d653adad18e0;2171;Mortgage;116
9028ea6e317969beb64e55a0c3c7221dcaf40215a7e1a433bd3cfdf777bcd23d;5107;Credit card;144
5cea7fe1b624d111f646fba586b5cdcf1a59418e2007af6a4c10913de7f336f1;8604;Personal area;121
bf6de30575a5c113a0d637b4262aaa694e4d15c8f93414f3d909d17359e5e4e9;9641;Mortgage;181
a76da08a95e8d7a1a3c95f567c4c84da5392863ab55a570b3019f3ab7af23e99;4674;Consumer loan;122
f7f81dd244fc70ee8090f82f4cf7033af5a441820db0eda081a62da8885a1f57;3499;Credit card;153
25c125101edbf1a5b6f329f6fa4fe17b5a0568372df410f26c9b1762a155595a;5598;Life insurance;82
272f1c340e906154c021e3daebec2981d2f6e56d398f5d577b89a1c682a45b1b;9326;Credit card;187
6ae3d32b07bf6e6e9939cdc195a3ad0c7db8455eeea6b8864bb7d3871d4ab73c;2017;Life insurance;108
56cac24c104a4cd330f609488ddb6ff5d72e7f95646feaa61bd94b14f774be5c;5169;Personal area;43
a360ac7b6f4454c8aaebb4a21f7b3e5c79dc8ece55146770cfe8092f08c1ab10;2488;Mortgage;132
3d9f40c38ba9b4b426f42268152c63fa7f08aa9bbbb36827c3e5b430f40d107b;1809;Mortgage;141
b1518f4287aa68ed252296bdd6afab90fc5ea02385b36d5bf8b845c830df0a27;4148;Mortgage;17
9e7a80319cb9e31c4357fe01a7123523ff6f0eedb4b6be3e61066ee85ccef147;5513;Consumer loan;120
e120ff84a2a63cb5d8c359dc4667ef44c2456fbb98b0622547b5653d8155305e;3633;Investment products;169
0c019c34a71cf560a53586d41931387361519c17ed6d32cb6c33a4cc5a128c58;5992;Life insurance;162
f029aa11fae8037ee6c9ffa4c3efb39aca04405d556bf85d10e7a09d3fad9d53;8796;Consumer loan;154
0dbdee4d7bddbbfca689366c5eb8e20f5e06645329d570e75be992decfac1b33;2979;Personal area;69
5b322b866646cb934defec473fbea82058e0b7909a8ce88d915df016b503b2be;9263;Mortgage;130
4e7751255797fe4cb79ce3da09adbd771a8db401aec58b6379c5a86f6b8fc007;5464;Personal area;121
9bee5daad9d1a3044d3b4bdc39cdc4e94e88220e300048612796a91d76ec8b15;1058;Credit card;40
c7f85bc1ddcba5d2aca05064d5527decf3136058b8052a97e5f0cd102599b624;9471;Investment products;194
490cc671f96a20ef05acf74e152287fd87217947c83b24a0c2ee71e8d6dc2089;7204;Personal area;150
0ba9fa9d47e6d57217c6d7c63abf0c4cbbe4845286e5e10a16c4a55aa0e04f1c;5498;Mortgage;195
14528518e8f037382784f13b09121c501fdc7e32e58a9aa361f35f75f09abed4;1240;Credit card;49
5cbca7006d7c2436f3798a08a1a0ce7b2ddc49685ba33963ea77f55db765f62e;6618;Life insurance;82
01b48462edae8228ffbc70aa9258eb9e4484ee65c45058cad5d12dba0e05bf02;5912;Life insurance;153
fd877bf0fad37d90e9488c53db04dc3453bedb94511b36b3a24f72d678362fe3;9582;Personal area;11
6296df4d45b781111c570112da45da17c4001935b8599dd41f266336396d669c;139;Credit card;42
2246364d4ea390b9b00d96eb1005cdff3d6b2b67576606603503b8c0e275f780;6564;Investment products;38
60eb537ca3ccacd66fcb52988e7f3c63ef837895a0a15ff2f15cd3535e6bd59d;3300;Investment products;70
c4aceae4c6be2926f54cd8dc15ae0c72ac85150cd93800390f9ab802ef979000;8702;Credit card;104
a0ef867b022fe3fa9696502ee186eb09c4a1b1fef7c15386f3d8f22d3eabcdf2;8170;Deposit;6
19c77afae0dec1600ca72a263dee8415e7d0f6c101bb3c135777d8f9e36f62e0;9325;Life insurance;112
a0d325c0f03a0699b6085d11d055259178d9c011061a732ce37b1ca0ce2c6b78;4004;Deposit;56
21335dc381dfca983793ba4e2d2987bfb0ce88fb318ce9a290d5c4598d4e61a0;8715;Deposit;80
1ec80f99615982fb86791c7325df2eed201455eadd7e528e8a1a0086b1d1421d;2850;Investment products;2
efb4a392e52d225f2d5fede6a704b774529102ce4240cfa12b729fc480a54864;2782;Mortgage;134
580d4b5b40588bd5fb9f1feea3c9371ffc92adcec2ed6869353d61e63b2bca1c;8349;Deposit;103
bcc15be2e06bf941e204c3a1901e4f7725d08450901f6258c0e38cf5540a0399;1324;Mortgage;179
f46bf9e20ede9e91b0115aeb8fdcc3cc2515dcdc06939d06772e4f89cbb10e94;1175;Life insurance;52
a9b708090d9598bd9f0fcb2d0682beec4b03a4c5d44389ac88da5c6e641a1562;8466;Investment products;138
3aa011aba8742907006b2c27c9729d3ab8e7e7a047121e2bc25dc8b686eb4c4a;5748;Credit card;167
6c6eea5ae7d7b20d82c8dbfe4ca6eb918caec33b040d48a0cf77fa2af9ea430c;2882;Credit card;96
0100acccf69a25187c1cc053f64bd16941e5953fe170a821212b090ab0c5929e;3519;Personal area;97
10d382c1e0b63be1b94ff7c0d79dfc59fa8d34a4bcb4a3f4b51f6dfc4b78afb9;7892;Credit card;32
e0b3661c39d730da77f808ca7fb15d72bcedfac80bff45ca8236ef89113d50f8;4760;Investment products;145
763b2944a872e284e81daf76e505f2a9dd38bd90b8516eb14eef7f74bf976080;3785;Credit card;19
9ccbfc1cdc5766a265aae79648d5c0dad5b102391724d89be0c664fb4d120940;5770;Mortgage;31
82fb932bbf2c7b799942697d8207f498aacf84ab1afbc139523ce915e64a0666;690;Consumer loan;24
c723967185cff233de6e42b4f54904f45b9fa9b8f1329e3a65e5920a18a67fb0;2918;Personal area;2
3320132474419ede4e1106a8353eaa2e1e5acac9726ab9b2da4a882c28c65777;466;Personal area;76
a99d3e19ba1092fd1bff41a004c352f4cad10a3254af04e0a01c98826f2af2d4;9695;Personal area;164
57e1336ccb05c098737479e77b8a807d7b192939e9073096d54edfe218e1ab25;5586;Life insurance;10
c44fb526c9d55701134c960ed840d06c08507ae86c6f714f5fd57c409bc35e86;2516;Personal area;72
204cafbc0f00aedb2289691ca3785eccbdea8bea18b9ed4db9b0aca2c6e9c4be;1697;Consumer loan;164
0a433478b07ce653f01c0854f4f213dd83e00bca8029dabf779cb8171ec18a8f;4045;Consumer loan;177
8786db416df8d4fea683eb94130bd765c2e69436a833f8b2af957efb90994f3a;2054;Consumer loan;179
a5f5f4a8b551bbbdc48d245faac5199265632787525dabfa4ebb7f871026e9c9;7146;Investment products;170
ba21482cd44e3f97a762b6175f705d0bc87c10efc6ad75afe0c347e8db937f25;1779;Consumer loan;200
5ea10544128e6b17e4d7a879b8dbfe5dd8b93d9f670e0e66320391467ac212c7;7195;Life insurance;5
a9d105ddcef93e0624acfe3e1994a4f4930243bb5264d1d03e737ca985de1bda;141;Investment products;126
9260e19f40c2657c4dce1179f721afb8b12f4825b2fa44de3b34bf676393f2eb;4874;Consumer loan;53
3abec07a089eba90f1e04589d82ec210b8415875f18ca82683c01c2c1a3ac0c3;1179;Life insurance;105
7ca1f05b8aa4baa3b4f7e8cee28fdccbf6abd66f1f9a459efb7746c9ac05f93b;6491;Credit card;197
2cf6197e9b6ac657a6b03972719e56076f24d99c8ebd57454c05c9a6697f243e;9676;Life insurance;78
c38bbb9885ad6a1248bed05b5809c7ef034df3fcddfceddb3fbc5a955def5d90;6320;Personal area;38
f4a3e96670f687f124bb5051e71afeb703ace13d61bbd3fdf945ccd22326e8c6;7528;Mortgage;186
fcef291dbfd377fbbf2ae80c0cde649459472159a942529432b8bde1c09a2143;1654;Investment products;199
451ddd060c97fb7d393743f13a6047b1074395dc2f27539d52fab8b0dfb5ef47;145;Credit card;123
c3811764c4b9fb9b1983a9f75305f3c3e1ec0bd2a16d20d8e8fb39d5d3465116;902;Life insurance;8
4f3777f0bf460dcd692ed3e07adefefcbcff12d373e942d19b452a2899d85418;4464;Investment products;162
d0d80a58630d744c7664158c8c9147fe5879e9fa6563e0f3dfae47a586f42cb7;9884;Deposit;81
f4ec7c0bcfa988fa06107101394e331419c901a0df0280d9d63e50b4de265dfd;768;Personal area;141
af2014b1e734231fa3d41fc86e15158c654cc1ec44db5d9bd2f6395d82ed66b1;8012;Deposit;122
b356b4cc68b82cf359f544698594f8f361e7472b0ca050674fa2f1515606d7c4;127;Investment products;188
c4e5c633cb91393462b85d4982c162eb250f1dbaa6bcb5cd22814e0294f2a070;5832;Life insurance;190
597e277fdf9e5e57624e1a861d9e5a11ab1c2f79926c6b581508a36b1717b711;5603;Life insurance;96
b9112e59bf5e5e6f6b2545c11c223c8caa4c506a6d58156e13e413058ece2c2f;8595;Life insurance;101
d92dba93f632ea731a8b87b812c1807446594252ff6639a2274bf5ae20951a62;4260;Mortgage;167
143574c0ed5a028317c2b0a0d61200d5b999e8a1a912495493f12d71289e085c;2926;Credit card;150
f691ce6c49836fc300e5de64c0ed3f7f3fde097f90c6af54de3d60d8eb3ed9df;5637;Life insurance;132
f5acb16facce7b8f8ccc2451360dd7b4b7cf49a46603852080fb73ac9b4d9baf;6168;Life insurance;115
6a8f0430f8b9c76e1a336fc04bf890f9c1a562ebf53885acdc6697df73dd8b81;5593;Consumer loan;1
31a4159f98534e6db443b2e498b6192b53736a216dda53a20c7503a14b4e040f;5764;Mortgage;97
0d5cbe5e18c12893bcd538c258ef81765f6f701e693f453a41fb6e90fc1aec81;8493;Life insurance;85
aad3cc191553e16da30333fdd5332daffe52df3727a5dfbc86da66d76f50edbf;7408;Deposit;66
933fe0e4ea1e538eb771b5c2a85febed909f01acc3877a3cff66887213f112bb;8498;Personal area;13
8607427b0b1c92d88ce35f680ebda9d5480ee3ecdf631f3cd8cfaea220769443;9671;Mortgage;175
fefd0c688bb48570422975bb1029f058e754bf0bec10f9cd0283aa330440e02a;1436;Consumer loan;52
216e3115fa97c4f5e323b008a83bab64cbb1fefe611146198fe394ddd62c0a43;2014;Personal area;62
0fa186d52829b492ed6b9f00f019bfac4e630130253b01e15a87f1018631c89a;373;Investment products;88
b032d3448a964094a0c3e63104ebe15e16d7c74ccf772403191cca68766f536b;9504;Credit card;130
b22ea61daae45312b0e834ad200cea00f3e3ccc780406756e551dcf33d0816c1;204;Credit card;125
d74bd50b0edb3ae1957a6184393302e5226c43a7d5e13527b52d22e37f620348;9332;Investment products;103
f7ef64a099b85acb1a2557453f8a5228782efba849fd40983ec938b9073e08cf;9420;Personal area;121
65e6c53d5220803f26241ee26e18c8dcfc519cc617b7c852e780323af3422370;8464;Consumer loan;121
f5d5e48466b7c87336f05e9967e81b7819a5084cbb541ecc0d230bde0c3ce7bf;3425;Deposit;115
c3f6f4cc381536a74f2f60408c0a6dc588a5f753dac07c37d9bf267e908c09d4;5834;Credit card;169
7d9fbfff314b8e2dc4ddca10765a8d3defbc48169a099e6c03091d228f282254;3898;Deposit;13
53859ff25ad2be00a47e502dd36c5e394415784ce27bc968d2624139caa19e7f;6252;Deposit;173
0d9020de1a6614574a0dd9a5c0c66b5a42085aa8e834c8af4eeb6b31ee6b45cc;7244;Personal area;161
c18339472addac739a73088d12f4cda3cda02263cb19872765f481f268033612;8379;Personal area;148
2a732e1cb2f3faea82dcef1402fd52c12304a50b4ae1c49f40f409a5d611866e;566;Credit card;188
cfef6ca60aa2172ca31067c718bc53d2f52fbc867667e8eeb341ae92cc0b7abb;6119;Deposit;79
1d02d2b85f3dfa296614fac7c08864baa4e7f6faae47e1e3918b66a1f62e5f0a;7671;Life insurance;186
111125d0b5880eed534b61d87a61f61166837a8b54982714fb63584b7b29ef56;8402;Deposit;97
91e14ebaeaafd3891f47d88069434f88c428720ad084dde0ca8b96db07f67d67;5870;Deposit;69
d9af5488a0b24e553c82830ee5fc5aa43c70ed888d7ef517e4266ec3cdf52edc;835;Credit card;59
6172aa59312890da328cd6e2c8bfc2b3802ada6fbdc41b8804f6674f87ac6dd1;5227;Personal area;28
1c5bcf4810c0264b1121a6bfdb4f491763b7cf0c1a42f5f068bd56639f4fb23f;2279;Deposit;163
6f93a2dcd448eeae3b5312c7c148aa5d9c30546378988a200baf26301bb22023;4382;Credit card;5
17752bcecb7d71275cec57d6e9e0cbe7fc5e134f93ba86fe024e3806c009d877;5213;Life insurance;3
35f3807e0282179946c3e5d6b093db18adda1285566e03d40a50ac96eaa58c9b;8674;Life insurance;8
8cb1eb269c3b5f7f70a90cccf63f298d384b5a2ada778d79b299a211404987b3;1331;Credit card;49
e3da92fc1dd803f1ad484d9fa25a0c2ae84d6bc86768890d27393e6db8d86b4b;4587;Life insurance;165
8312a88306b0eefddd936d836060333ad92f1b213bf8674b23d2827c378814ff;7701;Personal area;27
bd5706a84606507cff112dca71834942c24eaed6697aaca582d99390585c9939;6406;Mortgage;153
f63ab5547aaf259d721d37ba69310696b68a712060ba05b92db9541946ec6ebe;3485;Deposit;159
c9b839e106213e3e858b5104bf849234ee437d79511aab9512b53eee9817c212;2503;Personal area;36
16694e44c2967bab43ccc9733fdba77c8eec2e1f88988204221cd25262aa84f4;9458;Investment products;66
94eeb335d813ab404ca80b82ff59d851588dcbe9ff2a8ee075c752ccfd9596e3;6430;Deposit;70
a69206fc19c8efdd1aa24e6dba837a5c5baeb36b93dadc58fcd1f90fbe24d277;5103;Life insurance;131
878fa167627971ec51dbc0b9d12c4a8a9ab9fc562d6584d52c507a3143653fbd;4707;Mortgage;25
73acb9fa8d8a783ddb759a17d6d9bd43b829b06af8831ddaa0c657e72a6cbbf7;8561;Credit card;187
739e69ff03ca94026dbbb08ccc828fd92d8ff9e5a95f5bb7f2e66bd7446a2dc8;859;Mortgage;117
6546dc7b71b20c40ff39cea81ca4561e60670ae71aff9a32df167dd24934c815;8816;Consumer loan;4
ff578aea4f838192469c96a50ff483715a1828110f8785dbca3170a2b129a878;225;Mortgage;106
bb48af36e12219cb36d48c9146defccde740580b65978bcddd8a50cdb116d237;1619;Mortgage;114
4b691eca0a40cf3142c41f406852f0f92d09ad6c7504f266e8802afd3f5c927b;8018;Deposit;103
2ddb2672b753431bf93eaf67760ecb3231a3fb31c8eef30daf5912b54349da57;6865;Investment products;159
fae78b8fdfceecd7d06d3de3a6d8935df1e63f429c3d894c81c094da55af32ae;2171;Consumer loan;97
807a9c97753dbfe4cfd35957827bd5220f5abb88c3058902ebb2e3989c2bc9f4;910;Life insurance;178
8da2e01f847129c425b6eb8b088346e55036299e68b83defe3f7f3ea93e44174;223;Credit card;106
4fbc572da18a139218e98a924f43414caec9cde89e74a6d8948740587c02ad8b;6294;Deposit;125
8d0569b6f8152d5f36f0094b563f85851047d0e342ed15b5e93288c98bb9861f;1216;Mortgage;41
fa46c597b162516636c2079c55d097046eae9bc510408f6b3f26984f06213970;99;Personal area;5
182a921a6e4b11f3232e6aba3771a112b2218716d38eeb8f387c4daa01591297;7123;Deposit;152
bab9ea0ad8fc550f6003a0089229c6410bdc278024936174b28b9f5ca3bdabf4;749;Mortgage;73
7feea9031e7e1c2246e994185c080cbeaa8d0d499bff41b68fdf415a0ba7869a;2776;Life insurance;125
295356fa18edd547fd1ebe3bf01073e24ef4f88d96e0d6ed7267cbddee94be6b;6505;Personal area;32
da082aec6212645d7cce2009453915fdfe1efabd064ae0b44ba6baff3e8648f4;7858;Deposit;39
ca18f0729bc54e5a675c75995970560c02b1bf79522eea9a71081cec12622ab8;8949;Mortgage;55
7524122121861e47124d4ee60f258420187c4413971266058a53934e9d8c50da;134;Deposit;176
ed71a715f185326f3d773d148dac930bfa841cccd0119a2d183e68d302a103f1;9041;Personal area;139
9562f82511fd8c706a9d171674920414588b9646bd28fb584a2f152a8f83eb91;1315;Mortgage;80
2457dd96514e52db722473817b9d824009ffb8202b632eece5d5e881af6796a9;998;Mortgage;140
1dcee371eaa36ae9da803ab03dd07072c49216f7c8383ea28a0f813b9cac6160;6976;Consumer loan;7
fc8483a373adabd594d49c571050afdbf868c411567c24585f86922fca1811da;6462;Credit card;81
dfe3eb648d7aa61f74ae12537ede7e2eba4e1b45c4c5a3ebad7468423df570df;2866;Consumer loan;83
17a56fae7256bc2520504fd52f45030c1b17d1d967f0feb6dc26841df0e4ae0f;6484;Personal area;143
b602ecbc86451e1a74970be9bda32495815ef28010689f855b9d8cc6c66fd3ee;209;Deposit;136
fb11ce9ce3fd33b62e9e6beafb1d79a24d4b116674a50f5b97cad354c9b59f2c;932;Deposit;123
3551fccad36ba26f4e1888724ef11fb1eba119dcb379ecfb6eca78a1c45fbe33;6853;Mortgage;174
c4f09d8657e3ab9ce63299c1035549d5eeefb9b96ca44e408545567a5d856aa3;89;Deposit;52
13b0dcf3b2db785b8b266fbbeda0409887329a492dd88422bf775a25b26bb2ea;1334;Consumer loan;52
5b582fc4fecf5b3d114cf9feb8153f5237c3ffb91cf5fae13666f3d05ffbf372;6668;Life insurance;147
a78501c497ac8bbe700bcc56a107eeb6c623db248f3a35b43ddf2f0d8a717ebc;9762;Deposit;68
6139835d505f16e349e78e0d6b4e5c005251e801018a5833e870fc4ee2bdfc88;3783;Investment products;198
a85f55b9b663fd708190ab17d955be3dfaf84fdbd5d78fff41e23a232d472f32;5899;Deposit;142
b340623f259b6f432b9fdfd24a953b31e4674046f032dc662cdd23ee10ac4def;5286;Credit card;181
ea05f7671a895644838fcaf3a4a29dabdba789d8dca39d278287e44b1b04cb3f;5170;Deposit;95
84262555b1ec2156c5d4de953f4252ca5183771437d1dfaaf4d2543631e7ed74;8577;Credit card;59
7ee724f7cec55e014608bbc2d9b6bac0771bb413c7358b7bce694510b5c70917;3290;Deposit;4
2d24447e934fd4557c2be65c484bb0a41e5b90ee503177557328df48cab523ae;1282;Personal area;169
233e86d4a37577d83620080b42c476a1e24edb1bff77f92c46f3f33fa5c1edec;314;Deposit;135
2446fcfa7ddf6530b34969658a868b13d51f6084c850ea7db440921734714a83;6162;Personal area;6
706bb5102ec4d0a679d39b2181dc9dac5197ffa1dbddaf6bd4505fc5750224c4;7669;Mortgage;126
f87a3a7439819fa89a35b5e22c9492f71e65dc83ed50977bcf3c19071b5f2e81;3354;Life insurance;126
f6a4323aafaf872cb710b687b187bb193cf259bd8118a3939b07e21ef894a78f;8723;Personal area;63
2eb35d0429dc8e16d06cf8fd43b9ee9c2e751c2aa5b5dbf33c2c9acfb6ed51a5;8177;Deposit;8
9fd253a7f46f7299a22641d1f7b27ad1f228c36f8c8591e1f018d895d9f6679d;232;Life insurance;97
3fb19a4d628405988034ff1432bd6611d2b6638f28f4f78cd592f3dbff284d8a;6936;Credit card;46
13ba044de0bff9ebdd61169e5ae745e95c599b3d03b057071392dd5fc35a2f44;8684;Investment products;141
0bdc4d078fe2040b722cf2eb1800f8f2dad62ff2672e841dcae0290134b6b313;2005;Investment products;197
b460dd3bb9fda7a3ef2d6eddd4584159fd82bb5a909c26ab8b4316b9a9915f47;8308;Credit card;88
df7769e2f02e2b48037d6f99e0f970b97a2d6e5d5f922b1f82165a03aec30b0b;7621;Deposit;188
47c390c3658596b040a4bcb4dfee69676f9b3a9c7ba1debf4e9ff0efce510438;8419;Mortgage;78
fa655b9fc7f3d584c05c389fac1450b4ba2478f73690489318fa7b946c785d79;5815;Deposit;4
d8a842c12d7af7df8122649cded15e7786ef30cc46fcd879db3d127ac8541e14;2487;Consumer loan;43
3bddbceb9b351cc0fe018198afa44a6d231bfb9686096fab2e1e3969c15562f3;4188;Life insurance;12
9e8b9baecc796f32eabe8d0caa4ef191ba71468b2478919dfbb08aa0e568865c;144;Deposit;155
3a1345b8411855a749e9d9b1d7fdd453bc067e7e2c16aa2367e3748986d6c6f7;6161;Credit card;178
5691b9c3096c2533633e4ec3e0d927575496cf62658a33475f5cd4f77af88664;1188;Credit card;37
714742c56ef693e20ebe411691ebeb3eb6668fe1bc96a90bfea023f437df4427;1216;Mortgage;118
e577284a645cda71afa215544b560d5d34aae9109bbc3fe428d328bd105add71;5545;Deposit;56
99dac63311bac83b1d501e55139437d75ef049d2f6204c48b788007d56e98f4f;5151;Personal area;18
6474915b9c1547edd373c0ad526df326c0230f4a1203ba3ce65d0b1fdebdc1b9;1340;Deposit;15
c8112c2b838397ef9dc2013c7858deb03f8c51ac9ffacb6b19f138a6808787f7;1608;Consumer loan;145
0b45e8a44aea9aed9c4477e3d2e9426b9dadc2556c1c0cd4606c5ca09c47ba9d;7418;Investment products;78
232dfe77cff7191e8e9a55b1f4a8e44ceaa2d971c28f93fd07f833435fcadd40;6818;Consumer loan;57
5dc62627413bf796a58c035a94a6992f81a02437e9a04893bba2d6eff8525cd3;6862;Consumer loan;126
23367fa3ba3b981f67056d4b869c8bd684ba103a04d8716e186281c9841bb495;3567;Mortgage;92
5fc27ec8b2beed69b4a8b4b3ca52b7a2e9544f5da598541e5fe655be451db18b;9775;Credit card;187
89754f311cab538e687e175b998e69652c6341f24f903dbab6d546eaf46215ee;2070;Credit card;44
35244e51442e47a9657e2b5eb5a2b7584532a0e1eb4c5106c5195b14989ad92a;1704;Mortgage;170
3f2f3c511b1b56133907284364ad325f3f289db749fb5c21831dd6c6f6e7beff;4095;Credit card;184
ff3cd1431f8e27aa4f92187d1289ffd978aafc22c4c48bc595a2afca87157afc;9619;Deposit;19
37e58e2fe84fe0933d82cf96a721e1d0f86b3a3fa852c3a5d17285faf761d2e0;7486;Consumer loan;18
ea417847c3c281ebc5b5761e149098926d4afed3c58bd9f5c88db733344db250;3445;Consumer loan;170
fadab0bd842128853cfdf3b7dac35a2fa4eb1734725163eb8dad4f3836744c4b;6714;Credit card;157
56705e97ab1f1fc83e593a5bf4f6e9f1a2a979350ef1f65a964325be06316205;6577;Consumer loan;19
614e87a0d00d37e3cda241710b2e0e6ff6834b98c419cb2eeb6ac92987ab306a;5891;Deposit;84
9265cf920f0b42f78539dbccb45c3aa3b79742d8556a816992d8181c00277d18;6720;Investment products;99
29c60e446babfd00e028972007ba678ed8b0f0405656611dd19fc7d7f2392cec;8245;Consumer loan;162
f6bca1e682a1db4255c2f2bfdb81aa029528861ef120858a13bd36e19cf3940f;9978;Deposit;48
7eea9377908b7aa93938a5bb378c3259959e3fae154ddca87b70a91d0212081a;2777;Deposit;128
a66a0f4a21386b85788de5686d057a0604e0c21f7153e00ec9ba4039658ffbb3;2967;Mortgage;110
06b42a0a90a7003c792d3032b78a3356daef18d0b5070568ab031989b527ad05;9651;Life insurance;54
c29af1fd3a092be2d61f9f69cf1466cdbb777739d06ebd4bf152e32390378694;9287;Deposit;38
ab11b82565720457499a3ddfc58f87d920f6b156add3cd1d8f3425b43289e2c7;6048;Investment products;168
a39d316b2af6bffc13207cffd9092246df5b35110cb7c83d8af8d8635c3ddf53;6837;Consumer loan;126
acf9716845b460c05a239f02ff4c833cfc99768af64bd48de712cdcdefc5ff11;7968;Consumer loan;13
89366852ed170c80a5cd85263f2bdce31da750b930cef6d881b91821b6cf2046;3641;Life insurance;47
4e15e81ab3b5c6a73ed1397cbbcecf88c30eb5921295bfaff888604853e112c9;4302;Personal area;36
419814be742b696a0b4b9812fab63984820f02b210d7f005908f5fd05f167cd5;7006;Credit card;113
21145a8678f1f2c472357ff0873df95d3d4b2185d48d240cec5a7465f54101f5;6230;Investment products;77
7857f0025e3cdd8cef47003fab715c6d5049b20fd74fef6cf753da011e363a49;5547;Life insurance;136
d95040fe5815aa1ccedf208fa735890591dcd9d237df820985252fa1f2ce6dac;7361;Deposit;87
b5c0a04aaae7cc39e010a36c272a6e9eba6f2fffd8a33323831c8aafa6464794;7298;Life insurance;102
5333158f9c916eadbb916350064db367f6624aafa8e6428dc407f811d3d48e0f;724;Life insurance;111
5334046c65a8fa82c1c073c139e101f519a83aeff5185ad17ab198c1aa76455e;9189;Life insurance;181
f58bd7cfd74df3cdb66554b8b8d01df3596193b5d8fdeeab095db46d696034a3;8311;Investment products;71
9181a3433d802b56fc805dd42eb3a9bbc437195d55518c78472a1cfeaa17ac0d;1432;Deposit;91
91db8758262b4b3279bed3cfc40764ebac47c4c1cd4743fd499851d88cf8cc02;1475;Investment products;70
19d17aac9303416599a523baf5e8dcd8565487d1cd6529a3be24f4dc75b3ddca;3411;Investment products;127
bb0bdf0b83e4c80d748ea7beb388bd4d80a865faaf5e927bb1a4c6af5bdc2d66;1704;Investment products;194
3289942bac7d091cf2c58269fc6d1fe7679f9d4ac1bfdb0b3dd90f5f2d11a245;667;Life insurance;70
388d6fcaf31bcdc4fdfa7a871382ad949879fc00e9eef421c16aea064a10446e;7328;Mortgage;62
3f13e23d9fbdf99928e01985ebef97c7594bc54fbca065fa2f394e1320f7d4ce;9403;Life insurance;120
013bbd6309c66fe6266f2d22b6bfd02a26fed86fcb96306868a165e8ad92ee64;4124;Personal area;151
1663a426f5b1352763b5830b90ae9124ff39ded524c7b229fc0904c158173a33;9356;Personal area;110
4ca93eb11a0be92326c21f222520c26ee59ec80a3664b464690d13f9db774c2a;4541;Mortgage;132
4cc13715e7860abb7ce9c63df91958c201b1dab8c7fc931c9aa9242c7d619004;2244;Credit card;118
abeaaf1b80e93843300ca66431a662aa1c5eefe50a66930793fa53efd7a06a24;1588;Deposit;166
50f1537ad4c95bd59156d640a7ed0c54272e5291292556e42f6a617ada58b3a4;1631;Deposit;23
ccbb069783dd138700af3006e2fd2f536ac7d634713afb48c28c436772e2e2fb;4465;Deposit;45
5b26e86a2509337aeb14adc5578ae20c41f0cf30e329fb2fdd08251fc545953c;992;Personal area;6
ba321c06d695edeeb023936a5c790620c6b96a73fc92023112117318ebd953a9;9014;Consumer loan;100
b5a3056853ab8f4b0ed77928b77cff164c898b1686cab44e5e0ee71770af9cb2;2198;Mortgage;123
372f003442683f51552a2e4d60583c86de532579d62edc6ca174abfae3e7d31e;4608;Personal area;110
77e3e67521ebe8bde02a35b0b972805b7771ddf3032a0318755f49ed65eb8839;385;Life insurance;68
2cfacea5c6724d3442a3d33ebe928319b1e191ac15f2b354de7705fe0c151c35;2624;Mortgage;43
f31100317871df6ecde9b95e6a56801617ed58f9451e28c1d10b392d98646fc9;5706;Mortgage;59
0055c276990707a46fa773b9de1b349d82c9dadca1c82994959cac89f8c7cb9d;4046;Deposit;8
c8b783b3afdbace70d9acab6fc339a92c49d4cd1a6beca0701e036514c25e0f1;377;Mortgage;57
01ee8bd277b277034c5628fd7bb31d22774b164f34a73159d1c7017a7f36a408;1721;Consumer loan;59
cdbcc34f019736c6545bda677cb0077968ea524e9574a1a4885130a65e9dbe74;5504;Deposit;162
b3dc476788461c8b94fd4b7e3f5d2685d3228c937b4546dae4dd583c56380f34;9408;Deposit;142
03628f50e9ee367ad425a9359686347342402ccccb3251446d722a729b35ba45;7053;Personal area;94
18354703dfee0b84882d7b7209b21153461d9e51368e180285b109e45d6274ba;9095;Investment products;78
ce6c602f0df0ef5215f6d6cb80f41be3c451e001192d6443eff279d42ea0203d;2680;Deposit;179
a0dfe6495429efd3089ecfd9105f8a6f3dc522577a6d1898f5e730061bad1e05;1882;Credit card;32
30023bf0bd15f5271887f087265bcbb0fb5367fecdc9a857db9645deed60cb5c;4259;Investment products;60
bb9212e2fbe07d8b9228acb51ae8b0fc8ddaf78d23d2107df789e9aa2bed4af6;7580;Investment products;80
6770714bb70ae896ac50de62c02cd9d407d8f66539e2117000eab22e2f00b7e7;8456;Deposit;200
e0c401fa5a05e2dfdd70411b3adfe714ab574100a7cd56a370d70349c5569ad0;7634;Credit card;124
b99338dd116aaf85630b6232b19cab26bb62732e0f9e5cda54bbe0513dfa8c21;2195;Investment products;39
24e7510b0d08115326118399ce028fa6caae251ea0a7d7176568c08e8df2520d;8080;Investment products;157
0e4b041d25c8d9d62ffee4bd7bc5cbe262402387d4cf25589fe297565a9e2a6d;1418;Consumer loan;182
bc65fe50758cec2500f4d2e3889409bf5adcc43ebda5c9d1708821605b2bc81e;1013;Life insurance;198
8328fa95ecd6691d84d72b1e21b30d4432469e95b6cee40805b8b1d3870cebb4;6312;Investment products;153
c500934860fde736277b4cf9b21415247187ef44561c11cb73e5c032ab97d534;5014;Deposit;7
1d630e41be375425c7747cd22f972510c7d3c93e8b16091e929e139841d25737;5701;Investment products;88
a0f6628d2885360d6e3a29c425516cc8f211e9b34ee68d0903d28117ee83b241;7891;Credit card;12
d787f6cea42ac2fa9b193a436e7e5b67fc97dd5f5ccdb1a3626b5ccc0a399777;7341;Consumer loan;193
5ed1c4136838806496d44a58caf46793f3362519f944a2c21e98dfa4c6e30f74;5998;Consumer loan;148
a48a10fd299db425a6a9195eb6f074b615f6e8e30f067784a3476318abd6aeaa;3978;Investment products;32
49429332cc0c8ef7e8e016da56d579667990864e8f2fbf6f8abbce071bade7e5;626;Personal area;118
44f020814410c31bee84e2203867d7abf6f10ed4108e745f2734f75d4077905d;3992;Consumer loan;36
06a23146477ccb3bc20f4c1b74cefe81a063eaeff4ee909977421cb72ea38059;149;Deposit;169
91ff8ea3944fe28767ba6d5ccac81721368234e02ddd8018a0fb27d2bd6170e1;8616;Deposit;37
4a81bff12602423bda5cb36e90d3b4763b2b797ffdc872f2a71a110533a583db;7764;Credit card;63
66f5824b67f1dd200edd70d0d917c63c61427c90f3cd71913717274b4ef15d65;4905;Investment products;54
63f15d0702d96e203bf743b7cea2dd25210aa5c2ddba4c36575aa6a4ec9f70e6;655;Mortgage;86
d40295ff1d6b5443c883be4194157ccc557e90a39503ceb48a6a544ff79c0c95;6886;Credit card;69
cb0df84b5c0bcac3b008892c79c5261e69ac0570ceb63f96bb0ad656e803e5e2;726;Mortgage;69
50b1b24659f96cb54079c3315c4c7d5e69d6ab8b4471dd4359abca4ea696c9d2;3104;Credit card;54
1b7415cba346627be4f0c28338234cedb2c966093323337ab7ef80a413ae95c3;2059;Credit card;27
3faa7afe2c56edb14a31e7dcb3520a45610b8f0260579f3d119968eb7c8bbf43;6518;Consumer loan;190
405c778658f597526142e77e4530368e6ef392c0d10027aa6759a7ea6c8dea31;969;Credit card;123
ea643932744190f6e7bbe43d23f335450382cb1d7a8326606d1006caa1fd637e;1939;Personal area;48
32ac88dabb5d71de9e1bd6e1f5e22efc5e29d47a9c8254576f97e1c2bd6ae45c;9995;Credit card;146
b1abe45c90c6521b6c75b19bcdfa512f1a8248e8c6577d3ea903785295423489;9757;Consumer loan;184
bb10499206e39d60270bfc557de2c6674734bc7cb7163ab2e777ef89e34377d4;7982;Deposit;153
db42132986580cb1bd73bac9a45ae8a02feaa09c02cd1690416238b706125d67;6409;Mortgage;157
dd7a5734f8a9ee5ca91b0e575f71a9500c1781c56718f479b40b993578beb64a;5816;Consumer loan;161
592f1f1bd970e6f3afc0317da1d2d5607b4d01e6e2e6323959e595c342e9d555;2096;Consumer loan;72
033d780368a5eac00591fb3b78609a937c7cdbc7c5ac5f4e0047cdec290b5af9;4982;Mortgage;18
89d09f659530ee041a801eab5177a290a13fe00047e4f2edeeb11cf6b2c73aaf;1008;Life insurance;71
930286c18d012fb558e9fb2ad4ad7f8f09f5727b8ebaca4e8638bc01dd8d3b7f;430;Life insurance;48
b84b386b4016db838fce28894c3ca3602ee0731c869c0707ebe39393e7747350;8340;Consumer loan;155
de239ae22d81976a5623a112469aafa666fc0295208236efe32d51fc190b6947;731;Consumer loan;9
af814a7223afd86bcdea65ee0282340c7aee0706d7a14f5550550951edd4f97d;4262;Life insurance;51
7083ecc8260f2384f7386cbdccc0a9c75d2d5f80caca32e8de5d977b12be184f;2495;Mortgage;110
36a2efdda3c4860c0da02e5e113e76918080c7eb789c268a94cfa56da1c6c664;5060;Credit card;174
3080816a11e01f5e8f31098f30dc03ea6ef90df00b6e829fdd17152c21099837;3533;Deposit;51
fa7fab15ce8f8979121f2be20888ad92018f2ed8e81ef2a21fc1336dc331de0f;5231;Credit card;113
415d39628a5cbd6bddb3ffe11a50fc8555bb9eab9d11bf7e85f64e22be758468;7293;Consumer loan;111
6e8fc6e6f5a15e876a2836fdf250a12cfb7862a972da2a247d9648fae77954a9;1354;Life insurance;102
7be48368c24f221f2aa208b0b57374824042d250eebe4a6a880b10eedc08b5cf;4594;Investment products;115
df7cc5637f656c71d26761be9cf400ba774cee9682bdc576d8e9d90df60fa2de;2937;Consumer loan;130
bf473a3fe8b586a74943c5772e0d8d306105da68adbc9e08ffefaf6c5a373c2c;7985;Life insurance;184
483fcf91c1e92fccd5d4badeca4d802e73454cf5e7aa4d467b24833c1586e8b8;5782;Credit card;171
7506539d24a3bb267553154aa3c3bd2eca94d26c0511563060f89c7086cb4fb4;8119;Consumer loan;2
6f27611152e098f02adb7910df3340276be8c447dfce508c27f104aa45d22aa2;6894;Life insurance;61
d44e373cdcd66209a96dbf736e883bd2010239df1fa9d2dc08381a8bf6e5378f;6377;Investment products;99
76bb376cc215edd76aefdbfc7837e25cf828ceeee306a327a0d4cd9d8a5c22fe;726;Mortgage;156
f317fd42dcc1eb7109745cba4e3e2b155b8403852364e0a274bce4fd36a4be40;2886;Life insurance;113
c77f429f3348ff7045b2b0c63f0dfa4ac7c9e7bea0e59faa6862389f11f668aa;3210;Mortgage;10
941fd642c7ed959c50d2c4ae38b63557aefa9c1210cb0f4a82e48dc5a76eab9d;7195;Life insurance;174
0bedc88391735c45f4020b8691b9108a66b3e6a2e378308c7f53a8d2e0341c90;1966;Investment products;165
f490665051e1bf62cd2601a7a3a690d1eac4cd4bb54a4d6b380056ac097a68d6;9690;Deposit;157
aa46343177d14849169c8e842afbdc95c018b85d11d7f4dc66ea9836ba882a32;4770;Mortgage;191
c031567a00b4629acb91f322f3c444f0f06df43283bde03cfbc719a79aafbe82;3749;Investment products;143
494f165d332a7fc32e1f8d6932645dbd484c60a6468bbe8cd5338bb6faeaba56;4727;Personal area;184
6aef4ca1de736b2e6446c283536b75b48265757360236053ffece148b26d8f5c;386;Consumer loan;147
ce487e2ab6b72843ecffad356d2fc33256ac515c344689bd026fda63fdc2f48f;5807;Personal area;180
e7e7d375a5d7337fd399f3cf50afe586ef8437f695afb97399415e4112b87aff;9423;Personal area;147
576219fd5dfd3c43ba42efacf3c07abdfaa626e08462501a7fe142a63bcefc20;4113;Consumer loan;14
1d3d921ed137ce387a12b08221e8653893644c5ec694162277b19d0e55b7e031;9310;Mortgage;36
805066f91bc7e182725e441b5196439fb850b12e2feaa0007cd289eca1945fb5;1097;Deposit;100
b01578f9f0c374eba04a8971dba1da94224999a7c2c443500e96e32a095eb2f3;6436;Credit card;156
d50969e27283066ca1f2dd3f1d9aea43154a9d875b9b714ffe68311b9763bfbd;1606;Mortgage;12
ce1e585456523a113b83fd0c7ff29b27c060529392f771fbc7ef1cd328daf316;2393;Deposit;30
7f1e2b2e5b2735154ddf553bdf39da09e934195556f41c3b0806792b5535d546;7634;Deposit;162
c6b70ef24cff9fae5da15093383ec516653e7ca626541c9e3a1d5f3c58f014f2;6975;Deposit;20
bdb3964464cb4dc67d605cd56bec6e328daa1bda380ed22af048ec84c98a4e07;2029;Consumer loan;132
ff6fa4955d301bdcd977bcef17ce00abf18c7d431eb22e83d06eba535293e172;2243;Personal area;86
986dfc5eba4f4c9c6b2fb80b480c2dcfdc0a87f59ee10b70c9f7a0814b5b94d0;5161;Deposit;126
b6b0b0adbdf63a918e85f241fb4c454f1ae8e1ad3f43de38f80803056660f9e0;8619;Credit card;113
d9e8aa8b0b5a8d4353c14b6596f32e7d74e7c3dab898bf58b515b930185bdfd1;5702;Life insurance;31
2fcd7b4e3e07e921584178c0c56428f5483d2af3de2581a451332900eb056cb4;9358;Consumer loan;29
3f78240bf83813190f80b570455df542d618bb5e2b32a5c777286029afb6aef1;2781;Life insurance;160
40ad1669bcc2bc1d6860c6e5cc32f5aa3dec6812a6eea3a49c3790c232d4753f;5430;Life insurance;73
7e5f7d9ae6e87e9e8c3c248c244c6691edfdab1b05c9aa1c830972ce7cb6ae3f;8705;Life insurance;173
d2c3e6003418567494ca9a26ef3fd808e80ad12648dafb816867b5720ebda92a;8933;Life insurance;60
9801bb0eeb4adafec4feaaf79a885b5033aa6442f9af5c76b8f885fa2f5758df;2461;Life insurance;40
1ef39208fb262e8034f477d7825b3fd0d064c61c7bc65cd412acd1aacde74389;902;Deposit;10
7b47cedeff4eaaf9b130362316206c3bd58b76ee965af22c413b2e75c5864b12;7347;Consumer loan;31
d3633f49304c325326efc465f482967b5a925eb41f7102220d99e5bdc1418541;9087;Life insurance;183
16faa25532b3bcc39a3d31c08950e83c32fad1d8f142a81630fcf3111cff8008;4387;Deposit;64
428bb65ae76102831c39c771dabcb5b1c4d44e3e334fd624da31fe0213905785;4651;Personal area;127
d978b7696b77a4f2df2d406e26b84d80090085820280f73addf60fed759ba3d6;5734;Deposit;108
39ced375d277bbec03ba44ddc58f7b152c1018d106435d6c7a7c5d370ebe9a05;7401;Investment products;125
bed9cdda00723f18350289b0bc505b485dccb07b80137f0e0fea132406b5830c;1494;Investment products;11
7fca3466bb05ecc80a26d707512d288f585227f3b628db26af14ad5bd786630d;705;Deposit;179
fd62e8c1be82a49c6f6abb69dcede2a465b0d859daf08f3e9cec75c68b875068;5282;Life insurance;114
98139e6cf29720a235117501828c2c8724dbec43203ca9389653edc252337bd2;9031;Consumer loan;20
629294cd7c014d2e54be7931907da431188306c73e1728c157a0c443beeb72d5;4630;Credit card;55
e8d7f83a5fc637d6c19caa5abfc618f65982c1c7c02a8d9c1d1ce5dc9d85beae;8244;Deposit;112
743d397c587297a61c5879637546088b1375d34c9b30c7a6463ec488d97751db;8448;Credit card;61
e3f1046300484f256c2a8598f83db1bc7dcb9c93cb3bab39d395f2a9f6c6cf48;6853;Mortgage;70
5625c75f8a9d33fe2f633363d15f84cdd7c6131f4139fc639d320f4f5d34d87d;3514;Life insurance;11
d51874d8810bced2fc9ababf259521d3f3169067f6f52e1fe4e2b6ac8546b2e3;9771;Investment products;129
a002d6b2816ad2c24d7fa044f4821e8c1a02e67aebbc56dae8022013fb97b06a;8180;Investment products;103
c644cb9a99cda2c66cd5a1afbdfe74dbae2d69005e7752bad118a3f80fd0089e;5811;Mortgage;63
6fbb54a12322ebe56a79caf8e82bcc0d97fabd1b6262f71df9c6503bc9c82583;2498;Deposit;21
a1c7836a611db040677bebe1e1b8b86c99b67c742c478b0dfb6313adf4a4225e;7435;Mortgage;133
9aba68112eda2b0b0568697c1437e7ce09220bc67ac50c6aeda150c04df5e463;3089;Credit card;171
ff45d6430919f58aeec04de36af15ee8d2427e710a1b29eabdbfbd25ada16fe8;1871;Mortgage;78
fe11520115eec6f319e0c8a74782b78bb3c38785ae462e5236b35bdae570fdd9;5674;Investment products;177
a60c058162e67cc2c35714d72ee755df800586f380c00f53375abb37bb518474;8488;Life insurance;81
fa00c64d01604de1a52f8ed17ac89fe2814f6dac8f3cdfa514eb60749584dbe8;659;Deposit;35
c50c16ffc906feab304ce80045881e9e1a28438b58f6547b5d29e84bac7ca10d;1132;Life insurance;187
80f91b102ba88d1737179787e712c1633ebd4fb761295ce5b0645d1bf9ebc132;5561;Life insurance;121
d3d54107ecc99fbc9a27de7303ba635e40b5a3c2b1bfc38a564445ca998bb6c0;4633;Mortgage;126
30044f3bb5d3dab7909027cdf10a2fe2acabc7f59e740d52c209f703929f8320;5379;Investment products;21
114fd20ef572b81dfbd13fcd5c196a141adb0ddcbb1c34d33f9da5f36d126e91;919;Personal area;120
f52d646bf18dc04d19b739646ce552b149a95adb8f23ea26d0175548140f6f89;8528;Credit card;181
2cbb08e6bfabe4ddfb12dbe72b54eac3e063604d7f5e47483827c7dcf09fc7a6;4650;Investment products;173
1b917f00da8445815444d5f3aa93d44a6174c1f3ef10416e2b670e441bfe284c;3300;Credit card;67
36ab01b47b075e57bc83f08ed86e0dc3ae958fddd89c1deab221ab059af08c60;96;Deposit;58
c4dfe4c6f3ae7edf5f085c9dc6149d93c33ad20930bbb073906f0bc45fa001d5;9889;Investment products;70
e7e630648c84b94cc3d1889429e6c689eb40b68668470600947bdb1354e4de14;2846;Personal area;7
362b9a037664fd825cde37872eb908d4b42f49797a72e8335668ff1c3f8c0aec;555;Investment products;83
2dc327538f8fb20c04f023e55c881f4ae83ff0056d1517974401e6d6d85881c0;4903;Consumer loan;24
26170ea3c52c4e654c0ad6ad4a871f0c457160a72dce5166bed9d5d2f775b986;1317;Deposit;146
a679e31cf1165ea462e741e85652b28aafd22988806a6447f2ec4330d72386da;4224;Deposit;64
bf9e95f8547ca2e0e6a35d20f438983cffa0a2ca74c53ad5d829e5bccccf2af0;6723;Deposit;129
95629d530a6479816555bc2d3801f78748bf888192ef8b45959fe8e257ea2833;6279;Life insurance;63
0a5a207c7b7bbd4cfb6a6a02b3fb4b66e55c0ce986eea8d74519086f9d40749d;4055;Mortgage;73
6c19857beba9d91c37957c73da4d5858d1388d2386218fe7d2fc34f6f8b88199;4661;Personal area;125
f6b26b364cb639ef94ec6e0605518aa6a2da8d11ed855d4cd1207e3d92a1e2e5;2156;Personal area;198
21f4bcfaf4e3c68191bf3f4aa716b1bb3f6b2390e834fbf9ccbd5aa4ad3e55fb;1175;Mortgage;182
56df89a1433f448da006fbc5356e32b578b895e8ee99cdb53c99f5761ce0b10c;6864;Life insurance;50
9b93b2eb1f1d91c1ef7c83261270fd1d24edc74e1a8b8df149357ee7f7959a86;9604;Credit card;116
795d97945c689ef3531d06f5072389816c864229c0b66bc7f1f1f0be7302cd53;2316;Credit card;95
ebcf0fb8e0dc1f6711d46026114c6cd6bfa4d2578a7f99f31e86f59410110c03;6996;Investment products;73
d0d4ef6eecfe2760a70b9815864cc49784165a5ee9a01b86184244b000cad518;7371;Consumer loan;179
97d5ca7dfd1c1e915109fe9b1158dd6785b2f06866f508f7e2b80bd2f9bce024;4537;Deposit;66
ad2ff5719568c54ecbef2973d539e5bf9a753dbd6d9f73f25221601b81fcc848;6464;Life insurance;42
24b695895ded0e4ec9408f0575671145a7653709d412bd3dad0f44770d8cb683;3623;Deposit;180
3c01827c612133c34c39d8f814eb359397ab17df4d54d005f2301d05dd004ea2;8167;Life insurance;70
451214707c6c509c043b974097fabb9239a9d08de4ba1f1c04992b60a777b2cc;5452;Consumer loan;111
f26b0a13514c3d495e8ce0fea08ba14210e0096ac7410f4ae84a3a47dea9c5b7;900;Life insurance;176
d77d5110ce547dd37babf1b183b8a24422d7ed1b1971727ba296bae2ff950545;9698;Deposit;141
14c3e267dff6294e63daa28f7f824402945304e0cc6f28e7e65da18f9fac65e5;1083;Consumer loan;170
4b4bcdb8594d9363979162fc7352125b17fe2a5ed72fcb3727f300994c0acbe7;2749;Consumer loan;87
66b935c46476081e02bba3fd3ba34a67aa263dbc7d24cf410842c024c80f909c;1156;Credit card;47
828db88e74ff1e3b4c0c530a3c22103ab6d51fed37aa1d8431785296ccf925c6;5380;Credit card;9
f46e0f7649d5878ff56aaa0c49a7b1cf1490755b9615474d1de9c1be508bdc20;2622;Deposit;93
abcdbfef717f47210b17f615105ed145b0e459bf88c5283cc5ddbdb5cbf23400;4327;Life insurance;99
4b78fce1083c891097ad66125b2b3676df215d143a164705d0182981a3ebe96e;9450;Life insurance;137
f77e7a240663ff2bbc682ffd8c0fade7e5c287ab2fb1e1f0c0bf10f7a8be7713;8764;Consumer loan;140
3f131b653386db3cd5aa3b63fc24b00458751aad5e695eea7b61d83fc98ac705;2032;Credit card;144
f10fe799c963f9a938341c0eaa86a242be8784245ce41603f3b2891ab30ac9ae;1105;Investment products;29
5857c7abaf9646c00914f6beb3f74dadbd8d1492c4293c47731c5c9c8fdf9386;8637;Deposit;97
65fac228ebacf49421d667f8b4ecdd94844842555ce2cb7a2e875f3a61a594ad;3461;Investment products;74
09927ead89729857592bd62e10a699578b73a4484c3bc24437d7ebac87baee49;1693;Credit card;168
236c97f909054c0063c3dcfc3d036ffeee3769b69baa3bb8cbad75e7b1ae7f4f;4837;Mortgage;157
641e26c7330a6e1b4749039d65f3434265d532be2e65e2d5260d130cf20e9e16;9413;Mortgage;126
9131ad2ca9831dcf08c59d3b16d60a289123b37be6065d895b258a79f2ef5a9b;2953;Life insurance;63
65925153bc5e7b7f16cee15a2a29364577935fe0c90fedc1bc23574de86991c2;8747;Mortgage;18
2058e87e8fc69ded5532ceaf2e4c9d6583fc13812b1f33fd482138d8fa4cf41f;2467;Life insurance;182
86b4c1a899b5bfaa099918621bd6a15984a5f7e412d30a2014f67bdb8b701a80;9376;Life insurance;29
14ddccfa7c07bc792b3fda21848a9c3e9f739d24f4bcfe31bcfecc7c0a290aa6;1363;Life insurance;69
f975c63b2240255501f1ed902ea7a74155d961ba014611b7dce54499a67bed78;1773;Life insurance;14
41a4ca24ef4416029f24ad1bb63ccd48bd97ba34401c5297b69a561dedbde95e;9757;Credit card;76
4b9b90001e97fe954c39b23c4707bc6ba0ff8f9849c946c4f9852e47000e6400;4585;Consumer loan;179
4b91cfcad11fa01abdcfe4d6f642e42cd57c96dcc773a1f37becd77007952f3e;1321;Investment products;19
6f551b40ff80724957a27bd904c89f2f5856b3fa679b813ca27f601d8b305ff8;8926;Mortgage;199
0b7921302acf438282895b84291bacf29bd493cd3666ed21217519e0e7ebca40;1123;Consumer loan;132
2c76ce5db16ca06371258350fe56966589bbf433fef0ec4dec11a6c311bb568b;3158;Life insurance;21
bf62ffd629f90403f7dcc12f9d12439d64c83453d27de24999c99056f01ca67a;4641;Deposit;154
135fa202294a4106a47aa90cb03d49c6b5ec554fe9df63e88186803d2a1d83c9;6726;Personal area;61
ca10147977790a3f72f3ce8a12cd9c7c8b81bb6ae68449f4619cb82350f3d25d;247;Deposit;38
cb9a3b21778878d3abddf7829072946a7d1598f24889d160398d50db506b439a;4932;Consumer loan;176
43073a05bd48bc45c75db1dc4317226070f539ea3ef7a99f1f34275cc02c3236;6504;Investment products;30
0a27663d497d0d10f6d13da6afbb4039bfc4ee6ba8629e3c73c64a6e2078d4cc;9096;Mortgage;90
081fa7a9bce8fdaddc7672f7ae375045f58147566450fee999ff863f69d7e32f;7214;Personal area;55
fcee53174c5d707fe39c2b0e62bf55d9b2e4d73f8bb01505b3a12952a2fcf920;7614;Personal area;135
28becb6c18be2186ddd48cef45b96a418f63e63211415955d6846844f30d4c64;2085;Life insurance;193
fc9658d29f7c969c9f30e503926531efa7f74cbaac37a933d3503f6557e5e60d;4844;Credit card;21
d9e81197b97a09304c0c4bd2d992b2f704b064e0ec856b968e6761770199c245;9699;Personal area;54
8b3db68cc744a0e1e44f14e0a92f4503257b531b56b3ae0f198a81bfcdf12ddf;4312;Deposit;160
c731b32ab143cfb655188167b4fa8a5794b873f08efd1281df29a329aed1e24c;226;Investment products;96
315bbecf574331975d6519cc3e8c72c54005eea5771fad4890bec59209979d9f;6033;Consumer loan;18
8eb685bd29a202d7e54f01aa7a28278931f762cd0ad84b52938afd620b2803f6;4091;Mortgage;180
3307b7ac85d7e0ceb0b47e6059f793fd5345748d3aff00e3929319b5a4f25ca3;609;Personal area;174
f5435a478f0a00a730043cb777bc71bb6e7e57bee12c55d42a580b2acd24c888;3926;Life insurance;144
6922365f7e1783722e16222aa38872e9168cba1c05feb601664053bff0be1a72;1851;Consumer loan;10
c7a26047d7c6a3daf0210577983c22f965c0c8b9abc3a5c5713f444273eb88d4;1648;Life insurance;148
ea703bd0711f9c7866df54db09be338be40289d84305cdd95bf80b110452670a;8932;Investment products;124
4f9c88af5e92b0468f3cd867f7162118e0cdd88938b46fa8651ee297a9f8b33e;7747;Mortgage;86
70c92b7e5dbc0520e59b8938918f6577efeb283cd47947027bf4c236e27aa5b8;503;Life insurance;8
28a61dbf2bafdb0746be2088f3d51cbd314f4a7dde197f3598c85949895e4c45;1850;Deposit;117
efd39ac641dc651ad99d6a513ae1747b10280c1a09aa8c62dedd74a0bfbc32bf;1152;Mortgage;16
ddc6f447945ff8fe04734ea32c227f6eb3e16fe61ee32c39560982c97f7f8650;5091;Consumer loan;35
6ca95ad797f9b5494d5fbabc95dbc43bf254c5a9ab75fbc56cb3bbf66dda67e5;1562;Investment products;18
3dce0236d425d342834efe2592388fecf6d430de5591b0a1c4c51769fbb6fb76;2555;Mortgage;196
53c742793ec0c9a3844979e1ab4488e5c1819003aece580d6598825e7ca516ca;6814;Consumer loan;145
d8a9b2feeafdb12ee4a8ecb38845f5883a58b506d5175f6277c890c947db78e5;7419;Personal area;130
98614ead4d1e315e5695e25370c7e578b703ccafced32a4feee82c9691d7c1f3;3936;Life insurance;190
ac522ca4cadcf537f6497bab032a38d901698f7efe5f437f75cdd9c09f93d87b;8331;Consumer loan;170
8b443ed26039b94ad40a93340af20b727090bacd3bc4fe16abda279fdc33c188;1630;Mortgage;24
f33daf42d960b83fddd21e9ba92ddc651723f37987bbf751f93f4005a0481c8e;477;Personal area;153
c5fcfec1e97e713c60d4fd0e88457aa6e070913983b41f1bf331366c4c919db2;9758;Mortgage;85
6c7afdb2b5a1b3347cd65c91ad03d1790d41bee506dc70e8a9e178a45855bb3f;683;Deposit;6
1319a8119d0ec2165292f2a907197afc567b10570e2702605fb9179c89358b1e;2844;Investment products;149
2b88c50cd0e91829c140f20c73affc97a21751dea98ae1496b56dd1b67e72a95;442;Life insurance;180
30fd20e2700394681b9ad35fe081394586f78e9ad0029692f1b068df8f5cbbeb;781;Credit card;165
1b408cf9746dd99d0d4e1ca30c6639c8a3d43032e5bba2782be531c65dd733c9;376;Mortgage;179
acf9ebadebf64772ab2b4414a245ef8e2e069d3a7de87c340ce39012cee5c106;4883;Mortgage;64
a073fe79a429f2334163acd370fc031148319b04f9bc86c925ad9a70e46b7734;253;Consumer loan;51
6bf555dd93ef51d74484976bcf069236a9bd34974b148366d5e10e0f8e286571;9262;Consumer loan;140
84e64f2df043a9ebcf1a0cd52ed1eb88c24a2a7cdb13586cb8e66c566c0031bd;2964;Mortgage;103
b3f79e0f5bb780e7ad764ec0372c3f19a1dad53ad7264995f9f68dc4cf2a3561;2593;Consumer loan;187
ea6d3a8d315805036c1de997db9f81d7cf9d6922a3ea4c4fe3dac28549f1d304;7332;Personal area;27
71b17779dfe2f3726c159a2bc98fb9751b81574ca60054f7df113f19eb820ec2;4333;Life insurance;19
2226aa5166d9a4439c4ea6997a3f63109eb4816dc5a523a7c01faef640feec5d;9536;Mortgage;107
33b51057331ce2cee34e7baf2c08715db7f6455eddd2d4c526065e6a5d275fc9;707;Consumer loan;63
f57cab611792b50aa0577d45e2bf27b19c0787f9df10f891f7580dbad4416d50;4275;Consumer loan;119
332b145ab3d745441e62027acc90aa8b5b9e6792aff2b594a4ab106a3acebaf8;3343;Deposit;57
14a18d6269fd0818308383d376e7eb27132b0ffd78c94257406093bc8e01f280;8448;Investment products;18
8669382472f97f75a48701d0a6ee7d0311b8ee19022648f68c55b4db9960456b;3087;Credit card;38
0a2d7d825a9f21879eae59b63d913688e3259ec23a3e5d1384ddd815cfe4aaa8;8384;Investment products;102
3921119a282f0d5cea8800b2958d14ae0ef795006e6a4479bf3182f0a2f23ad3;5384;Deposit;102
d8a4d601cc159caffa846a4e9329470e0cc87cf0fa4fe9584c414e859313a430;3188;Personal area;7
15e9fb940d5f74daf505ea6c7a4784e1824a5803fcb5f01d55ecf9c18b8d90f4;1427;Deposit;36
c50e5b06771b85d67066749c1ae4eced1e5d4da6d2d3b34fa3a6fa1815e00ef5;3717;Life insurance;43
aadd593d79a6acad51809713ed5cc507c079a004a1e015714c704000c270c3ee;4896;Investment products;47
5b262aaeef19bf05f8a2c6539239db35d2d5069c78de88532ee072388a6a9e2a;2174;Mortgage;166
7d78bf1c1ead3722cb87ebb734ce8d04d964cc33fd3974da7366f32a16de6c3e;9191;Life insurance;182
e7a472233dca5e5933e58116cd9b4710acc9bad7e5baa347ce84e85c9c1f246f;6546;Deposit;8
05a225ca41ae16e394c04d51230a9b30628361d1f2edbfb0b49af8351f68ca60;4180;Consumer loan;163
7ad1329ea57af3345d1a4d1d12e6f6d9afab7e64c656042a8f32f62f141ea00a;3617;Deposit;89
7e175faf4eb8193990d77c930792583708453afe074d57fe74b87fcb5b8387d1;6722;Consumer loan;182
772385d9c75e0f435b3be2c46dac11b3316161a933250b2c35536d58ac046775;6107;Deposit;12
0cbd3010b448142ab11f170d8d7f88701927d27ad254a677124dc891f2023848;5445;Personal area;48
8947394cce3258caa6007a9cb4a9908b6526ae8af4c1baa912df22c22c0d59ad;6708;Investment products;181
98d3d154d81623bca6b9e890785a86ea5c6d5a498740b30ae441bcedc8c8fa77;4;Personal area;13
856ce6c7017952f365cd8d2176b7926ef31eb883c2bbf18f426cd36535a5d65b;9885;Credit card;57
9525ba3c50ea0aede5a4e784cc8f4f89199c130663a4f86afb591b77f9504720;5523;Deposit;81
dc8938de07e08af8e70a4c17d022e46a56f401a97b9d20e54c23ea0a35195052;5202;Mortgage;174
52a46b522e778c90571d03deae192d60d648ee9747dc161d002656cbb4ae50b2;7437;Deposit;183
808ee5fb03667307a66cd00c179d99d5d49fedf8b333a868499c6f2ce16fc466;2430;Deposit;106
de79710e2a6552390830bc5463cc10428dbd6822e040c335ef146fc325ff863c;2911;Consumer loan;34
f25629466228a5a4a38f202983fcabf41faf12cad3b2b78784e5ac9e9307e777;4184;Personal area;80
710ca8153038a9e16c00fd4c1235720ee04f9387765084554acf3a4685ea08bd;7369;Investment products;169
dbf82cca41c28254eba4e3672853ae66a5b10d8951642f29b430362e71e474bc;3859;Mortgage;86
eb0320fe7354140247b7d103e50903667cf1d5dc65fb052418ded66f1efaa190;6077;Consumer loan;28
1e8c0d6ed2e3598ee32d353369cd34e24d26aecd07b795da7939d97b2610484e;8694;Mortgage;132
e451e8426548e5b2eaf4db864391f8fd43ebfa21069dad5d8eb80ffb2523bb84;728;Investment products;25
35e48b3022b44eb70e989c98a88b879e081525f770f388f3b914a0af2dbc1b7d;5008;Credit card;103
88335ac9379e0f460f6bddeb8891933ebd1523825bf04fd243cb43f318ed440b;8499;Investment products;15
07c4a33e9186844798814f2a4cf23e28176969098bf9e0de032dfabc59db52ee;2296;Investment products;27
069d1049fcf63441357bbd5a035180921148bf41c610f795b6fe35306352af19;1777;Personal area;149
bd0ea6beee265e5a9dd59554ecf03fd2ba4665d5cc3ea767ea40b782fc2f9797;980;Life insurance;83
42a74b39906f2992c63a0c26d54a65572935e3b71cb75292d80e70c9eb7d961b;9924;Deposit;94
7c5fe54520a9703701cb8d0cba8b1d1f2132326ede4a3c8da5ffc93002f961ff;2373;Credit card;119
d4a20a9020ca3a6eccaa1a4e0fc62d3aca85e169a6158fc3031ad51badf2beb4;4029;Life insurance;27
170d576ea76afc3125be1864d2e310b6cbf3c0d5b667b0e4fb3e9428983b1c1a;405;Life insurance;171
85c01757299ee41e11a7c2a3f85b0d4d46f64b390abe6e609922a9194c7371dc;7866;Investment products;170
b38f4f1f5dff9c26075d2b03dc5dee9f0b1439c6cf4e2ac9ee8b9c3d754eec71;7771;Deposit;10
e901e3573d6b0ab08d4f79ec6e1e25768cfe94b45d45e2cc7c8d0ea1b97246a4;4442;Consumer loan;56
6014868b1894aa940288c4f2fdd2465d3d6926baf9e21dcaa790a1135818a901;1479;Investment products;42
3d0dfe343a2787bad5c444a5cbfd2ee6a823ec23cc04e8dce1ac3b2dc1cee591;6633;Personal area;123
6a5aee9be82f8da9f0da1fa9ed1ada69172ec0758717beeb2527bc5a78c81990;812;Credit card;85
f525f84a03c3306e431d87fef9e599f3d9d4c7028346c9526cf7ff986fec40bf;5678;Mortgage;115
faf4d1a1af80718a2335a63a56b6a41f6f4c4ee6a2747b0070889562a9a180ab;3386;Credit card;108
7fb75785a0d78287e7b5ead70173b0af36d0a68efa21c560709726082c33b4ab;1289;Deposit;4
18d85200e27a151271da73bbde457c911bb56ecd6a21a60df5a714c40545dfdf;2158;Investment products;129
c856b1da845f6025dfdd294652076c25836934a177038877ed5a42891d07ea21;1117;Personal area;160
884203893c75f1a6d49607e6ac3256ba50ceddc8ad90f816852405c1ba53af3b;3120;Personal area;199
7c01c2a3a42a10dd013ad216c91b1a4645ec70acc6535f93c1450ac6b9d458ac;2898;Investment products;112
9f0f3748c0bf68b2e45e215b105aea55755070eab2ce1d5b3941c7d2920d78bf;9535;Mortgage;75
48a40d68f616c708462d9585244f59d43a9ec52a6ab2d14405dabd270edee8b1;1761;Consumer loan;153
7fe1fa99d5633901fa92e4c468d1e9629e165a70c1131a3479e15344d57c7c2f;8653;Credit card;5
11cea13cf737dffbcf951b6e57ea2fb75a81c534ca0ab786e67a657a377d4ced;9335;Credit card;164
05956156b466335720f0ecd056df7bee8f9f1cdf6e51c66f504c404656d9e249;5528;Life insurance;18
2fb0901cb737e09f2cc9b8f9a9b237d6058a64a90939c8b8b1001b4e7b4a994b;1207;Deposit;67
3628cef5cadaf487774ec69d470e7510a8a3e4b98c177506b5a556ae02a761bb;1862;Investment products;45
7d392be79b6297a3a67bcf0c3af4d90475853a20867016ac1b5172d997855bfd;6450;Mortgage;41
702a84a0849354bf03f83c106467096e53412dca91bd1b6f7a7c8f1b93fdeb65;6236;Personal area;60
8083385c0a66a25608592b655eb4f4f25d3478bbfeadb6dbc9abc2ac9576282b;6763;Consumer loan;199
aec3bb245de486e6f51ea661cdd97898ae8513bfde1f45d00a4bbc7fad1f41eb;1246;Mortgage;86
15a01d872331e9e318929dce709ff391a84f2d5718d513a23d1e01065ff8fa54;4334;Credit card;45
f6f43f5d580143971808372e39052a32c1cca10ec5e4e299abe623877c722a3c;3551;Deposit;24
9adfeec6ec2ca04d3bf2930de829ce75fef09db1aaa09214fde65e68f213393e;3303;Mortgage;162
aad74cd9b2b00c15816812e8d3b967403c74058b88a4c4d79d555a0803354533;4983;Deposit;165
29ebad54eeee494b682e27c164529146e0d3d04855a61509227fa4e25c83751c;9207;Life insurance;133
aeb178051c97087644d9667dcb9a84061f80afdfef0a376b28cf4c7045236cb6;1499;Mortgage;82
039c628731f185a66ad50ba9c58318a42427264bccfbc5d273f9249fd61aede1;5889;Personal area;116
55c6da68cc8b3f9efeb57ff7abb3a442b407206e287a1c8f6d200268e23caf3c;1633;Mortgage;121
1f4cbd409b8c8502a5841304b09c2224d4429726e76be550e2774fe426f39a5a;8560;Investment products;187
c189bd58d69c86790f75a7d8989ca6da5c225f5452b7cd16ce42b0f4adf4ac59;6040;Deposit;111
46cc4512d34d73b34d8a641ec0475e9abc54f4780614562a91a50a467e70463f;8454;Credit card;43
166b14287455b4bb69c5c3d70314decc905bf8f4673bdce4db8acf24c1fc7f83;5609;Consumer loan;47
a6f8e8261cfad8726efe5bfa4115fc0c8c87c70bf84c4dd80c69713e48589cb6;9547;Deposit;80
77f2a47cc1ad45398e52643d44554e75be5098d2a5bc16d8767c68c8752c0096;6233;Life insurance;136
1f534db20ced5af6303d3e9a2045a957dd27bf33d64949b0c1c1af54e5e21be5;4019;Life insurance;131
a9fc3560a19de043ce70a1b1c33cecae8bedf4a7b8ce1cc8dd251fbc8ad9760f;7276;Life insurance;119
25faa373af6b536404477d758bf75455dfc940696fc7699f613761404342cfa4;2101;Deposit;143
af5103f65921616325e22cbcf90200228aab49145d9a9e84103edc05f12fb99d;8962;Life insurance;119
7590abf3b5d38adfac14e557d38d03f57d4a28b7a316023407ab81f8ed909070;3828;Investment products;22
0f321ec1fc1b61ab01bfc0c1e04b1c94bc18816592d85029274993c66cd4ce1a;4956;Life insurance;121
7133ee6c3446fb173823eaa93338fb7f6a351b1d4a5f50edac8305276444301b;9025;Consumer loan;117
1987a17414c91033c4701882399adf05dc7700c77bd3830550f1aa1294dab917;9767;Life insurance;74
01d37134c13c97f3a8f7270d2ed6e99d18f1b28e13a919a2f8fbad10c5f2f2d8;4919;Mortgage;45
f00493da81739558129c29cfce67b1d502873a16d3762b9f30d2c2f2c5ac2b8f;1305;Consumer loan;140
4061f171f4568c4d70026bfa493dfd4f91608aa62d5e617d14c6c7f065e0ba06;6244;Personal area;3
eda0b368c327a465c5d4b6ebc4233daf16c242668f2a4305cef505f5ea1741cf;9967;Life insurance;193
1a82571435a9f8cd79b7f64698dea17f76063d05874a04c7a7e55f103c176a07;2465;Personal area;27
8390e456d86997cdfae541ddb6a9fa9ee5258563ac4035e3088cfc1394ab69df;9702;Consumer loan;46
dd311b379d2e9afe316c0fd95d31ea01222d0bf008a301bbce5489e63fab3993;5012;Mortgage;87
321afd617f061d27949b99546df9e318593cadfdf04f11bcfa8940346ccddcfa;6484;Credit card;98
5aae7d277a4ed6da773f26adf5eee96062a48e20e78565c1614e36ad9ddc06dc;3280;Life insurance;31
670b115360d6b2ec873367749b6f81307db3fc69e17270cf726217ca978e9446;5857;Consumer loan;91
dd0bf712dc9b88a56bba82943958c4ceb30e5fac9c605ec041da75ed87a0c95c;4407;Credit card;158
985089b6c78ba28f7e1cc9f496007bc16f6085cedb7e076288b206ecbeb56257;6825;Personal area;120
44e5e705a2d6201b70f6bbbb8ca2b0488e38fb8f295ad9f97e3ff2a85c079a07;330;Life insurance;56
7a4c226f0062658fefc033c27616643ea8e09484e386a72dbd0bb54a4d73371e;7301;Consumer loan;31
956a49228aea889cd95ad3dd6b5bd460bf0bdfca21bd3c7bad9771cec0afc515;1135;Investment products;103
838c96f23f2a24d54dcc1762a3bc0f3884761b5e404f8dbb289bc2596bc551ae;1696;Personal area;33
b6e65c640477fa6d897198d4008d04883c4ebb98ab38f5ada24529572597d046;96;Mortgage;110
190acc6338bf5ee71616cc678cb63de20d1c94998619c14146fad564b6ab2388;2441;Investment products;91
f2ca85320b74cbabd7bc6c108f4991da10d8c31dedb217b908d1fccbb10b64b2;8271;Life insurance;13
3585c59d00631a5841fcb42bdf76b64f10be09e391791393411c9f88f2f54a29;1269;Investment products;63
39281be040ab383b9f490c892a476d62bd94b1b83e6d69c711e4c74f61e2d129;586;Investment products;7
20d2cbe6570bba2bbff2add3ec16816f467cd89991fbf5409cc549a9b3b66677;8735;Investment products;172
e8ccfea467ff904118799b4dcd02345d2461787c01585f22553c014992d8cc25;7620;Credit card;53
4d76dc019606ce10cd0212c01e38517308f4f2f2b022b253313a8d77fe6548a4;7626;Life insurance;68
1d38fda71e78e3932092bc851e2401a8f69e6c49cab011ac0febc2f18c9cf63f;4337;Life insurance;87
20b4e169ad5c71b172c4b73befde4c6159288796be85e9df595bba5672dde156;817;Credit card;93
b9bfd717a62569ba05d06d22b4cc8538ec28d064387479fde42efadd14dc44b3;462;Personal area;94
9870bfcc742926e51a96221db0751ac8571dc284d004eeb932b7404f23282802;7450;Consumer loan;188
c85381fb05cd9d33e431c2a689e1553495af5a6082152cd67a667b6ef78592d6;241;Deposit;19
7f174f1197af5b34e65f1c084c3c32ca46cdf7167a0e107a4aae83d697b21811;7181;Consumer loan;161
2bc46fb80b53081b9c6031f3be5cf995d941b4c535b228e4367fd1a8b1d211b1;9740;Life insurance;177
a0e52725a441d035903c167d730b3c2d295cc72a652a75ca12577d87b9628bdb;1366;Investment products;91
82601229269fc4e8ac1b8e61090aa2cc902ddd6d91219b8b8cc211f4219b1228;3298;Personal area;180
da6af8bb7f45863593f1ecd73bd9e317877c25c53070ca10ebec972bae2b0e79;3303;Consumer loan;106
1bca7dda08640b8814b9a27e83e4232b9408dd4730fafeed024d73f2b347606c;9209;Life insurance;55
1bdc9a07f3e604698e5e3bba1848f91f35f5df4317eee4caea0ba33445d15b37;3962;Personal area;58
53efcf60f831762155ecced1eb357fdbb34ab06cff2683c879f0456fa1e3fbb8;6430;Life insurance;128
ea7c086879eb9fea8a69eed07576769e2b00c3d4c3acb4e18d4ff6708c62c883;2245;Credit card;38
0cbee270beeac7c6a3ed9f05f25e09135b816d80757690a174d131263915859a;810;Life insurance;42
4330becc428e35b3f6afd00bc4fb1fb2bea6ffb478077d1a130543ce24f5348d;4039;Credit card;5
edb6262b8d5526b4efb590f499177fafd8e0c8664d6d9794f4fd7190caabf319;6894;Life insurance;19
0adf3e0d89503488494ca1fa30a86611627c4b614295e31f8b23b09749082e47;7252;Consumer loan;88
a65d08bbb11c30e39476ba6d23fc3cf1075b134ed18517d9a23590ac08657f50;7931;Deposit;159
b088b47ca283bf98e68a262e64bd05ab1e5370a29ac153239f2a4ad76e5f99f6;3413;Deposit;43
f654c5fe6ad615b1f927edff54a3024753aa311365721fac093983f02a13dd96;7998;Life insurance;66
7a93159028378d1b0354d072a76c9cc8df2ee7dbc8bddf48093f48047bf7d248;6316;Deposit;172
db4c408bd3aa8b2ea40748cd3aebba2ada56785af2f48055bdb569b814a04050;4187;Mortgage;51
c617548e92d68295a8e9dc49132ce4eb380586e49152901659e3bd00c2270de0;3662;Mortgage;119
b52ce376f6caa19093fce5c87b4500a4fa7038ff754cde75fecf151a9ed309da;8087;Consumer loan;131
887ff755e541c07d4f7bc24654416e496e22fc2652e3472d28e389fe88bf35a8;4581;Investment products;193
5b2bae9e1d5f84c3336ef5ebfe90ae917843b39c0dd44f5e27ad345175703ec1;8838;Deposit;7
d03f338b42f4e8deb762f94b0df864a7ac1d57072d80459456c14d4721b82e71;4607;Personal area;175
c67b003c4e0265264a5f8e2f52a28e314259148c42092575a58b40653ae106c4;7029;Deposit;79
84d931b283a230c74ccaaf2d8411fe800647559098203b28f158d4d2d1d1409f;3248;Credit card;41
8397546bc8b44aaa3fa61e1d83a88b5327cc66d06626bc7886583d9558254e91;8496;Mortgage;78
684da3ea7fe2f3a2499a385704d070ef0c5e1af0998b43c555c1a585af670c10;3945;Credit card;123
36633b9012588d2380122d8c9cf25715b38058e2789faab46b1ddc88c4fe2f2f;5116;Consumer loan;191
e018ee29a786fca666fbc9580e5aad15d399c7c8901cc21e08fb704a7285df45;5591;Credit card;79
222c9c5368344efa296a3302fe54429b081444cf99384df4591e76183c6d128c;2834;Life insurance;76
24348a6829da1c8ff1c78e09e52c435c5a5f54357ebd15194c5df706768b7a73;6741;Credit card;110
dc629277c40affb7ae9d074e006bd5f16943151089e5732739539842a2fb64fe;7633;Mortgage;166
b813b11969e547043895b3355fecd63ed14edae93aa1a3f3c781a44d41ea03a8;7279;Mortgage;157
1371de714f887b14d8b1d7f55efdb1f5f178acec84701f5095b4e451631942dc;6732;Deposit;82
345bdbe2b2d65679fb7b69ee27a3365ef30a63c18c10f8a082aa8fa750133505;7750;Personal area;140
275c644d925f170db5066db3c734c9ffb45e27c87551e851e8c4f2cbd881f197;5239;Credit card;41
f271006944786150471acab11607c85dd8d10a105f15ce09f17de69c5dfe93c4;3067;Credit card;98
083ba9e74a74829859f1bccc941b181115bc8271029de09f7d61c2b4115c4fed;8204;Life insurance;163
efcd543dd4ddc56e01a66fecc6dd2b416ac7f8054de015d4fe7d9633ef15d22d;4916;Mortgage;94
b904702ceea118bc6bf1a7990936de9bd392731f0e0c51cf28fef980c43460e6;2242;Consumer loan;91
128278ea95a29b2c076d15b133c4cc903e642cd9c29ec581e0006f8454a1f72a;8003;Deposit;160
e9ed476ae89076a5442a435f7a81e540c54aab6b737f43e875ae2f97d758f584;7925;Investment products;178
3a2617816566c0671da9e3b34dfe26ba1f87b94d9c02e436fb01c801dacf6e96;5038;Deposit;196
4459cb249ff9bf5af3014da7244649c2458c8e51a77281b09ceb87dc7be6d15b;6023;Credit card;36
14f60917f9339427b217a44d59dd597446923bca089fdec0ce3eacfba28608c9;9525;Mortgage;5
38fc34b0379b9abfa00257b16e6ba8b12ab990e86fd4626bb998e13aae12768d;3277;Personal area;175
bf6960576fd5583fe63bcfd4ef8a00dadaf1c0de1870fae0c37b1e4d19d7975a;3858;Personal area;168
28550a13a117a4b69d19ec4ec64892032d218cd429bd1c667dafa9069a22fd4b;4553;Life insurance;134
e8825a19d37c0a05e3c95b6da6989597dffe0d91743e9816ec34def43578ec4a;4726;Personal area;130
3c45a6ebefd2d7067bdc186a48213e8d82378a06c131aad11e910f55f997df57;6881;Personal area;91
a6b65ba369ac9eeef9337e430c4b8a96703a9a30f7791877668e9400868f0d95;7851;Personal area;105
f6ea47f421120dd95c937d836431fc3d219abafba11b2aa9a89ed1be7bd200a6;7053;Personal area;142
de5d992997b5483266746fce2187c6faefc8081b689770b6439f33d4f4a2b745;2520;Personal area;91
883bcc8c78b061ee17b6d1998543da97a44e8197cdbed6a8338b64d490f983d3;7502;Mortgage;61
7faa93bc461606db8556a26825333b0665a766665e8587028164ced04a72033f;9280;Deposit;148
8c3a7721234ed7bf732d44dfedb24bc33f8bc14c4a5e89f8be4b18b959f6034e;6132;Consumer loan;195
815800faafecc2f1a525c791a46b207a8864a1cbd0c24a3d84307bdb9b4e770e;1235;Consumer loan;125
d3f2ade19df9821483bbd2840c09e04f3aa06e5a02da2f619eb0302f54e52462;4859;Credit card;198
d66ad3e78d4568333094013011839fa3d6be0b9630360c9aa1272834e36d11a0;8529;Deposit;71
ac5709f50020449528950360ec637c6d55fc92767e17e8c389485e8c41e79747;3615;Deposit;37
fdfcf371eb56d8190ab208679b6fed5d1d8af38df871db522b3ad25e33534a88;1996;Investment products;183
41b7f5cfd6130ad044650841f1767b8c03ddccc0e1c3dd07ec8fcf15edb2f2d3;653;Mortgage;92
32696b90610f04e4b7e2fd84bae7fffaa5c2f2c5f91aa0e88b0918668dd4740d;9700;Life insurance;38
f3b39966f8c225476e324d35e1dec6ca4ad5e702181c57e3deaa70767ecbe021;3342;Life insurance;131
c231e36eac346da16fa898b951fc9e7e6371af90033ccc7f96fcfbc1a6bb23bc;7578;Mortgage;27
fa900402ae9525b8a0c414007b806bb0b85e901c0be76177c01fca8239d5fb49;8023;Deposit;56
a857522bed57952e8307402fbba696a8f7944db0067680e2979d28aa1e67794c;520;Investment products;18
2062e6703a3bf2fd18997b96fe94827b2bbcec4b9a3eed6785eae173311cb13f;2869;Consumer loan;142
16edc1046d6f52dfbc2ff2523bf40027c8612e5b7da1782a4909152a210fde95;8514;Deposit;116
8ba25d245d1e0f7737b822cff710d1512bd4d70533f770526b2f3d3bd004dd99;7601;Investment products;91
dd49ba007f3dac506fb9dcb9470dd069ab6eb545965941e178864d192ba414a8;4593;Investment products;128
ac680e152dd5f1ee9ea6a1739cc088c3e2bbb237907c669b2a81a20ba1059377;8499;Credit card;13
7ccd41efac82988274bcb417713d037963b046d58c8d5c0e0dd1558b2f04c980;1592;Investment products;136
0beed8a17d4bcd7fcecb79413d424df71fb8904cbd95551fe526ce0418fbbeaf;6830;Consumer loan;160
ffb9f07716c0e96c263926126c2fcd2539d2fb8c88255cb19e0dae1e5c4f0b66;5951;Mortgage;70
c21cf8dffae527adfcb8f1085d166b28c1eff4d070688a5204df86103d4f763e;5912;Credit card;144
df920236497ecbb19fc11ca9944a6ceff406963f4ca393fa23ce3e95ed1b4f64;6131;Personal area;61
aebcac2595815afc0abf01a82b583c5a77207191b8a3e5183c68143ec1cd0194;2343;Personal area;138
79b1fea5ee268d5797b284a637382fee8d09291addb9318cd41770ba0a32c1f7;9424;Personal area;163
e7e6910980bcbd7356a0253d272ffbe3db442a5be90650a6de1672d4e4525c25;6855;Deposit;199
80ff22c8604ebe795b357176732adeea5d99a6387a99b171d0749f3d6e9b1b8c;547;Credit card;153
56ed264a4a1f3b1aab307c002ccb8c7f91fafa145a3b0bacc013d17789eb6789;6164;Deposit;116
ff66c53e2c83270d743afd427cddfa07f06e282913ca04d12328ee7d1dea6c53;8396;Mortgage;24
b52d7c301cbffec4edfd7e25b33f86abaf8382fad80f91d11d4f84dbee568de9;785;Personal area;91
5521a9ea8787de787ea7b557d1b447c9f2e2b14e0c9cb94c2e386c8fbb8042ce;730;Credit card;2
d57f31837b4222308bc2f2c6f60fd3ca8111e4b3169215c92a172fefc8dece85;8262;Investment products;96
137d75f3e3a7ce61470e3527e492dff7acd9713f06d89f1b845c270f3da4db61;402;Investment products;139
b5d59d45eccb76f6ab0d03dea91172513c0e73fdd6ecbba602bf8f31f338892e;8524;Life insurance;78
35729f05bfd80308c5ce453557ef36b3a0d6555a889ad02afb3257805690349e;3301;Personal area;22
faeb43094085a7dd872259ef775319df3076cf597bc1ea4e3d5b241ee786372e;5710;Personal area;121
b8d685e07df3738f3ba4b7c9160acddd92a80bf7ddcd06b669acd91ae45cc41a;2682;Personal area;40
141923e7f94c8c2f02f32ebb67b0b10a1ba1661f0bc2a5d234fb5372b806cea9;1844;Mortgage;81
8d84586bfa4cbb58af8ba3c3349bdfe95b7724a82f3eb7076c46bf0b7c6356c7;5973;Life insurance;138
ea89a849ea4ee3b6ad7b24cb279aa1fff286c271dd5f59f630384bc8a9f94671;4019;Life insurance;135
9e74009bcc4b86dbce206492aa48cafcb07cc034c9dfc37ae3591e2fd59d3359;4278;Deposit;181
7c2ea962aed72a7f1003de7a204a90d534df07171a2c2c9972c8dcc37a80dbc1;6009;Investment products;149
b304d449ec71907bb54d7856a306a2241a6a1e820acd6c93101033d14ee48ba0;7108;Investment products;54
580344439e5ec1c81b43b35f6e8a232a262b01fe71ab99d013a677e8c33ee382;5897;Deposit;161
91ed2db2b2eaea9dd2bf00437f221726d91b1304097b5f904ba6bce4912db2b7;1655;Personal area;151
97873205cd98ccf231317cd9da838700d4395ca1977002c5d75329941f6c3044;7035;Mortgage;40
908fe2d210ee5b306b9c5d170ae9dd49612bc0270a570143c9885e00628fbd9f;136;Credit card;14
bd789018662332a194c62663810e170666266934dd927e1d8b76cfe19d9fce16;8708;Deposit;133
105d6e2dfbe4300e47c53450d24f62492bcd1597daa77cd3b846831a69f8788b;6649;Personal area;136
d64ccc0198920baf49ba5d8bfdb5f9e1ff058ced077103666551fe0f4bccaae0;4000;Consumer loan;90
74db0733546524fa749a615c8605c2a69e659c00be0ae64dba1279c28b077e22;7171;Investment products;149
832be7a0bf4b385381e8a97da296a5c00957892fe1554387ee4c5f980be293b6;3797;Deposit;158
3d05a37dafa11070eb8806834f8443dac9098d545640d54ec23f515b05ea877d;2038;Consumer loan;56
e7153c3165e5404aba92970569d1813b42829ff2efafd1c2ca93dc651d49faf0;1768;Personal area;55
54e4326e7a2ecefc0f193c6dd66fa8f82e837252c40b434d2bb4e24e13e0e27e;5215;Mortgage;122
70a8c176bd342ab297fd9735773275e460cade0264bc8a87fde7bd26f1bf2c33;3556;Investment products;7
57aa535b6038cfd90026152c978c845072ecf90c19527168455fff4363b4f742;5072;Life insurance;197
fcc5eb2407065589260144677574d0bf233bb6fd904942aa7555ea60c2c8dbd3;5745;Personal area;11
b7e18b8a194af7922e423638399b003e66cf761c7c8441887102bd857e0fc467;8938;Credit card;38
3c30d4d1bdc18b5234ac4e66942944ef6a462bdc8f43a7579fec81a33f7a6781;2689;Credit card;155
264f099d4f055eb70dfcf164df531cf016cd86787b32d7ef439adaab7770a3c1;2468;Personal area;155
3f9586b20191470be46fd91b25b3678a55b841da21326f85d18d84b0c2d7eaad;180;Deposit;150
31e84a7b64e3d3041f94891fb3988986af9989cd8393d4304ab79fd01fd267df;340;Personal area;153
22833665c3c31ab38ad434d09df367d25bf1fcc676759930d768dfe398f69a0d;7263;Life insurance;194
b4f660962d269fc773cfba0c8ee36776096d8bf074b6dc6c595cf86c2666bb48;2528;Deposit;25
a10bf557b15a0ff9c74b74ce4cd30123bf5b797d2aba0cdde02b7dc285a7f478;5952;Personal area;103
98a428d74310878de374b219a53790c7e50f81fe3c3190831357b5adb86df0dc;2720;Mortgage;160
e0fad5ef1768ea3c6a3a8dbcfe3caf1a896fd077b638ce39531dc17412ea2981;6264;Personal area;45
91d6bf415f70b859c7a7f37db4d23c8a1ff04740cdf0a857305ca7bb2f5c107f;8600;Personal area;93
04a5c41b7873e43dbbf59d91a8f4905fda1aa50d7cf235eb6fdc2df2a491736e;2547;Mortgage;153
b968e89964a7a7cf7cc2e2c8faec58eb3137fdb81cb0ccc53483f9dc30c1d24b;3345;Life insurance;110
130480ab045e3559c83b17306f7dab883634c273b7e92fb5555be865f9e24a13;3279;Life insurance;19
71df283692c92aa7523cb7c641642e23171cb248c74fb7900e429b156b188593;9448;Investment products;189
ae4dacf5cc84ba478e36da63d607fb70337837614e9b152f0619fc4cdba1803b;2769;Credit card;48
a7958cba4bab497397049343d05276fd324ae3976af78a77fba3559c092b97b8;2591;Investment products;4
0320d4575ee770b23e1488da190182d2f3ad339e0ffafd9d0eb8f709375e4f29;3961;Investment products;147
9764d3eb29a858b222d95560ff1b6dd72e2a719817f1cf0de1f0e907eb94d845;3038;Mortgage;123
1de2c63affcfb653d06e12138ab48970fa37e3437f8fe46c91ff1788fdef510f;733;Deposit;99
de4f30b2c19e5137d8ece5623ceee67ed467b6cb875cc7e8656534156e7a7be5;9041;Consumer loan;160
ee6068d8b06c999502fc83ddce0f8b108fbe31fbf445edf0bb8fdc7496ebb9bc;536;Personal area;152
fc972eaa25870756c16781dc07fabb809b0528f4ad3e5120eb52adadffd9ebb8;8340;Investment products;126
17d2f9c2c1309068c38977032b8dfa04c8bcceabdcd9049bf01b24f9928b47d0;1670;Investment products;89
e9dec6f297fcd4837069a7030080107c3d16c8ce2ea2dc42b8c04d3653ac8ddd;2391;Deposit;80
c00e4aafa9ec9444563b19722e4c7118c48cf986ad9bbd9d2a48ce1d93f9344f;7146;Life insurance;155
2c75c5264e5c76cecbaf240021e9845c8d93592688e91ce35d4e190bcc5d1ace;1881;Consumer loan;74
54967466958c71695c536f87498fa3bc131f9896f23a08979db803f0c9ee0277;3739;Mortgage;35
95684a906d30c8b9c8c08030dd219ad649e7bffe9406e1614574ac682751376f;319;Deposit;111
2bbc4732fdd07193af1e1d65275663b258684b33422f5d0cc5d4023e4bb9ce3e;6421;Mortgage;65
4441504dc588a872c2c455545ba6e6fe314f986815535779bfa447a820fb3808;9284;Personal area;197
b4b6bbba05ce1f9d4a819110c7e45036f3b6e0f874a3af8d59e1c13f206dc3a3;6654;Credit card;8
c51ade8e0342de30bbbe5cfb7861206430439f5a3f75383ae8d019b5539affc3;2665;Deposit;183
9777868705a7ad458c829b9eb345417a27576960ea3ad5a37e7b961dbbdeb08e;5330;Consumer loan;85
1b5dc3b647aab7c5df83eee92515b188dfeaeec929a6e437cdbcc72b5188e783;1772;Mortgage;101
8780fe3556575d05c23f70954d763387a52d398ef7dc416d2c2ea5c2eb65deaf;1639;Credit card;15
6c596cc82b01a68e5697e522c8995872c9d742eff31e0b6eb1ac24b9c41f0975;8464;Investment products;57
b1c6620d40cbd5504c33d800f99157aec83bc53796617042ffe1d1943a7951df;2040;Consumer loan;81
b0020f43a3a781fcca8a7ac6fd78f01c8b5c47b2ddf859fbf7b69ba4c1c299ae;7108;Life insurance;15
7dcaddade61bb414392a89c3687455b3faaac0d98b20ed6b371d736abe0e22ca;7692;Credit card;82
64e14860803989e04f821ed6bfa693536311cdcef2f5a80d9101949995d79972;5000;Consumer loan;200
ce4f28b520ccde58e96e1ddb371a35fb78a6345faf642320cdb3b0263b4db8ca;7553;Life insurance;115
f3b63d47ca94f6d640b2f5663985a47c75314a8418237cb7616edcf5a7d22802;4904;Mortgage;144
cae4d32f42bac8bbdfea92e3693b44eab246cbe7a66cf676add6546dd045b2fb;8941;Credit card;199
e56c154dc2701e958c196080b244602bb5bddbac5872eddbb166adb338178569;2913;Credit card;75
470baf750dead54e917a2fdc3540c38028e25b42a35646e8c3404574226f09a1;8522;Personal area;81
18975772fa082d4f4a29fa214a60c1d09165242aef2403dc0d148feb750fc4d3;9479;Deposit;39
4b6ac1981e6ddbe26be256f97dbecf2d6c428cd9d00b3cba30ed10fc17652e18;101;Investment products;19
8958f03622a056891adf0f04998ae0ba4d2fa2930bd8f5be451da5cb4ad16034;6080;Deposit;69
4d0a65959fc17f2d9f9ae5049478c142f171d6bcae627be3ac660b836bff4a57;6015;Consumer loan;176
ef151be616b001b17e64535b94d11ac2ffbc5773da7328d58c58cffb2eb74a2f;4929;Personal area;200
da83a67e6ca10e476fe6f4f285280b446aaccac867819027b39bca42405d875d;4792;Life insurance;17
92140f1ec22b3ae185a68d0ad2b1e8fcc9aeed65a3acf1fb5542a4662a4e2268;1389;Personal area;26
f45fcf1fa5a13768a134a1289305be12c627784827030c49e7e68d416ad54afc;8613;Consumer loan;73
43ece9f1bafe74afdc0f84b1c0ae972da34286586330d0d6b3730a2e62295a8d;3175;Deposit;73
10d74535ca6cba6f4514f8e76448dad5f25392778a8c16fee5a261f7094f850a;7974;Mortgage;84
9234b88c2544ff9f1fbe92ec40c32e4f7ec09c6e08b46495c0144f4b5c92eb91;2289;Deposit;75
172884878815fd1fa09acbf9a7fed40b4d60afa862358de1669219ed48feb20c;3183;Life insurance;95
ff907519ab3f88f45533fa45ccd183dcc3aefcdf5e212754c804eeda81555ad0;2825;Credit card;24
6ddad610ae8ec3a0abadc33cfed0f732886f8d39660ea52e3058df913eff04da;8278;Personal area;166
46d5d6ec683e8809e8b79387654e786da126415bdceea0f2946327850bd67516;7908;Life insurance;132
0762d422ed312e016bf5178f0eab67a7864f08c25d85d0fe59e81dc0a4cda672;7902;Consumer loan;56
137a86194267fd8d4a6ec5deb9ec4d48981f543836bafcf2b4eef168787859a0;8738;Mortgage;167
b3a78826d3c8e50bc040496678bd7e6d742b1b6cb5fa96e76fba7ee84015323a;8299;Consumer loan;8
ea8b616d673bc99402a53fa464168a736ca90a85d051f6e95f0b926c6b19419b;3060;Credit card;70
7a0ae793d69dbea70d749284041d38a2bcbc462f3d488173416adff46d516e46;7239;Credit card;192
2dc12158a1a7ffe1573b573e2ad7af5d94b93d7108dbffb63aa9a8203235af4b;5259;Personal area;112
2c5def3b5992b8ee4444ec9bf0272fedb2e6f2f7cdcd23cb22fef22a2982ead3;3964;Consumer loan;196
844ea2817bc5a603a7971f72532ee3fe1241f22ce47c6dd682e81516bd70ddcb;7696;Investment products;35
fb0eb232adfbfb35b8e610e26e04ca394cfc4d030bdeac3849b2fb92900e7e42;9993;Deposit;69
700ec72a76da0953eb3d79297fdd4631588a7ff3ddd34f56058b7168ee5bce58;1190;Deposit;45
c0f7e7895088c0c031fea6f2481af020c4cc2f4fe6118ec26ee9b7d7a89a19c1;1704;Mortgage;103
70dd8182aea5384c6b5f75b906eaed3927fbc8d38700407882d116639ce67614;6061;Investment products;87
4150b72137b2ec7bd8fcd6c40d4ab51493d7b8b9c57bf2f39b78375ed27a8aaa;6672;Personal area;55
9fceba5712348ee9778199647267c067cae2b08f9b47dfd6d28e761947d67aaf;1201;Deposit;26
6e2ea443712721525edf32b3c45b5b9081efc1a4d6efc14225763530e77e1b6c;2405;Life insurance;82
8d29101848cae5ec55d481dea5e48c95281cd2182d812cad00f448840b27a5a7;250;Deposit;82
42f010eed59fff1b0ba03cdff64bbdf68a4b7395c8cc04c738e64b3053680124;2449;Deposit;155
f6b42ce53a1daef01797d952d2a5109a3eaf31a1176317c55106d9e1f75c79e7;3266;Mortgage;185
19f60612e501352b4a749119deaea37cce67922b1c924b26fd4a6546fc2f7c4a;937;Credit card;53
07172e75a2d5e09b904f91038b49fe705c9314c3cab5314f123fda99d3211657;6649;Credit card;67
b5be3e778e6100548eca96e9bd66c926fd4f7530acabacbc1009209f78e7e461;7376;Consumer loan;55
1e3f94c7416da87cc5ea61049feb1dcbeec757b5cdc110a26c779f2bd80e0859;7212;Deposit;189
27e905b69998fcd42fc4e666e761bdb9bba5db6915708f763ece1a8dbc8e83d8;5705;Mortgage;142
7e2c8d4fcf80bfb55874000f3d727453b45fe77814b54790522b159ff9029277;1693;Mortgage;189
24f2bd76257312d39baa33c0a3942562c160761034ba4af11629886b06f6a995;9697;Investment products;167
d6ea352b89611545392a56778c6914d9e396cbd2148271ec0d74cb55a6b8e03d;3369;Credit card;167
09743e26089d5918b43303819b1f983cc85b3fcdd8b0e35fcb0fd3e99ab2d911;9988;Investment products;3
96e11c738bc60b7ec24e46cbca8f55a3eb3b7988f0561f57936726fba3dc57b8;9774;Life insurance;119
81dcee68c3f0998128fa8090f97f4b0e12e860aa3811d92c8270886249c229a4;5777;Investment products;20
1719650038c3addbe24938eceb8a5fe51328ca8f07c13eb02e76a1918d2e9c85;3943;Personal area;57
504499e6c0e84b7591eb796bf5be80599fdaf003aa713639f1c20b92928bca4c;7245;Investment products;120
68c06366d57b0e777c834067c47d462b747cf037b91ed7338385ba7ee2541dba;4198;Consumer loan;165
99f70b9389f0caa8d3de5b0d3143c78b39f98668398eca4c13dbc9f0c2e14a4a;2310;Life insurance;129
3622428737f927600b9757f322ccfd9ec201c66e8dd7c711935a911e804badd1;6886;Consumer loan;142
20d63eccd496ff4359d789c4dab1566982f3b8df60bc4e3a65e4f48f55f90ab4;9557;Consumer loan;129
13a797fc1b1a25b10467e5de802dc04c0391c8465fc97343dccf9cfb4013c86d;2424;Life insurance;65
8abea5e563d6599b6fc4980f6f4c4ce5e5674efc45a76b44be0b5da2554f6a9d;8607;Credit card;198
92a78d05d3b96f49dbb3819ad3f184a0c989d8234dafb42b36556f0aa1bc6191;624;Mortgage;82
5d4197a854a6a3e893816c2767af2135476ea2f33fb6c6408db8c0b5f1fca103;6598;Mortgage;42
3b6f359604e79a6672b5050645447f95e724feff126d7ae47f341ba16abf721b;3860;Consumer loan;179
70a1df161f8ba2743839ebee17f49c3c28b35487f25033b5c5006383c266754d;6182;Personal area;82
b809414178b21e5799717294f3e54532cf71a8dee73943148875f6be67705cd8;5515;Investment products;169
1ca2d380802258af4d84684bcf697d5865b100e5ac86661c3c6e0d3711823268;6886;Life insurance;2
3a305c4d4458798f77387ecb82e3de911609d09dc17e10b3c052d93a22541492;6758;Life insurance;76
e6a2e90aa2cb75688e951969788e3f75cc300fa4aa57ecc74fbb72397907b11d;6706;Consumer loan;129
fe77918d39bf8e6f52d2c55d62317f1f7562c89b4cc1ba642ad41197b62015f3;8458;Investment products;6
96b1f0bd04240ad4eac6370a74a5cdc3731a93e6c6583bb75c2247cb65899ec0;9064;Deposit;169
de6ea1a647d5b392fccf66bb816b46d04d77475b70dd765e4af616d3080a5183;9680;Personal area;132
5e2298fc55db643a6c000033df4185099b45cdb4b06ef022873ffccaf4b4f98d;7608;Credit card;92
520a57c1fa0ffed947543973f033598ac0786d6b266de714c165e00b8d440841;827;Investment products;200
826dbc019ee8cdf3ddfc0964f10b069047cee8657d2c35c24d9ab743bb230b37;4602;Deposit;128
7e312abf8fb058905f54ca95715296d755575451a7165071e7e341172822813e;8971;Personal area;104
d3f61f8e0b0f1425efc07d8d9eaf4d2772dbd6f8ced59ccfedef61e9b9510232;1793;Deposit;33
343517ade02f5cd157dc52c8b880584854d2f0cc7a1dfb4b3d244a9036f252bd;3861;Consumer loan;135
49cc410650822f5faa353819da2c73f2dff294db82c8bd23ddad42ce95529019;4693;Credit card;170
3cd8040570f23dff9d60f7ce8786147647a653777174ea858f09811ce5aff19c;4991;Consumer loan;57
217f7416a633c3ca33bd7ddb90befc86210eb4f7e6cec8333de5986a329ac5ab;8163;Consumer loan;111
0d1d4238f51b59e8ee0f41f2270ec35aab1af99d0104e1c87b28d75e994f0522;4100;Investment products;152
e907a3afa93f2b98d489c7cf9bbd1decaedfd590e20aa24a557aba747ca7ea7d;5531;Life insurance;29
bfd49a0bad7fd9915c2d7ae981d5595add4771a82b946ada6d9b089bda3826e9;9619;Life insurance;129
76438506044e2272f8740c3dacaf6ebb63877c880a65ac53d7f585b36de05056;9824;Consumer loan;85
8f87621a2ba088edde1d69b53c0a15db9568e3080bd347eed256ebfc7d06f75a;59;Mortgage;169
b5ac9274b7b2dc5e5efef34126393489e0ad692b6a5448959f0760a60b47e678;3168;Life insurance;174
79c62d81a9d583aa5b50f429173f57634dad21ad230cb2beb51fc714fb03f485;7813;Credit card;167
e2b1b5ac2b6111701f550b16e61726d9394365cf6ecce7a0d5e5d734af270a8c;8963;Mortgage;165
c2e6a17985616e637a989aa0936647709c6b19a0f3db7515b3cb85356dc04207;9814;Mortgage;113
99762689d137b6b17917afb7b77b5825eda5eec4e2472312ee1c5b3a2dc4d73d;8341;Personal area;184
0057f7d067ffc22878f9aff62c1cc8c189792c864f483ab63ed177019e9db878;325;Mortgage;194
90e5735af5c2f43efc0c1f1df033fe839ab3784057318c481832e7917eda5a16;8156;Deposit;51
5ff921d7058ffde4ad8ecfbb60d37c8093333084ae834a9ba74cadf9bdfe58f4;5439;Consumer loan;35
94993850e253dc2297687052db11a2e95911ecf84714d5548cc3437f789f8e01;5893;Personal area;127
469506fb91818cdabac5391590a8936c497c8835193c0ce401e698bde398f60e;8157;Credit card;155
7a027b68b29f36c8084c6a35b01b9c9e4a4e03cfed7f76b37be53d9e38b25225;1490;Personal area;130
daa8b8410c737c665020b79155a47e2cbf9ee34f9483814b46324b70ecc9ca82;2474;Life insurance;41
1144e088e71625b8c9d5068df008380a25ed724b1c3c34c83e08e78b24db78f4;2454;Consumer loan;45
79447f9b895f2d833f8b28f885b486ebbe7d8b7e28dba4274f15b5d51d2dfe70;934;Mortgage;4
6cd91e334f9d27e5ef3983db3d78e5bc20f78e1350db27c24c99f80867fbfa3c;727;Deposit;37
2bee6b7309e0035c1602828f51019618f5b7d6721458f446bd77dd816b4ea323;6763;Personal area;107
b5870977262cc644efe9e06cf08d06927fa9351b4b347162877e12caad979050;6317;Personal area;80
23ca93431c1d7944d3511bfc652ff0544609fa53238772f7ca513d54d4432bb8;6728;Mortgage;92
812cb97fbf2b09bd820585de64cd89c1169bdaf51c89daf16cfb83dca57f6b82;7287;Credit card;37
20ec40e930d6fd3e4b1961a1101f5ad197e0ecccbb431471dd182296874cce55;8698;Credit card;126
ae7138e3e79aa62309c72bad8ac19cb8375c00b4897bc83b660c410164f3af88;8963;Life insurance;69
cc646cda29be6803a8c47cfa58fcb36130c470ee8d671989e1569f6ee3d273f8;2894;Life insurance;124
7b06dbb654d4f83a727a9f2b1ee7ad97e3d111bb01e4b02a3021d46f720316e9;1439;Consumer loan;90
1c8f66340362b457d7c848f6d1d085b53d3677ffa2a8fe5be5514347869d546e;2037;Life insurance;13
db109ef06c15dacbeea9ce663e089e01419851bdae2e9d65d983c83dcee6c85e;5445;Credit card;85
7dc3a006c321982f9dcc7bfdac69c7f2ae255f66d4573a30e357f531100aa0b0;5303;Credit card;63
00f8009e33ccce677e261748fa5d650e0311689ef366e383b072bcca24f79b36;6683;Consumer loan;58
0c784a557b89c1fdf0fb6aaec4a2f43775055d1504708f3a46398895cb442557;2788;Credit card;146
ab3399ca23136ebbacfc797113e86fcd213b5f3e2f892e28c8d36e4b6c1b0ea7;3030;Personal area;126
1271d1820c86f1c31e40b48a1da6ab202e8d0e5b0941f1e431af769f08dd7d50;8091;Consumer loan;166
44f9817805ab56774c47733c685ea03dc882a0efdd7e21e49a27b205428cd999;9270;Investment products;104
c5f23913a9f1fc493d2739fafbea0bfcf09c9f4e8b8c4a9ed0dc57dfbd253eca;3322;Credit card;55
9deaa54683d73b0dca9724b6cf5f92fc4968afe9738c55c72f787b11aa3bfe92;5921;Consumer loan;16
fbdeae80575f772d7eb75e7860f46b048dac853f831a7c92ecdd79b6f49085fc;4392;Personal area;152
e33e52cea09a312d316b27b4b7f3dced02ad51a73604c5dedeae848a89b209c1;58;Investment products;117
4c328598d37c437f03ec0bf5c54988839742348cfef9e24d77db539295a0756e;9190;Personal area;10
1ab48406948a77ad9bfd15c16b804ac1c61936d50742322b22f2f750a3ab89ff;9988;Consumer loan;19
ad416e62c99f62ab2ea23c9591a3f22a3d1ecb8613757bb60755c059b0b046c9;147;Deposit;83
001b4126ce52a9e54e4abfc44fe41b70ef73a8714f5494f2d8154024b1ec6fac;4245;Mortgage;136
e4e32805955263c32a6b8a5365c141bed3b2ed74f288a52e52bc07f1f5183e81;3836;Consumer loan;142
ba69a0e0f6db8c3588d58932a6036625723007f930f644abdfece8bb4382a900;3818;Mortgage;153
69b8185c35c6d73e82b4a5f502c706bd1c1d1f44964d485d5978a955650a37a2;3912;Credit card;194
b7903189bf968bb704316dda97de42f54e7866e1d183fbf5888714114e042bde;7636;Investment products;187
c663b400c5b3b4b6052f0ef9e647f5771e968a815686b871a4460669473be5f6;2384;Consumer loan;17
088b9f97fbec912a7ff0953e4171d25d52bb12b2db5beb4cc0e3657eb5a61a5a;4217;Life insurance;135
a9a73c8f92bfdbc9c0af1a13281cfed808b30f00260ba1d43e7876128ee76b5a;6657;Mortgage;140
27485f90aff1f18ffb12ce98257924faf0ea42c034e62e378a95f28298641e1e;9236;Mortgage;81
2cd7e7181ae293d8b1f7ff73c7fd5587a69905398df8f94567a75a1b4bbad87c;3628;Mortgage;149
82997080c10df118f2746767b7140fa828c9533206e279612c30577df7dd1698;3624;Mortgage;115
a5096c0dcdf2456c15299497d76d548d4cbae8232a9788de5a1297f662d38f2a;1050;Consumer loan;71
9704e785094bbc469ee72863cdb2d4fddab7e4dc2934427e048b4ada6ce05680;164;Deposit;70
0e764ee7ee93f6ae6918408082071145fedfdf37c8951ee7ea626afba640cc5d;4616;Investment products;16
a217293b8e476588c2e895a373e89a37b616d84e36716d121ac6a428f936748f;3593;Mortgage;70
d18ba148873078ae8cd7a6bb5b215f82473b38b6d9276ab4fd8b0312887b7775;8650;Mortgage;170
6e4d74b2a23c61f453f7789068033c1d16835656adf4590d456212f38db09a12;600;Deposit;175
3d67f8d963bd71db454d1d5be53001b8c9c7772036e0207e99031c8408a54c2b;3497;Investment products;2
7d41201f350349854c5a84d44b5f159ddbe6642051a20d024db34c3d1cf9c26f;7432;Deposit;12
fd72b06f73f3dc8491b07564e6b89fda69239fdb90d1662e7cdba5e04f11d97d;6039;Consumer loan;183
52dcbbea39f78cff8aa87bb8f0f503d4050ce465e3ba511eeadf8c8bcc0b10d4;2597;Mortgage;106
b451cb1ba83e3e3142a4d1340b1f72cdcbba7292d48a3e639c59bbeda83b117b;2904;Personal area;23
b147c4eddc0e879cdfc76ab6e0b712e8dfa26f931fbf40055121192017f97539;5691;Deposit;23
2530c7aecb40ff8b5c54d542106306ba138c5cd9e3c65974fc0b24db19c8e2b5;2056;Deposit;143
cf737b8148bd5fc4634303179d7eec2fc8881c9889ea97ca54740d7789c490db;3613;Mortgage;7
da864db4b8b833cc4971a0a09ffbb2346ea5f0ec3dfcba8cf674d66d98bd2369;2599;Personal area;12
79b5a3a4faaf8a5555562a4f484e9636aa0a942c8dd43a2934d0b22438f6b352;1993;Investment products;135
e43273c956a659c7cdd98791194a096590f634f60d210bef058037d0943699b5;17;Consumer loan;126
2a0bd2ac703afe69fe2fe8419f172c3595d6fac828fccf26cfb8dad80de71259;1906;Deposit;135
3cac157c9ea70c7b455a8afa4324c227095530b4896a4a8dc99306011bf63a6e;2242;Personal area;138
dff2e221cbc048d02275b4c55c3d0eec94fcfb606e76ec2620a3b429aeedd462;5247;Deposit;95
48ed8d6ecb7e5a624f0886c36c9b94e89ab7c7aac724e0ebc19f8b0cfd4c845f;6697;Credit card;110
4d0f7ca181389ecc7394402ee95791d38f69ddc073362de49e54b8881cd0aafc;8381;Deposit;78
902fb4aeee3cb8adfd75f46cbecdd4bd09a396805668e2bfe14611035db44e7f;2590;Consumer loan;197
5d3169cdfb6263f3fdf6782906fe903c5cab1ee6308c3e33747aaf3bb3dc2e37;4045;Credit card;124
25cf10cde138f1defdbc08950f66fed71292f5e0d1506bede35e62a5297349f3;8527;Life insurance;94
2b6315777214b34dbfff11d534128f50fa83dfdd516977e4163ccb8a28453a19;4397;Consumer loan;180
e6636bdee19ff7c0a8106cf57ea22ee90a83905b29a63a7dea2a87eec75d5459;2366;Consumer loan;190
2222f6d0bb802cb04709ef7d6f4ed48b5bfbd1095fc02910b10a70dde5508cbb;7938;Investment products;25
412c74b21a109c9876c7c5db55e464947689d101fa09a5c60cc363a37e2271df;6100;Credit card;161
949109ec76252dc5d6a39e1ef7c2c35c27161960a8323ba883ca479f38e2c654;3708;Personal area;31
69567b602227fa2fe7f43f3991c13d70d8691a2d49e918269693edada0063953;7959;Credit card;109
11bf1067906360b3020d58b984fda9fc65cb06a67d597d5d0d1907b658fda384;7826;Deposit;145
b6073e4688dfaccd457693c643b8adb5c8366ea8caf787419646314c4eee08b6;3443;Life insurance;95
c2e746b929f76c0c13b8749ed854e2b7e5deed06eb8dbfdab44d3c0c5a5f949a;3793;Consumer loan;72
bcfe775aa123818000700326ec2d51bfd4ea39e906c17462ae07ae7719dc2298;6548;Deposit;87
172b500f359116ee2aec84b31b0ba111e9bcab67c07c27f2b7286623b40f82ee;9522;Consumer loan;158
dbb4f0040b897ab86b8017452fb491d09519e461a2f842c2e64320c94a6f6c91;6690;Personal area;83
0c9838f1d2fac5b669a02f798e86a6925d7c1d0cfb43ee0b29f8fe6ed59c2308;8110;Credit card;74
2326431b7f603899ef7d91b5a7e0aefc77f556efafab2c1a608d55b61c97b049;1588;Credit card;175
1f38adf1a04987183ca53ad2b0666e0636a20111ecda9e0cb84f44e4601a43ff;7220;Deposit;91
d59943a4ca569217e159093c927b5b16e372b59193a515812900634b01bff959;2959;Life insurance;30
d00a33c1071890b3305fa72b9e55928e1faf67d6b46e746f471275ee9bb995ea;9029;Investment products;102
0ac45e3801a8052998f9d46a50ac89e88b4922ce7bb4277b300535d67eb40397;4593;Mortgage;172
f6c3a6da524eb0f0095f7edb1b42ed44b8871255000ce542c628adcc9197d8cb;1661;Life insurance;194
2612d8a9acf9292764d50bcedde51799b8588e5e4969d206b979913ad574befc;2304;Mortgage;76
8b942dbfcc1f9cffb67c7cb5ba61a80a8f0c70cbce37d6f038fca1b710873b82;4425;Life insurance;71
ec5060df7d25228191c25f0f5b64ef624b4988e9e939f038d3395567c2c5f995;7373;Mortgage;69
d402428229d0e1b70e85aa00ac38de521542fa88da28c3346c63e6c4a8efacf1;9297;Mortgage;125
d6b1c7104e11b76bc6e5fa89da453582f61f981456632b09f59072de7386904f;8758;Credit card;198
66e6515f768df90e314ce40f13650abc29cb59959a947d00f549d574baf9409f;9835;Deposit;132
52dba68d09f12844f68c09eb69a95618cfe23c635c3928d1d9ba6a80ba62171a;3180;Consumer loan;25
fef3d3438c1ec8bfa8fe04b15d4266292e3b346955b45094150ca92dc705b8c7;363;Personal area;104
f7c61548ecf35125d3b681876f569913452a1c1939607b3778ae5b5779ecb8c9;947;Investment products;45
bcd53346bf30f6f169a5497e0442babaa70e7a154e89646ca55dfee471da4f90;8324;Investment products;197
2b0cb7abb9b3c0c8766e69fea13f979def7daf78070e91b0f01b48322dee0b18;2084;Consumer loan;109
14d4dfcf106ee0e1315478644fbf99fc306fc0975f20b04f2211ef5341597be1;1253;Consumer loan;156
6cccdcc1d940ee8ede711f246640f6feec78e93f1828b717b5ec5809669bc61c;4158;Life insurance;21
97f9212f36d490c89114432e4737a92716ad9bc62ea773dd7411c761d9a9db6d;7652;Mortgage;113
039e11e3cb3786561629a51729daacf45536db77caa9a5f7c56baf83266f5dc4;4111;Mortgage;120
552069f1887cdadf6a8b80b1206f5c3ea9d2f9f5279fd46933ca75700f65a14d;2175;Personal area;24
0d9d633c26a978f0591bd1fa8aa94bf17b5fa86499db10dae6007a5d6eb21b5f;2139;Mortgage;96
02689dc77ec8802229b9b48639d32888d5b9bb9570b9da7c15a061de552e8866;4805;Consumer loan;50
1f39e0aab8a8c0f44a9564f7bb97a7e2237d6ea953dc8a39f4c6da1bbc5f78b0;9694;Investment products;168
4b8e13c12dc9f846b5ac46bf3c8927b650a6b2439c9de6cda4f717472d9653e6;8979;Mortgage;2
ff6899e15330bbf34ed3f72e85585c13e11c1251688842dc1ba6711565a54a96;8824;Mortgage;144
55f2688d68866b7c5e911b294d5b4a551de4728d2a131eecaa5075098a9f2cbe;458;Deposit;198
b69d876dde10fa10766ec206ebd832e54d46f9f1b31f194ed6a814f0f29e7265;9272;Consumer loan;159
9ab9cd3a810cbffb87ae7685d308f09e965f337f3a72288fc89331eacfc3e694;4066;Deposit;6
4e10f2ab486880a51edf0db06e57c7df684d6854f58c93edd2a48ee4fc71afe3;3807;Investment products;80
cb34f9b55277ac6efd4816003c48450b7c1df10371e097976bd2f098ea02eb69;6736;Personal area;196
95353d2edda3332f34dc90b46e2059ca50a55515410bc3e3f4fa6005489bab56;6599;Life insurance;32
420a269ec4e3156cce9f91192335f961355a59aa258678ddae22a3ef84f191ce;8237;Mortgage;190
e359b8ce026318cef199aba0bf0eb70c13cc36b85807dcefe797db0b74652517;8695;Mortgage;123
ee2bb7f9728c27c8457b54fb84f5e0bd10c59a77ee0cede64aca3d8caeb2eafc;1234;Life insurance;42
cb314028dd940830f10342868548fed386f13bc2ecc67f99a44979ec4870e2be;6304;Personal area;26
0bf171e0868a10b7e7f4a431e5d3db474993a00f2f5685a46d5ef4091c688b97;7830;Credit card;85
cf7733d8452a9410b9b61712d2bd41bf0fb22ed1983bb4150b6b6c189479f522;8930;Credit card;141
491880c3e30e0a2593a1c3d97f1ce59a2dfd0f6e1a5cdbf6ae233016b0b167be;1199;Credit card;77
5dfb1bbb5c847e93a08bd1ac62e5712b0662ceb95ea168e5e9ebe0f0da87878e;5034;Life insurance;111
9dfa9215fe36041f3d3588d089cfbe0fb2777837423dff9cdecea34079ca75c7;4163;Life insurance;99
1ab0d712c17e18bd88f06109eb8dc9e21b98b132fdfd79bfdc485794a17f60bc;8591;Deposit;24
b11901b0d1b045b4cdd3c762f72c59bd3f4407a4c24b2d12a275a8b8c6e8e6bb;6141;Consumer loan;104
1a8615423bbbfcc107688c91326ddadfa033c679604701a7a4866954e33a991e;6574;Consumer loan;142
1f022cfed79e1659feaa1f49f8ae60f6e6880751d084575a735d25e300b06b9b;5178;Personal area;46
25dddae98786a48ff5d18b57657c093a51714b8736a8ba4770152d613840ad94;4893;Credit card;197
01da1f739c970578d4926c90c2b7a82ee111abb9414652b55fc89ccbae19c9c4;6676;Deposit;98
639ceaaa6515895ccda64cbedddaa65e868c4cc9f0962b20fd2cdf587e779bc2;5591;Investment products;160
f0decbd032815046950049a6f0c12e59f504c70bb8301a3fd1530f84993e7e21;7843;Credit card;121
76b70db79d99faeec6bf22a36e7f2a9044704359fed28dce1c6188b460c376be;172;Deposit;62
892111c26526dcc3427a79c17d09b9199ebaa19290ea077af8cf2d043d1116af;249;Investment products;147
d41288da424f8dee5e1af0b43b8ee302a9114be3865880920b0e53ccfcd61a84;915;Mortgage;50
16fe5f3cb87fde6e7d4297a5ffc713e3aebf940675bd670fbb97b47936494bb1;4220;Credit card;76
b757614c3b4e9d70d05b9f1e9f30f4fbdd5204dfde3447c47ab4bb8ad7c3a793;5598;Credit card;137
5d28bcdc0cb6e8c000f040e7efdedd7bc5b7514ce3fe4eb5be96eeb65fec1167;5467;Personal area;5
564b12807b8f9488b39c4c25b5c55ee083006a176a37dd5f6ef6bfcbb96fe607;6559;Consumer loan;89
af84f8e4578338941f79e887f8c6b9e859d3e1d21c7a3fcaf6fc62b58fa64389;9934;Personal area;100
500397769eed1e73d295769fa6d73f9d608252689feedefad0438d6b3f7e3bc7;3857;Deposit;148
84746f55f12c9425f94ffa34b95d6c709b55148888280b18d487c701ec849685;6210;Investment products;104
864eb3a429f359679a079497bf1f79c229941c4ed1cdf57bf22c27e39c098b19;7037;Investment products;54
7bd4e6c43d0c09d6c331939d685d7b3fda1ec93a3e320be84302df7964b62b46;3061;Deposit;188
26c44324f3cb290d4bcbbbfedadb8f12947e56549eb4fd537a3a3c90fbcda297;6162;Credit card;125
56c102dd6129d505508f18c964dfe4cf4fe5905f7957d2004b6b0e19df817952;6128;Personal area;27
e3dda92aa8e888daa14415701f5e5c725e4357174b77b92cc2b02067bb2f4329;8219;Deposit;120
fab21f99ea649a74f6a3dd8ba966d0aea80901b75d86070d0df2b86c82579026;4091;Investment products;81
e2fb1232ac1bf1a5abb2d1b81958c276f62d3bd25a238b43edf11b4b66fdbd05;2106;Credit card;149
eb70a4486e8a98b02875d07d3367799388d56cc7e8867b80abc457e735d63aef;8082;Credit card;190
f7b54159325f738c431ca1893e7f376e45ac996a7326a987beefd93a50b5aa99;8264;Life insurance;24
83c1f474e97bb6b718eaf8490fa91b3a956df823a1733f51a12d67f8cfd0be48;2266;Deposit;169
0607b0dce6aa08e94cd9838b166662a95dfac87f09853d4e6f5e6599ceb687cf;7226;Personal area;130
a48be1581e18a3a6aaec44e99d77312b9df0e2566ad9aeb29d95db9a49781dd0;3466;Mortgage;176
1743032ceadba67d641e7957b01959323364861a33873e76775ad1c7a3557d00;3815;Investment products;191
d1d0f27af0291aea130c8a70b18b9f2614976db2b770f91fdb0ed3457a41d291;8533;Mortgage;81
3869c38bb63eecf7cf4ee685c17ed083754a829d174957c2a54d010a22a15315;1548;Investment products;174
e5f7bff5f05698c87a485a5ec42688c214373097a6a507dafe161c010870bff5;8864;Personal area;81
a4eebe52249bed33494ba16116eb3e3dd443a2639df7ae67f38af79a9d3e334a;9950;Investment products;182
78a885566328ed75a2ca2fa2aabd6f692434119545847d94fef6c5beac3f85e9;5631;Mortgage;5
3dee89fb46bed3819b4b837d6f6215d27a793a2101758b03ea4affcc2d56d28f;2502;Life insurance;87
7f32ab29e9fbc67d6064dc228e60bf012844911a7259311d9ebe7afb937a4359;3696;Deposit;13
3bd44512cf6c02777d1561834f7d914a3333a316e79378ee930021fafc78e0f8;2528;Deposit;81
9f88c1355d4c3cfcaa20283fd938e640c9ff1cd88a52febb911d93149334dcac;2955;Mortgage;78
fcf57674117a1ddaed149665194a32f7bb26498f778d27f0d5af35f7869d392f;441;Credit card;5
9d37e0c55a5cdf7c71d330e59514baa4a41475553c1e7040d5466c1a114eac3b;8871;Personal area;86
c2ac50f10ea007860e759dd3e269b9e731b8d1ad38c33d59e9cbc72e933dd43f;1691;Deposit;84
9737df738dfbcfba7362c24b3e8359c91c322bdeb6b7ab7cdb88a8776b2cb587;9316;Deposit;198
02b6339ed39506fd33f6c5a15b0c260fa08422a434dc8de26abb56b9212ecede;6425;Credit card;147
95bd77dc289892e876289ad6dc7e9c5aa6f16e87946bf286f0460eed5a69bad5;1586;Deposit;14
635f1be4bda88d80b2dc9afff885124a14a10cb2699421d56d685461b2fcae9d;7679;Life insurance;141
3da50a9dbd0a2756684ade76e16568b5d0f52d8b6717ed75525dba85469136c9;291;Personal area;68
592842acd18d474efa28b1e5e8ff93911ca0b33f85d5d94ea003342444e145b8;6041;Deposit;154
2431372d560bb10e1d98b013c92b3a55ba213162a58c57cae3904775312af214;5144;Deposit;24
6dab87457e9bcb76fef0f719f8c4ad86a8334d260dd4c6ba7556a121cfd8a35f;9342;Consumer loan;105
67a61fb7d1b10fc01693308af6ec1c5003781548b967ed3eaa07b73d7590ed85;8467;Credit card;55
f8f05f50352a31284390d150834e8fec164845a67ef044ffbf6fda7603a73689;2659;Mortgage;75
34cec47e98ab9c5b561310e9af2815ba918c87bf2e8cd489ea2a440e84acc063;311;Life insurance;10
473a7c4e32fb34d6fdad14d628c73e9771613524242ecdb3864e6bd658b9b12b;844;Life insurance;48
0b9310885481f27b8633fe9e67f85d4f0e349b57b751f13ec36c1c08aaf2f5ae;1731;Credit card;23
a365c58c01edb4fd6ecf0ac8f759d7968bce782ddcfd3f06b461ca4102309f6b;2189;Life insurance;85
646b87e2f0d581be36f5921ed9d9f7015be770e150a28d1df87e547d98548938;3250;Credit card;159
cd816240ccc993118f9655734e68d557bca2954051b548c56716480090e6d74d;6596;Mortgage;172
98648496322fbba98fd73db89b06b414b7c0a0b83ceaa04317a67bfb86ea7696;5712;Personal area;169
ce181ef99348706f57bc6b79e48369dc77530f292b5a5a2a7ce9ee866dde5bc2;9;Personal area;50
f208b6eac5959b2d65eaf8110f1f56fd81d67cbb3588d305bba2b809d2b0e5a7;602;Personal area;23
c74e2f73b3c8a6289558db995593367f5bb0834f23ff62a9037e3b817c386e61;2880;Personal area;12
60d1271f5028ddfa8aa2293d5e3b62715fcb177ee5b537806d2c525159c108a2;4151;Life insurance;152
05905ad9bcc526fe2d3ad2295824437de8792b5d8b5550869851be7238bd805b;9384;Credit card;37
ef0cfa91b9a731ee77625237d3468ef568e5484fabff2f1665079c4720523cac;1343;Credit card;138
51af4980f3e74350c72d25583142ff5b3dfc726af5284956019e38f1643c82bd;4558;Mortgage;29
dd71f3ed8052ed628b7dad2c4ae92f4df9531afccd2af0161f13ae65d988c128;8040;Mortgage;133
fadeacdd2b231204143727a2fd1214595eee3caf8dc74ddf228316f2cc5ed753;4196;Consumer loan;112
88c2996d27e7ca8ff238f520ff892116c5bbcbf482beb3fd4d980a0238e44275;4986;Personal area;112
3d0a14ecae0bda710b79269346364fb7e812fef68e9951c91d99c14dca01ab58;7604;Consumer loan;63
e4cecbf3f5e97b0fb6f12c95f0403b914155cbd18295761ec5d5326497ef1764;3297;Credit card;162
40815b1745c9408e8342336409f9f2821e9294a37af4390f3b3a36b31ac78ed3;7509;Investment products;7
143f856c5b7679261746ab7fe7701ef38e0e24dd6284f84481acb40c373d0c17;4370;Life insurance;73
6e7b1cd7814e604a837a9e4af11c9235793f85283de87e68e4c0db93d5102790;5543;Deposit;191
cbd71cf0fc8f99b130f2a4977b8b3b01c9146ebd650141753fb7cb05cf335ac6;6542;Personal area;162
c0a22d31d0bede6afbfcb7c3f79baf9a7ea32c67328e6b79eba2c2747b705fed;6114;Consumer loan;30
f732a7e6c450346fe7c691c38f229d3e0a3b755fd5038eb93dfe0c83ad165845;5646;Consumer loan;40
8f1a50ca953dd4713be381be35022eab05a2c65c0339ceac765444beeb2c6809;4679;Credit card;73
3c15b3275ba5a0c505a831f3129dbf3401840b1b0fb8170a9eed35692f2eee63;3862;Credit card;132
22eb788fc36baeff856014b02d5ef4bd4e154a616cc4c81a82e60678d20781f9;6321;Credit card;193
0e8c52755e1c245787b478fcbdc859e8050746d6afb68780df8c24c70ec82513;5574;Mortgage;28
1e12f0de346eca6d9dbdf7305a30359fb6b4ba34047d3c4f2eb14cd96351a36c;6359;Credit card;32
307a6bc4dc8ff917ec394bb7afe01e0c277e00eaf34a7a86099a777bae90d939;6531;Investment products;8
e0538289f99c690ed3ab95cde5f665a5655b0aca80374f2dd55529c56139404e;2723;Life insurance;85
0e9bf173b614cb2a31b0322adf091e08081e6f5ce6aa26746fd6cbbd76dfe9d0;2580;Consumer loan;95
4b860609e1c19dddae793370f33cede86feacdf7311c46613feb459772103db5;5913;Consumer loan;132
656e6917d3ae5d03cc4753d6f8eaf975f8a7696d1c74e2a0e384f0c72b60b1b9;4966;Deposit;49
de3220306fa31f1e0ba24a2b64ac67109dd7cf16d0d79a8f9265bc8afa6ccb9c;1792;Credit card;174
c8d85b2d686727f05a05321833877607b1ce6067a0c1b404b5a9886f71380d95;9742;Mortgage;81
e72b1ffe18b49c2f0babc6f5db85dcbae3094c8b25fe7460590290b768f83bd3;4972;Consumer loan;157
468e46facc780467ec76234726a3a0095cfaae849d7ec4282ce79339638107ab;1819;Deposit;69
5fe89a61c8c54cb6aeba0474e9f90432aa2ad29e49b6b380bc63c271aee39b38;8106;Life insurance;75
8252b4e8eb502bcde420ad13de2c67d651c7ae37fd7d3e7884518025a4391e6b;3472;Investment products;138
d750d27f928bb0327d905b7d2e17cadcf478b85f4c848b3eb5deddd2947adaa6;9884;Personal area;66
154d399ae3f6a4cdeeab8825c5c08a1d53e5b819ceffd556f26e37b8169aa389;5086;Deposit;98
90fbdd6f366d4f516b25343083bbf861d2bf18d80b1546c4bc49b50c04afc731;1052;Consumer loan;118
b2a4d958739bf682b64fd825b5e070e98002cdcef2905e893597f36c3a7682d2;7125;Deposit;49
05b0a6631700d7061dff05e9a5fd0fcf4271f22f2a38888aa8285a316e442fb7;7559;Personal area;58
9f21f0bdf553b338eb06e126d60daeaea3b1b31d25a5c5ef604a3b022ac4d442;3165;Investment products;195
712f0db4c5842393cc9b7e6d63d45037f35a274406dadc8ccd3bfe3bef4f9302;2130;Investment products;95
24a5b07ddff67fad9aad5168315718da2dac2355ddeed82d9322c0678587d6a8;1369;Life insurance;186
a535d38cfaf2e8981d1bfe705d6fa384331d0f121cc92810b5208addb94f7edd;3998;Investment products;15
d397e3d0c42aa7835fa6806c90f4cea0261a87e6efa74e442ea19d75661c2244;7017;Life insurance;136
e31b6beb3fcdf3bc1f2c005b8b9466f0125a7ccc2d0c6b2d3331f1d092d65332;8407;Life insurance;4
5ccafa07dd1bb7b0b6bd92e5d42f56f4e8b7101c354c196c4381360fee918dbd;6976;Consumer loan;193
7cca206a7b03992ca30eb4cd1a165e3b989aaada83d71b2058f1ef6039309ce7;5976;Personal area;4
50ecfa941d01891d7293934a0db8ad4b493c8a295b6e0df4d8d0dae68d5ceff6;4967;Consumer loan;139
e56992f6615afd02a6f077c08be03b81ecaf09891378a9bf956ac5df59bfde41;2950;Consumer loan;82
c005b93ab135c221daecf7a0a255855d972c0809d045f5498e7797328b5051ed;9975;Life insurance;140
fbeb6a961efab0815ac5af5b20ac298fcc99de3745e5c6c47a38181f9d1f0438;1089;Life insurance;63
72efd586589c8fb329fffa5700f64f1d64fdafb42a1d3909922c2906d4c4a46c;7981;Credit card;99
ed0189c476cdf3ee6d6ea5fa9b3bb5f35981176541e4945b44fcd50b8d6a07d8;4819;Investment products;117
7ea615ea0a9fad23a856e6beadb74fcb258e587193614ddf487a1f067fee551b;5300;Deposit;87
11a258488657e60030cb8d581e8be66a5e465c421dbac3b1aaa191e3a9a78331;8835;Personal area;167
040234e381ec7b110fa7c2637a1b66cac9e23f513572ff83cc787a6684db35ce;2699;Investment products;91
430d11bfe62b49069f94e5f33a4e74dd0275bdf94e7afcd8ff1edb77ab2911a3;7240;Consumer loan;21
4cf0ebd0e1b3df2e5a9751c66dfc3bf58e59c74b91769fffc21f7539e612280c;9771;Personal area;116
85b98e4ec42eea2cc277c01ed2c6d261b6af409deceb1116a604c58f4019d29e;4972;Life insurance;4
a80e9a7f1b67503897def463718902af34f52a531e5b4b48e79618643ed93b93;388;Investment products;137
556e3c80532b2019281b97fa006c40cb8dc92cdebc1d13b06cf5a1362cf84af6;5148;Mortgage;190
83c12bc97e22c3f3a2815addd4221fd0b19ac7ee524e16bf9bab949054bc1c37;8458;Personal area;55
de2c91dfd03fde32c90cb5b40ae3216b406a741beb8592520c0365e6f518b0ce;1382;Investment products;106
44fdeed77a59ae4b923c7b44232ea516e571766218a7445871bb9026a114c46a;2427;Deposit;100
99a6ecff766a300d8f67846c7b4e24e44ac25b05e90d9e539ce2d8e578caadb9;2173;Mortgage;171
7402a0904980b770667e27f318546cb94d540816cb5d11f2d7b61ea785843a9c;6611;Personal area;15
c348e2852c6ce2fbd3d6865f04e9f50b9a3fce9f60d1d829df84c5a5b6b13363;3693;Mortgage;109
7586a985a5ba2039e1b8096553f33d5dcdb7195abb73847dc7f26ab3a6133acf;8784;Credit card;197
c2f40cd5d3a2e20ab2e908df4b75295f3a5200efbe065021c3ead04c4a1a4b60;7405;Personal area;196
3ff844b4c246108bfd196922bdff3514d6e804992e5617560000bf84c4f4f8ed;680;Investment products;117
0bfde6297421a97e99a1dc7585020cc47d9d91a1a0868dd7e42ef48f6e653f60;7254;Investment products;170
af7389ce066785ea179c6327a4dd538c9bc91642ef658c76a46239b5738c3dac;479;Personal area;124
4ef44040748a0877a71496c7384af7fe905a7a2a2f20ca7a6d367cafb8850efe;1968;Deposit;62
a16748edc2381f7a2779429c27c19ac70c3b35c4c8485f0afbd9f2b05553771e;2765;Deposit;197
11a3c158c29b33ada417e091f7216115db2b0243a6418156b5af2b2dff46e6c0;3602;Consumer loan;77
321454ecba1ef2cc72098135cd9f7c43bb1e19519319ca555cc119c10082226e;3601;Investment products;89
abec4ccf0167bee64233b58e6167f10dc0b2250e194ab3361f701037307e4cd9;306;Deposit;118
1cd38984e16b806d318075f823221459c388140865a24f9a4836f5590261a333;3688;Mortgage;69
019068c14ae70ce1b323fe5f7ea996f6f4ab592689da60a6b10e2fdc7920a998;6151;Credit card;1
2747cfb55bb6d95222a1251841b083d2291081962fda61bdc69c713566e34c1f;5581;Consumer loan;35
0ebfaa22b0fe38b4f168005d2532217725c9f7a3744de8292bfe3e878deea82d;858;Investment products;56
31760ca6ebdaa9c8ca4a437b37968167797b7c5e4153f8ff8b14c2dad0c1344e;8530;Consumer loan;123
c20f4bac5938128b3205a6cec62e4abf7e0b69f3b321c376dbfa4351e281c575;2627;Credit card;10
f645da0e52282e4030a3b9ee2c13e74d4bd78d2f70f8eb5f89832744bfe79d6e;4664;Consumer loan;56
e4a51623db7f74a13b2a5adfb80256686d5739a3133b2dfd287fcc43f79ee257;5171;Personal area;36
e594899fcb36819208781490a785ed8fc7e65e3bfe96c81adc1c2f7dcc87442c;3045;Investment products;126
f3ec2b1661aae9bb0ede65d03892c0cb83f4480bdd711b793f9c3e47bad2bab8;1722;Mortgage;200
ee1e6b41f2553303e6e8f969c21398a83279b36f98d21cfd59b3f3b62f136d21;8821;Deposit;9
4263bc9b76472f3e4db2765109df959863c37f6868b380399862cdb18b69189b;6262;Credit card;39
8fa76d56cea34905df0922bbb3f899a1791e95e4aa6649ba4e9b4d4dc6f2809b;6139;Investment products;136
aaf6dbba7fa313a11a7352d46973073f2777bc2561e5ff91c49488273ade72f4;6044;Investment products;12
9fa75597e4f8128b691b477f73aca089a788a679f224e4526d43f53caacbd785;9219;Life insurance;9
ab9281f3134b2f72b531dd075c08abf847791cbfe89b85e31838a2010bfc5eab;8410;Life insurance;154
c93ef8419e8059360387be1504f9a433416a872dcb49ef1b5bd689fbc3a091b8;4066;Deposit;89
44e3af08be9dce52ab6b716034b80545791f428c234a7f7efe4c78968c149fdd;2206;Investment products;69
f840e482880a466ad1dd7c0830f6a12ca182f54dd5a7a8742d5f496146cdd3cf;9212;Life insurance;106
73e5cff1df4253f0df1bd1a73e4420e1417b4e149a7b080f8bd0e13645872035;873;Life insurance;157
5272c0f4567a887f40581215a2a19d1790f2739eae8f92253d612152675fd022;953;Life insurance;199
a451200e7aaedbacb4f3b2122539dd611e8e5748b89e6067a16e1a861fc3e4d6;4760;Consumer loan;153
18b00acfd570dfc27ca63432e584243faa188e0e7710e750516e4eb7d23ab587;89;Credit card;192
4deb10db37c2e2352588c4af332721f4fac214e0bcfeba201288f9d3fcf2369d;2060;Credit card;165
840b9c7c23b23929d5e254dd6ea0ffa436c44c7f454289f523adf9fb12ebbbcb;9623;Personal area;189
27e76144fc58d2d6e04b0aff21cf6e5064855477fc011849f584e61855d467f8;3958;Consumer loan;147
fbb607303d99e94e6528c1ddea951dbeff6f34d9c85329d0ab0e3091a504a7ce;3359;Life insurance;200
5d7a4625e8a6a372117c9b6611ae40e68a0d03f70de20dba5906b5289647d9ce;6820;Investment products;138
7f0849edb234bbd390102bf347403c5a79361ac717aadd921d9ac89758d44369;2485;Life insurance;157
0cb20b650b0a110a83aa2c6ac3f9b4078154a5ea1bd2563c7697e25b45fede3d;4233;Consumer loan;1
d16f4dfd879ce1f9db27b61a97abae2d4cbe52ed47f3f3db5e89dd6586f159db;9069;Investment products;88
fbd6998e7feeabad4cab35d8104c9ff27cf454fb4f076a9bc872a8e77d5b5976;6246;Mortgage;74
cbb5cdb0ebe5ae34791af8f5cf8273a50bfbfb0dfa2e09d452a83cb97ac3a476;2367;Consumer loan;160
f4fd32ff1ec051342724c310d8dc59de3a0cebe5095913234209144d74789dff;5199;Investment products;146
0d4eaa50ccd2259d363e01918ff5777d5a8c3ea51e99cda3ee7fef8fc09e651d;977;Mortgage;85
022712aa3086eea75b67ca0b1b4f0ca83645597d375a561fc87d86c9ace1d648;309;Credit card;54
9f54f9f27ac10e3965321e05397c5235d6955622d149a50433b0370ed5ed8db7;5878;Investment products;142
fe18224ab0d64b72cd0ada162f515952b0eac10733b0c0f852d50733acd44d5e;4612;Life insurance;79
435b9af5923a36a527684dc77491b193d0099b3aa11949637bb9f0909fbeda3c;6932;Deposit;68
db36d772f2418e3acf96b964078b85394d8d8b8d338944300c35016cc58a6e52;6171;Consumer loan;192
fe8db17ce5e7dd0cccd146fe16f790946405219239a3b6ed40a04ec7ec2af585;4128;Mortgage;133
723850f339eb18130970381ff4ac362de0200a15c7f70ec3e71443f7a19251c9;2098;Credit card;105
c32daa27801c93b5dedb285b988944a75d12cdd8208e736b3b2696d8d99477ac;3045;Mortgage;37
9dc27e6855a566dd7a185903e2d251c8d983e1dbcd5929b5882344c0f9084d05;454;Investment products;119
ac95fbeb9e723e8a92ede7e88059cf9cd64cd5e3f27f7ef04c24d6d2cc4dc371;7352;Consumer loan;37
24e4472fd03a84e190565df8e880b2d2ba74141561362207b382c94008203695;5474;Personal area;130
117a41a99b49432e42a7c4ccc0a4b1c0b857b9dbc6b468586cb41b1a3518813b;81;Consumer loan;116
12936a64f28ad6bd90dfca556e77ae151d5e156b0525b0d977d44b9aded59d65;4761;Consumer loan;90
f2c710ad254f93738476b1d2b2139b9c627b883f08197a819cffa9bacc985bca;5983;Deposit;142
b91c71b3f04613ed740d48e47a54192f6aa139f2b359c390ab47aee11002f66f;6494;Personal area;96
2e19e2f4cfc0c03f1033d011ede5ad8617167271f6575eb14fb77fcbfa38295a;6841;Credit card;57
b762d716aa3dbff6320c3953baf28481158012937c33eed82e47eeacabf7604b;3607;Credit card;72
c3a1a354fd920634b62bd604330cd23e0eb18d174bdb597054cd052f8f4005ba;744;Investment products;192
f4610ca6c047058569f8621b4cee45148235d1998e3fdb11dbde2a3c06663e8b;3129;Mortgage;199
c3f260841be626ddee89aae5bdc5e698902d998f8f9ebf8692687acca8473d6b;3496;Consumer loan;47
34b7ebc12c6287043f44d296736b2bea2d545e7acbc4f80afe6590982694f254;8789;Consumer loan;43
c707522d98dedb55c513890fa8cd71c2fc6b4fb508d74a521cfb67d4b3f8ea58;2036;Deposit;174
722ef2489c910f5c9de1ca4f98afe75f271df547375af5dd2fd4c28e9e86dec5;8528;Credit card;89
d47e3c12bb50ac8713fbd3758b465aab0b2ef9cf820867baedcf2035afccca18;6610;Personal area;129
4bb8ef9c4ace3145dc5f0699be40c55665d4746707246bcbdabf30ae8feebef8;5668;Life insurance;196
c01dcbe7db5962fa6a99775d8fbd2718e8dc298b4d51e1f6a5ba99d5cd5a6bc0;1785;Consumer loan;147
e68e0322dd321870b3ffc9538e084bb6f40fe9afd334221abb861b5f9ef7e97d;912;Credit card;44
cabc83c1b76b3627aacd0f25afdec5526c7cbc50d612bd5347ad0f5f21b57101;3943;Deposit;190
e22e346897b8d14f53e1a479476d9af3a40e39b5a1880f492663dd9f90af6fee;6133;Credit card;75
8a266717bd310284ebb4841be80c831405620c78a04b794a3dd2a25421d746e9;8087;Investment products;54
a2b2ef68aa4c5b24de3d9dec0d80815804e651dc9f946ac10f93df7c8c5d79f7;2285;Life insurance;165
589929c32c24e151c6238914e4ef8545fe0e35ccd90db53bc82578c1de30bc8a;8687;Credit card;103
5c1c14cb0c19e4b2ad93c3bbf491c362775587840e8e1bdc1f6fe80b04537bb8;3401;Life insurance;2
a40a116fede0fd0d81287ce54520547c564627a099f60ccd848e765ff0c6742a;9407;Personal area;171
9650bdcae512e3bb68fb2bfaed9a9db5795f4f8d425f6646a4eb341e6ac0246b;534;Life insurance;19
e8b3a0f9737552d30e530c8833cd00b8913b9eec41789ea663538509d6a76eb5;9090;Consumer loan;115
2b02bebd7eb1a63c7485fbd4489fe57928d97bff4a1d25faedc4ab2534f2ff95;3840;Credit card;178
27670f37d73ac60a549f2ecad2693df13d0d15c000e6a99f1b7e20bf538ae267;3766;Deposit;103
df91a21f86802af8d65e6ec10f71f66e2c5693578f614357fc67bc5cea0d6cc8;6900;Mortgage;151
ccf6c4714b577b0f547b80b13a1f9fa47f366d9f83bb97e4334cc4e9dfb93a2b;9477;Mortgage;150
fd64724b166dd430bdd3932945f170b13ce0aa430cb8df6e164b5acca8dd53c9;5665;Mortgage;163
6cbd3b8dbb1328bc5e2c3cd3bd831ba6de37eee98f14d45152e27d4ba8959a62;7694;Investment products;169
bd216081061f0b980d4b69e0622e39447ba668a25fbd6be80c8039d8a645a225;2509;Credit card;134
9a2b40926446aaa7a0acfab4ae45c905b18274988ee9d35ecb1e653b3761476b;1562;Life insurance;69
76122d8db210d3d11be407e753950dc2b630fb5b7797594b165fb64c27814d96;4740;Life insurance;102
6e2a1b1a5e59560bc48be15f86b7431b456ab54a560edca104124294b2bfa683;2350;Personal area;46
f6b0cf89fad07e3f62a52d8d1d6b3f1ffbd7e511e175929146d0715958180340;5354;Investment products;178
1fe2eab426939ebf907807a6fa28487f2d4232a0fcb057ef9beeb496579905c3;8859;Deposit;175
1c9aeef91b1e9d5067a2bbb176da85ba3abad24b8e00f90ad3a7a55d4750b5c2;6699;Personal area;93
e3dd66496723ae6381439b74c90cf15175fc658040e350bc23e831a259ac5cf2;9089;Consumer loan;130
8ed28d310ea1e93690fb8d79f5dd44c78a66845600dd3df478837c00cc2b9cf1;339;Consumer loan;154
62fd6f058c0ec2f57c80f11f8ac8b35f59b99d158f9b69b8376dd50122c85171;2783;Life insurance;135
534e83d82b92489f45d69a1d44a2be361e52fc4ee4a6e91ebbf40dbfbd2f7eea;1834;Credit card;115
eb1eeaf27c976c703a4d361db6e949b8e393bed1bb4345d9f43282bee362809d;5361;Deposit;70
3ad9da133dad2fbf781aef560e13d366a74cd877703b7614d889855adfdb929a;8037;Credit card;109
30a42df5ef6638289e9858e9d0c583188069814d7c01c7fed7626754fab0b6b5;5069;Consumer loan;199
8354055500d746603bf34f674b2fdea434f52ac4e433440679899b631400b583;9034;Consumer loan;154
34b1a112d4e6af652b4168c9f576426d3e33993fade7bafbc01b5b619db13bdc;1436;Credit card;80
df1c0a908fd3854b27f27f753ff058c03a4bd8d921c3ec5f799fafb4a195acc2;2397;Consumer loan;62
f1a7d7d2e470e94815288284d618f0fa2f11f697b82820c33023ac110638c7c8;6882;Investment products;25
6bc9492c05b831d1a68547bbfa28fe9b05657b03ef6a8f6bb5af1c5d48a2a14a;4553;Credit card;183
e4a45f6eccfb3ab506278c7b158e8032af475e880de2d1d355752a2b92bc87ce;1195;Mortgage;102
d1161f92ce8497080c6acdf0f40f0c3ad04ed7add398c587cecaeb37454332b3;3148;Deposit;23
8c69b1dc7e8d1b98f92fdd39e3340bb6e24eaa523c8e8f50eb1bc6817fb4e8e1;6082;Life insurance;4
4fadce8269102de4673ef3eefd1eb02fa8e3e973087d25aaf062bb2fb19df27b;1184;Mortgage;171
79bdc2456facc4ce8e7e7ceb9ff635d2879321f3377f8eae9ba48b774e6e148b;2745;Life insurance;43
47095cbb9844869407d1f033c67cea761584bb2c6136a3c5015d3e49634efab7;3350;Investment products;73
d6bed37136eb37fd62a640251c4814b90ab6e8f0ce6d4968c2a7868afc1a90c8;1605;Investment products;15
f6e50dbf072d2bf344ce73a3e46860c33b4c63d3cc1d479532a85022b35f4507;9656;Mortgage;4
87dd86e67b011e5fb3793bf1f60a5aa8e19ce0a443d53d25d8ab5f326341d76e;8127;Mortgage;112
bf72e0ba1ec4ef218474811c0b1b9ea37a112a80e9433c8ff392229144a94da7;4015;Life insurance;44
03cbfd780bc11adb7ddd690277ccb76234cc60a1c198bba4ae38389069759060;9540;Consumer loan;4
b8ef28cde16465268589fe98cacf344a204d1cc334b1a6c50c68aa41cba98210;1925;Investment products;197
cb94b6ba10da6e2f4d0dc51321574b9ac3ae366d974f9c2ce42bf5544c57ff60;2784;Investment products;130
c08d96627888d9462383f55cb2c9da5e0569e1765711730f6ed8061b6c04f2a7;2950;Deposit;186
d0353ba51fc8a4c204322b396d312caed018888c9f5094b7bce2261d1ab99bae;8201;Mortgage;57
4254bae5af3abc934d77693451c60ddfa34e3c733fbec16df9f842c04354b4dc;4947;Personal area;93
07b4adc4af4659f28ad745479bbb4e5464f94233be2b4d9db9dce500ad414aaf;6613;Mortgage;98
470ec75b483f36db36551f1d0679a106c9c6c843f2503f53c0f9961ba02da50d;4560;Deposit;23
f3d0f693b3802f2c3ac0faba09df212d8aabd9168f40bb53e09150a476a1b3eb;4677;Deposit;26
c664a154c91d08e8021812b38e03534bf95293ba0a72724cfa89c37fc8a9ac0b;4247;Investment products;196
55ba5e915d15064d854fa1a53575a7393560ca51c3209c8ba58eb0b8f3799b19;6053;Consumer loan;45
ebe417cfe437c2d13c94d58a435301bce0268297aacba827da7731663edba6bd;3326;Personal area;94
6c73b3d318097a0abe21975f2d4cb0cc72ce691a259a9d8861449e11730a5444;9918;Deposit;95
ef03de9fe4bca0d96c3f37dfe3dddf0022a5e98752717c8e528bba66f18bb20e;8170;Life insurance;15
10190e28ecb7967cc3b7d11a61bc69b94d560dcaceb3db1265cfec7c73885f19;4834;Mortgage;58
ee331521d03b295e1143917618612649435db0b53dfe011e78ada4c8f243e396;9882;Consumer loan;120
c2e6cc5d457c3b3cf70cd4de67ab03d0f94d7ec7d3fe3bbb1e8fc7d6b94f5d8f;4587;Mortgage;118
ede3ac560359041c00e8a75b137e7bf6cc54c473e85e7100d4ba0f9b5ce63cb4;3415;Personal area;185
5a1a2a96b00d6cad6dcb174b1b0fd4a5015829d7bbf5f003cf9302f2e7b19893;6060;Consumer loan;180
28166ca8f3c527a7ff571078c44964b36e5beb0462d70bd960d2ff359c2f6d40;2571;Investment products;24
6836c34f737bb85fb3e1d498df49c248c9212c85e8b2af0ecdfe1c8da92d8261;2961;Deposit;195
8d23f927576ac5d45d1eaba0341a6fc8dbb7e59ae00f7da7e9a5d80e538c889b;4535;Consumer loan;62
6659b75e2ebae855cee856bb982caa26b2b3f6ddedb6ab113e8dfa5a2e6cd87f;4470;Mortgage;133
26a821f2fe00b256a1f6c216c4cf16e650c6643770ec7d78141a11491e520ea4;5738;Personal area;45
1137ca66de2bb7eb98cf84acdea12424855a3f54dea358e4bc3e6ebe4d159a51;8649;Deposit;138
eee4d386302be0a0b9f03ef068c0204167b9757ed4af267146a772e1a7bdb701;1091;Consumer loan;149
fbb5e4f69e79798f1207b784e6f37d0d8c84104c93012b14858712762df7f656;7721;Consumer loan;92
70e399959f6c024e90a13ea3876e6da9d6f8b58dc154e0075d26286b24ed1f88;2978;Investment products;74
f7a0aaa33c81b4c093d7b9d68f3eb343c84e835ae3fdac128b34b4c6c13978cf;332;Mortgage;113
61b0ef7cc89d86da8eeb8bb9b8656892bf89d225f4ed754a5623b6e65c727d84;3115;Deposit;169
c496c90104ffe3ff97abe6229714d0920231bae95164f7f72cbf4f1485ae7c82;3242;Deposit;65
436f286824fff7e986887acb7db3f54d02008327379da76c234e51fb6f6d379f;1631;Mortgage;90
0914338fa2143bd611a9c10b4c8a3de34e45aa1c60892f8c8469f4aafd0ae57d;701;Deposit;111
de7e599118090572b3ae6886050eb6ac82cdf18c55d2f36b92d9082991b62ba8;2586;Mortgage;31
a787d33d093ba71a458da2438470758f330f3fa207a28c7271feba59e6c4481b;1825;Consumer loan;5
893bb594888c793542913fd04cbd058464d66d083436dd3f37a8bbb2f218f2c3;5283;Mortgage;187
f90c3d44341a45ea3262eee3eb4a61a517fd52f76ad064dadba6d39bd5acbaeb;3592;Life insurance;162
bf3c11b1579aef5155dd233754ce91dce476e6b9641c1a76362718593faa937a;2318;Personal area;116
de842d58c5046a665dfea2e0da882dd589017bd99d2712a8713cd63ee1670c4f;8803;Investment products;48
3b44a7761020aea3b4698364361033e6faf1764176599457e541068494715c50;6901;Personal area;29
955bbb0a24e631e8d28e6e717e60db5d4f91c27342653532dcc26e801bdaa698;6993;Credit card;121
8d157a6e5617daae5b697e6a555d804f5c6cf31e07e5d785b41490ee212282f3;4049;Personal area;108
57333d66a3bf9178d4456882c9d5e384271fe24be32ed4e89544e79f01345aa4;3219;Credit card;89
ef58e7a3ec382f6583ed416e6f9cfa23a75eb224395ab2c1b0b11bd690ffabec;8614;Credit card;77
2b127a44e3fdc3ea268d60dc6c19860365a95115d5d0801b4156f230d5b35b8a;3430;Credit card;170
e53e7687702c2b76c37c06be76be3985490a165b756bc96d4c52544653675244;393;Life insurance;67
c1e1a56209b1d760cdf198b585fbd77220bccacf280b45012573cbb216f54fbe;438;Personal area;62
0add018f905cbe92f653258b4aa41bd193bd8a338967c3ba208baef4768bb5c2;6783;Consumer loan;41
d324b343a314eb44dfa997f0eb8eedf8c64af80dfdeeeefd63f15846a0eb2fb1;3633;Mortgage;132
290cd5405241e4ca3094e1fdaf20b0bd686cd884f6b746e4d24bfad4f567e440;4491;Deposit;32
4b37f1021bce04ecdaccd97dd8cb9fbe33a5617fb274604ab215a8dfa2125a4c;5776;Deposit;135
2b8ad48aace847c63f63f5249cafeb686735450e2b820e6c0be6273058f79c66;6006;Investment products;110
d0678ec23e2b591a166b45dfd70ff65974068217561ee24b1b8240254b43d15d;2525;Investment products;199
2b140491387da27fdf1ee571c0b0853a13fdc7f1aac8a4cb4ea4755307cbee84;4100;Deposit;7
661bfd06cbb3a376cbd67567ecbd90f79a92f532912f81cdb8daac6531fcacf2;8824;Mortgage;185
5a401b98b58b4b094d48320fa59c06ea6847830c1e55c4abaf4dd3dbea13875b;6480;Investment products;118
5728f5db050ab547413b4b387147743d02cbfa6fcf5269a834c8eb3a4015309b;9219;Personal area;55
2c8db343c39e604ab5aa133844809910f15a4dddeb014749b0967d2af4426292;3437;Personal area;49
602695cdfac71d18d0d833fb57ef3fc86f88cb77a257f5b269b6a7cfd661b819;2152;Deposit;178
19c4fb1c8871f45fd5a52257dbacacea450d1b0b998091f3a27ede626202886e;1199;Consumer loan;74
2741afc8b1c76d6372bd8cb4f68e0fbbb1fb89a32c1e664c5073294e545107ea;9474;Mortgage;159
80d6c93a5aba2fc380501355431708dc2308c50a1ec3ed4e1f83a8d9cd9fcb48;1973;Consumer loan;63
56d344fc3162436a3a30124e85d17faeb05cd50bb24faec87567505fca446dc5;8108;Consumer loan;42
8bf69135873d87f1c92823f240df0c34614c1ff3512e56cefb67c02e5c8152c6;8373;Mortgage;124
30529ed8a63e34623ffd389c0f12eb4bf30a5bb202b00e33aa889559556c872f;7388;Credit card;99
1685300dda7df7073869fda4975f70ca08b8945e45e5c8a08c6ab8010a1ec988;5129;Investment products;155
333e54f691059668c03d98be76b111d549be635641f9269d2c2f8f29edd3c3bd;3877;Investment products;198
71bb71c081e475fa1e9c4d2734197edfd8e1eb0c33861754db5cfb2ac89f2b06;4769;Personal area;200
01bef2629dbb58a2984a38cfd25125baef2ad3a48c342adb53864a8283cee5f7;6066;Personal area;146
49f51eb58e9efab88864f1ea394ee0528f813f8fb03235223487a1c6488bbd87;4980;Personal area;46
6f60e1d5be2e2f585cb66e634bcb50b420f73ea0c49fcd23138698f12ecacfb6;9198;Investment products;60
a510621b001816574c418fe66b29ffe4bccc54886341266eb50f664dcd942866;3821;Personal area;135
cbdf7f864992739547a99431e2353725e3ca5c4ddffe5a913dda920750b8c2ff;5811;Life insurance;155
59144b079e19264d0fc8e38b46a8d79762c0b49c2658dc2c65d1a9301d7057a3;3840;Personal area;66
ab871d6d96ee881c5187458c5f481d1dfa68a17147a642513e51193e5b457ca7;3510;Deposit;178
d9762dcb1a9ef2764cad8204a11a193c3379a584255f3e99108ffaa4a2a638c1;3179;Consumer loan;186
2154159d538fef1f365c35e0100cbb2def14d183ebe98e8375bc4370ee650f77;873;Personal area;176
e464e4539d7b34798d3c016d2aedfdde95963f89ee4c82fe41956ae011656d66;1120;Personal area;200
3157ce79a41c38ecb9844720efdc0a4445955215e32309c6675b1d8aab2609d1;2486;Consumer loan;185
35c09cad8dd83c06101d389f5489d3c864682b2a86353439036c43485901f65d;832;Credit card;28
6bb1a594ba14a9ea9b70b7d0addf0ff30568c6c36c2e2cbc03dda8153ccf12cf;9794;Personal area;122
6a9553ae42d57ac6f5087d071c965351bd5a719278a1ca406c6720a9d1966fa9;9433;Mortgage;98
45c4a657dc4fe9cf6528e02b5b83313508cd3cc80e8b32ce7de3638f524213fa;5547;Deposit;84
df1a675b88b5e3d18490a2260b0fa23e1af23980bf6beae945fedb949c9dd180;3859;Personal area;120
0ec6a6ecbfd5fe6058fdfdb836fd3c984fac78b54a990b8cd13749578f3f45e8;2121;Life insurance;200
c75f48e492a31b6c5ad28e1e477066328d7b7157aeeec3a57c511483d01ecfd4;318;Life insurance;118
92f985fc4158509c43877a53ad91e185774e4d22d83cdd3b0d3dd623321985a5;4365;Personal area;67
e8cfb7eb26f91fec7970d6714b37d909e5df6298e05149cd5969725f32b91f65;6797;Consumer loan;57
aaff687786cfc1a3c7d3d5de0bd00c80beda911a05b2c2fe21f4c2f14ad714b0;1269;Life insurance;87
c2c45a9405874a46cdf3f9cabc04ec68b4fd6b92833d24901d3dd64977f9b245;8758;Investment products;32
8e5545fd58f756e87802c7063e11c66aef8b43d190ba29582237eddbe70a9582;2447;Personal area;100
f1c9f663f8c1a9841f4259061745615eaff9676644ab095ac04d6d599459daf7;9993;Investment products;90
409fa691f4e4246d8b63c7cfb7d5ebe2093274b2b145851906b54607fce2a776;7971;Deposit;200
f5afde460f9501dd431f010519849cc1344c97e86892beddc8efd9ab239bdcec;6118;Mortgage;4
ef153092cd6d7bf0caa1ea6381033b2cc69cded02c5ac972a3b7a0d5147f90a1;8753;Investment products;176
2f7907d671bd3a10d17d54dd070703aef142c24eab103f55c21e8b659a992660;1030;Consumer loan;14
d0308a6b8319e98ff1c06bccc004fcf732d739eab1fd0058a93a71c398838ba4;6498;Investment products;179
8ff8299c6b158db7136df79c21613f09380f0ab43b9c64ff2d5880f7dd591168;4887;Credit card;24
4f19d634bdf08b713787510065d119f6b62207ccef108c5e57218221d8b96671;5278;Consumer loan;39
5e318d67677da51bdfac3bbfd02f394ab3c115fc1110dcd6fb945da2ca86dadb;8962;Investment products;131
76dfbf296b2012e7efe9c37c3aa25767cdfc004bb2695277939c96e2967f2af6;3192;Life insurance;144
c70c52aa8300adcea5db567f44f6fef3d69d332a50cd9b9c7219dcc742b831d1;7231;Investment products;82
2ea82da455efaa7eb5160c64060af2a5a192ebec912c2ac3061558b8f27c49a1;9311;Credit card;138
31c0d85ce160f8e481ac141759a93d9c7027534b3bf3c63886abd2b2814908e5;8687;Investment products;82
837d76758d5727ff1f1d2b820744bf08797cdc60b0bc956964997262fca4e541;5387;Personal area;113
6c810c981f3689e7b510de466ecf28e81a69acc41b5b9fbcca1a6abeeb7635c6;7705;Consumer loan;110
6ee159081cb6608c27ce4edc2fc78695a13e45e0da68a19d8196873b74572fe8;8;Investment products;177
30bd001620a5e07c2f2cac42c952f6369ca332b4ebabb17ab454d347cb60d4e5;9559;Personal area;6
186ee805d1e94e93c93a2669d702e7aa94a274bbeb028c9b3f3460939bc4a33c;2050;Personal area;85
c772fd168a13818e71db5264f2f020b48dfcd5b6e3492e0ef299cb39f7190cdd;31;Consumer loan;42
689c6b9bb9114256ba9aba6563f5b6deca7ac943118ccf913ee4c2109bd2949b;1934;Personal area;150
1e9ddfaf40773aff1f4be9e2cf25b6329c1034871b8a76748c8b3ffd7e8d79c8;1294;Consumer loan;176
28cdc6ae22c1ccf765eab02c983be2ad1c87912feebaadea274974fbf940f0f2;258;Deposit;190
19d6fb78a48303243e4d41c4dc7f9e7af3325e1638dbc63219242b31ad9e6040;1664;Credit card;117
7178d831691e16f85acf574c6ce0c2f854ebbdea93bd5cf04d5d4fc7e119d476;9391;Mortgage;89
ea582bcf80a78288ac9cdb63e61fcdf205e416a24e318d7534040780563323f3;3059;Personal area;199
322fc55e036a5c4a3d178fe6de8cb9c6ab44a80c19c2020f92d66678491901cc;4031;Investment products;56
b3af441142d386da5e697c7d4ac31b6884a4b3c7ebefe1422b543a80d52fbfc7;426;Consumer loan;22
91a63b0cfff2f4fad74d5357b702099ee9591db53fbf0d360409d8a7eba6e1a8;5018;Personal area;17
b58e1f2ecf578782445cf5d26ae085c77bae8c9b622490d6bdcda386add6af11;4810;Investment products;58
29691e10a38bd30fb47480b08bf43b5096d4e0c8775b362348e798707af39c35;8575;Deposit;13
41baffd49f3d371886a068b49ce1475af941bb818003d5e629938c21ff69b086;7116;Consumer loan;35
7ab65e9aba996bc11234a7418523c4de83fcd95ad3e342cae8a0d2ba013b2df4;1524;Life insurance;2
ebf01d490a3d81beaca4fc6cb2b8ae98fc7b26a5563dd2c1ae6977a0090dcb99;9880;Personal area;191
b0838cb1b3790580bce7d25d783b355ee82d1fd79203e37e50c7f6f9544b6c55;7957;Investment products;153
63a84c23bdb6f27cbab9be099faff9c9f3bdd48add65305f5bb8a73b724d7642;5273;Deposit;184
0faf287c62d9ae0adcf417885aee905f7bbeb5461e93ab2f9aa470e1500ad3c1;4467;Consumer loan;48
aab790e31609e7d9908b780c2d08ab63f800e841106fafa54d059bca0b9c344f;7215;Mortgage;85
133608f40a79e1ce0b2d8c54266ea39bf5736042a333855f30cafc06278fb6a8;1770;Deposit;8
866056714094a22131f731de71e6de200aecb98623ef4c80b73da4a9ee4e8139;3736;Life insurance;193
7e1fa4eec831996af0bcecfc3666ec1407fa7322fc42763ba6d212d7a0352210;5189;Deposit;136
5429dd9d0b76339971cb4532f18cc27d9dc57c1492cb42e520d9d83d5dd30024;1384;Personal area;112
7370a77f6b1126bb0a9fac0749690167cdaf997b17ca7986eb179f807979a713;6753;Personal area;24
c71cbeecfce5618333060922f2dd2408994fcc3894213edec55495d21efd607d;2661;Investment products;96
df9ee5973e4928ed7e481046e8e5fa3aae2acb824d88e38ecc67cef3a4d84c2d;2913;Personal area;158
f37b3e14e4791ab3ed85a0846fe66c736ce60c3342b982ff9acba38c5dc6321e;9111;Consumer loan;182
170043f388aa57843704d84d622b938d646eca4bd6efdf86fd844e0de18ef718;8479;Life insurance;12
b20e78356ac265663391d76dda630ad557b0d5c8c2ebbcbee4c6b9327f7c66c4;584;Life insurance;195
4c0099a6b36e77af5adb781a8c847b67658c79dc166e8235efff773fa4764fdd;9325;Mortgage;184
30c5bf0114f01cebced18feceb662387421c66daceecd75004ab142d8250d8a0;6489;Credit card;107
77f8e534ce6edd0d42847c283b4a009fe178f754afc0dff2bdcb7fe1d958aae0;7120;Deposit;109
06aaf2198f8fc6a37271069d604737e43e1dbaaa1bc36ce696eb242bd77de17c;4257;Consumer loan;55
7f725f02edc772613bf63b02319fe2450f00762ed4c2356e8c800776ce523783;4208;Deposit;59
0ccfa2deec198347c60a88518174a5d2cf08e969e4d22bd150499ef154677154;1120;Mortgage;131
bb45e3d59ec97f237da9019524afa7d48d852388aac9c7ff627a6c1b3d9a000c;8593;Consumer loan;155
bedb2d09fb1d25907ddd326fa9feed14cc22aa7bfa6ecfea1d3fe6b3842c8359;7826;Deposit;179
2e38e39b6516622333c6fec9f43b2a9fba5d6f466c35bc1735a53651dd7bafb9;169;Consumer loan;195
6acfe31086cf9b647315a8078f6c014a0b91c787b730854924285c890ac26719;5213;Consumer loan;120
7762eda17e6621ff844b5811bd82f87855beb5af87c1a6fdfe4153791d51113b;6188;Life insurance;72
ee52451537772bd3f407e01e686b86aef6e3777039b68822eff2c5e2d834268e;5604;Credit card;126
ca397641d89429a3f908fcda30632d4e34c8febee9bc79f6b4fdb421a98278e4;249;Life insurance;62
8877ed9761530d23dc9925de5fb24da09d8937ab67207d5f1002e01df8ed9e84;6814;Credit card;181
0e9611c9961877c334aa6a722ca3915b11c7a558f7e329c0ad467edf3105efe3;9753;Deposit;179
e54e086ab612c61e258f8fdc5e481586d14c2f97b5c8fd136ba4731f3773b8b8;1267;Investment products;176
65a87b78c173b3c077613170b8ba9d488485b368540475be2af350567c291047;6850;Investment products;79
818e912953d9f1f7ce23a99b22a3a9fa677f8dd6e0f5c0286180fdf1a613dc7b;2064;Mortgage;155
f184d6064e55b1dd67cd379fff52c8ff5892dc76bb94c638bf808abbd74abc4a;2461;Personal area;48
505680d36e6a23b077533ad2db2960bbb90511250d9679128ef1d696e1ec8148;4623;Consumer loan;150
2cf9fb62ea3864de0cbb377253ddbfd034511d670e26237486f5e4fb3f8b33d7;5657;Credit card;149
c80c1afb3666b76f8c654efc9354f2e336b88faaac8310e71a3eb391f6df84d1;7066;Credit card;182
a4f2c629f46ded72fff844b8b294fd069eb04f2e01c64aecf9de9df6abb43c19;6058;Investment products;122
112e51899ade8db3d1228f2e919f3a3c6fa507fd7ce908cf5f8c1b7c5084dffa;4365;Mortgage;127
edb55e0c6978b07381a7eedfd8f8a094f82c1c100c68d4c6a4aff4632266a7f4;7505;Consumer loan;59
e63ff5a5bbca175862813ced1a256d02f3471ce518993aec6a854609627a2699;113;Credit card;119
f9b4a7797abf6d07e4955603e61305b2991ae457d79cacf875df76a5541fea25;8719;Deposit;22
fd33486414f2e273d699de94a3d18b2fe4eab2a78eb28ed662d65a4f0d70d0ec;2002;Credit card;78
7dfba1f22d8d939fef09090c715bf1ad8d52e169f3b401473cc300ad47c42c88;1910;Consumer loan;148
36426791412425b823985c5314ba264e5786d9fbcd2b58cd77785a59d1637a12;7066;Mortgage;81
c4c8416bad75d9675155a2b08192280c66a22c4a7b79e433a30244390a418626;4883;Investment products;192
dcadab6d5a5bd8f9f9176d28492d2c15abf9f75d1c568d6c971af6d60b8ed0ae;4143;Mortgage;109
ffe28bfe89b3fac85c32ce430acbfe73ddb55102d02a0029b259b284e5167fbd;2752;Personal area;64
16b557204170bcef4bf84b9d5f07895e62ce48fd2adc03f366f2057e1d4d94aa;4489;Personal area;48
45961daf6fba05484563cc0c1d05d9558c2459669c4d2bd5d5f29cdc2973b9a2;5747;Consumer loan;136
4f58e3c872f319e14a9ecc9b24c38bf614b1403ff2786964caddfb9d49733648;5716;Consumer loan;160
04c7ce375d4d42fef0345692d01349a07e7b3dd63408ac5bfafc5212ddba0820;553;Deposit;189
4ad84ca5d236dee7ffd0f7782398dc6f485aa296a5c172804f4766c2d98662d5;9429;Consumer loan;17
79f09c3bf1a19d31b97a096a6df27a6e918e17c3a6d01b1fe640131769ad2b1a;6859;Investment products;199
092fe48a29c94988765f2368e39d0c5b5e34126e612feaac09bcf936f48b2d46;2952;Investment products;131
216fd2f1083874af6f7192b1849703a4042a2b5b575d9e24b6bcffde5b2958aa;1344;Credit card;171
d4300548ddc3a6d9b92398783307782c0a9f3b3128513044d3bf2c859e6cd38e;1399;Credit card;21
92173fbaf744d6ff486847065a8ce00dc2105f0b250f53ff839bad430f7bd4cf;5993;Life insurance;13
a9aa5bb03938a7fc7ae48777bd7e6b07483149c0ee5a92b15d3ad9c078587ea7;1483;Mortgage;22
68912f9bfa8ad867a8939b62d05c0ee21422f7c4e29513e6f1870084c4a251b7;5602;Mortgage;138
7e5692058f77b4114c568aa6c821d991e643401e7ab0c470815f773de4133295;2525;Mortgage;36
3375303ec29d66d6e1783128ebb341267a36891aab6ea140504a7219f60f9b23;1730;Mortgage;186
d64d4e94e5b25e0302f272989ec08cc332562a8f75282debf475d929eafed6f5;5869;Investment products;7
c1e12ab1f496f95d3422d01e937811aff5d50f7f3995e5dd8b3cc23d62eab10c;2066;Credit card;10
b313a1be2b2cfa45938d6b71c328e2e9e000542d9989ccb613f3dbca986c04e0;1542;Personal area;84
8d2f1b345ac97e24e706cf860b55fdf89806ea00425129106363264a49613871;352;Personal area;167
f883ae7ac9852584e731c3e7cec4c97cbd1b8f3bc5c87cd5e6324f20bcde6e63;4058;Life insurance;192
ca4e8ec768e870ba3dec84920ef54efd9964a537e2b2a3d66d7f1966f75b57d9;2354;Consumer loan;183
1b5943a3e82c01f0640147bef199883ee75d082d0c97aead4db8f0c7836676ec;417;Credit card;102
ce51f419dabfc867af2be49d49b2763953f47814e173674252538ef290c71c05;5225;Life insurance;163
9b809e5a2bec7cee70b72b751016297628dcb408edb4d6a300865635568de6a7;595;Personal area;41
4c472eb7f97332bd61269ede787311e28e10d2aba5c3f55ee0b94cb016b0ee7a;4178;Consumer loan;54
cc8368ce4e5235478efb417a824bc619985247e684c85a781c8b6684f489b555;4058;Mortgage;94
d280d0f799eb2f28f7a64f8e522e6ebdd706c065e85d3ec86389913ada7c53d4;3837;Credit card;151
8e38a446a23bc80fe9c8b299d4f1d03a76161df170dc53f04affa1ce3bf25a4c;8191;Life insurance;136
29e46f729327a48b6a501a8a7234401a3e7cd6d58199a84632514320022e6cc7;2349;Investment products;166
f67fccbee5cab109e5648cc1c532fff20fa10f07f1348e385d2c1373d8790a6b;1267;Personal area;136
9bd21334bc96f207bf46667f52505f353d11daad82bb4a03e430b48b610cc5a2;6787;Credit card;47
7d02302f929df9e51af88816cbf19246b0d2ddda84d1b783c15914261bc95887;8469;Consumer loan;19
e37a099835fd967834a3db8bcaf684929d1e598fcec3925eb7a13062fdca2d9f;5720;Personal area;55
7a25318384259940a57256cc4580ece16efc434d41967db05d8af91ae8f3f175;853;Deposit;101
65b4e245750919279d42a0c7e0a4663d506d3acaaf49d4cc643439eeca9efb16;3349;Deposit;74
a42ff8033d10c2fb404b6644e399b7ab55ddb8df281aa63a8dad37d15fc6e123;8454;Deposit;91
46715090ab7c3ea71d4b6404e498043f464b86b6f4256c5d465d885c3419ce40;4878;Mortgage;38
0bce0f20e49fb62c57cbcc8913257c29753eeeef3f5ae701308204424cad7431;2024;Life insurance;88
91297819a2dc7f14a4c63fd8b3d1a5c21563006df4259f9b6126dfbf532c2da2;8510;Mortgage;90
e1476798e719e4a729e3d8a711d8d86c5d1472534b13f669e44063496c36838f;3554;Personal area;135
7f32ae735e252555751e83c655c22bcf3ba4937fd8175f17f407f16662b571c0;1508;Deposit;115
1422cd5c19c32db4520ef4bb95bd78c6ec9fef718bd586518ad665a2bd8df3bf;2819;Personal area;189
a711d8e644aa3f4a3cba716ffba146a0a815f96c5cc90739ad0529b911fafaa1;3076;Personal area;158
0534a2b99e362d1e7298dfbc566afdb45a4cc91c59f4dd16309d48e10d995b49;6524;Deposit;159
0ebb9ecfdda0c2af030779985bbb3d616fc8b9730f911072439e0ae8f5b17d3c;2308;Credit card;47
d69107aa078af005cf2df5a77466d9cabb344d3a91a83a8af688d46e9668e365;4186;Credit card;11
33d8ffd2d358a81af01654bf5ad1a0ecc372e447f39a437fd52adee44a4a6acf;2729;Deposit;94
794eed79da22282cc272b46447c7b49aa9fe7ff92e32cb5e25f6905b31f2c36e;3775;Deposit;108
c22fbececded6d02e71470f063d21f16209955f368639a0b7c8bf50f105ed967;5033;Personal area;161
9cd01ec6155aeeb3d9ca7409e163f017fbbcd601bae417b2f70e31438fa23270;9086;Investment products;77
5abb045fe0a2eddb45a9527d6505a9dca4c57f58a138ec64309f68c5ccdee0ca;1617;Deposit;152
d3d96237467549fbd1412bf9fb09b89c59069b61150dae0a0d20834184ab8465;2151;Consumer loan;111
0278a7ae718e5b9a733174db5c6b1e61edf16e47bbb1a2b2ebd0c94f9ba37ca7;679;Investment products;28
a09c608af5bdcaf2614fb9266b453fe075acdc6c3b9c8f0fee1a254a18b3a57e;1371;Life insurance;125
631c987056a32c02fef52aee05dcebe9cb1b0b5feb2852e1a2c24049759b485f;343;Personal area;191
8dc9b8c75742f9b9cc13a80a9605b1d31f28281264fa52f60273d99ccd10d4fb;3612;Mortgage;151
8cb4d51e8d972fc07405485e04fce3e3edc4f83c7c39c09366c0dd328edb705c;8647;Life insurance;127
37e4143ba4adc66411eb40a614964e2ad679c8b88992bd0be32842ecb0db7eb2;6026;Deposit;142
6db56ad5d8ee9003dc661394c81af2b36a5361d42b7d80b9d0af240ef8129754;8381;Investment products;192
dca969da0d24038fea1d80a4ba0b909d96a8a087181a47fe6c71c39e5b4bc6ec;3339;Consumer loan;36
31403a703f2b790bc0807e3620c6952f4ad213ecbf3aac242f8d2a77565994bc;7211;Mortgage;39
2b68f8aa00755638adf167ccc603ec821c17d63bf422c5153e1452ebded5b4f4;5983;Credit card;106
d50788c2e10fa41bc0bb0f4e19cf9821037f497124d6e2ce60153b9fbdca1f08;9431;Consumer loan;15
d91bd772b32f56c30a61422b151d7c119a5c642433239e458f7096f51c5e54fb;9468;Consumer loan;32
76195fe629361a966d9b0eb6d10c24be5f211712f85d73b6d3a09ceecc3e3aed;5881;Consumer loan;68
f4d4f612ec27efd8d8f32444462663351c9a9ac7dfe5842474e023400f1cdb9e;9012;Life insurance;65
039c993bf687b563edbb6da93e01f507580a6fdb4806ddced0648717bca738f4;9652;Investment products;114
47df50c83b6542e7fdfec6f8f79f589ae5b5877211fe52670c1724b21dc8ac99;2702;Life insurance;76
bb029e87c147bafd912e8398d4fe61e94c97ab7f10f6d3dde8e0a98770fb4b95;4425;Personal area;181
774c55124f433902884c45e3da2f487a32e1db88a39654ccf117ee9465e493e2;4661;Credit card;194
dfda00f4fa9f978f5d414121fe5006a3cbe765badc0560f9cb86b7b2aff14071;8404;Consumer loan;17
2f5a699cacf762459f18fa7de9e6a32b2ccc556bd78f60b0e80b079f1ed28346;7889;Deposit;181
3c8fdcf11cd6a9662c8d1f0b48eeb52eb3ad1fb48b1d137d362ce8048f3094af;5790;Investment products;151
1de97c0c350877c8bd61c40c9830ce3817e9144d41f251f87f5087180693ebaf;3217;Credit card;148
55002f04d85c49d6be22086dee61ed58e37dd4bf99926ed88b04fb90b029b72d;9899;Consumer loan;25
a6dbb5886eb18d2ccce76f50323474907521ef53f29fa91787eac5f8ed653607;1414;Credit card;106
44e59fb3dde76a88d7d98c0c9d903a43b2616e648078ccc1b1f67332ebd93a09;3046;Consumer loan;28
263ea2805ddaefbf4310a52606648dc8532d5f8768130da9c8620305a1682322;9579;Credit card;53
2fd1ed11d39e08b9c894cd2b601dac1182c476b3212da6b1274485c5513e2561;1395;Credit card;26
313976c1a038556883122c6988a10a8bbe552f5b3c21da7afcdfe75c31bda946;4987;Mortgage;176
ebc657df6916f37a35eb828c6b5b9beb0e9e425de1b45667fe69c6c7a94652f1;5382;Credit card;113
b23a241dfbe4be7166889dbb3c85d7772fcd00b9669f965c42e68015ea47d449;5035;Consumer loan;40
6dae07658dbab22715188a6bd0635ceec06bfbd21c4f7a5ec2ba66bfb3ea5d74;3137;Deposit;154
f479c097399448d3f766198549f61bef3f2eb020740e0335bb8b14d652218c22;5332;Investment products;61
7133cd437fd06dcbc8aa55944a9c00ff3cfd00b85d239948e699c75dcc33f436;7890;Life insurance;51
3c9f15bfecdaf1fb11ed3b02cdc209fd70c2060bb32937e91e5ce534d3680df3;4990;Credit card;77
5ed5abb8b9d829e4fd2999276d94fd887e82e8c0fe2f2dccf6056a51714b18f8;1269;Mortgage;161
16dbca8db5c9f48e5313bd7abf7e5a856e72d8818b9e73526be5cd77132dd776;5256;Personal area;86
7f3c332f47876559d3db0b65d83f71df6bed681bda53103afc96afd2c1580162;3842;Mortgage;17
c11589d96619f8a567e73def538828ca111fd2894f4c18ddd7431a742a12e23e;2057;Mortgage;51
f15bd0256e0b9ddf4696a86b3c09d09c248cfb4ea7d950ad21e096aac5b04c4e;7842;Mortgage;36
196c5273cb3a472c76ac99d1af5b8a5c747f9477dc12640ab08a52011e75fe9a;9232;Credit card;95
c112c41c57f551dabe3300d3dd7ad17847e2840e4fee8b2cf65501e2ded5453a;508;Mortgage;127
5ee033661634aca77f6fd24e69104317fbbf694f238401a36cbcb1a3da37c041;1415;Life insurance;89
73cf773334e4e3493457ee55e0254b4e51a83878ae91888ad40edd1907fc12df;6647;Life insurance;75
eaff6724e379e9f6c5f67e6a8ec0c51f282c10c06dab401263c099976210c335;4335;Deposit;24
0f30581bf942fad0f024a80cc050f608688e67351dadeb5c3ad1ca33d09606a8;2481;Life insurance;179
aefadf6e1c809c4c317308c4af4ad3e3d6b2a6862ab3cabad8e3a1b9aed7ecc9;4341;Life insurance;89
240a0e5e01187398aba12884052abee0af078a1b8673adf27bb5274fc6af8909;8941;Life insurance;59
b95e1816d0225956c2d68be3c999bc31f245c3e9a5e3721d1f7d9fdafd432421;3406;Mortgage;178
3d59bc6d352a6721f732c2a497b1b671e96588afa76f33fc93922f54bd8f44ac;9728;Investment products;44
9d45dd968b4bba1ac6b17cb89b5b0a545e8794224294f82f7278b625f363b463;9849;Deposit;116
32643cf2ecc4182477b7b4af9e431afb11e0e340e8cff9e852d0813bb4344828;6375;Consumer loan;192
ff63f42dda0bf244056e36ce5edbbcb78c378a7bfb73c6e98f7e3ad677217ec0;6253;Consumer loan;114
994f9bd9cc19f4cc0aef04b30099aae3666f8df70f190e37067e171f767a65ad;1253;Credit card;50
64f9cb1d872a0018e19eb3fe5e9a515afc1b1185ef592cb378164f8cb9bd191f;2051;Life insurance;82
d5b490e600b298798632f0b4491192bd8fce5966d36cc95d81f78d5617eaf34c;4573;Investment products;46
a5eec94488176149614c6fd3211534f2c80ad3f517555ba62a36bb5e603ed0c9;4202;Mortgage;146
96d02627ee4fbdc24834071f3aeeaaffe821180f15d519536d177cf908674463;3349;Credit card;94
7456cbd84b01c4ee566784946ef808d7cc897492e4ffe31f53bcfd950f9d2366;5225;Investment products;171
fa46f9c03cfe5d6aec4fdca956e502abc2cdd4394736b566d32e87a8b8316260;5438;Deposit;81
d2d004ce22452a3a7b30df0bdbc2597137af6648d7f3a598faf9d82dfc37158a;9053;Personal area;139
cb8f82e450e761b8ae6206b6d1f137eb8d80b5f47190d17f09d60ebcb2c9dd9d;854;Deposit;197
21e8e7191a261753e405d80597daf59efbd002e92a64a1a66802daeec0c6751a;9577;Deposit;103
566d87e7d7cf7ece6085b92f0a8793cd270cd834f912c793a766b1125a896ef5;2949;Credit card;105
c701c48ec31d56de45d838e4a21eee2257b64035d93a6f71446586423fc1832d;2719;Personal area;71
c0f4633d12c191db354673aa4f4e1c247fdcd44c6f8146419989e9911bb5691a;9533;Life insurance;34
6d84e6771ec030c003bdb13c166a959535c0e4be94a0fc60673e38396934dd7b;6846;Life insurance;18
fac60860bdac697a5517b773c16be37e645aff28456d1e613391e89181018c81;8231;Credit card;71
48a3e1176f550ff10484f6524fa2d434f7572d74d75ab9bcf0a65fad080ecc1a;5577;Investment products;128
1e8f0ade35b312887e67c348b61792ca9af32f6acbee03a5721d65b96abdc8f5;4179;Credit card;117
a56163beacea37c8410a3be00f1e20aefac0b9c4a2ebef7385ce776f3b08ba17;5804;Mortgage;117
a4758d68ce9b35ddd6c19270948db9602929869ff2e20a164057f2f03616d3a5;1064;Deposit;90
a3fde97c6dd8ccf4f5449ddd1e7d21cc9706269113c78fc231dcda0da4968b59;1217;Life insurance;73
9f0eb0cc551046605b4a06ab030df1d12eaa9cbf1f4ad7092caef27bba5d6dc8;6873;Mortgage;144
b3cfb419d6f930cc2f02a9719ad830255338b65d679b70e78f767547dbb76182;1021;Life insurance;89
6fb56d7abd060bf7f2f338297d52254956fdd5e8913fd0f919b2eaa261f52652;6879;Credit card;51
3ee6f6227694ba1ed057c9f34a9ab5c1216fc1e980b81e381805331431e45db3;1700;Mortgage;158
fdd8a4fda66425d01aa981e0a7410cfe7144bc54c5f2cfb63db30b35a4cd6785;9261;Consumer loan;78
d7ff06d5ba4156af1375e8136bffd45968b113a2a6b6b1f62aa8ee72350fbf0c;3068;Deposit;88
e070d7602140fb5445ce57ccf68cc904e6d823c4d45590129c9fe48b7d6f3041;5521;Life insurance;30
5f0438388600521e39db32e5936026cfd7722da8ce1b1806cef8be503d318e0a;946;Investment products;5
7dd44fa672f9826c5ce1b27856d0e893a27fdfb74df04b6d098eb53b0800cd49;795;Credit card;159
8c1edd5091ad31fafcdfe974efcecf8ef4b271a4ecff47d29f94246f91fce3cc;1292;Investment products;123
2747741871de88989a03e72d550520aa237c6a9b6e3f4194bdf19dbc658738ae;6407;Consumer loan;69
c1b29527b806b175befc9239ba9d657f701ccb50ae285da9e07260fb704e1118;5029;Life insurance;48
57c1db08314f34f8c283a23a61164320b61a38c0ef1e2c28b9a62bfd24bbdd9f;9505;Life insurance;179
f49c3a0f46e039618329b0addc2fa5de1f6a74752eab89c85735768a591413a2;4371;Consumer loan;125
516914a4f17df23a46cdc0fc4dcdc8cbbda80fc9aa67b95b167beb2141229cb8;4788;Mortgage;87
9314b0c4eff4abf47dfd760ebde125ddfd6b061e888eb74125994c41f18a8578;5964;Life insurance;83
abf2ce2fb1cad962c5f734c7b17619a2b717a851084fc07c179c3b14b8678c80;4314;Mortgage;91
8b1de9a70edb585c990d48b02307be3a9f965df029d253ce3b122f59582cdbae;3682;Investment products;121
e327aeb88d6eda8be99750451c4809811cd51f2234ea56359c8959f205f89bec;4967;Mortgage;8
eb3ddd7b29f94f8df8ad08641dc85c6308aeb0a499c258e7f7070525251e1e56;7301;Investment products;79
7fdef53de701528b120cf398313326170f68b5b43afd2e5f2587d19b7d70a682;7585;Consumer loan;151
63dab9464ec479dfe3aa51906ba06a6743c1cdaf587c83e13979e228c57bd8c7;3880;Deposit;41
3c4393b637a38812376b529ddeda1ca73af88e08c41801690b278d3daf37a521;3365;Investment products;193
ae7967bdf9b96568b5705d1129ae3517e1d316d63c135520f65a404e0a0aa591;2087;Deposit;167
b447a4dd01a42c79c99ac88733a2e4c7fdbd94ef51e5971ddbbdd695b0659b40;7987;Consumer loan;79
61f2d04730e740378e2907a5a60a0aa23bae6852d9433b9586a4554b62c62443;9263;Deposit;181
3b18bb1c1132c74881bc4deadf26d304071b8801f7bd4fe6956052c67038db57;1313;Mortgage;193
6e18df1e95ce449ca5bb07b7fcced2940f86005542f72f27e5b1c82d6a59e489;788;Mortgage;187
ac713a9eb683e6a945a41027cd73d3f6d7ad39f21c3a4eecfd02d8ab005c237b;2054;Mortgage;106
36137ef94bf9d232a23a125b466e5d7bc4ecd2ccf0bad8736d767efc84430cdc;316;Personal area;166
7a86078dd5210af480702a48c8f4a241fac9858779dc81d7b34f73dd0930c1aa;3222;Consumer loan;53
1ebe98539c9ba36b0e77d09f43524e0d9f48b8f1bf11782c53e70328cc0df41d;2320;Personal area;199
b561f07e4b06b40f432181b88c29aeffca69e7fac1ed03d42da3709dc067a11a;2102;Credit card;154
8f222ca6b73feda4ccde958bad12122f09ce731dfeb9cd2df150ab285b9989f5;355;Life insurance;99
191425433ddf96449ae8336056194d2b0d9e690f751f37825654ed7fbadd5825;3205;Deposit;154
843680a7836cf2e573d4bcf17ca52497c496c9e72f94c1f47ec6908d0b6aa3fc;1929;Personal area;19
c995e9190a9a196fbf605f5aa54865ec38a2c66f6391677e437f89fabfc8a187;9780;Mortgage;71
b781f85526de6cb363b528a5a7ee3239bc4064e485ab99802be2a4d8c49c139b;5363;Mortgage;152
73bd51641ada434fbc0e380b97fdcef0f37b0ef6ebdb98c6b23e8860d50fd1fb;2924;Mortgage;73
6643fdce91d0a2b37699961dd2406b19b72a97c7e73b53df9c3bd9917f5bd464;1919;Consumer loan;119
b39b673733a8145c05d8266add1184353850bd3c63594df19b44f9fc2d23b29c;3682;Life insurance;127
907b378b77a272f983ebb97c154959c1ecbf968f5d81ea0bbcedbcbbc25efe57;9879;Personal area;110
15d599dcdfee5687c4cf450e5f18c3e6d56b3cdae5800217a9333434ea8000a6;7868;Life insurance;142
431078b6ea733110896b7b135cf2d282fbb31cfaa4bfa47dab8a19c22c9c2b2e;4283;Investment products;56
c73d0b949b9539288773d60afa1030b49709021834ec786486a5ea9e5b6a90cf;625;Credit card;102
d0b587fbb12adbb5640e4185fc4722f751284f3ba1d76d18bb1b1218971f90dc;3506;Credit card;75
4da2d2dce27d4ce2a8aee72ce614ad4bda29891f505d4a0cb504cd33a6dbd257;1743;Mortgage;121
63a374bf5e39e17041cee181696789ff97b069829a55b770813dcc7da174701c;154;Mortgage;94
dbc1bcc928f5d2eb604764a9a11176fa9e3f98c4bf64e6d9db0fe0c8fb9f1758;8545;Credit card;196
388d135fa00cbabd4f3a9945a87e5d7b4714718f3d776dd22446bd7b97b882fc;2921;Credit card;71
f77ade99c0d64f527be6be4f98f1acbdd36532c4404ce9cea08f254f8179d60c;3303;Life insurance;161
212f554b7481821c6636ec9cf4ba3dcfef2296bfb221185e5c11d7a172a063dd;1174;Investment products;197
28c63a875f924653f87796ead6525e3bde6642a81806b6a6fe081502f07f163a;3983;Credit card;150
add755ac930581a1ad8d71986ef8bfdf42870e281b1f91ce22a61659785ff0d6;2916;Consumer loan;121
5b03912989f5f09a2555d7e4a2f5d3211d175162e1cea5ede7d58396a4bf4322;3273;Credit card;188
bdf87484a6e1efb9186cee61a64912ef56acb34c2ed892ebe77aae165f7b3308;8386;Investment products;165
ca77118c88c034c7a5132d8b7c77d3f61b746fc56968249e1bef34e9b1c773e8;4689;Consumer loan;94
23dfa89315638e702f26390c3717ef326f1fe482f6d703b6716f57a0db52c94e;8965;Life insurance;171
b2f3b1273ae26b2698e4ea33eb4cd3fa612246099c5121889201f57d3b3e42bc;31;Life insurance;3
ba8b13b9ba5c457c5621727393d3c610d0f75e1e5bff290d9d750f9f339342e2;6924;Life insurance;87
f18034f361d3dacff6749bf9389731432b0b351b73c30346e9c57b0f4f0f529c;8045;Consumer loan;7
6679c9f54c1a3b47fc9a83741b4d234e47ca01b50e3d763c853f3603130b4848;5376;Life insurance;28
5cf8e95c5ab0ab027cc17fd9c7a6d9e765662d7b063b3ed347d299a6faee9286;5101;Credit card;97
b1f7bf1913ab50c01b1c33a9861abe05b6c3759365a14485ef64d21ecc2d9d5d;2734;Mortgage;135
05a61a02407cd8d5fa194974c02a87f2e6a880bbbb6fb309a57df89ca5f1c67f;9011;Consumer loan;133
80141309f10fe1a6a5ac3c7b69aaf8a7995a52e96af526c6f4307da106d292c2;1890;Investment products;65
8450ee03a69b20ec8006b973afa47f451ca1547d0c59470fe464b5c815039147;6132;Deposit;133
1484abcfabbe002a7c0366bda8bb50f5407c714f07600f3a7a624e47f8142230;4412;Mortgage;49
48fb43aa60539ac7fe3d59c4ca664d8a8a4ab1bf08670174eeadebc98e1ae0f4;7628;Life insurance;50
9769db57541e68682133103b871ab7c429ab66e6040e6568aa100d73b9fc33ab;4158;Investment products;7
bc43631d5489de5ac44600f2aa10ef29cfe196df5452538ba9dde85cda2c5f3f;4464;Personal area;163
f09daac71accf0ab431b5124f4c5b85159002cb557de9f5dcb5d61d17a9e6b97;1092;Credit card;160
4577c13a0caa2f5bcb0c63747019d774c85264a2d77a39387c1c26a03f87cedc;5406;Credit card;37
bb02e79439da8e8a028c6a3d4c254dd014c261751067d5e2cfc75fcf7b7c4468;1801;Deposit;51
7738f22d08ae0d5871eedab5b2afaa5a96a310735d0ced16252000db2a5dfc50;533;Deposit;156
f45c45cbe52baec206f9df5bcd6d3c9b2b62dcea51c06cf0353e0240132bca50;3433;Credit card;145
3af3bc63f6e70b50b186f10c1930c5f373e31abe162117454bad3ee6c9260fa2;1678;Credit card;183
457a8dc5bdb715ca7202aada1c4d2a0b481a1e651f2b94b082880f8fef508c4f;6923;Consumer loan;88
2c616f0cd2df81bf9066c69365fa35f6bda9a5cd4b9813cf99b396fe091eb29e;8425;Mortgage;4
b12850b1f9994bf89e75fd21dd413ac7ddb8d80c6b1f991e20c80687983720bd;1589;Consumer loan;158
42379019c5ba84166a6f3568e75c03357dca2b457492f30f5be815267b7cb90f;9553;Credit card;54
d6c246259bdb147d96ae7a47e0505705d4ee23f258aec1295fabad0d0e6a18ed;4081;Deposit;138
f5d32fb77737ce68f2b04c54f9f736a37bbe8f7cbc1575820caae25d78c050bb;3900;Consumer loan;105
7eecba48593825a7771d4939e3443417588cf833ab2cae58ecd071c1abb5165c;5793;Investment products;20
bbb61e77be929fbde7a626bc0f6a5ce7854ee55738dff25cfe174972b07c182a;8382;Credit card;68
c487c4ce345f27d41b0d3c52709231c9a2b6f09cdf0f909229574c2d5752ae76;940;Credit card;192
d4637b27e3a0d00fafb2d07b2f6def6112fc79c20bfcb5488e3af9600f1a324f;658;Investment products;169
d3ddc02f516ca8a1f145db9d613d59874d77a266eca230cdd7c6aae6ed979845;2906;Investment products;192
59aa6746b30e4252d80e6c0b6bb690e8e6d1b76e781984f9ea82661bc53bc9fb;3092;Investment products;168
fbb578ff1f897384c88c2c3b07c5ab4245f044fb738704c449fd643c60fed6df;906;Credit card;95
96a7b3dacdc47bbd6361b8fea479499e611a10b6a5429a5f100313cb958650c8;944;Life insurance;187
9729dcb57bcf3db69a28c5b4e541fa91d1598002f8dccd7fea29b146583b7a72;5032;Consumer loan;88
af5e7f6b01f27ae0e136614a44e67646af2795ec722ad39a713e8a4d77f546ef;1539;Life insurance;31
c74c772bf7ebd9bbdbeba43b03e0667e64ba26f55b96061e577da0c1680bae60;666;Mortgage;166
8f0e078b594c958429dd534bbe9d6bed5f3c955a27f9f9f045c30c7bc6ec5155;4431;Consumer loan;101
1731333cd2c1a9d823a55bbce85f2d321d9ad38409fc914200542afcd38fc1dc;9904;Life insurance;80
48fd90cd7a7b91e944b6cf30bd53b90f8820e8f3570ed6ca4e31edc9c5dad875;3354;Personal area;168
d6757e38e07f9e94200e0827acf74b4f634723d32b5f08b5ab6afe3c90c42a3c;3059;Deposit;167
7b94cab916216664ce8d84d71cfd18b94aa3ea5f1cdd0d9c572bb5edeb58a45f;3878;Credit card;112
435076e4759f3c993d38812328f877cb96fb63f47bd76982e6745a9ff3b9505b;8430;Mortgage;18
02fb315fa3e022428fbd46403e62d25aa6bf27a62b5911bdd9bc3ab0318f4743;5993;Credit card;124
65d1749c258c8c7c0604be10f3914ac0a7c54d6b85d623b2c41cd723b5cf4e0c;2052;Personal area;66
9fb5bec958bf105826669ee8c1b2f332c253f7beea463bf026122612b30f83ff;2312;Personal area;53
8141115d4fd14bb8066ac309dc5f54479f421984d54a0720bacb8b60a7fa15a4;2053;Deposit;22
b1858f271b38d3554b4afe0c091bbe5ecb18233cb9a1cb467287c9b142dcbabf;9364;Consumer loan;164
a0a7d3ea619a0a6089816fa0d03c9878e0c72caadb937e454a3491965b77e29b;225;Consumer loan;182
a077f9eb99e54178aa50cfcd8efae81e8c7c1610f363155dc5042a45b3bba093;6687;Consumer loan;74
05eaf3cccede27aa51e441f1ac6c807e4ed2b89bd17bbe69e871c32cbe95ee9f;9528;Consumer loan;140
1df1d39fd69c6b4ae30c11ce893ce816277d2c9c1888b74ba0997786edbad5f8;7290;Mortgage;86
03b5e48a0bbe27c9cb22fc9d831a37a840c0307d61ae9cf1dde62ce42c9b059e;1098;Mortgage;20
3eb16a32a4b0aba88414625112a1cc3ade566e7a69675c5f24cad56bc95c73c4;4905;Life insurance;86
64c3cae9193f24fa6020a10bc46dd1cabb1cd3c37c88cf4466b47c8869e58829;2609;Consumer loan;136
d7253f87b912f3e91a00f17e17ca4cd821853e27abc8e4859469fbc3d05a1536;4788;Life insurance;6
0b8dac50fbedc2694a4f7cf2bb30be526db8dc61712827c3b3169497c8718edc;617;Consumer loan;13
6a76250f7e9abcf469dd94a8d157f25ad30eb8b422d8fac5ccb33d6480b9bf86;6738;Consumer loan;37
222afba735645294c469aa05299f1dcb73fca49eb409e174a78d6786a79f2c38;3556;Credit card;145
a6da04f15acf4d384f53dd4fecdd6757136f6f415365c0446eb8fe97155ef85b;2833;Life insurance;141
2a2d26d6c0d563834defe5beca3bf4efc0acee54ceda0c4c1fcc8806ce390aa7;922;Mortgage;126
632c258168684c9861bcc265ff2b916050db6b999631838191a1a391775b5039;5146;Consumer loan;181
53a3c7b41dd553c1d507f27432248f68bde496bd2e5b8a79aef4e26babf01a12;9846;Credit card;170
25cebe8dc9dfcf432e41c317b8740c144926dd5c0dc6c061709cb5605f4c641d;9635;Investment products;5
72f74ce1d3859a520c0f15a6886cf2ef4c878652eef986362025a1f2ac0c0291;4367;Investment products;126
bc43fb64e1e84fbacfce07288a536eeccbf14c25b9bc80abf872281eef9009fd;5066;Deposit;143
ed95bad7228f24357b4732c76a7c059ac1ef4332445fe0093f185ca84a35aa10;1618;Investment products;170
cc20f0fcdcf57e6a2ec5dd46579469eb09239e320753d4e32685e80e66b266bf;390;Personal area;80
09e278bbe33336aff4a7bddc16a8996459c9a98b697d39841f15ee253deff71d;1839;Personal area;59
5360412fdfe8e4e8e392359984cfbe0d7ad31f47498c05699e60a3d5ec095d9d;1309;Investment products;39
0d674a61aa2c396e1e1d5d9a3f31a26723666888440eab54ad45d59539d6104e;2644;Mortgage;41
6ea94bf9afd90428c45f931b07a23dda6c0838ee88bc5f0a182e664e7283acb1;8939;Life insurance;71
533dc41674ec1e4ac4908755e346b375818968c0da02678db4ab5939f1eefcb5;7586;Consumer loan;29
a423d3f597e6402fbee47ec988a5ea9045a7c1dbd7e961f9555f39f7ac2509b1;5522;Consumer loan;175
17f525b987e77ff365bf16dbb19e280aa8e4c83cd4be271563816255617e528e;1920;Life insurance;18
ccf972ce2353fb114d57777178daf75abe1d25f75f667d123a9ba85b1e785dde;6269;Consumer loan;114
eb3cc03d0848cc63aeabbed750749593f61dd2f2996e94a9e2fe718255a77412;7263;Personal area;137
9a883303923ebce20799b24b8f2802c64680b2d805fdc304a519634ce0687218;7434;Investment products;162
227795d2d64fff8b75087ecae63fe638a5c0f682c25b5a469c1e7297297eff3f;8463;Mortgage;188
267a5d14cf06edd6706074904ac73ce4eb7ca09227352009efe7b02f668b24ba;512;Mortgage;114
a275358953ff07d13f8892cfe04ae729c1a495965a0e0bd012cb315232521e99;3552;Deposit;99
1b13dd72a03d55f7e232cf72448cd131e3f7367b8953e7740da5c04a9fed80fc;1289;Mortgage;148
b5a0970fae51d96ab9c70d9a4cb3dc39d9dc811a9ca2d52f8eb79b0cc39b5d81;8603;Deposit;67
fe2d43e7964b2467b24fd781c853e7f431624d61fd6b74a7a516ee122e6e1644;9009;Investment products;40
332ba4783268d1fe66a6e73ffb8fd37c235d6c9a7bcf52d648e9b0bb67e4ff31;5754;Consumer loan;195
981a1335ec51fa977cf875f9edd012c3f1fd0d95df531c86884bea717d7fe611;9982;Personal area;59
05453f3a7d4c039736d4a8d7cb4e582a0e58e37a4e7d4b18cf83f3f0ea0ceb5d;1098;Investment products;33
8b697a21327620efff057d401baee04e74976d52838fdf2a1d01115f150969a2;2525;Investment products;31
6cfe4297dbe242b503ae18aadb563be24d9b07d9ad013e2d6ad4baa2c247207d;9906;Deposit;66
7c7189c124ef0db16ef377a7bf6e53792df1a990af0fd8408d98597d5df7d453;1114;Consumer loan;29
675bbca5e8de435a028299fc11ef68609b2b3e5fd16d801f1cf7194337b1ed64;7046;Deposit;178
f2e52895e23866899c71632354b747660af98c1ab28724cd84f8d9260a032e34;1814;Personal area;88
8478a064f37d287d66b1b9a6e70b553b2a3c5aedbf583d1badf700b059937817;9388;Investment products;68
b8a33a8670addba71154f1333a2622bd96b58f4c687a5130f66b3a273660c85f;3669;Mortgage;179
f561cf308854587079e1abaec2a8f911d248c62c66b7c1653920ef08dc6623fd;2943;Personal area;5
69603f63aea10f46aa4f72b1067db4c52e20f0cdcfd91c17d133be1c1fa048f7;1872;Mortgage;94
66c129ef021738f95cfc07ded3d6d4d990e609ee85e2505fb3d5b57be90697d4;631;Life insurance;31
359401bdbe993899d7ae65a08a06c51706d2ab7c36064039a731efa3dd90bbe3;3415;Investment products;60
9808b11357964a414ab4c89f02d6892132d0fe775c9b1803d909c751a8915e3e;3949;Credit card;118
6ccacde85e1af03bcacdd54e72cbaefac03c86390616b01e27c48241f78f82d5;857;Life insurance;152
a527af8eb9438cd782cac1d1135c7ed272b6d9842ef570a26686e63c267156cf;7446;Consumer loan;92
fcd73cb121f3fc5c713d6a86da5195b3c03c1b75888d44d79a7698c418041ab6;141;Deposit;187
a7412a2d28bfc75625d8886f66183c05e5f5bc01c5cc47e4796030640dd50ace;8782;Consumer loan;109
194f5a36ba08b5c4e55963b52a6f26f942ee5f6bb732d0028604f25599810413;8155;Consumer loan;182
65b2d52141796fd8616ee14c7c0d1c129f941aa3123d58dfd74492574b1e3749;846;Personal area;136
2957280192b71a61f7955a6b54696e53574df63d44ba207147df68d1b087ac60;8493;Credit card;107
52a6e6a7fb32106534901839d72547599a8fdf957c287ccbb4c462b69627db35;2837;Mortgage;163
403ac33cdb0059c5cdf10a2e12b4763fe3485df6e779e55e0cb94c0a11cecf24;778;Personal area;18
bb056e1eb26e7a291b2d3df7765a7ea02e8077a50201eaeb5f7046fef67224cb;8124;Deposit;126
5c22e5f699d88700beabd4ae803855f8bd0c6575db2129837023c1e9c793d135;657;Investment products;75
21b7267e0316ded66721dba309687afeedf315aa9227e2dec275e40cf86b35f7;3068;Deposit;184
3e65c3fc0a5e53cfa2624fdc12edd541a3ed04492f9f36dbd2dc18baa329f7ce;5092;Consumer loan;95
ecd9ee799387813e79c571cb260759d6de93f7326c5d0002c5a8a34579e5c4f8;2193;Mortgage;7
29961b41fcb4b1e3dac4d0cba42c3a513eeb825fbeeb110c20ed5890fe647b58;615;Personal area;199
9d2e4f13462bf4a8380b860d7315029e239cfa534f51afe25801643165488239;1142;Credit card;26
a0d2fecd2cf64f74fad725bc546d2e81264009d2f5882ffa98c178a0a0c0eef0;5473;Mortgage;17
f2780475b6abbfa11b433cc7d6c4021b658672bdbc05d04ae235212211392b66;258;Mortgage;20
1ee7cef4a69308c7460b0a9c20ed8e444f3b24019a1e65561ec57892b9428f70;8035;Deposit;46
3d229191366c92434f4476187a9f625d4455a47a96c55a453531883e0a594565;6781;Deposit;178
f553355c3117036aa9db1190fe8130535f5d8b20490a379403680a822f920ecc;2638;Mortgage;8
e5a0956b144ac78e77aa9fde0fb4a5ab8359333097ef5c025fcf89cd0fde9a60;7302;Investment products;92
59eebaf33ca4d13c78a07b9d9c8897117ed11fdd93cbb56eabcf234caf457615;8438;Deposit;155
671cc8c9fb9b18ec640080b0e7e0daa664939f2e5deef4939c8a6c0029d15155;1423;Deposit;161
4f6085bd35482f2c5ffb6aba1ff1894e5a4cc83ca61753db7f092cd1c81d3b8b;3550;Mortgage;195
3e867023dc5a635eeca069b442ea0ab09ea9092cb2587c105cf840681d019cbd;8535;Credit card;12
4ff87e6e4b80508c22a43cec3f6eef7c05b3ecdabe5527132b0a50421a652845;1173;Mortgage;111
677ae0436105478f2912a353ced4b7d28f560edfc71dcc605cb88f338cdd2a0f;1915;Consumer loan;103
9a67b14dd3f076bd89e9d5187604caa3ce652ddc6d614d6ecf6a05d96053c555;2157;Deposit;17
3fbd8924cd9f2a4a6f3e952245c471a08962b430c4c80592227e1be29e874fb5;6152;Mortgage;165
78a41d6a833fec674f40630eddaea0dc81257fe1f85b5b127fcf6532436a631f;9216;Mortgage;95
c1270e5a4d222acc13ec0412a4240884449417b349459023df1ee872fab880dc;9478;Consumer loan;41
fb7e101f691ce933144a870680aa60435b51f08d6e429bb7fb46985f0473aaa0;8167;Mortgage;166
44b8e990d2d5e9a344dc10024642d3c16fcd05ba588dc97c6df2a832048a8333;5750;Credit card;93
e3484900ebd1e7883afb94ca712866aa4e4b697656d7bc5e5e4d27591dd401ce;6591;Investment products;173
6b58823ff64185df1bd129031b1efc57b7fd9a9f89ff6e17d6c84db4631a99fb;5196;Personal area;76
f1f7a889830f65923bf618c7655c2d522ad935792a72552ec6cbb695f2a75e0f;6417;Investment products;21
5986d9eb09f1ffa9c78d5b900904e9e1cd12f7f5b18bbbaba5f6f29ba13da743;9961;Investment products;90
c6fd52e21cf403502a9b9b278e57f2d9a93e1ad85a93d044520aa02822157615;4549;Investment products;59
7d3bc7d2f059c7d52a24830ee8fd61ba9c67b7bc8c79cd9868e74fff68b9c7cc;5872;Credit card;42
dffed8dd6c5d68e10143959ba09dc38716d516b33fd022e90c9af1c83679dbff;1679;Investment products;12
357bc87ef19b8ce61edc64928acba206f039a1325b9d1fca23d305d4a1d24f92;487;Investment products;180
4c4946080cc53c635876d689e7ad026bbff493c0d219cd4ef45686c3f0d15583;6254;Deposit;71
1ae683c0829cf825c69430ee79d025f6ea65604f02dca22873e71c15a64f7962;376;Mortgage;181
97ad6d296ca683e2453001e42a5cb4353d9f4ba3acf654047ccc7713b589e3cb;1491;Deposit;6
6cfff6be7f81cbff057632128982dd65389f55f360461089c86755d9604c18f6;3652;Investment products;187
e9aa88d94659b4b8cb576167516c910a61b0b280bdd964212b995a8f08311f2f;8234;Credit card;88
800789b16a6ed06ced660b05bf8e6b0335e78e0f78a74aceb5df99e58f569378;9678;Credit card;27
57b94a8bfcbef9c4379868e6c2ef3869c2e966579840440e0b08cdc96a88591e;1415;Mortgage;103
a75b6af87943cf681b22c7bfee477003393074d2664463a5d12bdc787f3cf757;4344;Personal area;105
c163ac30749042ec8238cbd1a90c57dbe0e1d8b0a77d21d9ef90790d6eae0836;8234;Mortgage;49
e0e46b0715863bc21ba212acaba3b58efbdf37c8f093c707c4619ed89b495cc4;7956;Consumer loan;88
123debdd991495adaafd1645b54ab9e4506186bc7e648182a67a596a485732f8;517;Mortgage;92
329e6b8749e920f6ba39567583f5b1b95b114b5453929f776479111c36f678fe;2706;Personal area;41
84a1f22d765fdc0a4296c91f7e38807c74a4faea058aa2b59d99a7a4e61695e4;3105;Deposit;124
97d9841bac49c13fafff380a708fc9e79faf3935cf46dccdc4240c49c65f49b8;9053;Investment products;164
3fd6e7800c60e1bc6ee22a8f67f93d1fb6dbe44193c844ff0955723246029ba4;9911;Deposit;59
f22bb13e11e998f7e64019561e190a33f6bdd39ee3fbd07180d87b765a570f09;6443;Life insurance;124
d38b207b01fcd1397f91f31259e469da6ff466c1add180535bf97898a32bb460;7439;Deposit;95
a54815f1d0c4c1e62f1feb9e3757610a6c5ae1da1e940f659fd4465cadd088e2;3602;Credit card;53
33eaf7b2c6ef9d8cb6fbe72385d679ecf3776e9692337b76fabee8ded2d11868;892;Investment products;120
79c993ad65bb121e62382949d8b692476affb8268df5b4663e311074b7b77c50;7313;Consumer loan;13
b8d5c61f631b8d165d389667beeeb214e0b83d7e65f7cbc2a08d6d2b660abff7;3228;Credit card;44
729dc5f27934867e1f445de2682c82005fc87efddddf5631660907212a2accde;6403;Life insurance;104
a04e132e7d8d3f494ae253bc68da90ee2abf07f4b861d73d32a6a89c2533a608;8333;Life insurance;125
e40d19b65281a37ab5f75fde594699f59beaa4aba7f5e69db4958d4bd6334fd0;5914;Personal area;82
fcee4ddf96092ba0fb8840ee4946e33be98ec63490db0549914311b1c9d31587;749;Deposit;9
4ea0247c45d87c30993670afe6706e6fc361c30cd9443a6bcc3cefdfc6ed68a5;9685;Credit card;20
a4891fbe91c738414ed9457c8879ab4e34f98d29393752d2ad326e59bf24e249;6105;Personal area;139
b8704b4e27d6da15a707ff4051ad5f967dbcbe9e6549ac7f8f4abf4cfc88d5d3;5082;Consumer loan;58
8b41261b1f86d939c0187d01de322b86410414dc3433030d8b5b63f88f2b157c;2133;Personal area;68
ec938adf39e952c6868516aea7df98b5e95befee761e360f25c3590ebe18837f;6503;Personal area;57
68128eb4d4e12d6acad54a3891c8d0561c6714144ce955dea9547f3a75e08f61;20;Deposit;72
469970894dbb731a4b966824f02d001a222e71d214d20f0dd8da1479d7b69cf6;6425;Mortgage;139
a3209da72b8790d155e9d3423da8f5ce6d4f1c89c9f2f736a049f78ebde1849d;1622;Personal area;104
55d528f402e8638f0568438ff4ec1f39e151f793f3d2cefa7cadc8fe4a15fd08;6964;Consumer loan;146
1b32648b9f65e655f231d45682c3819a2e8c7778486d1df945f72a24c27cba38;6212;Deposit;70
896d862b5ef42633e55162c21bfc3301e51a026bda1aad157570c0372c534575;8043;Personal area;91
12e680b0faf36869ede955fdbf13eaaede804e55726f3d7fb1b4b7638f39b094;1941;Mortgage;56
86f96675b2873fd29bc725e8445679ff142b9e110174c16e32cbfc4538484a3a;6496;Consumer loan;166
a26f8310650b8b712dd3b00885773f86c4c62ba57bea18e0bba421377fa25ce6;7753;Credit card;128
d167e3bfbc1c216309b3782bf672b34437829aeaa3e6207899babacc4beb19a0;3213;Personal area;155
4222623d9471d6ce03df85cc14a982b079f49a3e7248a01f9a9476855f819958;6646;Investment products;6
a37b8fc3e5d71d23373b2e74ba6c703d7b6ba86c4db256ab82a9106df8c7b0d8;6315;Consumer loan;77
c1103068585d8af8231228da10fb27d8746c0196522671ec7cf1f258897d58f4;362;Mortgage;74
f2fd815eb6754657956d0455a3c3b7be1fb841dcfa265a91f63f66a89127a9b0;8394;Credit card;89
a9e50de53784928a41a44b0c7ed86f5c15758bae986b187a73802aab1d97d219;6837;Life insurance;176
5cb4a439e3e9a2c6f280172a6ce95228bb75425cb719c25b39efe592f7770221;9385;Life insurance;31
19c3e4de33d7ebaccf56ae955c567436b4bc1819bb598b5ef994d4a2ea31c6db;5958;Personal area;62
f4ca3a858155690ee18a4f1f49e737c569ebfbc9ea1ca51df79f1087578e4cab;7942;Consumer loan;86
e07eb3fffb169426d30dc1057db4efcd763dbc0b76f30c54a318f8212cd49cb9;8363;Deposit;30
cd7961c269d9fbe1f399d0e6a97a5d46dd804b4d02b215544583c8d2a7bb7f43;919;Personal area;155
926e4a00fca1d988fb710995b9d0482be78274775c460e5fb541582ab8c3a3fb;5857;Life insurance;46
f57672bd78dfbb1c76c12fc11873ecc4f388afc8c4c80ba1c3f21b62132ef803;8501;Credit card;117
8fbf7655c5e0715f3d43f10df9356e69777b200d288ab5750d4611f39aacce90;9320;Credit card;128
e4f61a31a6edd4ff9c07eb42bf6a95da11bc48c0434967d61408bdb5c7971b17;5194;Credit card;165
65eefc8f24dfb031110759158908cf6b12e6ad78129e0a65b3e213e0186d56bf;8308;Mortgage;177
3ae1a226c4afcf413b3ef4130e76be68b968a964771cd9bd16c8843b2f56abf3;956;Deposit;89
44c2db416dbc2e6d8fa8a16661b37f5f8c0c4d32b3c58bc18343a9c6637dc985;6159;Deposit;176
46a57cb4fef84d7f010d41487ac88afe67c16962493f32a082019d307e0567a3;6019;Mortgage;86
390cab22c55b63dc99c4894faf70aac5e48e90095416883ad5a58de587c7a9ad;9558;Personal area;35
9431bc1d627dcef64963695aa50e93ed3c189db7b3ec7a55803d8b76aa5016b5;9085;Investment products;198
bdbb29c42b687613ed4cdf29b09b07f84ad85e68690b88fd079980264b42f22c;3663;Deposit;44
57db4013fc37cab39296953b5a127b7a10e7c36d661961c46ff23b727b38c310;8147;Life insurance;168
d00501e25300b342f81e8b79579c00c19d7798571319c100b502cb4c2a77d43c;1310;Life insurance;126
26a9a9b0bf61baf31cefd197a62289c85ef71191f48c560c6cc6e136ae7f00be;3940;Mortgage;33
b3b52e10f11ff1071258c3a69edfbd3057e9289175d3e2b9041ee4c5dded175a;4505;Credit card;12
6b3815dbe37a3d45d5e5fc459847dab2d5c128e7b44269e9b7ebd8ea6c49425e;4966;Life insurance;62
6c600ef6c5ca03793fd37d2890273fdac49254156489f2dfa0ef24c8d00b0a19;305;Consumer loan;75
272fd868f3bc4f341e941822009e46ea6e72912185186f77e901bc2f0fe94a12;5854;Personal area;161
2549c4179b763a33344863351b6d0cfb3eef07bb43f53f2e3a797d93b9498fed;6958;Consumer loan;89
af4d477f7d8b2794e306b668c7fde87b1a48702cba55eccb289f87ef149f4571;3055;Investment products;48
5b93e09a09a5ae4c8264e0dafb66985c3c707bb332f953ef11c32054aa20c9f5;7899;Mortgage;34
1695f2361d4291fc8269d75a48ff5d0f28506341ac0fdeb9f582a0dbe40d8103;6397;Life insurance;125
3e47bf998681141be784f22aee36235b23cd21f13a002ddb76a3c4eb0cb0d4af;18;Personal area;4
8e8610e007376291bc41368b929b15f7af83024dd85f6fcc6b1744aa6b022048;9625;Consumer loan;50
f3a876752603d8e27c74bf559bf4a760e8e14907dce7d318cb57baaeea9dc17d;6705;Deposit;104
b7d188a80c968a4e87a73787304889a035bea0f29ad432fcd2438cdf04a1adfc;1264;Deposit;44
f97d12743c16d1ef2a0b5df90875d8144387a0d44b13efe95e522f93de61332e;6655;Deposit;57
548379d60a9c157355c75d673abfe9251c220a82a8553411226713d718250d7d;6694;Deposit;60
225c894c1f832a29c5da504996a3c2732a4c2ac40d0df522623f6ca99f340a23;9307;Credit card;7
a48fa4bc4aaf507f9e62e937a696096b9facc98f0b93758126a29a11aba2d987;1420;Consumer loan;182
de957d12e4d810d30c06192d3d92065acd356c273ba381dae56aede578b445ed;6296;Deposit;111
74e730d5276f9e0caaa992e71c25b29df0bf535e381eb7387c4294e4cb99a731;4556;Credit card;149
96546a43b1511a1947a1b56961281cf2e17c79b1b29eaa42928034b838fcd0d0;502;Credit card;19
266095aadd1a6f4a773701f15ea4620bb9212597725e4f8be1d6a9fb9aab1eec;7130;Consumer loan;164
f526e5c71459cdc0a6b4496a4cf543d7deba1a62ad59f67a79593eded23a359d;8708;Consumer loan;29
9bb0b08c872e6fa48536fa415b2e4db5b69b009a1755ed2541dd51ab27393fd1;1526;Consumer loan;35
fb47a7d0121d5c0bfd2b38e165d79d0680089e345339e26c1990b741f3f32a81;1257;Credit card;152
d6d1de455fe040d06fe20e66cd91eb8c243d4657fdb34b6ad0438f9d36eb3597;2125;Credit card;13
fe1d9755737f8185547126fce4605cb1b194400b7c5e21ec4a18e439224c0cbd;9892;Mortgage;52
9cc88664f3ffda20f707bad14bb8ec6280f363a1dab4d6f6eb0d35e27338acc2;421;Life insurance;94
6e1627727bc3be720b6ccd9bd29780ddb53b9e8a0c29d6de18247238a7f35695;9044;Consumer loan;187
fc5db739eb97943c2ddf2f7cdb8fd1662bcd84d34a76cba71f5128cb5b817614;1480;Credit card;24
03e8eafce215d8f84247306faa0679934dc45ef8ae39164bc80f5dded190bf32;7185;Mortgage;168
7a1e19eec5398342195c028c59927aa43366880711789f0d1edc236459c27ba7;4214;Deposit;175
61ceb19614a1153bd85ff4b790b9bb016887bc2f1c8355ecfe2c3f92a4c2f23c;8488;Investment products;193
16cb899c5beb673c78398929c868b8348d91d14546c10fcb4173b58701c13542;3953;Consumer loan;67
9d48729ff1751606ce9b0c2e72a5dd213785bb490f0a4b1747db81cdcd354854;4729;Life insurance;126
8fe3e3d40bb5edb22dd6c7f62bef352a30034f5fef0c89df0a4db69724f1f2c0;5318;Consumer loan;197
a821ab03967ee62e5753da9cf3fd47731f7f15572c9836654e46151f7e40acb5;5171;Investment products;52
c142f4437987344e51e34885cd624e55449912102e7cca9d7dac5afdcd98b3c2;5799;Deposit;67
4b3fec43f20ae83c30070a24b92647cd0c84ea4d75054e053e48c6c6d570bf3b;3912;Consumer loan;179
1a75fa28ec4b45949d74c2e248bd275d27ba2a51eb348b57528c12d14fd90c47;9721;Mortgage;154
95b3c314b0039ddf864674682c40db8bb9b1464190bc91899023ae80b81bfacb;2661;Investment products;155
97d860d9e1fb304505383e52ee5c627cb1dcb2ce9f0513148a0b19354d2b3496;305;Personal area;75
6c9c87fb26bc192caeb70cf86bb47629bc902c6991d4933008e51cefc380953c;8199;Investment products;103
b581027d56826bdd1a0aa324dda78caedc14cc216d8fda3bbfe6a2f9e11091ed;8209;Credit card;68
17af16cfc63a2a7d493641d9f6ebb79d9c65778294d5fbaa158049f85af8ded6;526;Mortgage;26
f462b94a76a8858e1d142394a2534675d16541aaf7b0ac22d77a1b4cd7bddfca;8062;Deposit;91
87ca2330e682aac5b7d623a8fd6a639a7e124b9772ca6df9d2bd83ec612025d5;8987;Mortgage;175
0aa487f79a0e233602fdcbca5385c40f428d5a143a74e3a1c982e52c24b10684;9778;Mortgage;137
8c8b6f08153bfef4b44f67b47f7c634877a0ece0a4ff0cf90934d5680d97a813;6317;Consumer loan;100
c423bf2d18b1c6c00fb67ba2b9be75c31c35aa742e560521debefd662bfa7beb;2816;Investment products;37
a062b35724257e0305b82598729f859363d93a8ade3e41e42a051cc69389952d;9449;Credit card;114
58b64a8739ff98601c4c0084c0e71baad73b30bbbb60730a12114d5aded2e8da;98;Mortgage;91
3dac6cea8419e35ea57696e1e00510e581ad05d1f09b2c126db4e46ae76607de;7290;Credit card;180
12cf4e9eff224f0da3633478501ede89ace4b0088bd178812dc05750692947f4;413;Credit card;86
5317e36cd31d3d063b070b1e9a0270d442942cf4fb858854aa258d7d69c516ea;350;Personal area;159
6d9c969ec7688abaf55ba9d90c1921411b4d631430ef39ba863de123c16fdcc2;1378;Consumer loan;110
42e95929a8f13935154d98e6d5696338fbdfaf4f4b268a640f4f2e32ea680319;9646;Mortgage;106
aae2ca19e6b70ad9eae3523865b1bdadc87148e59a3e7f0ad06cd35f8509baef;3996;Life insurance;130
08125e374b49e3ce7a2a4fddbc48284a0e7ca08403165ade65226ce48da1c034;807;Consumer loan;173
4035b500c561d980cf6a8d9473e3806c55cfeea15dd1c975b4b654795bd7e40b;3591;Deposit;72
cadc7e477ea951763414b44c3702a49b9a09bc895cceef0a081aa1405ca8608a;2876;Consumer loan;179
8eac27189716a0e323a735b4e22f0cd1d60fd3db0af117e36a5d9764877cba07;2760;Credit card;191
21d79189baceaa5c5fbf5e68e3985eb747b396739e9187048ffe45ac5430b0fd;6949;Credit card;12
b16d783e6471477b20a1fbb4bbe2a7950fc3885b01123c01c978819ceef78902;4413;Mortgage;126
8ebfafa81a8ba690bf7b2440a039004a859c6e87f55b3ecaa18a9245610f6e2d;92;Investment products;187
a98b56595378937aafe601ea89ecbad1c84a1b272b4789024e6504d1175fc002;1201;Consumer loan;66
2f7905a89c7240073e4d6c6203b046499afcf925aae5933b0cfc5efc182491e6;9955;Investment products;142
1330f54a5bcf75288b36ae27c16dc6c025c4fa86d3b3e1e61469fb5705e78d37;2275;Investment products;196
479fc398284d9418504f7870ab510ae48c3f8763baf0d50dc50b9a7084ace34f;6025;Personal area;25
199218eed64a13de902ea814fc9581f061da1afc784b82d9854f08d77b7c67ad;2939;Life insurance;112
09aa31890f07ec18ac3696688854d18ab2610aa36a3e4ab3b062009dd86bfe8f;6740;Personal area;198
d2c668e2629ea6f4f0205c77d40b93e2eb8186682080efe9c3e1e99be3a9b101;8289;Life insurance;158
a1e23581ecae73c6ee4b76b9fbe4041a289e6e6f2deb59d5fc6c49580e3b0335;7940;Life insurance;100
6f7050390da68d2e31ba4ec4541e1d820442ea96b5e40b30456bb980ca8f1602;8686;Mortgage;76
a1ae80f57bbaef53cf7c68c75f9e69c446e20b7ef859b8ff7c0e14939fa21af6;6071;Consumer loan;179
e1d7a24e0718119faf235fc5deafe22122a8eda2bece7a53513b893a14dbba86;5361;Investment products;63
88b425461b4eac300c37bb9745ee686779cdfbb3ae9bb8b11ec182c35890eec1;8479;Consumer loan;174
811bd91efc8559862d170373482ba64038dc5989aa0981f3e43161460f666914;7518;Mortgage;191
65a2cd499b44562193010ed89bca6ee4331d677583c01e57635a94c07087ee4e;3379;Investment products;96
734f1d1fabacfb343bfafc37b017baa85daa7fc5ad8e22d175a78c570da35508;4421;Deposit;61
b041af1e18bcaee696b0714fab3c1d13acb5381b60421f27c6b74b1567695482;3784;Deposit;154
ae4a7a6ce4ae6017f3442073a5482bc95e88da4ca45382ab54a3b52a63803396;2511;Mortgage;172
9b5e60b0d1d5766691488e42d90cdea7db331f321e356a5ae93d9fb3114887c3;3629;Life insurance;136
4a9ce6341d56134ebc3798f676af2b69cbd9923bbc343e8322e85e359b877eac;7893;Credit card;102
f9cb9354b402a81d7967dd3aa297d26e179b9751b652ed1afe27a7783a640a1a;6554;Consumer loan;56
6dbadd5940ed9d2497c16a1b8ade69ef34977cca6fbbdb8601b07906b2e7b2c5;733;Deposit;184
e38bcde9b7d12494b0c6f028edea769ae727c9d59fbc05af438348b410ba00f2;2892;Personal area;55
70a1698f502e28536b3fe5c3ed0b3f847971bc655c8d272671dda4dc4da84f7e;2134;Deposit;106
ee79922d44b807f7c936459c62041dd4bab0170a6c620b095a2890dbd78aa195;9619;Credit card;62
ed1dce0d59e8a916022ce2dc92eaf99dc4682243a7d2a3576a7afc7f0ef066a5;787;Credit card;77
d821ea7d32951c97a7cfd98671a46deac5939dd4ad8f41b49c0d3efd6c952cc6;4567;Deposit;53
46e8a5d342bc7e5f9e1b80c7f6c0e433fcd22e3435b8b56b8c15ee3c006f9dd0;6586;Personal area;125
6955cbdf490cb623d9d7f598ca2de634f0171f39159e3d1bf7391b927a3987db;4526;Personal area;98
7424b84420401a03b360025664e7979e4768291529187da5a43db79245dd78a1;372;Consumer loan;145
acef9e7fc3e0907f01f8606c1bc3e2f7984308496feef628ec3153464d75e2b4;4849;Mortgage;116
473da1fa63bc91caeb00be732ca6927fb5ea3a308978a8c07dcf75d5db5bb8bb;4953;Mortgage;19
78bb93a38db04817157abc671bbf4b8c2c8f1fd62049871bdb1cdb1fa2606cfb;9292;Personal area;126
d58052a7d4c887583252491c08f927688009cb177bac013fc0242f84c9c25bab;846;Mortgage;76
d422322dbe997ae0ad809bea2dd40e5854629122221f2b243e80eb67f511fbce;3090;Credit card;183
eb8af6d9cf85ab5e961a02e3316854cd19a5203f359b7f22f095c9506d823772;21;Deposit;67
87a476d9e9ea87e50e9a741f35786a5321ffbb9ac1b4471a4488d7d96a402bbe;3567;Deposit;135
343ae166698cc6cf5532785423a7a13f5d3e286708b565d720973beb45c3bb92;2698;Investment products;77
bded4025b3ad9c8e2f22513464da23dd96f40026667b329593071411c39803cf;9090;Life insurance;15
6d3fb358bb90db6fb2ccc1cdeb0b314355417f907aef816d51d61e979b06e536;1713;Credit card;113
b0f2f214aac933f048de3adde74754d0b9ffc5f08028b158c0a1595125f99e01;7801;Investment products;138
9041abc02048f5bfa70d736a355195a0c547be97ff435c5e76f639b1fac9ca16;4532;Life insurance;193
37b1cc668dbd131caa1500c04259fb4fced52c93a0a539fb4d7a40135223fa5c;6173;Life insurance;184
8b7fe3ca2c70b5555d9381e1d4276d9a1ce9dee1fde9fbafbdc2fd5fbbcc7242;5580;Investment products;191
f9cb388348318cb874fee9222866761acce421e729363b47564eb53e1fad93ee;3894;Consumer loan;74
7d8225c2d191892b98b2231422873956061363f43a16b174900aa62cd49b1145;2056;Consumer loan;35
479b20f56fbd8a2966006d1d61cc2c15017acd564925d92c6643aa64eb11707a;2131;Personal area;129
f3a19db240c567a67d68b80f5f7b231f82d8cbeb74a087ada8e3a4177032e27a;8062;Personal area;151
21d046c84280dababf46e628e8ad42760c69c5347fa84e0233f770ac28fa5a89;993;Credit card;86
a2a81c307683e236aa0229a99416cb6d9f7fcae4829dc40cccd26e8175316751;6414;Deposit;122
4fca2115607bf34f8af3c1b7514441748f97dbc55846becefb6cf95d6407c0e2;4232;Personal area;189
0d27f6580adfdd7f5a53e20a5d6aaf8a83bac124656b6b29c26bbbee59e28248;1101;Mortgage;170
2bf5aba3f80afbab892c5fe182297701214cacd653cc35344e9ee501cc2ae17c;6157;Mortgage;68
9c79550ed237f5c25ce2df4ec197cbf2eca9e60072ac2521c01b5b3512ce6d7a;7635;Deposit;139
fa71a940d9c506fe3fed6d5ee94ded789b39b9156434b48a5b908f761a00d149;20;Investment products;65
b37f93005a386132234a2dc1149f19078d74ce01c7a3a5b15038594ec4fb6583;9153;Consumer loan;26
2ef7e65ddfa7cae91b2aa20347814ca9552835840af969d1d0023cfa6f0275b0;1859;Investment products;90
339beee0fd2320669756f8e081ee1edcc5ee78d6feb0f86006b1d5d9e788e2c9;7062;Mortgage;177
8e8456d322e95e3db7be1803efa898f4dc964db4841aea6b36ec1b0ea227ff26;4597;Consumer loan;63
21d97f101904586ce6c56613adbf9b525c19febfe66fd173d2f6e8753186a0c8;7721;Investment products;34
534d4686388f973ed8493cca6286f68d807fc9acffd76a096311494b996befc2;1622;Credit card;17
fefdc05534cdc3002a1fdabc9d091f9c535be069a9e492ee733da38bc1faad05;1388;Consumer loan;113
c38371e04029566ae234360b2e4a9f3f80cf976e8ba31498352378d2d0c808da;7434;Deposit;20
fbc041e7eb4ff8921c040fb4c5bf3b54e621fe1bc6ebe4e64baa5c66f0098385;8989;Credit card;7
66466fea2ffd8feee3dc48e8a4de15b8f9c353c41c6af248876668b6f73c5eb5;6042;Credit card;26
39884cddf5baa72d9178f350b512a452310df170a744d491b7321b31a7b8abb5;9289;Investment products;32
834612a5b1f6fcae1c2edf3ef049d82d8edb1a3ff8753993da4b5dffd5b4b343;546;Deposit;162
8e54f87aa7828717149662bfc5d5e11465dff2a9ebf72de834fca3f2de986037;4906;Credit card;129
9853a6c5c3d4e686872e0f018227efb53da359fbf6961f8b0ef098cdb505f876;5993;Personal area;16
22f612be18425126659b081533694dd7d436708ac5a381dc2601ed03fefe907a;7907;Credit card;200
9bd2d9421cd7d6f2f8f6ae3f8c283eaee5c7627a874138c696ef3ec1e8210210;8652;Life insurance;181
5629f57e04fedfa909f20f37edb30f9df412040823955eb05a9cf1cb3fb40ace;9907;Investment products;32
c45e1889467350babc027c66f26eb1b22820b3a529725fdd4b15a58601c55bf8;3370;Mortgage;145
aeb843fd4967216c9396bf5d4cf0f07e4f44f83c5ce643a580c244652a58f8bd;7890;Personal area;56
78358c559791e361205786b0612b80905c54456cfe9461abf1ff9cc07cc42dba;2159;Personal area;138
31340180b620e9509dffa273bc43ca8c5441b3361b970b134c50ed0178fe1ac4;724;Life insurance;11
d12f45cf52ce13eb005bbedf1b4eb7bf7e84bbad7555e16dfab5b1c4bd2f9421;4883;Life insurance;69
12f68dc6e3b37d9db46f796f94ea84d51f7e9ef05502b4cd4fea635c6446c0e3;1368;Life insurance;12
6e1a178c2afdfe191f231ff436b35682e8a6eacb21407eaa3a56c68d514d510e;3089;Life insurance;76
70fe73446c430e3c24bf17cd0c1acdfc4eceb38f6b5b0fcfaa26c40f3ccc2a27;4155;Credit card;160
9242b9841812c86e10252e652eb2f5d4dec886c09552107ff6f36faaa5973270;3910;Personal area;160
c13781ec776bf36a2ed830f23b7d8d4f2b2aefcdd48f722f674b14be4fa8589f;3008;Consumer loan;18
da08273698b95353f10209436ef3eeedaf36aa7a6169ef08ef257fc2ceefeb94;640;Credit card;67
21f95959010988877e5e1daeee795f42daf51a77de110eb0d5ebda03393f4145;5697;Deposit;146
41bb8198d476a488a4e94bea589c76ef31482b850943c2ef32532526878e9f6c;6134;Investment products;5
7f2e1b44e6e44811190f3b716d0edc876ae6a51bd16521ab05ab4d3f4d152c79;4006;Investment products;178
88fbf3f02379843a513220a5096a3cde409ec1ebc0257a86a3f68a3fac5bfd23;5933;Investment products;52
f8931a478fcb93eedaba5a33162c105bce2f8fb7ec4425001e59705489a8403b;1104;Investment products;15
8ed3d435bd74368c2e7161d0d84669f79d09f31e7cd319c50b7e90779753c5e8;5954;Mortgage;40
408ba0ed539c58dc841b77a467213c204f332659e0a0518a6d5bfe955d89348d;2039;Deposit;96
8e3c83e1daebded3f90c6b07634409c321971364ae83bd59955406b3ed9a6ae0;1035;Credit card;106
fc4b4efcd20d459cb28d674a78cb82c4c89ecf3b620ce4f57673627ad757c655;8562;Deposit;38
3e7db0436e26cbe828eee7633aca5131caa167ebe5c128b9154ebb46656a3c96;3006;Credit card;23
18fc377fc65a79a331eb7b0b2bdbf839c80742f5a8360f5238575a591c4ccde9;5300;Credit card;159
c8a1c8a671dbea77ff75b22855f5560ff23a3e8a67f2abf1c9afb01c09948cf3;162;Consumer loan;59
5f1a896e9af7673b6fe2cae5412d0d0156c748f9154380b603b509538d5eb95d;9362;Personal area;19
0d931a33b8b20a75fc229a37fe5bf4ccf3c7b38336df23c376ef2f6cfa712a50;1940;Mortgage;111
85b163d25d2bb55f24b30abcca41ccd1430b17c870d645fa48d007b7563fba57;4485;Credit card;132
1a6f89d34b5c82db2b44bf9023816b09f021f162d0bda690d3055408df8ccd17;6560;Life insurance;200
ca480e5c0fb178ccd279c58eda6534f5f5496303eb4ef93af1f81d1a6ebcc44e;5035;Consumer loan;183
d30970754b87513c3f2bcec1aafab9e7a2b12f630a1a4a95af21907c921f66e7;6570;Life insurance;91
0b079540236aa4a662495a647d75284b5a2fb9493de34227ffc3c1947bed4510;9331;Credit card;150
6dc40ae08c8798f6a87b7a71689d8239fe9c702ae666547d0fe5b9a60bc73752;274;Life insurance;95
f1d1d78821f030ce6736014a3115a81834d8e1f939c77e3df9ef12eed667e4fd;4238;Personal area;175
d445c115796020e63c9b0423d6e8c6f0c5062c06b1443a1e5d0dc5540ce77e66;3480;Investment products;110
00829bdaec72e33c25368aad9a56af89e7b667a1cc9b6976d63693cb84e99c24;2967;Personal area;169
e8b04b9e3fbdf92dfb5cf1aa7e01289603a95832588ed0c8d3e3ef6f48e27f8c;7189;Mortgage;118
18b441004e661592377c562e7f3b8cebddac0c2c4826715fc18bfd5ad9063f89;8300;Credit card;94
eb774d1d7f84f198b8b2e1b0980a940c9a164fbdb4139e76b2e76bb05b8ab641;5849;Personal area;74
c4f5172c323c81e0e5f8e012a442a8dd9eebd8c78650d63762c47be9e046cb4b;8465;Deposit;8
ff04a2bf9e5b1094d16a53c9490eb6c0ad246fb6c9ca5d0de8329f40221f1bcd;6682;Deposit;168
dba987cd90068521381ab10c65cd47b8e49a30a1b9c18a440a5163a3d256861b;5175;Personal area;111
5f6377ebd8cf9a5c20844ef44704210686b50ba14c1a8b444c505dfb2408e405;5713;Mortgage;128
45803ad749c0c244e6c513a9e9bdc0d7adef070533f84d291c5c98fe2956b45c;1378;Deposit;163
c5631764f3d63d1a0691d23850408636199c6ea5ad532e0f53e6b0b8d79e8cff;2425;Credit card;105
0a6085ba7e3284d412e1d3791de67a8a174cd9c2f3187d9b72a1a35eb7ddf2b4;4919;Mortgage;85
983bed7dee64cf352588c4d2df46d29ccb6ee0726d07fa84a24e561e3af5bf01;1968;Credit card;57
a24460b254fa3b9db5e55f5cad1898d0cdf231a63384c62078d659977c67c3a9;8833;Deposit;136
47fe9ca97d598934dcfdedcfcea2ee1113da69f776f4958e4f86a978b19f9c23;4192;Investment products;31
ea90ffad6f25319e19343aa3b5cd0a9b5ecd0889d3868a9a364dcb41c06921fd;5906;Consumer loan;16
9d617935578f55085c349dc1d0db0784c006a70cd0f8172f3e05c5b395395aa4;3688;Deposit;114
2d4027c4d07ddb2998bad0185a10a94f9d5280765698d93f41116d3f50899d99;2002;Credit card;136
342f85407cdb870fe7bf4edc3b4ead99c1a4a394ef7a25c8d14ec6fd965fb08e;8472;Consumer loan;80
4453b458f02517f934447f4b26d1e1068831ea13edfbe47e6db72fa15b097c49;2102;Mortgage;53
528e3e900414c59f1d0ae27f589006d039fca46fc587f78706e70aa36ba6084b;1762;Investment products;69
6fc3f1f07ac5a7caa77e1131e88e265434ef9b08b5b55c56cff4f6bbfe7359c4;1708;Deposit;147
d8a65528bbc8bde9114908dd41ef9840c9cc5cfc4ae154c9e88808bacfa571e1;1778;Deposit;118
797b2d7691bd1c2e49bf1487139acd019e78d413fc5117e6b2814c53cfc96f62;2209;Life insurance;178
7545a6e7d313a9d846b3803f69e36d07f47d554cf332667125b784e50c0c35eb;5261;Consumer loan;120
5b5d73d9635d12e5326466f57b204fcbfea576c3fc6132f872b0b2278d8bf3b6;4802;Personal area;112
4620e1d2be8dd2655bb713214d28295a39b087e415eef641e06d7f51ca01a630;7666;Investment products;108
529bdd9d96a237766b961032b79b72cbc9ddd8fa00fdbac54257fbc431e1fad5;8129;Life insurance;117
d3613bf0724e77f4372fd41197331352343654866becca9ee070e3c3c02d3ca6;5460;Personal area;145
b1c9919f6e07259a22bb383a10814ebe316ce3869e17ca4b9a3acfad1e15b2a5;9216;Life insurance;29
078a15c3bbf7bb6303b762814c7018734e808b46864541b51a393e55067e55a7;6616;Personal area;48
e70cb00d514a2617860faf316b20e3e547dabac9012f627c4183bcf64faf6dc0;5810;Life insurance;28
e1b245c357703fdd87f2bcafdbf8ed5ab9eeebec460e48174e8f5574e56fbf10;9259;Deposit;154
f3d2e7dcb1cd1a9a1f2b8d2f286cd6adc25dbd3c68af706576f15b6254c7c7c5;4040;Mortgage;51
a344ef35316fa73675ebf54f12647c1f64936c2a1cee111f5f9cf4780d1050b4;3993;Deposit;1
3f6f0358003237adf960acb2d59a563ae2073a4c339fb8dac35edccf87caec29;1790;Credit card;173
6d5d3ca59125ddbf379a1652986c2c3eca5ad32454738b818cab37b7264844a0;7250;Mortgage;174
a6aedb39726ca6df4fbd3458bc079957c649a0a6b4715a6df401aab14b295a10;930;Credit card;121
1ff8204e4d74e960922cda261d93514fe4bb1ed45d567726a9db1dfe71fc8d36;3831;Personal area;33
a02be7f6c81cbcfc1dd78c990416fa1302b0460f13a530337a4014bb913c1240;9492;Consumer loan;158
e07367f35cdab28b93ff621a3da5fc8940b92293556327f4cb9b7f99dbe4b3d9;4112;Mortgage;18
e470fa1626ed1454f719f11f10df931f394b46d60ef2a46ea7e102679b6cecd5;3980;Consumer loan;181
f3a9c4161deb0250b693bc38de2c03a88d293d83d8ba2964c1343ed4bf0a6284;5511;Deposit;188
79931dee22aab3f1cb6d6583dae0784e84e1da253e245172701c875354efd5a2;7246;Mortgage;66
edb8f2dc4c0405aded2ee527f0302164277f784e0f699aa8ed416c785626eb37;9340;Personal area;136
7ae110c95b3cdbbec1b0f3df9f41fe5e993ac301db49981f199ecd765e1e24e3;4407;Mortgage;8
11bfc23d6b10e4ab2420c54d7f6552a31ccf9ae21606a56ca97c5652f92a92e6;2104;Investment products;126
413a16e24a4b8e825dd7b69899570f00eb5e64801aa8b9db9ab6b9ed3cd2e981;5126;Credit card;84
b8beeca90f51c2a2575ee897f3262fb4b817ce39076955601cc5368facab65b5;4940;Investment products;18
fbe469323ec3cc550860b1c00aa623013a5e7729124ee709d317deea8ca231f1;4399;Personal area;37
32daad13effec7f658f1dd19a60d107a5bfa2d940213528351001173feaa6e49;899;Mortgage;99
19f0234afec6c511647d10d3f09dcfd170ff2f374fad099653d45ef576161145;6873;Personal area;17
a37614c07ceaff6b38343c989279ce0daeade8d4c94fe96b027da4489ed07a17;3044;Life insurance;71
d1f89d984153008e5a5b4e997ba9257e79b1ec0a9912ba2c77c6998076864096;571;Life insurance;177
814ffeb7fe8db8c154b725682d45be7a6e277c5f7273438a6709cebd35548743;8284;Mortgage;54
aceebc41622c20c8f0ea02a6ad677ea4481a8625e189a3d88ee589b0622318f0;2564;Mortgage;139
6aeb5b32fe0c85b3fb655493252b77015daa6dac6c048b04c07085223b88a87d;3695;Personal area;164
38b6aeebcc123b3c11db875debb6762a5199489f9825d010255294622ed5679d;5167;Deposit;81
ffa142d8efe307ae389b0efc8f278216ea460585560b2fe18c70e3759e105f09;7818;Mortgage;88
ce64bddb8ec0fd96840d3dcae90ab9279e3b8eb9bcfc5b266387c0455e785aa3;4565;Personal area;98
937afa958f90c33265ed7d98a218efed430db44c027ab807cac0707f28758065;9263;Credit card;80
87c3e73e48591e5565ad88ecc09e4147815d69804b912465f9b15da321ff67c7;7832;Personal area;111
ac2a421b3bf2266e54c63013f1199a2797c3c4260ec0cd473cfa5325d9adfae6;2058;Consumer loan;111
39ca0b94ad55cafdc35b408c78c3470122c9dc91733ca13ef34227bcf403adda;2173;Deposit;120
4d0d24b00de45a6842fa2556e88b7d9c9e23c89f0d2e760ed2312559463c3e99;9713;Deposit;27
fdaf1cc94ffef3ca000a29d2e153cc0d2c300bb4f29368f7881fe1227cfc5fd2;9582;Mortgage;155
893eb780132eb0a57b4fbdf331fb54acb838245093fa7bc1f12f6d6242ee1fd9;2010;Deposit;77
3a755838b55147421da868d9d1a6285c4b7f0f79378da91947c60ca573ffe278;3091;Life insurance;179
48693fff6292e49151f0d051ea9a5a1a761a77b881425a16235692b8a48a31f7;3196;Consumer loan;167
d7d46c22dff668fad159552b222aec740cc8191e08857c179d89fa05ecbf44d1;6780;Life insurance;140
48262510a65700f525fca8e730afc60815fc6a9b60a909b1cc941d7789e8cfbf;2649;Life insurance;184
fe215ccaff42ea0374dbbf3d61b31497000f019d237ced8f1857c3e8eb0b59da;6571;Deposit;162
c7cbe54f77e0488f841009e318ad8bb9a717a658c650ef5835d4d0abfa67aba3;3340;Mortgage;1
c29b78e3c8995c77d7c5056598b9425d560a080131c4a3d2df31748e54063819;578;Consumer loan;195
14081de2d1a2ccf14bdb732ac28a7033eb5b7acf22b5b1dd9b9b33ecbbc8cd18;8976;Life insurance;72
272f272655e9c7b6e0dc8e04f0cfed68cd00beb06bd778e302f8551b9d61cfac;8633;Credit card;21
ffdce725adc877dd7fd16dec30fd3f8ffac5cb996aed620d2185169700d58b83;6962;Personal area;71
6c06e87b7ca39f98b6d7435166236f389761a606b786ce8fe8554d8d42c73ce0;381;Deposit;63
b7e33218e4b248941c05983aca3856a1370d5b4ccebc290b10eb3133770b21c9;7236;Personal area;141
a71f8052fcde8c661cf27005f4e507e5b8e1eb3636bbfc00901f900fcbd1ae88;1394;Deposit;31
0457bc67898ddb1534ad7ab519b6d752d51da6edada1b7571891907b38fafe2d;910;Consumer loan;43
b03438abd9f1ba2407ad971c8c79aff6692e01af34b8592de650f76a72b587ec;398;Consumer loan;50
e451b092f758b15e928b6cdae80b52a35ad7c43096377c7794896ef032942110;5831;Personal area;110
10e125c550245242c39bb9e1bfd3cbc1827b97d45ba444c0e900793e06ff768b;7700;Consumer loan;20
8a7ec7f7ce227b1e1fba690a98dab7aad6bb62c816c4cc950e0cc4a266f1e193;9672;Consumer loan;23
ee2bc31e70e7b97f3d7abeed7c5c3e2708b76b5ad7b80d073be0eb08aff1aa6c;5087;Investment products;184
7c45aabe6078c0c68dc459e88815a3ef5795371386caf0aa485805cf86cd2e9c;2763;Personal area;74
dd9c6df516de177fb06dc9e24b65e617d770a57c685aa956c3b9b052d804222a;3626;Deposit;43
47e0fd0a3ce05d7c308debf444d268102bbf5303e8d00dcc94d66f86a67bce58;4086;Investment products;180
fb9b1dea641ab71a638d71b662625eb235883460667031721011605c4ada9859;1072;Life insurance;119
8848920c183656b55b8b469819c6d0c971ef42dbdb1fbeb949522d03a5a22faa;5674;Consumer loan;141
8381b1b2a14227a3a33bb6b8b03d4de001af8d2e6fdff247c797850c6a12eb88;3750;Personal area;120
1a2fef8c5826ecdc965770c03b3526e867b39f39e0581a23687f8c1095d566d6;6361;Mortgage;62
3e1a183b532ce104f8535fa6ccef99144182711314312a465ca8bf9dfdf885f5;7949;Credit card;155
b2d25e3001a666243488bb0c3be1681928db14fc718bd0cf63988e344ccbc024;923;Life insurance;108
4ce797d9d2b6f3b8ebca56bd9fb798e0ae60e094d9e042888b24cc2a2dcbbfd2;9301;Deposit;155
f5a4c1767465dbc9d75febadf626a3e779866892fe220794cece01568ccecacc;1994;Mortgage;100
e4519a8000042c87eabee7f360f20e2c47dadb9d42ab9a63aa3e8a2afe61100f;5151;Deposit;50
71a1ee1ee1a5ac9b300ee1431de856c75508d79d638f8c1fe7a27352c079c6d1;610;Investment products;155
dff505c60300c8a00ec8485b36baadd195eb4b1767d4fff0e35c63b5b1772a0e;2596;Life insurance;44
55c5872e0e48a2338f9e1d4ef9fe8bba64349bf6889dc02fbe66257686e2a314;2854;Deposit;23
5496c0569c174eb65ef3896d5520e77f99e935abf50aa16b87948f3370370a68;7817;Life insurance;50
a3d59ef8ed9a6d3309bfc526a8a53b488d8efb64b02ddd1a51fc9de8236f66e6;713;Personal area;185
2930364b888d456497f1494acac62ce3327ef8a58a1b298ae5249478467ee97c;8766;Consumer loan;155
a91e74df0f578849205fb196b8cecc28ae44f78712fdda4652bf48c718e836e8;1287;Life insurance;125
7200066e980c080b4926b849f0e210651d3bd7a7388e9d8f66c1afe3d4b35ec9;3735;Investment products;136
e2336a227158c6f54bb09fbe1605018d4654b2c9e679940ebc4da5f1860092e9;6768;Deposit;189
802b7dbcf69c5b17271175382de35b56c1082a73f62ba38fe739491c1ec7b809;4625;Personal area;96
2f8e735579528db3122baefceed87bdb1add137c5de8a81c6af7779fef320b42;557;Investment products;45
347f8e7df67daeaff09e9c2994fd66e8602febf882df42fd5c373db4a9c67982;542;Deposit;147
adacbdfc0f834dbd78fd220e153dfa9f7f95a1e853f177beb6a6eef1cfebdc5d;6939;Investment products;57
32291b115c92be31b7c299315c640965407394a7fdfafb402d75985b3dde133e;1710;Mortgage;65
68b22cd401a722c7e1dba68276a74c0e4840cbc5c3eee60ec796cd637a2bc3f2;4090;Credit card;73
98dd615bad7a0f874c970ed069f2372aa49d6b7aac5843e1aa2a5b7d489bacaa;7211;Deposit;69
8db780aebc285b6cd354d79139c17ebce6dfa0b4ad1a0858c2cad4997034b909;1265;Deposit;150
72c4f4978979e7f7f0f9f6f106e4a5ed77d9a84faff527b50b6e903404f0c05d;1668;Deposit;138
5d4fdfe63a3579b17a8003050a7532101360151bb276a93f282637586bcc73f2;1437;Investment products;50
13cbe4d279b00a9add142dc6b7562fbe89ca3e75ca29138c6968eae98dd04505;3007;Investment products;170
7f0751b00c24e48b5d21a8b039917c0e33d38239e2fb11634647d236c279dca5;9972;Deposit;180
3dca035ef510da5ff79f6b6f0b01c051b02ab5918327bef71e7b011cbb0eb708;6905;Mortgage;103
803b839a95b46943cc207015f34ed95a8f22c259558883d6c9864bc29c131cd6;7108;Investment products;60
75edcae925c36cf4a6cd0fe28f43785abf31f43b8e08ae0fd6b33c4391429610;7870;Consumer loan;160
e642af9d869316027f282ce3961d0b629d35b8a7d3aa3fcf9aa601fe5129e71e;2750;Mortgage;36
dc62622ab10ba18e1c8570b3743c1396a1a8219f14cd6a06d2f9155c90e900a8;3298;Investment products;78
a22001fb08e040b4dbdc3dc4cb680db8247991ad491e7a5c36a0aa08dba4a645;3939;Deposit;100
2ec238d4f63fd843912ca0025e541622a067145dcfe6216b704cc35c2d025f2c;5004;Life insurance;32
8bbc1e04761feea6be0d388cf28d60ba2aefb4bc893fabe027ff69b3ae76446b;6046;Investment products;159
162653526cb60ba96c27a54f4a1a5c276943a5b343262616356e43caf643094d;2727;Personal area;161
589e3588d44ebbba296e5d5d9aa318304e7bb5577f476f90a44a325a94cc823c;9684;Credit card;156
f34ceb9278bcd0d2c0aca293212365f16047ebdd51e5909d10e862ccd2bb27f0;5228;Credit card;116
1eea803cbaf513bdf8efb35ebda9c61d5afb88df084592e23099bda31fe5114b;3206;Deposit;61
bad92b2d77c89b021fa193b45eb47f10be2ab180c3c5103b7da433d7f8308b08;3583;Life insurance;198
f31bb06489affe8c3753b22ba4c63aab405e3637bf384aec09fb792bc76a7902;5649;Investment products;34
c2df39537c4fdebf535e459b65c5cb0c796b3b9a1a20605106c5f62e1be31da0;1222;Credit card;44
342fb5fc50b1ecf9b02ebf91d90b3fdcd22209edf98f111eec513c0610ddfef9;7514;Personal area;75
87ad594756bace55f2c3b4fd5cdad2b572c83b7d229d0f4bf98bb13f36f667c6;9003;Consumer loan;59
5422fcdaa64e90a5cc1d00e9e9b448954e07afee236e9155f4b683721ba24019;3345;Investment products;133
cff381ea097cc63026163f9a7b5e44469074e5a4e8e6373e0ab7382164c3fb82;3803;Life insurance;176
3732c5da2f95e28c1a3e581020350511ab1c831547e84ab82888f8f797f16736;1135;Personal area;89
835ce860c456e7709bb1562a170ec0b9ffacb18935d3250cba6a1411395f520c;308;Life insurance;180
60ca75296c5312a2451138b5efac240762ca78418498a51c33a4ad8f3d729965;649;Consumer loan;40
9af8fbc32aa98850da3550da76918a590be138972b396bb0dba14a0b291c08cf;753;Consumer loan;189
9bd7e80311c5feb166b4401e74f0ebc25358ce49d209b93d2298e34f85565ae5;9228;Consumer loan;164
4cc368c0ca3889f9eb4458d1833bd08ea544170f38f96bb17515c352e9a2e5bb;5525;Mortgage;51
7ff69b8cb93a1996aa89be16791c9f3bc2883d0ab46153c12049cc287217fb5c;3868;Mortgage;22
d5a760d4ad1878526827ec48ac0444cb25a0b667f8ecb219c5493717c1b009f8;1530;Life insurance;200
b3256d6c77442f0e307d6e752e97a22a7a11f24c9e30fe6bb3bdfa24fb115eb1;5380;Credit card;29
414fb5c72a13d06e8b07a8e6f8c6c6a1c7f811a6af913e2e4c9a873c4360a114;2747;Deposit;68
9e79b7efed6bd2d829ae13c8df1f2c2a8ae838fe58d66fbbbfdc6cb81b97b9a1;9869;Mortgage;95
4fcaa5c9f3d5ea1f56d0bee33c5d417cefa65fbbe495af2ade1c3b61e1bfdfc9;7174;Life insurance;46
13b8a83a7655592db128e00c18be0fe6e9486b22224ae118e763f2b5dad74a31;5361;Mortgage;190
c7f2d6478ddb30f3d00a43a0e9ea1f812b6b252c8e3cfb714351b9111f42a6a4;6500;Life insurance;103
57d579efa77a2cf292158484c5b5e4e9f1951ca88983d9048c33f6e6178a3d0c;6747;Investment products;95
acefa5cf37f87b72d2e6139d2ad896b854f8998b589767b70ac3d17d327f1396;7979;Mortgage;200
5a82504fed5bf57349b66bd1676c63ccd2e6ca45a4d71f500f28f581e7c40eac;5807;Mortgage;87
0e3a60c77e0743a3375e5bf07b8ca5c2af193e407e1ce946edc460f77aea5012;1611;Deposit;81
5e8166b6400a127071c7bec2a97ac5c6fda2ffd4a18793c374b9e33bb8188f9b;2215;Personal area;136
aeaf17223a212bb5bdb8bcba20b4bf1818856fcfb84383dfb6e449cad4bc96a5;4802;Consumer loan;14
88be42b7c7e164c8d275087faf306f62ed5cbcf371e57680a99df77be542cad7;3213;Mortgage;141
9c3e10d22fa58377a1f3a88eea9daceb849806d3f52d2dc3c1eabff4c37f466f;3069;Deposit;5
da6f9560e2567c75e25017bed46c979c3c6da979f3a73ac428901587e58252a5;7633;Credit card;10
577ad1426f4fadb8ba44dcea7d68640deafab1c14acbec108c5b30f46d313c74;3255;Investment products;17
c0292e143aebb2dc9e3c175c0dec22d77eb9386cf0c68f1fa1e8d03fd11484eb;6476;Credit card;94
f265a2e520293a9279b6e4e12cf39b986edb803726fd11c75597860b9d348c6b;9244;Investment products;195
a112516b265f944115b2fe67ac8cabb447a23a061558e156439ac8af21fb1b75;8488;Consumer loan;45
bb5cd938a64bb777303e133abb5267c098dae542a0596f644f8a2a3c0e3a4077;6126;Credit card;98
645eb088266c1013bc3fd2d18aa7573e1dd7c3fbf0f6a1191d77246c6299e70f;5080;Mortgage;151
b1706e1e957218b0e7fde6ed4ba8718f3761f58784f60a52ce2e93015b484633;6328;Personal area;94
9b17c491b8a640cbff940ae6214cfa4abc8b03e2b5e175ead2243534374de5c9;2685;Mortgage;105
b7691d4c39f2066c02ceb0231d66bcada288896f7a02cff78cc9cc4e1de68e93;4837;Consumer loan;9
fbee676269f709bf04e350b4decb37f3b893e71002258a0cfc514188e37eef29;5045;Deposit;180
fb78049f40a2b942af344e810de4f966d781da77fb6f75009974dea43a9ff89d;7453;Life insurance;27
a87488857b427992ef9eaef5ed166a75e05574d976dcbcf2767dacb7e38d5917;2971;Deposit;6
e095496869778fb762a96ba437f243231738c33d33e21d59faebec4b43c60b5e;1991;Mortgage;166
df7c8e63e5728635d74f18f2bb46bccbbd3d8b23faf05d1e15e3bf570dff8918;6762;Deposit;174
a53145ab16519477494e18410cb9ee591e5c176fe17e94160827fa9eba0bf1f5;8001;Personal area;114
9209dd79302b1dafa22db02da3ea024d516f7cb04cde798c54904b3dad2b8a2c;2933;Life insurance;161
56fb664f7dc57296ff68d7529719fd8494797448ab745f708a7e2dec329e5fec;535;Consumer loan;152
1c2f7ecc93090c60b0f90df6b1e8919e305aab6750b4fd78e5e704280fc27b69;9111;Mortgage;97
7bf0e9fe57b9bc2fa719632c7e2a39da99b7ab547358d652be36a6d4f34186a5;1189;Mortgage;197
4afe9e8fa7abf4fd95a699196c1a27f1f163e30034d9000032f82342256dc5bf;9290;Credit card;125
1630b0bd1ce250230a6b153da8a46e375f445d51bf407ea6463b38d13e98851d;7064;Life insurance;46
282ca69b91d63128e46c9a76c613dd9b8ecae941cf2087194c5c510eab5ea745;5382;Consumer loan;60
a4331d1fbd5e7efe498cf43aaa3a3e1c9dda475b06cb47f8f47bea6f010d74f8;4934;Mortgage;105
1393be1588690253ab2c23bdad199e144322c69615313503094df1481321b9fa;3254;Consumer loan;47
e111889693cff915d9e52fba80bd9cd2b691bda7f80d2741f9272fc998b083b0;6118;Personal area;57
22fc1abfbfbb1ce82ecf23afbd33062703c8457fb1127a1c26b5b7422baebf09;6058;Credit card;99
9cd5400f976b27fc7ac2cdd2ef6e9f8df78ad0cf74584c260b371b5c7c760f03;4478;Consumer loan;60
070007b15a099fcbb96c5723fa0c2df09ab9c0362835304c293dca93366f3c0c;1440;Life insurance;153
179a7cd1bd1ea66578a14f88222c09f848c75e42de1e59fe166053154c74fdeb;316;Credit card;108
41c0f0c9ae70450daaa0346f5fd2401ebe73cbb9d4cd0651500d1397f5246bfd;7671;Personal area;18
2c032aa9f75bab3bac4f6197e8c64e4b155089f976ab57e94b4e9527fb6fe017;3194;Consumer loan;130
31cecf637268bfc89dee447298af596c9438acfa939459671dc04c83452267cc;501;Deposit;160
350fc3573977ee18cd6d116b54ee790bd1b56570214f9876fe9cdbae0105e403;9853;Personal area;80
b8bbcc45b60b8a696736c26482534ccf21786821b164453584b77b06b492fc82;2508;Credit card;113
2a3dbb628ac77389729a233c9f4834d0d140f322f0ab6edbadd0752a4c33ba7b;8051;Personal area;39
f7084136e9bf78cd967dab6106751d1e652e562bdb1f797db646869b61d933dd;1875;Personal area;185
c122a5f3e569bb242c1cc5ddeb0a5a40e136abe29af44c4562dc8617f475cb48;6260;Investment products;57
ce6853e65e04a9ced6fcd8e17f42ce5dd6aab74b689f081b3598bcc2c2bcc705;2072;Investment products;115
f65f0f26dfb15f5cdce3d330d88caac019801424b527aac21d3a5ad1b588aaf5;7510;Deposit;140
cf430e184562fcf6e9c32851dde0fb533a6e45a844e0af98016c61166b4548f8;1377;Mortgage;145
79b34db940f6e59d07db41732397298764f1172f6bc8762526a5f99e5836ef11;9279;Credit card;51
2957d9803aea244882c1e36e35a17e43ce3f2f320ac6eb6c1b26939ed07158ef;6664;Credit card;75
b781959ed4cbd4dad373758bd1cf157a994cee9636b82a055dea609ffc36306e;1200;Credit card;137
55d9cc3aabf2c2604168a5a91ecd5f5f9ec754c6ea20f03aca74923bb4b26c1c;7147;Personal area;117
198f89ea6944a87021dd12f218bdb49a8bf6e3613e8fc4315049481ddd36f4b1;214;Investment products;13
bb03d25d8265aa6939d988ff878fa53ad4fe4b151e84d37cbf503b9cc9193731;1927;Consumer loan;136
9a8836d31e4f5f969ee359cd33b16b3f964b212dbc1c8df7f6531c4fb8490ea4;9068;Credit card;55
d8c4146aaeaff4ed2b18867f0263b3b3f866e40827c2e37c9d1de29c0942e6ff;2770;Personal area;33
66a4450e692038fa2b5b7adffa195e4323a0f881f85a3c97a2c86d57f033cb70;8508;Credit card;29
4f4241daeb942b282e56036406fd8788c291c4cc8a471738dbd2fefe65d824c9;2398;Mortgage;148
029f2041b33451231d6244f905b11785d3f2e45282033301cf98082f9f9f157f;5850;Life insurance;84
3ab61e09914bddda1be19bc1d044d1dfe8f1662e3bfaf70017b7ba1eb4aee2ca;9221;Credit card;193
f51fbf7b5468d61ed3eda44df4adb55088e7dcf94eb7fffe2b9fe322d4581f55;2393;Personal area;76
13017a1023bc579a0e3bc807d5d3a72760e559aa0549aed99acab5279aa23c21;2342;Mortgage;50
42e6a90f950ebc6fb39eabd5f3e6ff691a3e68d9b52330ccee826c397e397461;1280;Life insurance;64
31423e2638cbf5337d81ee4c094c33b85b445c17828da84bbf859f1c33227a09;6865;Personal area;39
c16ee401588e64033c9c6522df2a028ec3fe1beedae6b8c6ee070f06a7cf3ff8;6218;Consumer loan;36
717531121e63365cb6e416d33d5640e239b9f4c66755e783789b45f7a8612d6c;7351;Deposit;26
99e83701e1fa46a5264ee204f11222a17a01436ea396f662dad85385c9bf2d44;8517;Personal area;145
5a853aa085f3483feff6ed4c7b9924caf9a378e0cee049de5ed20d166785604e;305;Credit card;17
605633890fdc99f414cd8b2ef0ba2e3551c982dc6cbdd0d46da7df6953a47605;5441;Mortgage;183
fce8f4bd86f2bed7b9f6218ee6124b14b9719691c3b0d1c4f166842415f3942c;1808;Consumer loan;91
d67b34ad51177f3afb23608938ed68497ec91cf924bc948ab4b691ac3d95bfe0;931;Personal area;155
4063325dd714c81208f859c79897f39be002a533cb546ca027fbf6d4dd53cf75;3172;Mortgage;57
bd0d4484eff192979811212e460b5fc55fe4f3f239547038488bbf5124164bd3;7241;Credit card;3
7b8f2d8d5488938a4ceafd8daa7e71e937e058eef0838b5030eeaeb0ac25ca76;2290;Mortgage;183
ee46db207722ac7edcf538b7050789b821f647abb5cc3de9b5a0f739fe5a857a;9369;Personal area;1
dda2bf608541aaf0be7c6c944c253b37c9937ff36887231440405d8a32ce3b90;1032;Mortgage;44
7775daaebe36c659b915c8bd45d35a584f2d6388354aa0858c8f9a5b984f79be;8877;Mortgage;45
97c8fda716868ed216233a29424d90428204a9b18e10fc820eadf929bdcc42c6;2678;Consumer loan;78
0d6f028edf5407ae3b97ebe251b0bccbad737cf905509aeb2fd5c2eee5091c88;5600;Mortgage;197
e072324751557605e1c1d4e0cf2421681ddd753c0c122aa75c868aae0017b2f7;5055;Consumer loan;107
39058ef82ad7f87968e592d15f2a43e518cb5bc1ff654701ca3305ba366f2ddf;7799;Life insurance;25
a5d617e06473c0319f0fb7e246ae5878ef488641c70e15d243952f46fc3f560f;370;Life insurance;59
4081ead5b6bfbb201d08f4d634533a30ebe25cb4cc1377b0d8ac593e856ed910;7370;Consumer loan;71
116d7833c5b529326af13bbaf68e498e945b337d07c58249d5ba84089efd68a5;8760;Investment products;53
bbed7f3788e4018c0423e1363d48c29fd447434bda4814c51d4215946e30b5d4;8920;Mortgage;151
a68e5e6b0e6f2fc98bb5046a56d4efa6deb841265cb2adce6edee3bbddd3b77f;5377;Life insurance;79
656e256dfc78031e07a0a7528168c7295651e265fbf838cc3123c7220ad86720;9939;Deposit;153
5f6faf657eeedda3e0b1679a02d6395b584ee084862e9209be29a32f52e25fdf;4273;Investment products;81
78ff8d51f90acd03a7c27c4ed6908290ee32cbfbf73da31c971107514da7b4a3;6174;Investment products;124
58e133ea2c51aec0990a64c084a61805e99e6247a98a3c7889a5f1a46960e3c7;139;Deposit;163
2837ddf19d759a27d8172f81a2d4a0c0a29d73c49f59a33d3152d2144b9cb152;2979;Investment products;91
004a7a35b0102503f94895f422e66f9897318393de2478ffea45703b3b5be927;163;Investment products;26
55c762fcbf27eaa68f900f2d1d72f4d19c8338482000c5ff49472b8f166cf33b;319;Investment products;158
b042a9f578068bdfe52c53fd851cecd0fd5d5a3f1dc2ce70a8b57ecbb236b70f;6923;Consumer loan;82
22b5d32198c808949d1cff0fa1408ffa2c99ba8736a98a1737063da264cf7032;7778;Mortgage;87
9f551a86283eae9b5963a0ac4f975c61cae8b2af5f40792d492d018f3e6ab99a;9431;Personal area;69
ed295d860b859a7e0e524f8b995c6ec35d5bf9f947bb3ee0cb166ee9814ad69b;4123;Consumer loan;95
267e88d5692d914ebc658b745207a8605ce5e6d56dd8695cd353133f8fef238f;454;Credit card;39
46c41a5be7647a6b4a4ffc9c34aad088ee14dfb67cca8735ce84125f52308016;8520;Personal area;122
a137e62d0fab7ef21c390d7992b0ea31086c70a950663d847d9976d4e3929119;1877;Investment products;154
64cbcde0a9306e9296f65324ae102da87948cb7976292c746e976af52735691e;9539;Personal area;174
49fac29b98e25e149bdf7b3d81cce2ed681cfb3a100882a69daa477d3b1f0dd7;5106;Consumer loan;136
0ea4592c282b2fffc83f97af01eb0449fc5fd5a9eba907838a83368a64d47518;5186;Life insurance;62
6eb521cc0a70098be2981d755a712f99dd093a096710c259c991c13c7b7567a8;5253;Investment products;78
836f34c24840adbaf6731b07c68c16e201d31e8f492b562d1a896ed5ac81a9a9;3815;Investment products;41
2a513595da329f891a47551df0f76980dce75317519de9afc4afeb6c1125c431;478;Life insurance;52
6c8e2c7d8dba691b4d8a8c873528effd0d04c25ce15deabd27aab77d1aa79222;3658;Deposit;166
9ae7eb50a444ff098d57e4bfc49ac7ac1a83a9a4255df322dfefdc5efc361102;641;Mortgage;5
5bbe86c3dba4da94fc5062baa8441cda443f3e413d3b69126c7a2c649d6cb268;8269;Life insurance;113
a5f6fd31d204d12eb8b5fb2c3f911a6f5d7309e2a30915533f4e71bcbb2bf9aa;9733;Investment products;187
7cb9275611008ebb50c8732ae4607929a193d85ccc72f3779903cbbef72b7e48;4209;Deposit;45
761c182575fabd365071f59f6fc898f27f88ebeee1b55ccc4829c0724455077a;7840;Consumer loan;15
834b8656e743d5d0d00d46948d68a80744f6c97baac7e20485b7ee8f05a4ceb7;3284;Investment products;56
ef51754d2cfc58c520448ab71a6ab5a818fa3891af8dc9e05b0c0e30970d871a;5079;Mortgage;37
f30e362dbc8fc358da659e85ef041fae1cd222720b8f81aced91cd42cd24137c;2706;Consumer loan;182
3b00b39d22ff7c23d0680572e03fc6d921e2c99dacdcaab18bf4c67ab23caa51;3706;Life insurance;41
13ee84dd23bc4f27a625356dd5d784f74974fd1b44b572347b77a4dbdcc6a547;682;Mortgage;79
9a1e2a86fa691810422bc3263ad366b7e82a7c256ad512fd59432f5e1d787a19;7187;Mortgage;56
f7838ef6b3f398e7d72441dfeb70ef5611ec87005e698fbb7061758bfb1844a7;4841;Credit card;194
0eea29b0dba88faf9709dbee54e4efefbcd7f606f003fccf7b84117b0371858f;6985;Personal area;4
b0414a446bd4d9ff791905486d099c2f54895e358c526ecc00a0d1e58366ed08;2135;Life insurance;146
8745488d6682f33866a6f780fa462e3e13a7bf6f744a35cd8ee35f3133c13f10;6746;Personal area;44
637ae2a62f0f46fc565e0af78539144e51aeed362e1270b6172a3cabe00a0268;7315;Life insurance;111
10b18179dc1ea7e71daffe3845f4744996259d379433bc961fbd0466464e5283;362;Investment products;97
6d231559e09fa1f3f3c7d314e8dc2c20641b76caf0a6b38d7e347d62f637f3c7;3610;Investment products;13
c96601eb0c06c66d843a01a2125d866b29c59d5e5c3a31ee7a418fa0da2290b6;7310;Credit card;173
f89802d9a91a057bc86872cffa7df6d065df25ec000c90851f06fb38254be444;2975;Life insurance;4
7941bb802b1d443004ace83ebe76751895e8359a4d3c7d46f280c9fbb504514c;5744;Personal area;66
17df4158df7b2ca57a3fac2242d624655ec1603922f5e00bae450fef0998387e;4091;Credit card;198
6b489430ed81eac5b392332d2c0c64fb8d55d2eebf647a2e3de11be24a01aac0;4286;Life insurance;185
21bdd753fbd5681311ac7800ef2d4789e8aaf21c8f82742e315f28d3b2662acd;150;Consumer loan;136
018067f5daf3c1a320a2adf6c1536b77e5b8fd8ca876b52d67cd49c5bf729da4;8373;Investment products;38
4f9dd7a5f2ffde704fb38e97154ecfd4dc3df16f8d8ddb9c7a44715c3e02a8a6;6196;Investment products;16
55ddf26572b32134cf2d0d94dfa8aa11dafc33f941d6341605883e0e391dad23;2931;Investment products;47
d36403bc286ca0dbb8083a8699223921f1e0b6ddd7f7870f52f98b13cf8f11e0;7155;Personal area;126
7594067a218b093e6174c2d33b8264ddea10827e826b5612be9b593eef958c1d;7340;Life insurance;25
aa4303dfb555a60ddcaad27fa4b33bede0f483cfa1394ed5228d6db28aaac162;8444;Credit card;72
d0be707c2ad1e6d1e790ef2904f183bf9c2091c2ddca7fe1e77aa15e4efadc6d;1867;Mortgage;120
dfc08d86f8b2eee39c0d60b194a929474b1e18fbd00b8363dde1c62205bfd4f1;5926;Consumer loan;46
b106e8a49494e2aba179e5b55efb4b3a34c53f353844b04ad1089dfcf48f7601;4733;Life insurance;120
f1280cca962ce2c648e977641b1a4c6287f407d37b2cb54ffba247bcc03a5c46;902;Life insurance;41
9c398b005ce218b49857fd9fdb9ca34d06cea7e461cd93d23c20b535b0479972;1318;Credit card;15
34c3ecbde0a570fc04c17babea92af07ff7c2a5c1ae0200a21ed1a2c47b098b1;1260;Personal area;195
488a59dcbf5225ed1055173f839543524e25c9daed4119e85db4d2d2d0d45af1;9892;Consumer loan;128
a30a97dc789b34a48e01b56581f40894ca9c9a6e35e45e2ab4904831ae4ef476;8814;Consumer loan;160
f9c2e306c6e97495f3f74fc71eb0ef475276aeeb24c6380f19767b0c2d79a435;1937;Consumer loan;39
881f819db393e98dda1cfc4bc3c77096660db4ae0a488d0b1fbff3f9ef3e36d1;2028;Credit card;16
58b2b5f5ce8a69be53ecf9220a2c9df033fbc6ce7692edf5aef9a6b76df6db6e;6102;Mortgage;22
2e415546706973e3cf2bc123cb5819bb7172a0ec0b8541c8dd03bd609d3daec2;8307;Consumer loan;12
e6ab11cb12f28847314f11f4406020e87ffb26a3728654344f0b4b3a74fb45a4;9634;Consumer loan;123
e663e209a89f743ce29ea3be12c8757c16cb2bca4dad4a01312d5197053c0698;7983;Credit card;34
8ead728d076c0e378e23332c6a475256f8c849c36c129bc43efb720bac49d65f;1657;Credit card;94
1dd1bb309e000ddcd6915941cfbf82392c9ffb12572faf849f59755de7c06696;3199;Mortgage;45
35889ebab0eac7af5b16cecc45ca7c575e674a83b91b40947f8e680e5b6e9a51;8603;Mortgage;76
90a92191d3fba110eeebfeb3c8dc9fb3ccd92d63a467f20ae9bb5ddcb02e7a21;3607;Deposit;129
0a1b6ae7e37534f681849b2ed60b28bdc5e264dccec157e30feb285a7fa08bd0;1696;Credit card;33
d69ff3771ed2d37bf08a8850ee735e69040c09ca94764dff637f3b4976bccc2c;9381;Life insurance;176
c17921b439b348ff1cb54156d09eea9046a630f4c4d21d2314477d35a317739b;2862;Deposit;10
ddd00235d86a447e5191b9b7d42b19bad9892945cce005dcab50905d9d4a694d;1928;Consumer loan;142
d1b86d2fe4220ecf8d4cc5413fd4551166adfedc342010e95b31120149c14492;6013;Life insurance;39
7c5d6e356a14f95cb706241adfb09e8c057d50196d816d7153c0b68383e46a67;8402;Deposit;60
ef68d8bf79a85913474e42e7e19f97b1851c874fd7fc9e92d0c27ea911490a9f;4122;Consumer loan;17
f41cceb03ce31decdbd56463da291805afad36da81474c710b1113f96f0ef1fd;1649;Mortgage;162
647af94d25c95d83265f7613c3ba39711ff066c818374948d91cc309f5b699ef;5865;Mortgage;75
acb7ce552b3107fec5ed36e1653f5307a4c8d164fd4493f1655911a2d488d2d1;1692;Investment products;70
ff17700c8ac10a04d8659e66e913ac2bb1c2935c4a946c7791f51563a8868d0a;682;Personal area;129
1456d7f6e62703c885ed2fc9bc26d5dae256a1d9f349d73c5e6417c99ca3c29e;2604;Credit card;18
24e386382151a14c994dcb6c831d6fb29bbb4c86a5629707f3bbefff8f3b6e20;756;Personal area;80
8e3c75b868a55f5208f212d33c1250dbd28bac8e99aea0c37a0f129ddd94aa70;1695;Consumer loan;148
70d3e84031b7c0c2a139bea41307d91d6cd2177c2c774af9b49e62f6e19ce377;4017;Investment products;9
1aa88b2b2a8df345ba0ce523dcb6c416e9004431cbef123e82810b6a4cc1fb54;3978;Deposit;129
fd267c2400fc2d19c331f572cdb61eb59af6880567d257cf52a1b826d31ba352;562;Mortgage;58
2f4f32ab7adf60abef8ecacf9b251b4b360a405bccb38038bb98b3dd600442c8;9982;Life insurance;150
754e310605e53d28e2bb27868d8c1cfc0ca5344d8a65dc5450a35cb476b9852e;5094;Mortgage;152
ee6705bc2f51d9a2614b4c61033b844b7dd2d4a2b26b4a8acbbcfa890491f46d;4000;Life insurance;9
ad027750c592ceac166028f88a2592441b08e872be7db92da9de347b397221de;27;Credit card;58
1fd8690f0cf5f18664a1309dfbecf0b9cb9a7d39f27d2d2af86dcde9fb4afdf7;1837;Deposit;171
7409c8b8417e45dc263e42fec2398f4f129a1fd78c89630c6d47421276b0b1f0;2321;Life insurance;191
15343c37a4e53e57ac6402c9a882f753eda7e581d2f477aff53571f2bb8e6e9d;1736;Mortgage;33
06999c05721978e90f32a60afbfb88f958b87936fff84ad9100c484d8d50f8eb;9290;Mortgage;161
7a0f43514dd3de8880c9593a9d5e7e92c96b3405fa1208b4fb2545a93070c29b;7500;Investment products;193
aeda6dfbf05f45aeebdad72cff37c349fd45bf9311ad77b2395da38a5bb2d5d9;6133;Deposit;123
61069215d87df87e37e6eb27a5a7f7402d1e1ab4806bdf6efce912b7d0a9948f;9650;Deposit;179
798c7cf25c114a11c90e26c13c7fc6617582b3bde93642361495358853c3cafa;24;Consumer loan;13
4b6150ffacd099fd4e6d6636332e93b475e144a6098c32171f896de288fe5639;1478;Life insurance;50
696cbbfb7e8a7d44d8ab354249c12ca7ccf4984f7f1140c023060fc80cab952c;4971;Mortgage;88
41f57a0682981b1e09c4bc799a37512595f374e2211c12a4ef9702c6d6ed7465;7222;Credit card;38
c0469f1920f61e6193aada89052ef764bceed082052ddb699acb7ab91ba02363;2448;Credit card;157
b4f1360a72ba7d1d441ac53cf72494f9fc06103ec05067f84a9a1d72493cbc67;4679;Investment products;20
84dc441892ba012a9649c8946152e903f296a3244f01414992b65936dbdc84d1;5995;Deposit;2
8f574513e036a5bf5bad7b14891983765fc34cc3c0506601441b1e631d4071de;8719;Personal area;43
ba3726df878b65c01f9df7bac9b9c84a62d88b348aade6e70ef4392aa25b2c59;160;Personal area;139
6fbc3199eb3b4a3d187be729976f1d19ef58dcfc35665448708f795673758dea;774;Personal area;114
040b546d71386d8f478356c8df3123c0da8e760d686b3a6e2448399f98a31e66;5365;Credit card;15
05bf710cc5f9397e8245edddb6f10b825b26910ba7f15f36623663f228c5d710;7995;Mortgage;66
407163522124dd511a1ba1607c716402c8c00e01591a5548a7e333a0d643f3f6;7773;Consumer loan;162
15e84ce2c4909f7123d97499b4aa75665901c9ae559d28da75d57b7b4addbce0;4114;Consumer loan;53
ca9a0417aa9db116e12ca5d9b2b06cce2aeaf2e0df36ebaa64bc7d361ebaddc6;8609;Life insurance;7
1cc0ff9d7497b3adbeac660fa948be433f9c907af2447b5dd19d51d7b778f7a2;9210;Investment products;52
6b81db0a908f7b21b582aeed242d9e10437e229910c7a4b4b500335caffe151a;5484;Credit card;113
ce1476cb07bb9f5646a1a03a95dd1930a0604eb0de2144a37bd4a38ed520fbe8;9209;Personal area;190
63e7b7af4eda2f59f5875ec3811a109e09da0edb69c5add95af1116ba569eb1f;1444;Investment products;91
b3e02a6e4be05492c021c119dadb31c335bdbe16baf136c34259ac2d32e9f17a;8074;Mortgage;13
5ff34e5967f041ebf4074adbde01f67f8f80e46130f5bbab7edd0e9ffb40fc22;6730;Deposit;194
4160bced4ab54c270ea5415c673dc88fae4880ce182c2321b6245f185be5e4bb;3824;Personal area;82
a7b0a2c7353f2af754fc90ffab441d78b52810c25b1c94400c6b2abc9481b8f6;8193;Personal area;60
7b7a3ca3c3ce6ecb712e6fa80b9adabc8d2195747cbca5a3c5f4cbe0c111df66;6799;Mortgage;121
7f8c877741f85d9843623e30007a52bb4be746cad5e56f6d3dac6a3ee1d70027;6489;Personal area;122
662ab93013eaaf4d6f18831c8184def4d190393ce043f1845f708a40f839ba16;2994;Mortgage;21
e344c928af07c633639e237e66e8e363f208b57b1af2a386dc956dc2ddccfb47;540;Life insurance;44
468d67b7412e7e40baa9a57c924889231b37d571eca09f5b6f05a31c09381c04;5593;Consumer loan;133
31584f03e69b7242576c6eddff10fb0182f36282ff5330f6c72d9882f49921eb;4235;Life insurance;4
95469bc2a6664ee161440ee0daf1705a66e842ffc26970cb884561e5c443aa06;1150;Personal area;179
1e36c35cdb4529877db94b22d08d0a4ffdf17d3cc92e8c498cccd1031c421cd1;1279;Investment products;74
938463feb24cf217bf65b2503ee54479fb9cb2673f68e8bdfea11bed3945b191;9267;Credit card;187
275650c06d295bf4f5790ad8197b7ef4c84ada6fbddbdabbe5c734d279559b16;6986;Life insurance;59
e46b1028dc01f52de4d453d075bc6543452ea8f5bac0dfe53cff005889b98d2b;8580;Deposit;86
009373f9106587e607fab86161742680547715fe11cf3d9fa93f330ee4158379;5983;Credit card;146
326f64297ff68d08ed81b0e856f07fc0fe1c2db78eee5ce509fb8487f3fb3a3d;3018;Consumer loan;101
8138aa37fca8e4dcb5d8bf7a0c1ad339ac1af69c19caf265903855a357a8de35;458;Credit card;177
702a13a4a015389b11155d57df920a505adc768039e22f03a098f7929a33bd49;8834;Personal area;37
712700fd3c020a5949cca89643d5d61d9178d9a143546c96e914649123610898;8979;Mortgage;56
c4d4b5d9914d9d3684df0d4cc76ee6a2add0ac8b760aa179feb995e5afcf4e66;8014;Personal area;132
80412fc1904aae19ddc97b969822afe50df8407553476cc773a4acfd47416b85;744;Credit card;92
cf82690708337bb85aa64393933e3d5a2c80ca9255db0c73e73f49540f0bb92b;1734;Mortgage;124
e14286431b2272f220173a1cfdc35d6dcab68d18fd188bd5d5c57665067cefb9;4569;Life insurance;172
5642b5a59b3ed04538e441822217b1db4f478f4c8683f8444ed2891421bd9397;3477;Consumer loan;95
79d1e5b85172b13ed427b49389aa10c029cf0f488d238893cfedd642fcf5db12;5215;Credit card;66
6e884f58e8ed49b866e0fc1d939594691889b6956fd8da880d5597e40a1f9439;7652;Credit card;134
5b4720350617999c2a1d0071d9203c8fe8ad4b7dfae452c5e39552e7d6c8023b;2914;Deposit;68
1260c7a9d480d11aa9e1869e46ed6308a54762ecc505cf62921e35275f699a56;7477;Personal area;109
4675382320df7c628623622bff253290dd7af0a23689aaaede8848d71b162764;2656;Mortgage;115
66a354f0a44bd770a3d5972fe3eb082a99a8b0fb1f1d6056bbdb54f1dd807be4;2098;Investment products;144
a6227b84fe19d33bba959359426845aac54c2d60dce1a30968086a613fa2d4d9;8049;Deposit;28
233a5ea3290b759630c29336b022797ea3be9462779f9778054195958fafd39d;4347;Consumer loan;113
6b80faed40c7e69f2a68fa8555cf9d5dbfba412a38bda5410b5b589711a45174;8507;Life insurance;118
c50f9e2d60b14f18c1e894368895dcaf062acbe795f52ca7ae4ec94379d45c49;646;Deposit;109
2747b4e6b927925799e41d6ba47b9fd72acdcfecb86896012a3960f32cf86279;774;Mortgage;56
697fdae31d718f6d565ede45d63dee8ba8f3f294daacfe486f24849c375c4a3c;4969;Deposit;27
9340f63e6b347ab997eb95d6d24e1f58a7035d24fa97efb608ead5e757478af7;3485;Mortgage;35
fa8be54aa505c0a1450fa612842b2ecbc8102262dc3116bf47124a12f8201fd8;7342;Deposit;98
c96d954e646933251e2dca67600484433e679c4fbbd63aef648a8d8937b24334;2866;Personal area;79
5ba59fac7979575a450d0c3e88d4af4956919482507cd3d56118056e9516768b;9527;Deposit;78
a6928302745e7d7fb3351085abcb1914043a80f5456ad6b4bb681bafb9dbdf64;5303;Deposit;97
74e703fa028cb7c491ef982d12edd0f8f4f12e909e82a18375cd00a7b5dbc3f2;351;Life insurance;65
09c60d11705cb9d5d7e6c780be0ab02e6581a9c4fd6349472f20a052e13c575d;6820;Personal area;156
e03ffa8721063f28c0401f412bfb5da3fd61e8364c62e5e545ea301be03b1fab;3407;Credit card;21
ea2aa15ef5393c28080721ffeb28e89d2a65a7c49b0711e1fefabbdce8420524;8331;Deposit;200
074bee52a4e2c0415f0a7d034758d2071676583cea5701484d597afb93701b4b;2094;Credit card;86
f06580b8ffb6e1a7fde389017fe564db10efeb86608d40b47d395340d10cc1b8;3514;Credit card;23
ad9a96c276efd9b6095600bd3c2314ac25a57b87c5d4f62105ccbfcd0a67ba53;7241;Personal area;136
4dffe936a8574f2541ce8d48de3f2d47c684d8219915cac0d1127fb48da17d1c;2673;Mortgage;114
c1fe2395a245e8f6f1db7de22edb97eb1853279c538965bf3fe52ac8d5e594f8;4899;Personal area;178
7cf70b8c986f76303d8edeb84616aaa3e077681843f5efd18f573cdd00687056;5096;Investment products;6
76f7475cadbedf3932a0ce0406a074f2ae92ea6cb9f5ce9d4d4ac0b95a5ded63;6709;Deposit;165
b8524fe75925e126b6b0a40b5ebfa057a1c6f712f8ce130cee89fbdba243c308;5763;Mortgage;61
6e1a55c5482dd03c01f41721fb6d188bc5e095ffa32806e886bbdb3384cf00ad;1396;Personal area;15
b766172e4b32992c8bc215787e31f866c167b65c2ee02412ce19b0ceb082f6cb;613;Consumer loan;112
d84c89b6a66280a45d1fed54bb7e5f3919a63d801dfd055e83c15ab5e635d192;470;Investment products;97
5d3733dd5fba68fdcd78539c620baa9a6dda96de44268c06d6f7533085954e7c;6718;Credit card;109
23b73affceae0b5129d567693438b415ed9616e31f8b438c40e69bc0c40ac216;5506;Investment products;58
84308e5eb9057ec2c2b336aefc5eb9547559b9803325301e5de50a02f09afabb;2268;Deposit;198
b7137858585af462e7bc0c275761ce0030e17074470d1cc4b74916f7c3d89780;16;Investment products;170
c80c05cbd434f8bcba3d4dd3e36329e3cc70b0b3a5e517abb4d79a837a203cbe;9417;Life insurance;38
b0440463221a723ea432f9a8d49328d38f063db54a8446bf42fba58d1fc24408;6037;Consumer loan;76
ed78ce589a3234f79eb441f9c73d4e93b6b895776d3f5c86d717170d1ea5c8d3;1336;Deposit;84
4bc3cfc677c95479f439243b75fb0d3461862cfad5a6fe5080ada97bc8b9c220;6093;Personal area;161
32b9c96370fa820d71b75980856d7dd5a45f294838586ebcd735bc287b06b3aa;4076;Personal area;155
d7c78196a6c1b3e8003c6b07ec84a3ceb14c041ddd9d272c3faf9257a7090c6a;7245;Credit card;135
4b9fdf9c52f0f3ac84d97653551529d49b840442b9abd71413794a6dc3681ae5;4519;Personal area;42
c5b103d19b7bd0db0eec947e947ee786c9dceb39ea743d942f562830fc4e5861;1972;Mortgage;75
274939a2a3c1912f2f73c4168eacafba864e0b81d93532e28bc6610c5d707d66;2298;Investment products;52
78cc8eff10b5125e26523c1a2561e4c5ed545fe0ac4b5633b7a577e7445952ee;319;Investment products;75
1e20525f6af345c6bef0b002002eae31c1a92e08e8d2007e32e3420ea85a42e6;6270;Consumer loan;65
99b35697ee4cd101b83e79cbe9077d972a053d79ea2f35891b9f23e432c91f97;4657;Deposit;130
8dc6bcefc2ff1bb0d90109a9fa8570e5dc2899a922dd5d0b3cff5b2d7db81d08;8410;Life insurance;71
79958be93193ff014c0dc90b706ecbbdaf4c1f6113fd05dbf7790d853943964b;1667;Mortgage;133
cb1b563b0ba4a95f940f6abb61b156aed80e68f6db412dfd0b9d832f52517301;4262;Personal area;197
0d8fa1d2daa3d83272232a6598bcc9b6f81d1f8bfad6ba1fa1d01a098794f4c0;9104;Investment products;36
052aa51a738dc5f1991aefd1f55b96e907ad06ee7b33538fdfe5147ef036b442;3135;Consumer loan;13
2aa6115a8f82a37ea9196f92729327d8bda549dfd1c1fc737356ab83ef8892c2;5212;Personal area;135
ea78f74febe1a1c50ec3ae9631bf8089803c3ef818d8ee6ccf450d21fc090b11;2856;Personal area;92
6cc6f82a3e8acb5d351790c4b4442db942eee038599ae23ed73dae05eda19463;3290;Life insurance;21
4c3aa1a978da76bf845a5d96526f6191d8210366fb36500391ad74f54a2b4853;9906;Mortgage;163
cbdeae60509c8e7a287754076209d468bbd4a40297a9d905b770483450d2f9ab;2083;Consumer loan;28
78204b07c1bc285d4b6f3eaa3d9748060f2d54216c68f91303e72f3ca1ae41a5;2022;Credit card;139
1865df49945d283c25cd6c88397c1f450e86df6369bf3616e755310d99a5ce06;3762;Life insurance;44
656f4dbb7070e7943349c09c3c181c6627981a7478945d986d6254b0e2b4e183;7626;Mortgage;85
039a94717c61713ca4c1bf1705972db80122ec2ff68b2ecc9db724e7040dbdfd;8840;Credit card;133
f0f3effa6d44d76020cc06d2f7f0b44a619b394eae17517dbae08fe128c536ba;4238;Personal area;167
7816735d13b0c529a92d37fc6274219c932a9d2536d0d36af3c325aa7a5372c4;1034;Life insurance;11
5fab0fb9f005ecd40da9a26907902604a0af9fef19f6bd7750dcf3a8227eaf11;5847;Life insurance;197
ac834a044dd9954696cfee0427e33e3ce727a6f167a762c75e97581af048628e;5362;Mortgage;154
4007460e8ded906ab9e1b14c7d084b77f291f9a2f0ea43b96c3a5a148746487d;4470;Life insurance;137
0d2c9353bfac8604cd1fae9dab8cab115f6fa217d01ca599f7b0054a87aaf4f3;3664;Life insurance;76
52b0e6c6101b96c03bb6222a15e5356dd7376bd9ce7fd571b720065b93a4e2cf;9907;Credit card;32
c709b16d01f7746949d27dea6dbb43aa51f04d32044a513ccbab5a59532bab29;2156;Investment products;150
88a26fc0c062285b2c9a215cf6dc29faaa9c04150c5449a902366f9456fbeb76;8261;Consumer loan;114
08b873b6237e28959f4fb93c9d899015056f6d9103037472fac071c865f1feaa;3730;Consumer loan;60
8a44942c176fc2c4976417e25aecdf90381532be2a0081d2e55b72d17442f1b9;941;Life insurance;144
c2741f6202d21ac6e953d33c17f987559f2f38227a2962c9b7939e32534178a9;9589;Investment products;114
8b2505f5bc00f18bf064874681d0a258a6d7f1e92e7490fc16c6c8857c699cc3;8482;Life insurance;35
378eb96fcfe2f017ae94d664640bb621d17529721b646e4dfb1352c2dccd601d;8179;Deposit;101
d62373827cb26ae0176a09199ff0e6b73f2465118850e66f48cf90c26c885ccf;3020;Consumer loan;195
10acc57c8900d52229655cfb38707cce75dff2eb795280d40be9e8df963cc7bb;4915;Investment products;187
7e22c8a81de9349fa35547c9ae7be5360334a287d997549d175ac9f931452a20;4070;Consumer loan;189
e79f5e27327f3a0b4a8d5d6eaa9c996e6f8ba715f24e8340c51682f22f6ac80d;7765;Mortgage;68
e45fbbfd297a215da577eec9a5089c81852f74f4ae915547fb52e0036973c68b;4165;Life insurance;144
d8b8e32fb300ac357fb145c1ee3fb545120d5781957a1bab9c8e4138056c6c76;8777;Mortgage;57
7c85aef2eda71b5a1c16a5d097e1731a24b909f31b7cf75a16e268f854042750;5577;Credit card;24
8e682607a798af4b236e59d579c7cd52cf2c83873520e5f93db4208c054906db;9165;Life insurance;145
0712f660e5faf510d61e356ab46411aa1ba0237c24ceb0f59bb4c29865710837;4155;Consumer loan;14
715c62e420ba0faac3a2c22da413889356f53fc1d1b760b133407e27067d809c;7574;Deposit;168
39b341b4043da75497e2c31dd4f7021f8f1572a162bff3b491354bca5ee07e37;7848;Life insurance;87
469757c1c5eebec75eb72cd48fd9dea3c59fccb284b328a613edf687e048acf5;7359;Life insurance;125
d94ced4a855f632bf51b00d055f8bcc2226b0c342300330a6a245659ca1b09d3;1161;Life insurance;13
b56ef01ba63bd473a89fda0f7e538190e2e5ba7b83b026f5090a94c29c6e2cbe;3921;Personal area;51
b25d8671391416c80c390610be4b14e4e54ef500fd64ca1446882391e8d6752f;3968;Investment products;146
620418107704ebb2e4d7e2c5ff205a9fe89d2de5c5b86da5dd06182423ca7903;715;Life insurance;17
d861507ecc2d840a4faacb30089000138f96f9e8111d55a717155db0ffe96d22;5122;Credit card;197
da75e0ae91ccec3b726688e121db5d2aba7bc3bea5be5ed752ae2c435a223d4c;6112;Credit card;199
8c6453fe841394b21c9c173c98def15061fa5115c754fb1bae579de1903f62f9;4447;Deposit;83
2caf854029a5d04fad17272718f006860b917d5098a910ff61b18a944910a0eb;4459;Investment products;64
388bab54dea75e88eb40f028049d2e9c8ab09240aa43a4d6428085cfba5f81fc;6186;Mortgage;22
d4acae102a877a46e0eb129cc4469f61f8ceb79ca4fb819b456fbb2a4fc802a9;4272;Mortgage;140
23b6172911cf171d2d98305de1254257dac799c6a0e32f52853c0b2e2f9ad603;360;Credit card;181
dee8b5e9aaae3e39f71d2839230c10a97b67a0ab18ef52e013a8f9e39e771006;6025;Consumer loan;74
f10ffdf8f8e8fa088c6ff00f30586bcbda6578e99346ea1e6d5b0046cc410342;8101;Credit card;195
3144ffa20a0553f5d9e45f0aadae9b8b602a84d3c18633bdae98fc6004e289dd;2763;Personal area;25
4f0a9123bb4979189a7e8dfc0205cc2de6550c7a874dc6cc3d7b69ad73b530f1;8534;Credit card;56
514b207ddab4625d24b5fd53555cbc4dc7f7e83b3fb634b4258f613437c0757f;9828;Investment products;38
d99bbbf66c4075d20dd64f320c868614ecb5b59ceda0e95b297b50c339970da3;8023;Mortgage;43
ab4868c5de59a4dfe9919eb63fdb7fa1d16bdfa8647b9c7e2535e369d70f9a6d;9407;Life insurance;120
9bd470b6013cdab83ea8ed8d09d817deadac316b4273928bbf2d5182ce3cbc84;7288;Personal area;81
c8fa178c9793b6e8bab372a661f3b05de893c6b5cf3e20a51e220833801fb13b;3145;Investment products;166
0efcc84b489217ac17e9b70169a9693f4d50717961080f3a2d72d1da963ce27b;9172;Life insurance;79
d71052c63b392e4e33aaa7dd2e6a24cf285f2fb2516d8fd717c79d61dbe7e93d;9096;Personal area;4
9646e001d075f9cafcbafc8879808d78b4c8b1e104b0e98b1972ec044736db26;6167;Life insurance;58
63d509d7a7dfc3715d6a76d93da597e3f4d8a4ecc93216496b2ef2d6101876ba;7912;Consumer loan;123
9807c36af94c0a0f364c40c38f2b8257d2b16b3d45da8e6a13f494a025d8e0dd;5650;Investment products;33
492c383af9b44d809c88aba65669020e192f1b856a7a5a899ae9521b5b71f27c;7515;Investment products;167
535938e1092a1ddd12c735c1d0eaebd9dfa9c9fc7da7065b133640bd0dccfcad;6499;Credit card;51
07fb4f30e80e1b94f1882cc31bad139f0031be4e694fa2572e079cdf69e63235;7482;Credit card;178
bc11a075fb29f67e7832110f89e4741859c877e429b5e50a5f4de951c86d2a95;3417;Consumer loan;28
caa410633a4ee732e3bf6ddf0fa236a4950455b1bb244103cec72e9de86a488c;9823;Deposit;80
7748b131e636a104604795d43c7b14d33c455bd6aa3f6dd13270df054e0adf17;9588;Deposit;173
8b4899d1eb43dcb06aba8e40e21f9ed9682b9225dc8ad287eb333999703a8e3e;6916;Mortgage;195
da08c28a27f813c7c2742879e7e3f04deb83780c97e2a5085915e6f6d098188b;2424;Investment products;41
0e4d791990a978b4aea802eab2866ca5c17ee6ff90d1ec8f7678517e31f0315b;3889;Consumer loan;12
bc862d0ed1b55c48feb8363f7d0ba6ca49ddb2d5378dd5724f728ff7c5840ae9;1997;Deposit;43
b47c3406632f8a5cdeff77679aa746c13d39eb2632796439a1ca0e1ae02fb3cb;9954;Personal area;60
03fbc13e643a485378062242fed87d89f63fa123a911a05ac4626942741d9bfb;9664;Mortgage;163
aa8f99cb391c8c2d06dd0d96df30798d34dac13e1003d35c9e3c465ada79960a;2506;Credit card;1
46fb54f37078c377c3c30c919f93c87c77ce239c8835b4ba46dac2dff082d6d9;2532;Life insurance;146
dc1afbfc635468096b705a4a7c9b74bbfea7494f7a0a7af7166fe9a539ec594c;6263;Investment products;152
71c4784d272ae2e7b78b2b9628bae51232f9cd343b63c15b5536f3a01586c573;8574;Mortgage;131
d8a3338f2864f41546e5c7b5d71e4b47dc074e097b6bb305191368706239cf45;7219;Deposit;116
f881c4a055b690d43a815bde375ba9b929e7e66b443701e3ab4614fb01302be5;4190;Consumer loan;132
038ad7ef45a059d0adde3b62370ef32e41fa3c5a654bd56067e241110b60dedc;1517;Investment products;15
139da082abe47b4f46182c52abf4ec8a6440eeb7a9463dd244817bc5f89950fd;9526;Personal area;150
c62e0e7ef4b04f5d582abe60991fc1c7ac2dc81bcce4ee125a711a63ff714e32;6628;Consumer loan;143
dcd9fc5d141717df9eb6981d3e0cbf3e92e629db3c342ab338f342e5befdbae7;8110;Deposit;73
a9a3736be6905482658c9982a0725d304558bd3c5fa4ee3a499cca278f752d06;5978;Life insurance;47
231b22758c5be1b548fe7b0446bf74da00f626dfc11286acabc2ee02b4900b2e;8570;Personal area;51
863dae9ca62acbb65625860b9d929ac284446b140bdadcbdd2d0964c793ea048;6061;Life insurance;177
434df5d3649d929890b36941349608516dfcc4edf2590aef226f8bd69d73bf9b;23;Mortgage;23
545f0f21c8dbee3eeb20e5534805cb0b2953b6e43757fa5d78ea4409e8acb874;9539;Consumer loan;65
04fd1199d17c97d037a259e08c206ffb1c47f07731a1ad4bd2106281ba242bb6;1448;Credit card;139
e3a3075417328215362c40e9bdc89488fb264ea8b28d435d3c943fa6158338bb;7619;Mortgage;142
afdc98f06138f982ace0323a386ab3454809e61f8509fa7ec5b911cde6abd08c;9963;Deposit;65
d182a63924d7eed126a07c7baf3d48021796b84766e391c7e5732122db099bd2;2867;Investment products;2
6d05bc4f909789ad693c467c21246906c2005a4c3f8d05959479fc6a5a4e10e1;4609;Deposit;117
f37d315fdd4210bc0f4e65add311ea7f29bfd53b2115f0240d062eb96dbe7d1d;7552;Mortgage;23
9f7bf697e1bada980225b9fd6847f3e244daed7c0ec386107efb0cdc6e620232;3038;Consumer loan;26
397c3750b7436d3d12ddae62124c00972906fe34182db325621d8ed7cda0f87e;6887;Mortgage;51
f27ab2cbb92c94b7ca8084316c032ea2b4665ed89f29ac966936b910ad98850b;4168;Investment products;56
a3abbe047bf4c8113b2ef5d0b1efcfe2b76502759f215bfd3acfe99449f5a6eb;8549;Life insurance;55
cf5c80f8a4d43d8ace91e93cada6692cc62d1a1cf7354cb3026fc9899089dcdf;2420;Credit card;50
e7d1e587650bb0801a01fc27973a5eaf850f9861a6796b4c6da6f13731a51e97;5522;Credit card;193
2f80efcd52d087ebf5522e6bad923eea360b75c317367350e83abb89480ac6d4;7936;Investment products;141
0929ad6bee24e16b40840c9232864cf7dc3b547150a61539983aa834d25f4fc8;52;Consumer loan;123
322d76d79a161573b1d47eadd71d7d774b216932f5823aae2f3f30b714769adc;7804;Deposit;79
fe8be6e7a192ad60580ee06f268e38320698ccd4d4006b28fed6b3e9c7926482;329;Deposit;5
76053dc40c62f8d5ee31829dbc1ad7e58fa8d853b9a7eaff501c33a37b59c1b8;9825;Credit card;161
1f514b3e41b9d65c2a0edba1e79c0277ff29db940a5a63764e8178a615d6ccce;7960;Personal area;52
16c3789e9880a4d3af3401dc25e7d2236081cb7506e9633c085d284fa7be086f;8714;Mortgage;30
6e30d9955e509a01e3a3f66571d74d54a57cceaf15d0674a57d9422aaf3df13e;6306;Mortgage;109
dbd9b8381642ffc1f786272c1a23353c23efc1a28893cd810ba2ddda8c26701a;4415;Deposit;107
effc379baf30f98f87bf9323124cdcbf6677570ba3d6dbab118a967a8008ae31;4843;Consumer loan;119
f371d935790c833436749e8dc3262f9c191005fa456d2bffc7450f5be36ffcbc;3630;Investment products;187
93f30ee71f38a058deb586f819e175e87dea1a42f08c6ee0bf67b89160925005;2719;Investment products;98
5b1c8c5b2886d046a146d83f9a429975c41cc96a009149938646c601e70bcf88;4528;Credit card;183
e52c7cf470c9c640c113d71dbd098e10688cf9de91a52592dbd975f36a17b3d2;8032;Mortgage;24
293cb125747300f12a22ecd82fcb85025f63d9fd280fa93ec300bb7dd9c7a68c;7105;Credit card;177
385c5684a4bb4fcc1ee41c4c6a0475feeccbe399d87b7ad520b3c30f81b29520;487;Consumer loan;65
0a1fe9412d80579268bcd758ecf0849268603601a3a2b76c78ef04c038295a1f;5343;Credit card;121
7568929436f317f610371e256e14c103c3645671db77a75d458aaf396e7dc627;2606;Deposit;125
c655074de95acdbc776f4ea50e2d9d9016e7738ed26e2242fc7c153e504da4b6;8026;Consumer loan;73
16780c6c4db0cdf5b5b8b7defc09a27c51c3e6d637471b3f217da12da80b07a5;3771;Life insurance;184
540b0493bf6ed3024b726ac6b1aa98fd25cfeff8ecd92216199403ece886c63f;5547;Credit card;190
d575370a565d3abe1e14b2d94258b61925d29c4be17f69c88182576e0cf958ac;3328;Life insurance;136
be2868534314cc0c1aea0cf4d64dd92efda94a3e91f8ed5bc1baaa9aa9125f2f;3067;Mortgage;66
eeba56bcbbc16e6e4707f2e045e41ad10464e3bb5643982f5a9126d1d6833c6a;4498;Deposit;103
3469caa315d19dbd510125bff6e05dc9c0cd7972ceaea98ba17323b5dc05edc5;1308;Life insurance;53
aeb228ed83678855c8f23f55b1238d009ad9a2027fb3f375d39b5af5ca7caaae;8884;Deposit;40
6741dcb0a4d00cdbe5edf201bf02499adffa8ff66c38306814175f4d3012b55c;3469;Personal area;51
4361a442fb9a3d2a1acaa2e2c26010a4a4037efcafba7f0dd34319a02000cb9c;8324;Mortgage;96
cd97ccf483e1c00d007d2ce47c2d84d59e5e44fa6a170ea83073ce631940e07d;6066;Credit card;57
92dbdc31e976c3ebd207decd7f39ab69b37d0e1da40e9ba5a160c24269431b67;7557;Personal area;161
6dce9b6934f039676a87f29db51168e6e668f01dc9336db27e7af327cfd274f0;6950;Investment products;121
6d334cd5154570ae6a12e6d3c361b13138fe18e9485f3c6f393999be1096d828;5029;Mortgage;28
32195e12e2029bc8c95bc62fba6adb6a6cc8567284a84e89e19852547c8e3e9d;3989;Credit card;19
c9ffa500b638207f911fa22811e74b3875bfba7af22f815bd29915a68deb5a62;7665;Consumer loan;131
fec42a198f3c556c2cf9fc53cbf563de4560571b375c76f8ba9a3e58ffb6aff0;5623;Personal area;6
bf2186852c1e54a85c47e32ab569c63286a246294a794db4786f720e6b336a00;2746;Life insurance;136
df41ca4db12dae3e5c15338303c24dea3e918e991decc74937a2c3a727cf5abc;1462;Deposit;6
e4ba0c08c072455d9e08623fbe068c3c5f1e5d55aee0d8251b81220590697ff7;1293;Life insurance;183
106d64d336135f8c27c9bec53ef3eca422c2b9a0bd4f85ab246bf5548ad854b6;7492;Consumer loan;71
4033723b184e7e502b5ca607a379fa66c3e38cea9907e065acb164090df6b4f4;9027;Mortgage;50
f7253204f2642dbdb280a0d4a1c2629d82cdfe9e498f3385ab8f4888715fe921;6883;Mortgage;43
f3dda1b8634a03ff1b9b12313fa1337e9346ea3f361e751f6645e0fb9b0b6b99;2024;Consumer loan;186
cf96b05304939b75fdcd91fdd88821578509540a43d5446b6a55c0cce2c49140;9401;Consumer loan;9
9ab8ce6c1f53a17b432f3fb87a33b7d8d0dc3a647e1b33fb21984f25a0993acf;2945;Credit card;168
64bb27c81ab83bce17a1fb1cfba712532996de3f2d0335aa816238b4ea0b5a9f;6626;Deposit;197
db008a62e201a6c456212d5c80a658ac54428e3ea4dbf3d6175da583af8bf9c5;2167;Credit card;45
c7c8bbd3097202bcedbeb5a0ec7b03d54e19be825614d109af640c23653f74a7;5966;Consumer loan;166
4f147092cc3ee0214714f65cd6df8f72c082d559f598a59335899162c49ca6f6;4202;Deposit;63
813fdf2c052f76c40b051a0127547b7ad0bc6fcfc2a30d66d93025c1969f4467;1240;Consumer loan;112
5b32f7e796cc9fb458e42caa0da8d6f7ae10797a57bee079313e79de19ea71f3;8663;Deposit;130
327d62e2e0fb967fddefadaa5fc074aa0452380a2933e14e57f35d8cd89481d9;8196;Credit card;110
3108cedcb4bb47c7cde0847030e970d0194cd49c6c0284b285f01579270be4b4;1381;Deposit;62
f0dfdbe4f8e518c02d0d393794f84ca51acb06866736e48dbca20750f01beaa0;9022;Credit card;26
0041efbe3a507a31a82fbf9f63593e52bfd8a095064278c71755c02191051912;5877;Personal area;98
16070a7442bf0add450c51649337e76252278d5923ce52a6662cea0005ecf263;7963;Consumer loan;176
10fe07fe755cccbbd11b643d33894043cbded98aaae7e68770960547b11ce407;143;Mortgage;20
70128c4a78b1d744bf0e20bc55bd246e90875b3204078104b06afd0b438b5b48;7034;Consumer loan;108
efe415163036225856215b84ff7a6d22cc0eb0c92f7e06720ddfa75f1347362c;3407;Credit card;170
34b53f9672e1c9dc4da7af1814fe443dcc9ee9e2db4623665ea0c8828f4c880f;1878;Deposit;141
fbeae4a9f80d661b03870a5d788ce5fc950174291db5f0ce1e819b6037d3e998;1765;Personal area;171
b89bf2cf7f9fcc5ce717dbaa4b226b30894423d8b6223ec25c637cbdadf94483;3785;Deposit;176
6de8ff52097394771594f65719d7373f0b18486931ad826fee90d15da24c131a;7886;Credit card;153
f46287906fea371fc3726830e4c5714969e6c53f70d2f0eca445591f439ed177;7040;Investment products;17
76ed94ad48abc8afb64cab5ad4db2046c51c6e3a8c6d1cd34ee0f25de6fe2d63;5982;Personal area;165
7f2cfc3e4fc33fe9bb01bdd6dc8542097724474987d99a5867e0c0a1aa430e6e;1518;Credit card;85
ba40a8c0a8a231c2113dddc1137cb846621485017692f7eccf3cb7809650ebbd;5077;Mortgage;64
e7cf409176d39252dae176c6ec77c8f5e2362052c6558f9714bf6cea3bd777b7;872;Credit card;69
f49c15e86d45c0c67c91e89a920d19756f309c209e0e798b81ac9d593ce56acd;2824;Consumer loan;88
3f932abdf564bc487de925fa1fe176f6bdb189974af068a22740c5c3e07b2f5d;9682;Life insurance;156
20f59488f1c646cd4719c099f211b2ac0fda9296f1001d1b2ced6dac6b7a1c83;8584;Credit card;84
4490643780ce56cfbade64846f6cba249055f6f3e1d1e4daa3ce382da63969e1;1657;Consumer loan;42
ace6147f087dc5b6630c01183831879a6407a52e67b922052e85754aa2163a57;4787;Investment products;57
999b12c6abe9c2f0d63c1f11979629953fd2934c65c9631be42620304c3b5437;7408;Personal area;166
ad212d531cac4acaa8004212bf8e0a616b28f744acf1d8ba7fb327109ce894de;3499;Credit card;108
49ceaaf6d8328839feaed522c9b7a7dd71e579ee460b66fc1d953b1d88b86ce2;553;Deposit;93
b0ddb59d7dcf7d4dda64d8511e8968c71d15ed8bf3568de77c70000ef9b2df8a;5293;Personal area;18
8ab850178834220a6d01d26ed58e5cfcf9e9e37d4615e89a2d99f6386b2dc7eb;5151;Credit card;66
a135f160a31d0e823121036d90a5f2d5dbea94ada36a606639db60b441e783df;9948;Mortgage;56
6946552782077853bb3e92fa0ef643950610a9ba1907c5d78bef21a9fe521fa1;2370;Deposit;199
0f797f2cdfe7804156b8abf2b8ff2426ce142d16f2ae5763370e86669ff9252a;4516;Credit card;90
c08129c6a976d220e22e3cf2f957965e63cb80d00669f1ceaf62749bc138bbf9;7506;Personal area;111
6f9a75d1934ff548b678fb83aac92303c1587f9b2bf9af7ce301d4324c1f05af;4492;Mortgage;77
adcc4a833b08732561e66d41c8899b2728b25f6653be609d3ed4fa50b9fb1e45;3618;Mortgage;99
78884bdc5f4059a1d6622998bc09c8cae55d99e753105569db77ddd8327af74e;3818;Mortgage;193
e96ba6f84354aa33a2778ce1ee7627234a9ab8d2e30d5fa55a4c31b78f5d9c58;4887;Consumer loan;25
a6a5ee001a0aee3ed3ccc3ac68918da42bea05169a7121055921d67e2fce3beb;4139;Credit card;64
568e6a51ed6a2c8f68f3ac85ac6be31e68bd8715772b8c5e2c8c237bb57e8b5f;3530;Consumer loan;166
b74b350b18140da721f6ecff30e1d094e03daf10a92dfe9262e7268d6202ec19;4668;Mortgage;11
79388faf5312b9a805a7167c4a62d15fb3d17a0a281a025db27f13506bc699ad;5771;Life insurance;37
7de5a081ffa0eb61238b524e1b50e25c6dc5e33d1041ded87f7c0962556abe76;2537;Investment products;84
1543bce851acf23c56b1fda544bba2b52a686f5c58a0d557650ef30230f3a941;1585;Mortgage;18
1c04b58e6106f350438b5fc1f3c58a990c8dd5a2f1f4eacf684c2979ff6f8c09;287;Life insurance;176
05968d5cd5b1a06492eb6a223825247c42e3dbf6d861634fe106ba5cb2e5b39e;3343;Credit card;165
3622c4a26b2568443bbe2a1ea334fc2f8d7ae15eaea209109d08505094d1cc9a;4964;Mortgage;116
8c777c9cbbdc9e47cf78ce453888b35ddd146d28a1570d4aa2ca3a453299526a;4222;Personal area;74
314ea90e59058ff30bed56b9a44292ec928c6650a1468880f40043120be2f023;8060;Deposit;92
0fea83f17882390569991db1ad21f50eea4c64d4f9ba772af8310c64f77a641b;7464;Deposit;47
2dd6485fcb489aee8379f4c7a51b3bd36f84ca6a7dad87659555d5b057c92f2b;6229;Deposit;132
865533e2a14d5b04d346dfd3b77d23e235d137494dad07bb7b838590e49a4eb0;5236;Investment products;92
3d685791934971aae2669055a59dc2c0336368b02db4cb213083e7c4e76cb294;3705;Investment products;87
19c1eed3cfb2c08dbbb3c15f44a0044b2577f324d2d8758a776992b25b7ed9a7;1459;Personal area;2
a226c6a0f9f820d9db6f88b0817112c7449c8ccdf38134adf6f631557b512aee;7070;Life insurance;42
e4e63374cc1454c7ca3a523103ddceff0268d89d720bec8e142e69b46baecf9c;1851;Consumer loan;121
ab3e217ca91c52c05c20df9866d4b74429164d4dfdf5bedf756f7ff63f4b9027;8913;Consumer loan;113
396f18c3eb3f003686febbb1921a81d65f0facfcd3acb3cd5771fce26282a16f;2071;Mortgage;101
5ca7fa3100f44e41bbcba466cfb4cffda8710613bb5c3fa36953e9c33e1fe608;293;Life insurance;172
9a0a84123d7446bfbd1d8793ed25613c67b9640d8d9a328b60550b20bba2af7c;6279;Investment products;146
0b91f0987f17c4b9a9b9744a43ed23e4a5ddbf6065b08803e6a0b12516f1585e;7198;Life insurance;164
61ddcbe8ec5fe1f863fe0cc0d38ba4943956c29464797772f601064b8c1286c3;2002;Consumer loan;173
a0b389df08a8bc3f126dd53fdab516a364ea7cfebfdbb4c8d55a00b4776ed9a0;2310;Mortgage;66
4a1ac20f16ceecb2c286e0241cdc7740aaefea902efaaef929e89b4eab581d5f;2762;Investment products;2
fc2c858f63c9d0c6d51abe2fedf4d843cfed5e3bb4f86a46fa66d9db459c5464;8332;Deposit;34
8c982fc6fee69f04e8cb11509b1d65f247ff5a5e6bdefa11e83b5b6009c909a5;3285;Mortgage;156
72d6af3555e26ec2e5b2f1a9af63b9e15cf0b07bd30bf352ee16bcac6ea82709;8005;Consumer loan;92
2aa7bca3deb54c3887f1a2712198775e0c2bc8263e57cdc57a7c86d9a9264fae;909;Credit card;38
87dca738610ab30a32f1804b5fd1166fe35a2960b6379174748f5626330fe329;8776;Investment products;158
4a5b53773040e583adf41107c1204e600f849ed78787d4b429dbf49dc61c0ebc;2845;Life insurance;134
e55b949d942a3fea84d19141f2fb82943ff99fdc9bd53f130ce76e43d10220e4;885;Investment products;156
17335825ee255deb6d38a3a7c9a0e590506a971c283bbd5128a5a4cbd74ab409;296;Consumer loan;27
5f59cca7fe9d3e694a9cf9c3f59e37575d8ce86e030a4784176740b1076148d8;9509;Credit card;178
f3f1fe7f0e525203091e85a4efeacbaa34cdb8012811669a8d09fdb947f22ab1;278;Investment products;188
b1a8feeec153f25611ea7c03d0e9a74e4838272b3b05542dcdd0e3f3c69a13c8;9873;Mortgage;16
b7c0bf56291d8773f7bd812632cb43392e9a078237a544b4c67804cc5f5d321f;2713;Credit card;52
67fc6493ab33e093c3fc9de6a301045c327e849bde40b33c5e4dbaa3abf69be5;8045;Mortgage;165
44a4ee85a347ef9c923d2510a7198406f02c5dfda98d9b9b1a037eadbe880abe;3891;Life insurance;149
b5cb7b17a8362ebce664dae0bec4652444f5142cc875631321e427ae87473c78;1;Deposit;78
7b8664c1fbf67768150842f8c8714202cee67a2b5c58fa904b042885776f7e73;8770;Investment products;58
598ada4c749edd2fe2f7c95bc2ab4dafd496730ce220b528fb413e0bbaa54f88;7034;Credit card;66
ef5338453ab3309be1334666efa8561dd0ca4a7e409577f8f0d94e6b8507fcb0;3880;Personal area;11
559e4a95dfa7753ffb3f35941b61a43074cacba08ecdb71f3bdae8d61425eb6e;6461;Mortgage;2
89c0bf59f770427c0fa1fe7b49fb32b94a0d5df1bb9aa1ea667a91455fe407b1;3396;Credit card;183
bb9aee5f6719300af91f4377783a6bbe1a3c7cc3096dd1458e4a309dfec3240a;5617;Credit card;176
d86b32ec7746e2c6301f2cd3685c0f0223724acf9d63d489bb95f5b932837658;8224;Life insurance;122
d1c827cef73f90cf38f160e61d29398c8f3b841b3c255eb130a5f65bfbd0dc11;6032;Personal area;7
5a8325af8d1fa21e62724f07706dd10b299451fa6927243e8aa9c075ac9f9690;7013;Credit card;85
2876b56627408b57578c19958de296985b4ef5abb94c8fb7575fa66ba1513d92;4621;Deposit;98
494f49d771e6710d0901c9bfae1e2236c1b3538101dd2fe2c1e4350a79a37470;8137;Personal area;85
ee335189208b18875cb52558b9e869ec129a2c1df1d4631a602a6af675e869bc;3890;Deposit;131
4c95e1e4fc17fc15b468adece6d046d3fe1c6ab1454ca9436b2740bb194e5630;3022;Life insurance;130
332b6377dda3a7358ead8bcd654b96f3003b239bbacade16397e649fd273300d;2010;Consumer loan;57
df5c23560247bf248b7f8fe1d507aead8cccd5e003e3961510cef3d5876fb4a2;5350;Deposit;188
1f855d6f95f06ebbaf5d327a8b1406e19e968ec3a3011f1741d17ba67cb93117;7141;Mortgage;29
8022bfef46625ad6e06358c3067efe99825b1fde861102e5bbf7c72553236a75;2449;Mortgage;11
6a2e10d33ec317c0b1ab0c57a5f146c1f311a1aea513d11144d10b94a19240fa;3014;Consumer loan;69
39b6ec0c6c733aa0aa22b7f2a36abb4025011b7eaecb69069c372cb2b1fe363b;434;Life insurance;54
16e7f8324a04c2089e12300412dc937dcab09674ab43abe2dbfc3b49e804ea39;3536;Mortgage;43
9d5a3b4ae49e80d93909f8060e7aacdd16653f6db6de38637347da5c9ae6e0e2;5730;Investment products;21
0000153fe11ba5fc923ac5ead0c2ee69a3c389816570590dd9841b0ddf525d0e;3586;Mortgage;102
7495a4a3a8a4797b8c9c8b142d0324df76af39e6b5aa439be9a77dde2a0f6efd;4880;Deposit;17
8e4b45949b4a45ed4551aa4ec2628871d2357a54fd48572b667f8ec3381838a7;6879;Personal area;124
fc82f083000d533e11dc4f272dd735d553294936cd189d83b96c96c56d40e29f;972;Personal area;110
c60f457a5b111ba564007c569431fb2ba74b058ef5eab4f4741b73eea12dd7e7;6183;Personal area;185
1dc918828c064fe500f7079692e0fcc2b211cc19150d8d231c4e6465cc3f8668;1819;Investment products;148
cb2b25fdf3a9972060f419ff9a20d058e281a0775ef330d0aa6ee8e707724be4;1930;Deposit;16
bb1a31b88d04dfd6b40e41be1d439f937835af0f2e9de60c76ed9690f8588e6a;7102;Credit card;41
2a216df7100a8a6707f3680ec2224690bb2bae3ea9ff9235c82aa2be444663b0;9524;Consumer loan;80
f15fe86a8bd02de33b53cffa18f2e14c7af9761deafd9bc09ab6bc4d6c5b37d0;1367;Investment products;46
758ef3a72aee45032fe4444cc58190bb22f4fe97623a3dbea6ec3eb17c3e110e;8288;Credit card;30
bb85f5c5aa17fd359c322ebc54a4877752e272424ea1591246ea7d5d701cbfcb;3514;Investment products;10
4b8f606267c79faee9affd0ab465df7720edbc5cd0100fd9d1658dd41760e200;3479;Personal area;78
781232e86cc117822dc0518312e6ef34778f3b6fea8d5fc616ed5a08a0ee6bd2;6492;Credit card;162
f2022b49cd64b6429ef8a0bfdca7d9af7ba8b732eaa7a4fc2ba88c28d99afd61;7679;Deposit;105
a856cfaa02cd6b5a258a84f5672ba0e2cc218f4e478201bb18c54ec00a2e3b64;5094;Personal area;141
adce4d99592b4ab7a8821791f0bd74b57062924a7c3f04513a744ba85e66785e;3172;Credit card;17
bc978277889bde73d6562d7bcc6095ec30345963e2f6e262182caafdffc77f54;7537;Mortgage;178
58786316215da882393a483c0d327f68dfa16b41e5629194123877e60ebe986c;8697;Personal area;88
dbcf2f78aa7640f75d4ba920261ea600f06bba7ccb5523af23a8632efe7a85af;1244;Credit card;101
774a1d08109c1ce69b518608221654a51dce7c682c46281a3a5e5056999aed23;3748;Personal area;159
3164bb8af0f43ee5f39d0152df02053d58036dfa72282548eed0670a4087e55e;9072;Personal area;5
4964c8eeff5244aee4e5170c8b2a387f954c83dbae5ae32e7ef110948f00c44c;3340;Investment products;14
1b0b91ee8f441b707e7b30ebdb8dc1ff1ba28626d1f5669f3038cf4a2f03802e;2581;Investment products;77
2629586cc27ff7a51bf6148346f26af5c1ad596cacca956f511b3ddec009486d;7278;Deposit;76
7dc0779a1efa8a9b774f45cd75590ee2811804e234aa300825566a6150ecae36;4718;Life insurance;118
72587c42310e478c791a077f43514ba10995eda40cde0f3cf189d1cccae0dda6;6235;Deposit;108
0663b57561bf4e9e09fc757801d3eaab403afb50fb3895ccc9a32bf83b64b484;5799;Life insurance;96
ab426422752b8130e60f30a569ccb1bc6700aa6cae3bf0d7acac4b8a9074c3d5;9634;Life insurance;60
34b0271162b41ab3d88100bbe6e7bb5ef9b3facc6e5fd976d1fff2ba74d41738;5599;Mortgage;68
3c1e9c63dc9864a00a522294e9782eca31ca3b2459a6e3ecd8fb4d31673bdf74;6908;Consumer loan;37
fb129d90773752890ddd3c41644e541c2112d2c4640c59cab9f4b322a7adfb28;4651;Personal area;88
acf2cb7603e3ad8cb7940a5b3bb48865fecd78e79f45afd9500cc25eca5ccf91;5044;Consumer loan;22
22e1f493f73de0745eb401d4ec1d1ee023f34c9f88a20d52e38b9481e8bc6540;7235;Consumer loan;90
c970cb25ebf2a8a4abea1e639bd7feeb66af22b508179547ecbd9416d2d36382;6087;Mortgage;190
cc5d0cfcc8cce67d81786b5f0daa97ee69512fc3e76108893c5c60430f55ff56;6386;Deposit;97
7bbd67f5f48d976676540af3dafd4dd7c05d8eb279796561d3eda19440ae108a;7964;Deposit;96
a0866c9aae46685c4a50a3e42caba6c1c39d8a641ddeba923c3f1a22814bafe1;5767;Credit card;116
43e904260e6018c87e13ec89fefc9d47d1bebf73dd867fe646b114459957ac4a;2407;Mortgage;127
230de29fc25e9ee6e262aea51f261a921bb7c87ac8c8b10ef0c0ff1741806bb2;2468;Life insurance;179
ee4dc6791d7733e155b00692d0af423f3f2bb091b8667a0b6ac2a8c5a987ceb8;932;Investment products;27
ddf60bd1f3e471dc6ffc43e92e3219bb238e676c9872e6f537bee57445085a3c;6288;Investment products;127
7760286f688873f51b926bd2f24c6bbba96d12e900e118998b2030cdbf0a57d5;4615;Credit card;68
5f3bb732b7476557f5c8d871061f24ca76f58120020a451ce06f27731b5d9d13;61;Mortgage;188
ff66bd2d6e169e96bd844f9df9e4afe95b4ff207b31c2eaa74f38da0c48c7e5d;1014;Deposit;123
00948ba0a628cdeaf83c0229c6f6f69cabf759aa2896e3623887156d43656b99;3341;Consumer loan;165
6b04f554d22daedd8a25e9565e88f762740dda617a1bf1b1ad5e2a3fad444d9b;9730;Deposit;25
ed7674f654fd67d437ca0acbcc79c029cf8561c92dd5ebc5b56fd27592c55948;6092;Investment products;134
77523bcd0757c66ad96269cc2992d43243a1548cbe3d5172abfbce112307b038;3091;Credit card;166
d316a4d3eb067157986607b00c8d3f0dd6dfa4633548a0c0514b1365f6e1beff;9250;Deposit;51
ed5b51cfbc5cd258d0bfb8d3ce3688ad28fcf052e2bd32d0751c9ceccc8bfc65;2096;Deposit;106
99ae0cc66a13ef56f8de66aec54b2e22efde5116a42690abfe9cbaa148664b41;6172;Mortgage;117
950e387309eaedd1764ef4f719fa803550b65c99c582f5da182d5e68e3937922;5619;Deposit;39
b7a5ef55c648fcffa82a8a5c1d2696df31f5fcb728b966c98704ea58c4e69dc8;5046;Personal area;116
57b61e26ab517870e3abd21f21d5117a0d8802811ebf19d09a929b14f5492eef;6525;Mortgage;111
cc2c296ebd5389660ff8283e04eeea5228c1686633f3245beebbe488a053e2d8;4842;Consumer loan;17
7dd4f0a710561a774b6e91a3e1b0f364c65e377bf33b361e429b0e06a89e3422;2823;Mortgage;83
55702dfac2747dae128037fad96a22aeba03d7b382711bdf8eb9acbedcdba5b7;6406;Credit card;148
98ad1b5fa6622faf152bba467b21489f7bcee7541fdf5f1cf608885e68b170c0;737;Personal area;69
6f14e2b66d7b2f6966c5d5c6d39b3f949558632fb0bf1f9a55380e728432e587;7903;Mortgage;115
16ffe98fdaadfa99554178ff7e9c555db40d3ecfd2ef8d4f16de5e6a2951fcc4;6025;Investment products;196
e41e38b18d9db5222bf94b8b87eb90247a3c8368efac526bffe8ae7ba63608b9;1396;Mortgage;101
dfa090de3973c307c735d2f4797e4f03820e4da46f4f27f69a215384c197a389;6283;Personal area;49
45295ae3cc7ae53daeffeaa96f2bcc31fbd6df10ec98f937559ade1d2c483c6a;893;Investment products;98
e02664591f1563d28585183cad26ad439f6e1b1a0095b322341b16cd29a5dd60;5607;Personal area;95
d3f0fe7fc2f36ba7d5dbf992b6fa485760d1ba7f434414582bb7a6d8b423da4f;3318;Credit card;28
4478de35f12bca5547f029ab720e7837eda7e83d45e6ea8a5e5df1543cd6cf89;5792;Deposit;99
10e42f7b59a47acfb534612ec080273e7783accecb1e980ab2281575d08660bb;5363;Consumer loan;177
b03b1d190aa5b143e9cf02b0140a69583f96a9d9672ccdcf17e51e5c03414c87;8089;Consumer loan;191
7ca2c10fd9223af25060133260278dc899ad5473a4ff7b2251311fd82cf51697;8509;Deposit;165
05a193a95b3da7310b120b2cc7605d2510cdd32c5caf107223d67312296a336b;1573;Mortgage;13
2b5dcf77b6111b05f413450a463d28876dcecf04a80e45fa08cf473b1708985c;1815;Consumer loan;3
08e5a5f14ee8ccefa29988863511340b60c3a000cecff71480b0a0dd8f6aef4d;6357;Credit card;115
e3ce8beb2a6e8ac1e22d061413cc9b7a9858fc45e71c67c178d1af000b06abfb;4630;Consumer loan;114
27a0db3eff4eddb973801732920ae027ca98593bf471d0a8bd8ca529a2b3cc37;5010;Deposit;60
a0a2a23f7a622c26e3c6726908382687c69fe9f5c08e7a4d4ef9945ae5859cf5;2306;Life insurance;190
cdc1307df804b08f2196a4ab1bcd563e71347d6df9606d863103fcb54cf67caa;2239;Deposit;47
7739a3ca46f1091f273d12bc4dd36475c89f0b93129dedeea339731b16bdc3b8;1153;Life insurance;169
cd12a1a76cdc749c8bad356f75f3961f8f2ea8babcd8f0ffea41fd687a8b89bb;303;Investment products;42
74287d4b90323d1c8720405061a177716bb778aa0460e815cf48476130d04b8d;6745;Mortgage;66
14b8173908995a9e23432de04f9950fc414bf61c19280527c2bff50312ae4e59;8243;Personal area;190
1b8920d815cf00a8e9053885bd8da807dda168b8ce3df72436183b397bbd4c2b;2447;Life insurance;174
b9c12833568f234b035d3aafe0ee9eca1cf229d8306ef6aad222223c1cc99f8d;1051;Investment products;140
8c45f74610c3e8c7952b7bce3fb36c9fc4d78c1dbf4cede5b780f5bee47caa11;3066;Personal area;46
90830979e38e1b7cae548871cb1b8d2ecb43e86da153256c5d750cc0734ae9b7;2192;Life insurance;110
a933b32c54d0affb08e2bbd029e0cc67f1a4cc8fddb50405a936761e0983f8d1;6859;Credit card;151
aa07c132e239ccbf82607ba447fdcca5434a24f30ee2d3c562a134ccd477a587;562;Life insurance;57
f604c326cac1791461a0e2e1f4dbe5ff44e04e9f0c5bda589b2373db68834fb0;2311;Investment products;125
4324543d780f4e5bb03a566ce01fb5c186ce0acbaf8dbc2e9e70ead11f333610;4359;Consumer loan;178
436896cb83d684b364a53cf70a3ab4d5c094b35a891531708ba44372ad223cd3;6818;Personal area;30
bda3ead845b550edc8c0489ffdc60e00eb136f6e33ff04f85c6aa882441698df;2428;Deposit;76
52868e0dd19e2195fece9f47f093b4ad66f4aa15e39b2417d143d8b064d142b4;9517;Investment products;74
a176057844cd0b115d592bf8cec40c8e3aabfbdbf7d7269961815fed4600586d;6759;Credit card;47
335ed1f50f496ecfce33d794ea4e3cc3944f1ffdb904b63c33cca7d8b823ba27;968;Investment products;147
11fd695f854e1b03f0630c821696d5b03b497ac8904da9f54d92999d5c0f6f29;4226;Mortgage;100
837c1a2716b0dc5e899ebcbdd8d98c023da1132ce7a4923310e3b582921952be;1484;Investment products;120
bdbf317868ee20353bb77709ce39ebf9dc4ae368dee31ba92942ab8d69baef8a;2357;Deposit;39
61b78fbd5586f72940a2209d75c3860384617801643b3fbe4db52b4af438b91c;6532;Investment products;65
80a4fd0498db7617cc844c51098f65b3d78f76e0a76f2bdacee2473497222f1f;6747;Deposit;4
ad016ac576b834aae0f982cac33c5781fbe9b6604cc644ba6847450975ad481c;4809;Deposit;46
315250cc9744a5f5d58e79e4ed691a0a93be92511d2e8c180fc0d17b67c47079;2353;Investment products;19
007f976d8935e78769e01cafb0d7dffc463cb2525a7470b5bca9c4510d95e0d5;3297;Mortgage;49
ff8697768f6182bdc970590bf4b64210120fb6df3eec2f001cae25b35fa63165;4663;Deposit;44
500b653d7ad08fa00c9dafb7e652c5318c1f91956f38e10dab554a22c3b596ae;8946;Deposit;138
0616c20bdc0906c94496dafbc12633c9eb6d9a5f19cfe4ff431f6a32be3bf218;2691;Mortgage;195
18dd8c84d8da891909cd72883054ceaea301288a10e0da1689f8a8528808d047;2860;Deposit;21
cc0738dc2f2ec28aee4b56d2ffd069123f65319f19e27bbfb50987885e899bbf;390;Consumer loan;37
9eb6c579c7ec8896067d97197965cce5628e86921895848559cb8da6fc7ce003;1796;Consumer loan;86
b84138957e082ef8245c51d94cb10fecf89e33acc557000fef5a6144030a51de;4748;Mortgage;152
284e263995d3ebaedcf72c371fd3d3e7517705655404780022f435997cddde8a;7326;Personal area;31
12fc125d7b74fe0cec0cfd425046d5cc44c6e14a18e49b13913dde8479e03462;4128;Investment products;103
2ca44bfc5e64a4e52a0b54d72a0fb8f168509dfc4daa72d85e19db1bb82c2355;6628;Deposit;55
11b28fb48d39ccf2cec1d9f972a8bcfdab86652c77f9aca42eb7dd0378a9ebf3;525;Mortgage;114
2c8255f15e5784a0e29b5a8449bbf7f4b5fc5556e6f481eb94ed6d77ec9f2120;5491;Credit card;35
3ee6e70d83c619f8da53987befa5ac503a6fd19a7a6a813f8bfe0035894e40d3;3090;Life insurance;99
c2108fc592625f8605c3d98737ef6ef70f6aa3deed06fa028c1e78b356669246;2006;Deposit;195
2e81bf6083bb78d0a2521e1061f6658d83618fc81f683ab3a8a28e63187a6b93;9094;Credit card;29
11931852955360b3e334365d1f328c432b41deb498230f3cf1f3c026aa8c5d4a;1767;Life insurance;117
d3a4141c85d8904bd1637b93107b523c28611b29d510199429082d9d388e93b4;9691;Investment products;29
e57e0d93f7001e6161ea1aac9157f2438c810ae904c39a7b1d4e64f086ef0dae;9468;Deposit;17
f7aa971060012d3504aa87f1268f80a878956a0ab6177d954094735307b696ae;1601;Life insurance;158
8874a03f6c6865a27521b718366a0f7c160d951acea122655cb332642d5ab6f2;271;Credit card;181
905f31adba343a2389f0632e11a4d34366b4a2e3d842058d091d2fb746f3e2f3;8262;Credit card;120
ea8588817d1d26f03d6dee54e27aad7041534ea7f93a1f37d995195432a5adab;7871;Life insurance;62
be220a8c7a2164c0df12050d8c337d9b21ffd23ec6f02842cda3419cd567c897;7388;Consumer loan;110
7fbf7c3c902c395484b53062def6b37c599b9374cd9b2a23fa5c077d3bb991bf;1685;Credit card;24
348e3f59689dd1e6cb64c2fd6def813f7a229944826385a3fa0a8b1e366deac4;3701;Mortgage;5
ba328b5254a257d65bfef28f63582d3562641611adf0905c338bf1a84dd99c9d;2475;Investment products;22
859ec5356a47ee05dcea0d32933f1f05e03f4dd223f90d4e68eb541104e9f178;6070;Life insurance;53
c089b608311052059a7dba28ea24c7c2167755c72e2c3b25a65970a63f4c20b5;1944;Consumer loan;119
5ff99d165335508139e74680f3e0e2f91cd34577d8d74c687b0412ec955979e9;8842;Mortgage;109
c4c5641b5422b07e33cb73a3b66cbf3f7702672e76e9c727e1ec009bacda74df;9717;Deposit;95
242f90867edac4b2c79597ce77f5c53ea5dfc43a074c00b2b58517f17d3057e2;5948;Investment products;70
9b0215acfdbe5918d1a0214848a6f3d2537c1b4eac016fa603478f981e9f998b;9009;Deposit;158
6f87b63f5ddf424ba1fc5a356d4c3fbfb71a45a84aca401c068283ddfd347614;518;Personal area;192
4dd2e244d3e4591fa0564422c350f63dcaf91fe190cc3319a6e1ef58c6554bdb;1430;Personal area;166
5e60ac71c7afc5f6f4f46d9870ca45bbef2fd9cb0a31ef54487820ea2d8f59f3;8386;Deposit;45
3ad48aec430103a278ce0694f84d002cae4e02b4d0d9639d28111760be202ed0;4869;Life insurance;132
35358ab462a4caae8f8b73318a4715916e1c2c97e5f16498d2ec8992cf235265;2450;Deposit;150
98237f29823f7df58e351bbe110b8a577746ad4d24b403c44134fedc843d6629;7369;Deposit;20
01356e003290f1113b6e90c43026d1b772aad58a8b625db7eafe63de0009ed1f;1339;Personal area;136
5a7863ae042dc369c4ea03846f56066cbf75a3f6a81d477e64c313cb82847214;8620;Life insurance;174
5dba13f2266466518e81348d67a171f32459c9ed423b6b83fa9bda5abd63b3fa;8022;Deposit;182
e99e9b6aa9f37d110be874415b924ed4daf77dac7a4cb50504113703e7cfc399;3986;Mortgage;33
a5adb0cb66662ea4657c84267ccc096027225de909d507aed076db0b3a1daa26;49;Mortgage;117
0f8cfb2ead74685481759e3fdc7ca7fbc2ac58a0f561f04f9e07012fa420555e;5638;Mortgage;157
3883a5803a63f695616cfb68ddd95a62211287eddff026ff49a8f145c5445543;7824;Investment products;143
5db60ab0fe7493bccdb67629b28870abf7ca69ce86cf18b764a8ab2cb7ad1cb3;6775;Mortgage;106
5661f9d8c730986d2394432026a059f7774b1a11ef51133ab83b2cfae542f5f1;9227;Credit card;42
521888bbba3c87089bdccace044266e5339fa4f9d6a9eeb1f190bfc027953203;2825;Life insurance;134
22409fed7fefd323cc9d1da11c9a7d0d5539ae52030b12e899d2286bba8602a7;323;Mortgage;106
c68ad410a650f236a514b2254bfbf1339ce5a8d1831f640018697f094353bb23;3008;Consumer loan;129
1a4f566c77583149cf14e6e70d61e13564c200f271690e6071b5d876007a930f;9921;Investment products;196
3c1cdf6634de271589bc0acd37801d7e5742cbe63ab921a752623564132b7f2b;4271;Personal area;35
1a6fd572bdfd0176af850553a5986a8b0c894dcf30b08859105956a860fcfef8;1875;Personal area;16
6156e39eb3f99b2fa3497287ad7e607ecfe6f75a6fcb7e458e807d1d4c301a21;3516;Mortgage;64
c77fadd5be77ee5216865ff49280259778c9bcae18037355b0d192200ed8ea1e;128;Mortgage;71
522521165f3a7db50515a5add0498b98d924caee7fb5d117a88c2a74ec5372f9;4614;Personal area;167
b1a56eb00c9ac1f1b01da8bb37299968ee81c37a13005c15f67eef5085224dde;9598;Personal area;179
ae99f1ee37251778efcc8107674e2787a660e33751df9d6c14f0c0195a265240;4685;Deposit;16
098e984f3b02f010ce848b9154d00830e14cf97d3e9e92a691a2b9b97364b94d;4047;Investment products;139
57b465269416b93f91762f818fff02826800354323c8929dc00521c338647619;6170;Investment products;143
51090f7bc133c542868bb14e44737bbe678d5e586b846c47c40067d3469b8bb0;2388;Consumer loan;48
5333891237f75068811f3569f91ce857729ea51e00371423f5a84112e8040d13;6119;Credit card;160
e18b9a0a81af80de655a505b3ade7291357a5366370e6fbe44619bd2518707ff;4829;Personal area;84
821c99725b086fa62130676bdd7088c4d25e589882ad6cc067a794766db4e4aa;100;Credit card;67
4fcf2328fbabea474b5d6b71405a4f7a79983bdae93b73bd168a780c859d6dc5;9348;Personal area;189
c2bd046dbc8ccb3f5dca353378e712571bcf02be62a4d5508a35a30b0f5eaf51;29;Personal area;55
44eed272bbf7c18f02aa3ecc6a768c4c7c98b022667aa4910ff4a1651f255bd9;8038;Consumer loan;4
39ec2913b092200095a0c9b463ccffcdb0df3d2f03e3134c61c81a09a0024049;9264;Consumer loan;23
c60fba4e5f6045b445913334a69237cd764a679592e9af11ed1c8221bf91d2c0;1202;Mortgage;48
2cc4103ebc3a9b1a5469e3fa3d344d7390d8419ad123591c40263d6cb127e3d6;8125;Life insurance;146
934443e60138010b4150c75eaceb472f4c9371877d3c962ba90e8f266a7e6f5f;1154;Life insurance;173
492663efa2902528bda6690b022a628abcaaa95a16fe29f70a0ac43b3d517ec0;6740;Personal area;51
e57ba8add298cbfb4e507117078e7fa6674b4e16e195a4dafc51216afd5efda1;5137;Personal area;192
072e87e779dbc9725f376e588bb5fc6ddf23bf6875000690bf1839bb62771bcb;4889;Investment products;190
13c8578b916e953dc3d71f9c461059805922853f751e3447424ed9ca566cff43;7733;Personal area;94
4b1130f5b71ef2808098b2d4a3a1d59012b264a8f110f52fba83e17e2a55832a;5993;Credit card;58
0980e7c435141ec68fa376676dc827bd097da7b2eca6414672f748322d0388a4;8885;Mortgage;20
2fc30899cebc755689f5a4ea40339a12f57c727fc21f6ff569618c7804b414ba;5704;Consumer loan;134
f822bbf08f867e6bb8a9f43a91e7e22676a05bda0723ebbc8496de6f277a64aa;2221;Life insurance;183
d10e02b3bc4cfe6fbf42b4b495a89d9a59c974f68734875c473f1c06d921d283;9885;Credit card;100
56ad625847aaf108e20727dd20e3cc8add84c33e9ca97ba6d4dc92752a651c07;8584;Personal area;128
06543b1fa8eb854d887ef2b37f8919f9c54ed9c22944ae9bfa54b5315eba9b77;2530;Mortgage;174
08243930b051d57d48be69a9c52da806c322b6db5d8249da711671e127e5d362;1744;Consumer loan;47
d137a47a5757d919b6914a495b4fffb1a4f3e6c08faf4532cd115b88c15194e0;8261;Mortgage;111
929efa90b2d1ce592869fb2eb22418f4481a9308fbca75458167a62507daceb4;3648;Deposit;172
5adcd8e6b9b6648941ee0a3972863e94d5e2e471e324493bd2a985ece9af5e0d;4833;Personal area;124
f6dbe39faecbd796f641c0a7f44bee34c664c4c5fe8950b717013121c77e6120;1916;Deposit;37
f6e159b4b3e871e411008aa48e0594d282e6e65b52b33edb2380b2f783e3f24e;8719;Consumer loan;159
5346c6e7b58c6a472a163a3326dda91a99e806580cc90b2e2000f1047bc13d4c;2216;Life insurance;3
ee0598f5d3e59c92cec04fa32c6df3600faa9a0929327edd21b1a3332854cfec;3838;Credit card;31
5e22296d42bc82c063ac2731cc52afdab1cec9bc1b338337b0055e1d6c91f570;5505;Investment products;140
6ebf26bd699ec76fa0b39137e10975cd2cd1a5ff286a9ef224c079e99ab1e267;2557;Personal area;63
b34714ad2d6146e13461157434f669bbb610997eb67ea7727fc60da2983db319;2994;Life insurance;132
3db21d7f69147bd39fec3f6414482bc267e16a946be92f4cb30310480eab2f60;6646;Mortgage;55
3f53adb0927bad27432607bcd09bdcbea60d24b8df23a4b5dbdc9ac1f826d074;7171;Credit card;187
a8e53f771d68b86b7f42933ac7806f66d973f1829d0ab462c3eb58b4db53a725;7634;Investment products;170
6797b13b6019b278f4f53e1bccc0fe7aca8ade5e6fe2fae80b8c1e5c781c59b5;5299;Life insurance;148
699f3ed902e9f461f7c8785abebf4f8e460e57bbb06a2c5c0eedcffb6c0342a5;8210;Deposit;174
5445e80c33ef937205b6d36f6fb33e4f16de340ee162b6556c9e31d05a95b50e;4710;Mortgage;83
15702a8e1d11daa253fad19ffa5b7e6982d5ed6b05ea79af0c0784d5dd2a5ab7;7911;Deposit;20
5e9ae9c2197c2558d53cd02980ce2fd2a707e29045c87bf4aeacc24fc99d766d;5508;Life insurance;20
26dbc8418f481df2f5b2e0c28f1c9e74d159cf936f1859d9ed2759296e57f4f0;4958;Life insurance;84
89d480305687fd7cd4101992324392801a07161d84ecf2e38e3b3953d77cd6e4;1654;Personal area;151
f9e6ba38aba7db46082a5ace859a75316553c9727f6f4c7957b9551b79da4006;5713;Life insurance;92
80a7666763cf2cb6d9c6b20506d7efe2e2074d1352f4afbef57eeab17b101cb1;2712;Personal area;162
79bc8d11d93002e70478fa723042efa836d166ec60bda33aba7f29a4dc8c28f4;4921;Life insurance;18
f68141aa162ad58a1900730eb20210da926b82428f75e432eca167ad3af37d13;7233;Mortgage;61
2c3c564ea3b819a767f85511906da3c47c0b47038e787cc15221e4b4efc037a8;7481;Mortgage;121
09bce2d6d6c1f2c50d0718e28c84ce05d861d534d3cea47e76b563ed0abca546;8451;Life insurance;177
8aa3d61ee57ad985f4051388daf8dded8fab676e66b6cfb40f6fefd412d17ce0;6568;Personal area;121
e3cddae7bf4fd0b9d1d5a17ed236aa3a47cd0c5b6a9035d8bedd6a335f5e7dc4;8074;Investment products;104
c549da3b36ac64534fb7e2a5ebe750c00d0e9551fc2f8005b1b08e1877b32966;2234;Investment products;102
f095710ac0b39fc16c7a0e79963ba598bbd30f0b56ab5236d63b2afe9d6c227e;4049;Life insurance;142
0053d2449ca8ad3fded6ec2808fb021b08ce048cd38a5f2174e743ad14cfc078;1346;Investment products;191
459e6c1aba3e209aac219ae39c4818b3feb275918c260fb92d85ad5e12f9492a;1354;Personal area;194
a19d201850084b25c88755e0b21f15fd0e132a48b1c4e0defe780be3333a4f1e;3490;Investment products;51
935a6a8e2ee416483958c1bc39d8aa9210262b367ad9dd3b86ddc89f7ae789ec;2620;Consumer loan;128
46bb7d34e8085d3d33f30e5041abc0e19d99535a9af52079589bade9acff852b;4762;Personal area;188
a05791711c72baf9ae642ced706f99cea1a31e7eca8d39af3d4cd44c28312c79;9487;Consumer loan;100
98b6f3f720a090dd374d50a6e84115161518f2ae62afa89e4ae86c53a902f04e;4961;Deposit;143
60384a3b03d38aa8db0be4e68dd6dbc254075b958d71d4543d565e39bed9d50a;8530;Life insurance;22
43e1d8aea4d6f213be5570ec766eb37323643c3f0dd6f2fb6ab0cc2b5807242f;3167;Mortgage;126
1d6111e2816f33b8f3c147603eabf63f32eb21c739374bc23b04ecd397c74391;1535;Deposit;24
77bdeb04152ad5919322853877c3bb586381f42513e4fd7a03101da2a0b690a1;7082;Credit card;169
5b5cf9ba27376694cf49f6355d073efbab785b0dd0abe399b318fa761fe9d473;273;Credit card;126
057bd26f3cbb2eb73fd3a0b76309945663fbfedead743d849998eaec731bbf9f;3520;Mortgage;11
fe825014f6b9b909a27e80b3f742656f5a486ec88931e93f7ba2062922dd3ef2;5217;Life insurance;195
909fc071c94b2a05403d2730b0ec37933beaa10d45e4217e93e44e008d85873d;3449;Consumer loan;70
f4e9eb44d3ba3e6d62044d8dc99c62c5e6bbd1dd246a46f52c8863aa172a438e;8178;Deposit;144
390ec5b48a5b79d7816b226855a102900b6d4325647192029509a75867f0c3d0;6950;Credit card;62
301709eaaa1fa5091e8a4b44dcb60ec4a78baa65487092cb0e67aa63fc600973;1288;Credit card;91
c949269050e7b2c69a00f5b21fa0b54c45301c43a8821c5b8d7974b6f9b18734;3771;Deposit;110
1514b194bb4e48e2060977a201cceea601cfd3b8a25b968ef2940f389c698846;3276;Mortgage;189
1d9f6a87f4637cc57c45afeac530436e85005ace48486d59c758a112ebdb7abc;6799;Credit card;93
ebd5a02b6bb2ebd4015503a9e71425fee1347247bb9dce81dd440a33a632d47e;5212;Life insurance;93
feb9dd9fadd22b83ba46227c115b508334ab2fe15ed912d91ecb402e9ad6ce56;6702;Mortgage;123
fbe0773f4da3f3f756f1eb49f181a55041a6434560cec22d55ff84f3a58816c1;8055;Life insurance;72
d3cd6344c4591304ea48c21825c324c8d645b86d6d0a2ef0ef0dc5fb3d110210;7909;Deposit;158
3d52b3fc51943414b369e1f1bc6f364396a336040ba738390a1fec48d37a19b9;1963;Deposit;69
c6af41fe95cb124005986e8e13098e6df848ea8876203af474aaab509beb23c8;9944;Life insurance;27
fcd66295ac7571eac224c07679350eed93669e91cb3d3f006b36a651a355dd92;6406;Deposit;73
1612403fb06eac2a8e23f443f157f11fdb1c569e9c56767d96a8128c770dd7f6;843;Investment products;121
0be51414a34f12fc96a142b410262fa892f4909765e16c542080e3be6f2acaa4;9900;Personal area;70
2ee512462e08a061ae8af8eb2a4233ba381e002fcd0c4c60704d1074008ad610;1744;Deposit;158
6fe5dba65c0e984fed37a0b89cb28637494e90ff829ce3a9d9f5f4ca101f73e2;9670;Investment products;62
56a869cf90aaf7a4fc354d3a9b9a1cf28b4d907fb2a3d053be9573ee342f3933;9517;Deposit;63
4233e281f9293c01612d37e55633efb86001eb405b2453b79732695be8913375;909;Personal area;94
82e5b31867a5019c10571587a6becfe5ba47430a388a43583d68b75e2e705da9;7417;Credit card;200
4fcda9256980f2366904020c8bdb3e1c36abd59ca6a19c7d1b5a623e0724839b;3131;Life insurance;36
a39eee37378ddd8b565a12bc30d7440e7958579828ab30746cc582f13d1f04c7;1753;Deposit;33
b7b9db4c208dc3755792072210ac406f06a15aacb70a34412d0a14fe5c72cce0;9978;Life insurance;159
24320fd3b02029dbf521ecf377ecbfafd2420a34b9f578f81bb98342d0184e97;7634;Credit card;126
1e19a2f696944ea999c22a306378d3326efe84ddf3614aa2301e3c7c40112dcd;6017;Consumer loan;179
dcd0c23b0178c7cd5172eb0dcf23cf875d81dce6e6a4d3ced955b3d2d9435be5;4999;Personal area;156
a280c08070f278b5ea23a2a5dced73a56440dfe88c0723efd115695c608dfc54;9178;Investment products;172
31771904d94b143c0512cc02c24956e6fa932c64a1f26007d5a8c47e02d7a948;4597;Life insurance;189
1366433fb270e8fa8a2fc194b005b20ce6fb0cd3170abf629f9f4c0f74495250;3356;Consumer loan;68
4699eedd92a5df9bfc1b0604e77a0bbf41f107317c3360b7e0e86a6bf83bac0b;355;Mortgage;30
94c7800b2eb506f2dfa8c7c8265ccd27140f77e4af7fabaddcca7f4d076c035e;9613;Investment products;116
e35a51d5ccec78be4edbea3667c1a2b4338ce324597cb45031f4541526421261;1533;Consumer loan;190
4e3e97392f997267aaeb547da3a5e1a5f1f30a6c637a84158701270f21a2443b;6909;Credit card;5
1fb5455576894f35b9e66bba615554d0f869df394589ae4b8092a3ade6449c68;6603;Mortgage;106
711f667db9cf91b4cd48e4f3b66499e4c3529dfa71729c3e50fd2450e3a70ea5;865;Life insurance;73
70e8986b026f4b8a6d66df68ac8afe25d41195b481383400176978c4c660240c;6539;Personal area;84
6ddf0fe3b8d1d198c11b8ef3a7a468a067c5ef92792278df7590168a0240660a;5254;Life insurance;134
683cadd7f1e41bc83d77f9496a66ee0d7bcaa8ff038368370fff8b5b543f933a;3104;Credit card;128
91ee65b4db8f2cbce60d6d2e2f76404f4e0bd495da87a2226353e3de15257136;5909;Investment products;140
279a333897d769f3e9702cd0c6e3a35435dc2dd5b77d9c5c8c712b939d1ae809;8186;Mortgage;28
e66bba9acfcea5b654b597d4408a5d0af7c94f9b1da6b1220a9b200f00c75b2b;852;Investment products;50
0bbae8fae6a3ce6a6d928b64943e31e989386645f10b2bb9e5b6c28c03b5357b;802;Personal area;122
5228d29dbba9f7c2a1c787a3415fb4b11403f6fce6ba03ef8a766065dbdf238b;9385;Deposit;180
80fe6dac989cd4309e8bdaabe86c998c2af2eba67d97225f4148a007f2cabc68;3506;Consumer loan;82
321db7b1fa76f3453f058653e8a709f6cde48fd740d09d2c0e701a4e68766153;64;Mortgage;119
a38fa8f736e4823acb0dc6b22e8eaad8ca9e1bde28afa8bdaaa902dd1ad2c2e3;2513;Life insurance;153
9555e63454abce8ac77f084573636149decd60c425ff90fc120d67d8a02c62f1;1111;Mortgage;189
7369a46654fb2055ac399f5c4da08d144d870b68f33edcdec72bb8e2c06bea4e;2073;Life insurance;156
c0fd5f56fc8440bdf6721bc716427ebaa020660071f71cb1dcc73610df64055b;4522;Personal area;53
5136f2600a00358f9284bdcba9039730a6bf7c58823de73d68e3db96f5b74a6f;9030;Consumer loan;137
9440ad264f0a0b933efc31f4b597257a2209d5ddbcaa887b83a2208afc5a8025;3326;Consumer loan;96
9adbe31c2d3621ad0c4f9dff7a899401495705551444c71fe3205d9f081b1874;7027;Deposit;151
f74f5242f4696cb01965eb9ebd697f3ca74902c0f50224704e264fc34efe2dd1;8555;Investment products;121
e0b03f4052121f4db15dbdb9cab1445d1c0be4137c34911b19646fa19f5a9b5d;4961;Credit card;129
59905dbd9eb494440b7fa0d262ea6321f3f76be320c62a38364a2203392ead61;5722;Personal area;22
911b86a11c5cd6e5bf1a8a19f0f901381ac82d2161a11ed3c6761132bd2c7afe;9173;Credit card;177
3779f9caee26dc4529cec85b5d08a337b916a93ca846bdde48789ffef72ba6f7;6313;Investment products;84
1bc5db6399b6dd4a9a7a0df9bffe0cb51f2be17619f3f802e495cdd6e787776f;9543;Investment products;185
e39a23bdc2779517e5eebba334d92fc7a6acf17b1cf6b9a68bac7900c12c1e6a;1203;Personal area;21
f0aae990ff5094340356886c588093419ac884029543eff09c145b2a3865b2a2;4242;Deposit;153
459f55043f703a70931ec07b7c64e716cea38271a5739d1b6d94932aa88381b6;666;Life insurance;197
6a1d1b03e7c0662878a6e35f8be04b73d1d9b7f7119ea66b958fe128ce863fd6;1632;Mortgage;43
e690b72759d73baeb522028aaf264f28cc8018b1fa0f56bc52d9c851240835ad;549;Life insurance;172
5d1b8e12843619167045cf12c3f743c4dcfb0bd592e82716f0b4cb56aa6ef4f6;2426;Credit card;168
539382a9bc17e33d0f9a29310163de59b23d9cb941f3c53cf0aaf6140021b6e1;5847;Deposit;93
c0723638a933f666bfede4a4b334afb6d85530630119e8f1c5e42c2b60a19fcd;7126;Investment products;137
8d75b36272f8b8e47cd3d42e1acf12b6508d2cd96109818dcf2ae6c6a4784ca4;585;Life insurance;101
99323a188446df6e3482e53cffb12609142ed81280e8e7554f30d8ef6e1bd2aa;6198;Mortgage;67
8445b8f0dd59edd64adf014274b573c21632cb90341b2f852d6c66f7e6cbcf69;3642;Personal area;121
081e957cf3beac45f64efa1bbf656429f0a57578c477e9953d2ed2a003574922;3209;Credit card;25
30c5be240cdc76d8f72d6dd68bfc943f11c8fdee21fff0f9b7fd7682cf8cee01;2799;Deposit;110
281638b8a01c7cbef1222ab31c7f05cba1105fc342a48e8cac1554ed379730c5;2858;Consumer loan;4
e6ad9f7382ea7bcaa0986a17549a5aad9d5fac215edf376edfa86179cbb91179;6832;Deposit;164
c3e71c65e341a72a9a8c52b594d20f1a7789112b6f986847d4bfc0db2bb16de2;6364;Mortgage;161
59dc512e6fac00b52b33cff66a9020701027f4c784ddd971d2f999290851a20c;2558;Deposit;25
5641c68b8b87d218d4cf4c067e283cf6ce6039e3956f6d62a30070b4d9aaf80b;6123;Life insurance;122
b18d09b523ccea6ba1bf9fbbeef813c402ab9dbe32dec8ef495703b8134e9504;9117;Life insurance;123
cd88a4ce8f867af33bb4b355b7d30ade81e30fd59be280052e49245ebfd1999d;9538;Life insurance;195
bb46d0c6d85c27d682881a58531d44e1042f49e8ae4f716682ed4758c4f4b40c;7346;Credit card;97
6f098cb23a8d1b2028efaa526fb4181877b31cc1744e5ed25a5bc9fec31c5636;9359;Deposit;139
c0a7816e78b5c56f796fc7cf8f482be28cb720618f8923cf2e078276bbea0173;3114;Mortgage;186
e6feb95806e4c84633f804ef53ba5c1e7e7f408464cd9fb530cdbbac765bca90;4318;Mortgage;42
10ac79eb13d86b9acdbc4a4594570e34aa791e13d4efca64bc0eae6c7a517317;7423;Consumer loan;171
8c63543328fa8ef22b0b84df4064a40f4727942b1b92ab13b56de737c784412b;4886;Deposit;136
871ae643e42eb8fcce06aefb717ccc09b3b57fd520bc44df9136d493aae08b38;8000;Investment products;111
0b237f7ebfe7ddb8c69cd22c16823586acf07ec994d82f3b9a3cb24d853e528d;6423;Credit card;41
0144a18317b6aca91ff90ef9ca024925f7d967110a0d06b1c53d9c2277ddf4ea;7740;Life insurance;108
77b0bceb3a7a124fa8117af842f4b0f31e3e0dfe3226f1d22d381cadaa47ade0;6509;Investment products;115
ca148d8ab34e3db8f321682f012114b6b07f0d7cd8435c489c74b3473959628b;2810;Credit card;53
00b219988264a7d4bdd8d9f38bd5c94aab9b586ba81178f0f51311431ac3de47;1558;Life insurance;7
49aca127cdbe52d54203c338b093e9f80dc472ec6805d220b4af961d9db9c48e;4979;Investment products;60
43d468dc7b182e3053204676c7fbe75e62ef2970abfd170937e9bab6e73ba31a;1476;Consumer loan;70
f41d3a4ce674ed3a1442bf5ae3632f13a73d65ecaa45ac46dd5405d6200cf3ed;3909;Personal area;175
31658266aa2f85971dcd9943c5e2ebb790a497c8302d5f994583d2b6593211bd;5897;Investment products;117
b7f3a1387b07927c0dea4617b096fc6dbd5e74b9e6e80d52cbe108bc84ae28be;1342;Deposit;123
9bad351290b3b8e79f15f98bc64f5b24bb89da1be9f28f64aac6295d42ffd84a;8964;Consumer loan;76
411156a1c7f2df3896aa8db99e188269d70100e523bdc3877cec940b8718eb1e;770;Investment products;159
0de0a196b41a927a131cd099de986914b64e4c75d57ccb217cd05ae332b0c64c;1858;Mortgage;89
27c5ff46b1690409958524a220760a1edc0af1b9af5c53cf7f769e7e77475c16;3387;Mortgage;139
de55bec97f08904c19bce5a87e8b90d6636ef09e3ca6ae3eff883eaf7f7105e6;284;Investment products;10
2004ebcc183e96b9837f9bcd9ddc42d05499f51cb96541f509e0a3d5f18530b3;373;Investment products;186
0cb7f2898d0a64e0e2330b64ecd741535b18a6628de5b65872b571ddf61af077;5600;Deposit;192
7d023b4f80e2e0dc32089f4be823375be17cd56985fed61e85b7de8a675b1a9e;8613;Deposit;10
3de11f56b3353fce4a532a2565625a2aefe5b4f84b6e2db9a0a5273b452588f8;2001;Credit card;157
d75a5a16dbd6bb30fa7208bb1ff474410146bba79f61b4e62629d208509d1020;4027;Investment products;193
377f654f634af8c67b254d125b5a6c96740e9069ffa06db0a99496b358342aaf;4975;Investment products;183
5ba49c98bcc13b036c26b9dd65617d12e65221c03992340ea2e98d8f7e7ced0c;6601;Deposit;194
523984b1c0e512abd837f3984c9c90ba6441fe568c42a93125e84d1eb458a9e0;4640;Consumer loan;168
ef4b85bc79463e099961aa1aa07ecc783546ed74236bf6ace7ef1646d6ed805e;6969;Life insurance;59
a854a8abf309feb6df0d77f971a8b0f62f1773c83c7f68bf0f1e7d0fe7b84e19;6886;Personal area;93
3678852aa1f86d20cea3c61c453974cff4de73cb6a18ad582af5d8a29fe69e10;5846;Life insurance;36
31a924b7bf32cacd3bc7206bf7cb8b5dc3afe74cbfa9dfb8e2d5e995121a4042;1886;Mortgage;56
9a0fdd5f4f53bbdad8b9ffe914670c55c6208fce8a3f2832c85545e6750a9581;1947;Credit card;111
06ec3f623d61008dcc051ccbdfe9db1eea3a857b545fcaaaa712231e530fbaca;4283;Consumer loan;93
ff5e8ef474e3713e35a55c83b9a5397be0de454d43fd9e91c96fef3fe5e4097e;5576;Deposit;154
c9fc5990dbd43f0393d6980ef9c03c2bec51e8380ee02eb7e097d6cdf8f1b6f3;6463;Life insurance;130
26c2bef3ddea91b8b23c64a69624ef0a94fade2a252933fc2a24edec57a4d22e;2468;Deposit;186
b57c623c8ec677e3e0d36fff0060f7097313b7db5522f33ca0d246c6083ef306;6436;Consumer loan;85
1cf6ed9f19037a3852f385386d22d3430335ba0565d56048edd631e1b1a5d543;483;Deposit;152
6e6ca7b7fc4da47adb00296f3cf059cd904f18c4dccb795ee3911ad49d5859cb;4524;Personal area;106
2e9faaa9ba716e3dde9b8e12d08053d98d46292fe89ecbb495e3878686efc5f9;6425;Personal area;180
d0a245561bdeee7f72097e0d80f1ffe30ac3a72e9304aa2cfde4dc3beb48b71c;7485;Mortgage;163
ac5a06c5e374838860b8c37f27a71fb9ecd8b0038694267c53da131d5d0dee2c;544;Consumer loan;114
91e1169acf31bd10103572649b67d8a23b7ae83eeb4dead1bb0fa6a2830c2136;1084;Consumer loan;198
9f79669c547d0851f243517ffcea9ad18e5e289718312718fe9164c243bf866d;4525;Deposit;102
56df4ec281a60a0b0a1d199508837c659ad51e5aaa50d9504394e6b77861a203;9867;Life insurance;102
b432a42f2bd2a3305c7865a2fc46a932257437cf367e8508fd0a0d595662a2cd;9538;Consumer loan;57
efe65a28827abd061a075e98b9d0eac2d5e5e14829c764325bc46976b074647d;6116;Mortgage;31
21652c1e575c897e79c4a2c08a0832d91cd30098feaee5ba7cf7bacff3fdd83a;9840;Consumer loan;157
67470f09da461fc34e6ba1be313551877b48ad42b4545155e9dba831979ef3e3;8771;Consumer loan;84
37cffd3f154bbe45c8e6c4dcc3f89d162613f1e6777e1ac3cfce9af469a7f673;7471;Life insurance;15
b2642f7121060e177df94ed02bdfe436db284909b925cf22548d8be2bd890803;8334;Personal area;60
e299d805d71e424aaa00b2d0564f311b975fe137e0d3215e91c0e8cc25e7b9ea;1187;Consumer loan;98
aab284a1143a3520bf0183f950ee9cf499b8621f6ab0a4ef42e05cb66e692a29;3317;Deposit;46
8e7281584f3fe72f4a6a3784d18c6b8e2f7c0413cddbd890abd1773efaac6fcc;8762;Life insurance;125
a601bfc7027cf3b3a7ec5d25b44ef9a79362f83325f0ab199c2ffb63bdc2aeea;9409;Consumer loan;134
32730cbf76bc957bc6e86f1228be65ba3bcb99e9782ff87ce462723a79c43530;9164;Personal area;42
8055e5facdd5fdcf3c8bfaaeb1f41e8ebe2d56bc29aebc721930e296bc318300;8878;Consumer loan;149
92d72c8274548135492ac5eb12055abbddf6bfb3565cad6a12d9ac9f4084edc7;8465;Life insurance;157
80574175b99f43cc8153ac835f3ecbe0f02bab94c86f4f55a3f122267a347b75;71;Deposit;42
d219a35254c99a605b9971f16dcf0b9c75dce534034e2edbc6921e091b1e6080;9210;Credit card;58
de8f9d5b21b21cc7e555bdaee22b57e925be8a300dd8c998d70cbaaf5ea4dd4a;203;Consumer loan;13
0e2b3d93dd3c263170daad07553da9b7ccd28a592b74ea261de82a47545be6e6;6720;Credit card;22
402ca28d7d70ac5e52b9fd3ef33b913071e6a282ff6e5210fdebc709b893649b;8793;Life insurance;12
0f1554f428386a754dc74026567c0f7813aee1f8b9687fab3da38bf59db6a8c2;7706;Consumer loan;79
b7474759721ed498d34e2b602ec91f69e78a6c22ae2034f76d3bfad8a481b03b;4676;Credit card;180
d0c08de584c7d31fd9328150cd7a484ddf36f4eb4644718ba39ec0908a141f17;7868;Consumer loan;137
03fe0878da042d204e4b6f1bac61713e32bec3bd642f1d5ed24ce374d4779b18;9194;Mortgage;70
3f27cfce16afc6485f8d1fedbb2a695d6c750fec21a092f17c14b1d71cbb73eb;7424;Mortgage;20
0d88a13b452b43f485d232b1f560adc7a1b60b47ad90da8fb3c181ab2537a667;2228;Life insurance;35
5ec16f9e109958261c8e532ef7b41aa05653c226ca50537980ab3e9015798087;6624;Consumer loan;151
3f2c2289e98c9ff31f5a224a9e8b521d6011a0476cb85b154bbf1ff35c8cc659;4020;Credit card;44
bd031b34817df47cfe97bab703700fea322d6307433f8729762393a457f8572f;313;Consumer loan;84
f2ba3296dfe13227d367e23ef171771e82f6996058623b5c42515c6c8146a7e2;7549;Consumer loan;85
f4158e7e215e37b68fd0fc0e146c424335a5c637f25e016f58b3902aa38d9cca;8026;Life insurance;124
89258ccf65985bdbe6bd4a8c8386bc88db7a4d34e75c4e7a4368921742513be5;4172;Life insurance;146
ebfdb74a1591d8a0b20e393f413669b2f8f00ea1c6fe2dea8f71e5a6ab18c2f8;6112;Deposit;157
f884c856409785f1d595cd371e9d83888b5299170e9f49b8253dd9f5c8222b61;6958;Mortgage;128
2cc8add30c8fa691c28f701e4878fb48ae9764752e6959c633c35c9aa3be3388;1586;Investment products;17
b9953122e51729ce0f45a7c300af814eeedf77700a1cd3624e08fd8114244890;3851;Investment products;43
651bf6c89470ef7e1026cc92c6381b6218d08921a816978ffea71807e159bcce;776;Personal area;165
9cc7555eb49f44cb6a64c9efa2dfb0ed0b5f088f939022ba50f496fe8f726374;7476;Mortgage;130
1a9011f0ea6417b3826835cc8cc13c55902e11ee841e1a61b77ad9f76c2fe9b7;3294;Credit card;3
f7fd2a42e41c50069092234cbac0fe03aef19156a552c8d51320ae362103a269;9753;Investment products;62
40e1904fec937af5970d634ad3e1be8687481f240e3910c4f78ae6312cd8ce0b;5076;Investment products;190
08313a09dcfacc05280ae51c78fc0217921ded45f72a0008211d80e5bf8e75bb;9998;Deposit;163
af0d233d329df6963f32bb8faa5ab7ea218af16090f4f04e4286b0934ca8e154;1049;Credit card;76
e6d2458ae450226c6b883ced9ea137feaadc9657f2f9c6422ca6ef2da4850060;971;Deposit;4
1662e298376ee1e5b7738af376f5a6addae8d2a25184562a63a6e62b00168259;9407;Personal area;32
99783e17842035aeceb6f6311fa1542590dda00b9da9ba062e5d1c7188c7bbc2;239;Investment products;140
3593e22807f8a22b899fd02c805477df98ee9bc8be034a31f84dd9da3343e358;6336;Personal area;23
7d718a778eb6a71227e2e4ba4d5ee47749c2e4663e09cd8e7c8a8ed56f3e90cb;1074;Personal area;121
5a47830eafab42dd9fb12d67b020f06cd86d248df2ea25531259551ed03e6b31;9213;Deposit;148
aa2383a301d645d59898fd3c3be4e02246f064b779a8899723e784c385eb25f9;4338;Credit card;161
0f98845640c441b9f70113b855f502b71952bbf0e3cdfc7a22178ac2cc012ac3;763;Mortgage;86
c88995094fa30fde4dc6e754f3b78119bff2c1bd15696ffcac3f2b277b226e6b;8946;Mortgage;187
6261d7033533b738bd8c8eb99017dd3b4f6ff247a698c9cd83215d7aba0f8311;5926;Personal area;80
8abb72cfed9f92fb5c14411baea19187f9bb2fd29dacd14b2de990259bb0a116;7404;Personal area;131
7ddd91cdb90ede9be928880fde8f870e43f0f3fa714a12f19130d7fb9bc776ca;2823;Credit card;78
fa126ac2ee6168027fdf6824585fbd56c0d436d60daa6ff1eedaa5e146b45ff7;8359;Personal area;107
ce0d110653135793627ee211b01bff1a4a6dd431df37d4d75ecc48e162116a5b;6924;Life insurance;128
512f24cc55206691da57562cc1d287c045d4cfb170312e1b359f5fd0b94bbf53;6744;Consumer loan;76
3a2f37eb95e270ee3720a3d11c66653d24a4ad2536dc6059d543007e549fc799;5728;Mortgage;134
83df8e9a88188407b88373bcc5eabf222e8debfb9954e9dfc6517acb62ce7cd1;7626;Personal area;72
f27f1dc52d2da0d31d6e8513c9b87026b47c6eff400f9e691ef51ff8b0e73648;6191;Consumer loan;143
ebaf9492ede179ddf4b8999dba3013f6b8cb424b122172834ffeaf0f25a4b129;4460;Deposit;31
923fa831353a5ba814dc3312e8994fe35d57237ca1de66d5d6b6974cbe40cfd7;2987;Consumer loan;94
c12d8f1c245216a2e6c2eec3eb9c2b952192f33e2a60560e18bf2e015143e13d;9476;Personal area;90
ed339925bcc1b22c9258fa11a34b85e225095063d79f158476b2369c4f48b63e;1063;Credit card;73
55824b7f94e3e8677efa434ad66026f1394f4f9e0b6db1c1c2d79c857c37f9b3;4966;Personal area;91
b869f97e40d25ca5307440399e1bd9c358c8c01724f5e3ffbbc5c62d905cd136;364;Investment products;196
6f3d5fd2bd3cdd3c7c5a09a245e72e03a9b46c159e43175d2926ff8e8dad7aea;1053;Personal area;171
0f5c4c696c35244a4335200d65839525527900135c614f4f66f0108bd3b83132;7100;Credit card;13
0ffd36a604a1e977d86d5caa7fe26d5f2c7352159ee8e3145adc8725b8ac240c;9549;Mortgage;75
8bb32b287fdfd4ed23057b7351246bf2af48b6eeb6219af304bac15ea358a852;3668;Credit card;161
1d8758e75ba1e7a5aeafc75933aa084badb4b845a46d8eb088aba9f21f009a16;4196;Investment products;41
8a587f34c6855b5992eedfa4b3dc1bcd8b9b2fd91da24d822974ba499815840a;7831;Investment products;26
bac96a718505111040a906fd146eda72874ca672d31e80aacf65a55788ef8a31;3249;Personal area;121
438d4a4dfad586c0ba56cd5d478ceeaf932027de38d97c89337ec8bdefaed0f9;3317;Consumer loan;143
cf84bcf084fcc62e4b1b7d42a3dbc52eae9e04f0b5f8c3267631bc395df0827f;3999;Life insurance;59
141458a60b92d6f210ebed2f6f56540aa6fb1ed3d9b4b3047c033a6be44f79ba;8149;Consumer loan;64
8d8879960084aff7846849b2af8692848fc34e045c52a6e25cbf20ce0ce0a028;4066;Life insurance;20
968debd41c0e9fc8947cac87c6e36763ce25b613243c07164e562a66288595ae;2095;Life insurance;133
0627cbd155392a95a6d960971e7b10385f22accab2fa9caeb121329c506d6583;6995;Deposit;9
204c4db33826c3c0505858180847773685099e1a670395a78a58b577ce02f4ae;9297;Investment products;131
525c7d6b612abbd4ee7fc9f78f4b28c21838f12c6b9722a10c37d846211657ba;5296;Personal area;114
8739cfa10cdd7fb72995249b9a6fcdf610cafcd39d0ee4b54d51c8e75f3e795e;7151;Investment products;54
9644fba92a95b8f41de8868087fd1310305b9b2e8655d56662dfa10652840183;4322;Consumer loan;59
5c2ea3812de416cf18d03f4fa5f06af5387df3d439296c3fa4881982cdec60f6;3224;Investment products;130
d26d27a497749910bf1507e2dfcb76bed440005c93ac42c91cf71104a461371a;4904;Consumer loan;22
f183c4d786bc6db5094364aa1d3f77be1314216056db0cae132a0d859142fe4c;8965;Credit card;124
82973162f1176e381ba66612b5fc5cd3a8b312f88b4ec286deccd8ae33f7dc69;4462;Investment products;13
08952bb35334395c7b9ee7c4e31053252f09f9fc854731be8c144b970022b4b6;8710;Personal area;70
b2d1a90d7faba588968ba553d6fd5b9e2d5eb036206335cd4c4b80213af1ad84;345;Mortgage;184
7c3d22e21d7dde2d6cf9579ed90918c6c66ded0e888848d742f3ea2c57eda4b9;6709;Credit card;161
5a7db9441d196af8d6a896c546d6853d5c3586444bb4bb9d8241b7c20acc6b13;8611;Life insurance;90
f64d45db8d85afb86481144c23822a028e373c9025209c59166bcf0c8f2a1583;6741;Deposit;75
0b727a640ca4b1ca79bb412b134f29defa95f140d38aa6010c8112790dce9340;1072;Life insurance;71
093fadace5643794dfc6258e8f70b8ca2721899c3d13d2c2bc9a48a82b444328;3038;Deposit;35
835971d0ca90ed7372a831fe29979e0985f58857add0324bc1af50d0e8e442d6;4237;Credit card;38
b3bd0bc0710c118e41fcebed2cc8b5c17563bf4cf7a05c53fa0bc0402f7a254b;7552;Deposit;98
0f93aca565eb33103d8e950d1dfc21599c4bbeae39748115354fbaa4fc82a98e;8635;Consumer loan;7
85cdafbf978f78b965592fb0e9b2f46a0eec78db76346da93547046ea63b6109;1527;Investment products;78
23545eac57737d635e3a2a8e1c46aa21b95d099f36cc7b36af2ef778d805fe9b;4905;Credit card;139
0fe0a5ae1b37ff01d4a6c973ca1f2dbee0a77100b9d288c3a632b58812b6aafa;2302;Credit card;30
ef732742fb3ec9d0ebc287b39838c37beed4bf47e7a0f1648c68f4b6fb6a0ad7;479;Deposit;75
c576d026bab449083d780abf7b28eda2c9cb14d0e6cdec193983c38284b89ccf;9369;Consumer loan;52
f9c2d04b88e84cccea88703f0f9fb0f0b6c06a46b728cc9b17ea712bb7f5ffdf;7135;Life insurance;172
ceba0adfd6a09c69d755206249688238f2f73a503031b7c605ed0e43c9e49098;3053;Deposit;148
9d37ee07d374df655e59730f7fbe4fe3097a77e309669203c22e7938baade376;9550;Credit card;178
282b6bb1792addf280855114cb5fe3f05ed65fa4c5fab067847ade6e5a22db29;6233;Deposit;83
f83f046732ffa275feba092edb1be6d648abbdf5b37d464c5f98317912f20b37;6939;Deposit;89
b8518ccfb6b8ce9e3d2b6b91aa2f1a7ee3a8d34ceaefc7c791d961444b17c4ca;462;Deposit;32
900f3cb46310a5bf4df93db0091029cdd531741e31e556f34600dbb63b02f56f;1950;Credit card;91
6dfad951496d3c49d5744d10c60c8e2cce7f9a1dcaf8c62d87db7e65d310f378;8310;Life insurance;62
9cdeca77b658d72e7aaf6f1a682b14b2e2a1f3a63f3230a39665fde3e97f7b31;7589;Investment products;89
773a59a7809076a7aba7082e513e37b24eed6c3d61a5fdfdae3cf8a45e7367aa;9141;Consumer loan;163
092b0b37818b60f5c7b9f2076558290224e258bbc1a1525deeac96f8cf275439;5851;Personal area;115
c8f00c46679c7ab98467cbf4b2e4bc9672013f070615f3f8a89163dacce1000a;261;Life insurance;103
3c4bc0dcbef68a066cb0ee89e941af3d8e97314e302e89afe53c47d96df870f0;852;Consumer loan;66
32db3bbcba8561788b26e6e1e7e2223780dedb04b389787bc6ea9d681f1a57e2;1744;Credit card;67
62d121b42f0dd5cafbed6fd57e466a4aa1a25a581444215aa35eed5433892257;4476;Deposit;36
971fbecd8b893de62987946c0a1a6fae92a6c8af82dd60e3a6d19450d3887048;766;Credit card;4
b990a95793196142085b8ecf23cf5ebbd390180ba63ca0735af70219f12eb541;5118;Mortgage;144
c52e6f739b5c29ff069cc7dc23ee8f687b4f9cb74fff6cde0f574dc31dc8268c;9998;Personal area;192
0b50e4222996469effbeaa89edd65bdcae83bffd001acc77d1b850273397588c;4024;Investment products;187
0da21797d627caeb77ad7bf7dc824f3d69468754579d0803fcf664737e52769c;8625;Personal area;174
77cc80ccb14bcf8aaebb12a7ab9043a56f232f267b7e43459cb4180383e73366;8866;Personal area;114
75da48f207129cc4f83ccd88dc2a404095040eb57f102663793345175abfc277;7087;Personal area;135
0cbb1b997f6fda2046ccf089111ddefdee6a2b1f4b6f1a0e4c86bc924ed29ea4;1496;Mortgage;8
60a5b54129b9f475ca8c118358904716ca95309f255f76ebcf975ec4b5abfd2a;6584;Deposit;197
c561da63a4927a88af3676e3cfe89b00cf162dfbea5c0055b507192b213bd6da;9720;Deposit;51
8417b4572e41fa948a68c53da619e99c711aa96e8ed4332ebb674c35fd78be4f;6719;Credit card;178
9aa7d4bc381fad1d7668156f0e52214bb2dd57d2389e4b8141930a1e2a132425;4267;Life insurance;115
fef998b5300b2bd89cda2f189efae863fdfefe99caa39221be94f448eb350466;2955;Consumer loan;40
4e223885ed8be3e871c79672ee40f8766d07c077b93ddb21f5bfaf04ebcfde33;449;Deposit;64
2f0917828918b75b3c6b1584ed93aa49f4feaad07a60b036cf8919e1a01f2521;1018;Investment products;57
3ef22b79da7faeae5e2cf748a21c08c9f8d61085f04e5aabd57fe1e69a0301e4;2113;Personal area;29
98e54cb61349bad6785342c001f181248c93f4275679fd206148ef82e991812d;4622;Personal area;26
0d34ba2d7b1df901c4809cc662b77f48f9f8546755db71b2cd2d1282c66000cf;8797;Life insurance;27
352e1be0dc8a074fd020a13ae91cd0486479c3f5a1720907df3e09ee181b7e3e;5451;Credit card;137
050fb5286fd730babfddab4de01f8b5067f98c9ce270daa95d0d437226934a6a;5933;Life insurance;140
f4bd2f49ee5860fe1314736089c659e88a0adf15110ed2153e1327938d8513d9;5479;Personal area;108
e9ed58bd0fb6db11029d6992384d8914e51a92bbcfe5f41a15d905d93ccd9511;2208;Investment products;70
8ed46f52f5a2d8885457924ce57e7278451436df907a85602afef733708dd08e;9235;Consumer loan;48
b71fbe6408bd4fcf7d0d71db06bdc462010ec87f55a24b2f18f084fdb16da5fe;7255;Investment products;72
9c0b598cd345e4ed9ea22d54ce4a5ac3c9d7a26906ba8c38233a59bf6379fc31;9223;Credit card;89
77437b2c1298f2e6bda2ebd406c60900b462950f24a290d681206488298029bd;9653;Credit card;125
d2859783c6adb209e8847e6e9daba72a405c3046c6a61bd0b226b889307f17ff;7525;Credit card;92
a8fbeaf329578b17e377f9e65c7e1f7602cd4601178f3a7f19f77818af85edc0;4200;Credit card;28
f97052837813ce2f816e5ffa00b9b20bb6c4baf0c4cf657dc5149a72fd8c2250;5207;Mortgage;108
8c59538c54a5422331e82ac8235d34cb04c19ea2b7c2ac33984ac2b6f7f1e734;3174;Mortgage;42
49fdd2ebbf7e4a3544617aea523f08d35d1c27ae10be2690a0fa6a0c570ac32a;3919;Consumer loan;94
183cde59627d3ebd01c03121ae711546f34e1140f8b0b1c97771981bc0ad37a6;9074;Mortgage;61
a92805fcc91ec894d43dd104f18d4c9e2f7cb801a3d37b018a553b0afcdc5756;3615;Credit card;54
0ebb7e5ffeb0f6dbee035d615a05ac1aae7fe106bd9679d65559633ba4342d7d;3390;Life insurance;161
a5bcfe20a0bbe969b91ed00b618fddea59118de401f1d8d68060677342cc01d6;8159;Credit card;43
5c03f889c5aa943fcffdc2d68b20fe972b000a01e449e149095bf59c8e3496f9;4360;Deposit;146
5687e3828b0a0c61d27256510ddcd2623308b4d99b790e39f7ce1456b7eef150;8034;Consumer loan;10
df592d34cd1739daea4dcd6d0640628a519fc348d978873893e8832a95bf5c2b;2898;Mortgage;78
4b4d8a68b82524fad45653c42bd13a2dcd9a74d767d8b9f53ff6fd2b0821e2ce;2417;Mortgage;8
7a580c9eba43657dc71ff28dc72f38bddac88202a7e90e9cd64e5d61e56704a3;5526;Credit card;163
6b20eb5ded28eab8e1473e90bad0e34200141777c9e336a59d4cd47010a40df6;8899;Life insurance;152
468e10f33c1743cc1964b788c162dfd22d65bb2bc1ccf15d6906193888414635;1119;Deposit;146
f22ab867a2d64f8a959c38d5ebe69f1baa14722096b9c9d8116d0da7aa4cfd74;8348;Consumer loan;28
4e57711d7577d6c44280dcf74d6896d6506fb6912bdf62ebcb73bd00308e95d7;4667;Credit card;180
933630063c85c839bbde4d7dca1238838d41d788b2463092562f9df5d344243e;1142;Credit card;74
7a5d4212d6e757b85db81901845abd59e2f743d25ea920a28dfbf5662bbcfc77;5510;Mortgage;116
a0f11464afe9505168f56563f3bdc8b5f7217a790445b1f5248c5604027f9160;5400;Mortgage;12
98c996e12ce5e29085283355f3be47282301f7c6e0878ad1d3c162860e5b7794;3049;Life insurance;173
c4c8bd5f958551a4041340e4f7a76e64e3dfc15e1949a1410603c2b02526653a;5440;Mortgage;130
463f8ea7a81074f215c3e81572d18c5e951758ebb049359d9cce6002ffe8218b;2055;Mortgage;196
319d7dcd767c64cf28df072bcbcf1f61f9ac128598aa1d01d4aae7540cd88af3;8909;Mortgage;62
91e8ca83b62c12b07ea8ef6356994916fff6a1eb9f1b00ed8c90aee60c6e07c7;7303;Personal area;86
ec2d29f1da3bbe1b6193911681fc4f4fe415aa30205d36e91e71f1b3ea6f792f;2155;Personal area;174
8030bcefb41359674a7b4880ca65e25ab88aa4d53a2c246a90a37fc4cf07ce63;6891;Life insurance;38
b8f96534037da090cc353943283362aa1a203560b5e0615fb50ab24bb9084bc1;7385;Credit card;66
bdd33c37a09c50d7dc27ce057434261b1565724487de87f6dee99465ca40b9d0;4209;Life insurance;97
b5eba7454888e8303f216c21051ab255575b05b960f6c3c8f2daf078e39d087b;7190;Consumer loan;127
0314fc7a62d6e23e3e9bd2b7ae5bb46427ff59cbf813a80ae24ea9f51fe82005;9230;Life insurance;97
f4e2669869bae91102164098ae548737e3e473b870cad9ac46efd93c20ffaa2d;2265;Life insurance;200
a2c66c0f7e7bc91d52ce7a5adcb0a03f05c84e159eb9b5d003d2061739420af1;983;Credit card;69
6157953935e2a4c752923b8ca61b3764749636651e59b4385f88ab89cf708a73;9853;Consumer loan;135
505552ba7759457298bd20092576e9b26c3a1cafc49bb170a6af8a21fd4a3bca;5582;Credit card;34
ee8856ecbe56e7a7c36572a91974f12a2703fe4a047be752dcc8754198f5ca6c;6734;Consumer loan;56
35928636a8850aa3ee15e2ee6bcd832c39010166cb6db89f39e82c6e24d90a01;1493;Life insurance;27
a2c53de79578de81c3f6759f962b685f6592c364054ea329bee8007027e61a74;785;Investment products;67
ee0e96a7fcd9cfbf2dc5eb4acf05bbced9c48ad082386ccaee774e485010c78b;5946;Consumer loan;146
eb21bd0c1aebbe19702d1e1014ede68acd44dfce6ecab9d0df631192f2342b3e;6933;Life insurance;89
0f874f643580947f22def29b5648b1f657887257127963313301f761f26cab02;3917;Life insurance;139
9cf97b954c4d7b3dd45ee81aab6163ad1315b45d43e063ba3f45fb7e2caf2ecc;7135;Life insurance;168
c12cb6162e81fde86ffc917702509e18a1bc64d3a16ab868bf433057996d0fa2;7458;Investment products;123
08590bea7bd0c176871023419e51682101bfaf977e9e9803e31183a10c0e56b0;4578;Life insurance;20
78970abaa2bff7c93c484e08f39f8216324f94d4bbf7ec1ec568df1b421f7bba;4119;Deposit;130
31d81e9edf23a2fc211e711189e28d64ec9111424d1545be4d1b7b679343a999;6413;Mortgage;55
ef1dd243549850e1f4ea177f730f4666ecae08ddc9bacf65c506d64ddf52d2e5;654;Personal area;70
00359bdf55a8c64e03dcf8632473e871a5cd083e791bf7211e34266294b5f0bf;2415;Personal area;3
276ecc4aaff04ae48ae8886cfb72351a29e4258f53d69cee7354b249336bfeb2;5953;Mortgage;183
f240dd88605dfe561cdbc7b9eeb3c7a0fcb83da9bc3dc2a4c765bca52915a2d3;363;Investment products;82
3e79b7452ef12b9d77281d3256c8da71be134365865b2773a4a946249661ca52;9231;Investment products;192
2bc11e659972b7bf19638be7914cb6fe039e9d8519f8affc06a6cded7ed74a17;1014;Personal area;37
c102cbdf77de6ff77edcb40a6cc434132df4886d4f5b56cad72a738af90217a8;7080;Credit card;24
e07162f93cf46d01babdafe4eb5c8d1429110b3ab2de3aed26e9bce6c502ac9c;3459;Personal area;178
7e9259895674555cf2150bd666c62b8a6bf2e8b89fcd6c00bf2d2fba36bdd5bb;4864;Life insurance;144
f253512e5281f23ffd45eda88e19924c5bae60161559983a7dc4951a8f6a978b;9861;Personal area;188
2afe13d3bbc9278b7fe3d94c25b14e876ea66d845167db55e5eb767a648e4a98;663;Investment products;43
e653f023c8c9ee1bdabdf903a65969e50018041f555863a082c2c5f656a20b65;8865;Personal area;190
06f690b600bff13c4fc4c378d08f9d626628c753a9dca21d004937425d85510b;6725;Life insurance;42
5f67734b6928a937c4e03d5c6193a5ebcfaeb0bda6dd10c3b16f93d372a79747;3751;Investment products;57
423da61ea43daa94b1d82581ab03c8ece5a509c4265731fe872879192ec81985;4249;Credit card;156
212156a38b3cccf2f1816ba4a7a6482af5d9f0978235a7c868fec644b5f314c7;9315;Credit card;198
3a6b21ffcb17690e71cee744c42aef33a2d176473ab524c9416351425f29b055;8167;Life insurance;48
293ff5f5e6f9d3ca3a04d45aa8b4a982f4ce0ac7f254fb544452a780b6f13973;2450;Investment products;66
94b4ac41360faa0c051f764df1a937c7f5a04970a89d2667da63e53ca89b34f7;1462;Mortgage;66
3a34ee0298bb8fb47e3339e9289360e8c043d53ae5d1bbf3f3374de040025c57;3833;Life insurance;5
943441301ec1a7eaac4816658818224a9b0833630bf9caa06f3f02ba59b6b78a;8641;Mortgage;96
1c2001e2c55fbb190930ab04971e279d3d8db290d631dcfc585e59a19c42dbff;2363;Mortgage;189
fc61503ba0e05b2242ca59c6fb1885cd01acbc763dc6093947e28a4cd431d34a;297;Life insurance;76
802b3240887ac3aa517da11821f1047b461e8f34b4f2fe466f2f1078b95450ba;3026;Consumer loan;134
96b0e47afcb01a09b71f34bf9e7b02729c212eb5566d3dcc351f3018bcf7b37a;2956;Credit card;195
bffea64de8236c747ec47f6ec3ccb502c7719bb89ec77b772a3bbc343fd84bd3;9422;Credit card;51
0217f380ff75b6ece3c813ae5320b400c325c6352230a7c3152af3b7068c175f;2408;Life insurance;156
f5d3523c3f73382755e7d1162fbb789866c61ddb45d4b87366acbf565b800d4e;964;Deposit;179
ad7feceb7dffb7b54438d20c6cd5378dd3bbaf3abada0d48ab85f179440b5bd7;6683;Mortgage;151
193c2e21f51d0d7bb9476caf93855ed7ea8610ca57449155724801f8e3308c83;8545;Mortgage;166
c1a39cd7bd5ef304b03cf7dde43767543ba26c4d20780527cd7defeb1bf8a758;7867;Personal area;160
2cc1f72498a17bf61eef8709f72c506d1fe1b1234d7be810cfbfff02de5bd0a0;4606;Life insurance;146
23d6f6dd197365cb183b120a1d42e9514e15beebb5bc3c6bbbae97f8d8854b12;798;Consumer loan;11
16f1dbcb8fdd846e289836921033274d5f5b2bfa1898e7ed6c81d875225a8f98;6574;Credit card;44
e08f438c4a4cb35e46a71fa968aa7b72ec0191e6d522562c21c433312202b5b9;6731;Deposit;81
bb293d0a5c0de85ef004d7b05ad864f5811e351aba44ef4280d07251fe713df8;4254;Credit card;188
b804cf879abe3009a3a3e8a90fc9970627f4ef4ef1914339045e09c3311bd0ad;1520;Deposit;121
930c9109db278a9ee6c30d48dc8b3d7fa7cd325f04e3a1dec982312d3399c62d;4268;Personal area;95
2ccdff7a89cee49d4b20b5ed80aa0693a05eb87cff82260b33856e327782ddbd;6395;Life insurance;73
c17bb5787b5d5765294ba640243df0f7c3275b4a3c7f8a4cda5e90ddd635dca7;3322;Mortgage;106
2c84e775e2a0c900c845d93c5c796313c0766d72068346470b9d8b369154c95b;7412;Consumer loan;58
67617fa6866c713e6a1444f2e83491867e7f4d7367f6bcbc27c39ecf4f7d402a;4399;Deposit;100
6ebed1131c9128e34b9cbb67bc014105062252e56de53ee38779b27afb64b29a;1261;Deposit;102
33959a554d6a45a064aa7ec0a6752d0773a14b32ec5f5041c4a18009b8324bc6;8636;Deposit;94
d649f8a813001c9a73ef7457af574bd169917056d41f9ba369788af206c7d2e3;9108;Deposit;7
09bb544e1192d2bdaac6c8074e299fb4e85ad0d7f92b88fe2902401b380a0fd1;1977;Credit card;132
0a7c8792fe794e7caaf7baa4da6df0ec19965846919fcf6586f4c6d4d44e2e19;3517;Credit card;189
661295d361ffde01fe8ee59b5c54c07efb7f5c72d09dc457434da59488f5213f;9412;Investment products;113
73e7ceaff57df8384af1826b98b8c09f6e13954c56eec2ba3d532f6e5b6c22e7;6027;Personal area;168
e662d6d2d26c7bc255ed614f0e26f795ed6d9fdc9f36bd74a8d2a7858ea307aa;7308;Deposit;199
0c2ce9c7292f5c90217641db987d50f855c44269efa9c4ee9e30947af9156a90;1186;Credit card;55
69a718ff636e518dda7e519599c3af347d927d8e5ac4bb831aae12414937bcd1;1790;Deposit;24
6d4da98fa3bcd680490f9239f582e77815ec4f824351d851ed9bf338ff517797;1314;Life insurance;130
ca57c2d81c6ad944fa81dfea0361392d067a133c1f1990a8703535962c4c4f16;9766;Investment products;133
3ba8599e8be09afa5484ae2f8c8a3ff5919ed86224f1ddfad8667afbc7e5d31a;2137;Deposit;177
8f53191770619fc2e664b68a6e5ab6f4cc3e7e3b02c26a6610c3c57c7fb003ee;3339;Credit card;127
3999eab0f7e2bebe9a126ad0b31cb956528e8f83e30da6217168001cd1e476d3;6014;Investment products;83
3501e171d14c37b2f8b9963d825b95e497523ebcff633845ecc4094678bafe8a;8078;Credit card;2
ee12aae237a45a431987d453f87a1f4ea007374679193e99fc35327ee9fb8496;2034;Consumer loan;187
ff169d0e8d9b0495fa1222c608161ad364c96554237943482f9eb96535081b68;6441;Credit card;35
828ec46cf6f57687f692b404914162bb238a224d520e5ed1452068fbec0f03e9;8675;Life insurance;124
5701274356eabe620d0b5b72381b7c76875ed56eeeecde102fef749f20f1069d;1838;Personal area;165
69c622f8b77a9686dc548aaffe5f06ed2ee747d7c94a36173f17191e613937d2;5063;Investment products;156
72a5788b4976ec85a228848c54c7dac97ca15fbfcdc1f7502de42fecfa580b50;224;Investment products;66
ad5832fd9a45bc88978e46aa138016ee089629c6790ddc485904d6b9586c72e1;2992;Deposit;9
d958fc695a10242691b661f7cb5214f355283d305521a673a3b4ec7105554d04;3841;Personal area;87
ce7e4cd4450dae3693ba99c22ed0d4b039908f360f9f8767b841d4669050fe0c;5392;Credit card;10
d6f891b49d20cd207cd575eeb05672d3ee4e5300df2981e3d88de381e41aec9c;9887;Deposit;76
680a83ca1f1e09e14d8dc5b1f888c994da5cd79135e092c59d201a896ecf7948;6737;Credit card;129
add358f5e3705cd06d7ad5cebb8050ebf87bd6b73f39807afc4cea7cf6cf1fce;4595;Life insurance;186
0b9aa2d7dcbccfbffb8a070b01ef21a98a99d3ab6f311452428941ccd9f8f77f;5905;Personal area;30
13b861cb15935fd1ec4b0fddbdfc3a5b611bed442d98ebecec2682402895c669;689;Personal area;14
8fb59067ef78d067c4e4c68901f2e0c64ab536b7981689e0654009836f3700e4;1794;Credit card;82
37834c6ce06ec8a0730c87e6e83b019a5745fffbe88d37959490e9f49e3d50b3;3109;Consumer loan;35
01742f6f31024d1a7488ee7bd13b1f882fd37b73662c543409bc21f34c1a67da;6231;Mortgage;60
99fe44efc820fa13bc607f781dba2be2b6c936184877ebb21fd0c3d8cadd17bc;7902;Credit card;117
85291156e05fd4bf4121cdd2bfc9fdef58421fa74b9f5cf6674f9e8818942711;13;Investment products;132
ca0eee90c66b76f3d4d87bc63f5a9432cb7aef533208f4bf6af884f9e2925a15;248;Personal area;95
f9fd6d61992cb8e18c0cf2e4234c86662e43c026b5ee618ab17b77330970b7f2;9567;Life insurance;129
e450c776b172324a8286dbeb77b486087161aeaa5e744795cf8d7ca7c27b06c2;6968;Personal area;91
47bfe421ad200966b6d6eded55475320f86b688568ceee195a6b1cf3d6f5d6f3;753;Personal area;31
a86cc97affb6fadcc70a4d8d250eb18f773ad9b68b6d0b82c36d6d6abd026070;8097;Personal area;48
122dddcad8e0efee5e2e27bf4fbc9a53b1ba50f32635f6cd444804ad8ea50ff7;6313;Personal area;89
2cf5ce8fe87587af06ee5626e8c8d6266f07a627c341f018c31e086d4dabc750;7384;Mortgage;67
35c3a844f8ea1760e48bcd7be822385f8d295cfcd485a03c6d65aa782edc327f;8443;Investment products;140
816861c3d3a667821ba5f6ef6418498ba7f2c64e442706f78e394745a02b61c9;1056;Mortgage;99
ac8c7a0c4209ba5fca31bc7a46ebb6c4640c66f065c59a02b76b25a59f5ea6b1;9746;Personal area;199
5530c44b3bf2ec09f50a185cbf56ad93680c4390d9b64a37672934e9db91b0f7;2472;Deposit;18
3b8e9b0eb4fec71d748a1ef90c122310f0e8e459631ced3aebbf48ba81c12af5;3934;Life insurance;95
cc3ef8be1c04e16e3fdcebaf14f43178649fd1b97c6a39b80bcf14ef258d4877;6686;Personal area;196
f63d52d280c5f0c2e2f228941d585f9ee4029296401da901a47077cd14e029b4;5774;Credit card;22
99b614653bf320a9e0e7ae5790b1c0798fe24c0a77e66aee11731bd9900f3ff5;9696;Mortgage;178
882abd1d8e85959ec183b29a9561508c2a0012f378cdb37b20e819995f86f0e4;3303;Credit card;183
f41d58baf2b2ea37fa3c67542c9dbb37b4fe8432caf21e4e1b5fc451152ee8b9;1860;Life insurance;55
c6b90c277ed35badf8dba70e888bab9c9f5be81f10500d4ffa4682bdaa421c4d;943;Life insurance;194
75aa86dc7a8de805a04008e2ee76078e35b2fbdfb4f0c3f964473e0d01f1d2f2;1240;Credit card;9
1173b9ac12fbd43440fdac4514bdf5acef557e88fcfa508810dbffeeb5908482;7016;Life insurance;49
048f2d60878cfcbc5d0201ec603125988daeeacc95a53c06cc8031d58a886b87;8660;Deposit;188
517053766f32a0fcb5a62117e3a2c0d65e0b2e9dbd09e2e1106456113d7f0a5e;2552;Credit card;80
2a5150a2c0fcaaafc63dc37a2fa9bcb63932c6a8718bee9aca2b65f15675db82;392;Consumer loan;46
84cefe0d00c54427d5d199b784cc3f9da78940473fd9d47f20907772ef9d9e00;9156;Credit card;87
a607266538968d685e213c5c39c5533445c7e3281e9fb4f207e66be34f77c8d1;7174;Investment products;128
5f74ed7b5ff8a6559bdf638e7678dd49329fa39a5b6a2e418aa74b0ebc009f0f;7311;Investment products;141
6bd8e6233578cab65ef42c30e8cd9717c011f2875c8119738e6be800a750bceb;1671;Credit card;166
cb335a2ee031d2dd4ccec43ccb987d4ed8281fba0baafb8090e072735dc1c3a2;1553;Mortgage;114
ff0888aa785377d2db2e1f83cb5547ed745db2f381c265466e29631626480b84;4840;Personal area;103
69040bec045b063d1499e4311639982d1f2943d3736d804f1d096ef486e551dd;1741;Mortgage;84
4bde64a71babc9e4719961b2686fc0709f2bf66987842f954ae4fafd9e48cf19;3698;Consumer loan;137
05addc6eb09f4ecfb298573e6c4f71ded9450240b0a5ff20c07fecbc3f3382c7;4273;Personal area;52
7745e906e6175d1e1ed4384b257bd14c0669dd10d4226cf21fa0eaa740b34e7e;4793;Deposit;10
d10c4384cb81ebd6f9bd826a75915fd6d3b59791e8cbaff2ab0631f2b9dae504;8218;Deposit;78
c5ea46368aebeda8812ea528b96f582f1c8df327d79ee11834f616bc9eae7447;3912;Mortgage;81
2b2591fea2d161954aabab7ed7243fa235de93655fddd09265003966d7e25b63;2196;Deposit;17
884d0746b697258f260baac6d785b263896d3aedbad083f381f0bc227adb708c;1268;Personal area;67
ad0e3702b095f7e0acaca7522429bfbaf80f56fbc93ceb0f2de4ccb1be5daa3e;859;Mortgage;85
ba8e928d072583291dea833c0186462bb8ae109f70db68a2318e2d2c4ceffd39;4682;Life insurance;29
1c9408e6a9e48ba42ffeea913d0ca6f19b1f546fec9c7c6b6dd0fbfcbe1af874;8479;Life insurance;85
3d8dd68507474fefdc09803f63c157119aa6558143faf981c9065c4900d60f7a;9369;Personal area;31
66eafd66fe6ef058f4ef36aed08a9d1f84ea145338c03a33ccdb9be95e532f2d;7789;Life insurance;66
24f89af274d7e64f5932e288aaead0f55ecf4004b6423a8912cb50f3ebd8a78a;2901;Personal area;175
7821764edd164ed1fb7a02a60a66da85cb2da473ca065df4026fc223bf161ebf;866;Mortgage;47
0a848e9c2deb777fcc0a459bb5a9c63b2f4669941f26803a94589e10b3c1f54d;7784;Consumer loan;126
891d25cd256708c2a0f22a6628d3cfeb982d64d5a883bc31098963420b22ee49;6775;Mortgage;189
e130f2d509ddee6db5da46f4365f0b410c43474cffd904d22e6e12d85f39d502;5509;Investment products;68
6fdcb36f7edb0abd5e47d6a8aac51686a381ed2ba08c9110ecea7e88e8947f0b;7490;Investment products;11
f009876d2378299a40d602f8d04b8c6c7eea692da624f5be9e6bd654b23d43aa;8425;Consumer loan;192
537d1a6889360f928a52e5a01e064ae13aac9adf3ca12b4bfcfa080d6397b539;4943;Consumer loan;157
6fc1707f2e82cc9731dc31d0197103d4f66e320c2a9320706519a65b4816743d;9253;Investment products;1
d15dc58f52bef17df3a705ccc71a2bc4e3536c5d0c8c26f5e61484798f07b520;5243;Deposit;108
726723010b104bea218e402317118adbe43c7332894c9bd198cd7a4300dd6b3d;4352;Consumer loan;135
6e4fb29dbb0ce34b31658c0076935797087338281ff37e5e1744ca0f6d5f79d5;4049;Consumer loan;28
675d85485d4cee8d716619c3646b8c7b549af1e2391b38ef80717b90c4b59bd0;9505;Credit card;33
a6dc2886c53d37b58fd6c8e2c38753a8308937d10e06dd23c61cd0f0f36b2d23;6798;Credit card;17
9eb9c6a8414f6df83c84c5a17d5a6d4961e1d8842549c0899205d2a43e708904;2749;Personal area;113
47dafdace2bf18a9b4a5e1e51f3329d3c7b0c7f4289717c78c9461087420849e;8448;Life insurance;10
f1d3666a71522be05b71365abe17932f288c4bddd79059c86d3fee48877b2a55;484;Deposit;84
87170de6a3ef13bb3cd256b77c7239b8bbe847057edb53015f4bac91b79ab0e3;5403;Deposit;44
949d03b457d80ec6e72518cd5977702cc489674b6ba8deac4b06c479d020c84e;4969;Life insurance;32
1eb593a33406e0ab995d46565ad6603cdd6f7d4856ee04515cc458a682b58ac7;6913;Deposit;38
ea34c3b2b08cc8c1138aa66d48d9f69d1f7d7e6fe67a89fd2363fe280707f1ba;5253;Personal area;150
b353840d5c6654799be5c0167a1906340aed3bc4e3025ec2ee89dcbbbe2ee50a;1497;Credit card;16
818287263e7763164d3065527f24178a35717d2dd3222e58a65798f73e84e33f;2304;Investment products;180
cf7c11efd25922bfc187b64cfde1ad4bff03515393a97c71ca8f7ffc06a660d3;8021;Personal area;10
d3a0e191349bc255e7de6b8f21ea5f0cd261dbafaefa594d24fe9a966a8db5ce;9317;Deposit;182
aa9bbe6937d7bf8b3380827e876d34e44219eb568497e663993d67d08c0d1a9b;5628;Credit card;106
67d7dad1dbfaf5388612c471ffc98c0139893f199e7fdede4d1c8b2e3ef7dc52;6869;Investment products;124
6fe59587321b740ab42e109b181a7d7fac12849515c1a8f54fa64eb7e453cb59;8914;Deposit;196
723080b745945d1acd583a99e414218d3978cad3dd15b54a7b709ac60b949ff9;5537;Consumer loan;56
bc216ce7c6cbe60f120a98d082ba2a75dc1aae0957cc2d1c8d8a64dbaf5649ff;1152;Personal area;158
9f3b30d2da24e397f45445ad80a4157408c5e6b610934d4566706b7d4480d40c;4993;Personal area;137
4a282eb275e9089c9c864a94b11c3ff5dbd9a4cb62918f8c59452c375d21be65;473;Personal area;28
418e318503b4255cf6bc269f53ccf3071c746ceb9f3f7d014bff424a25d13fff;4704;Deposit;188
c0b37de33b255e9b82bcd76cdb910e93a5bd2ccbc5f496c75f5a7f8eca58fda4;9556;Life insurance;24
2d1dc86e967f5df3ed504bea42c5b500f15e9b2114cccf5f5fe27861d86fae25;4840;Personal area;160
7ad238701e415a9ec22db3ddcaab0685d697b0727547d770573940da7c28f699;9233;Consumer loan;87
8fdfe74f8735e1d5b05ea9116ac11eb19a8497c19b1605e06415c43bf9f51139;5431;Personal area;153
de2e67cb559cb68caee3e8ca3afacffde463af793385310b30584df570d0c6c7;9631;Credit card;122
1f38ca948f2125eb5bfeb175d6e1a96ade579e3298752ad1dce97a905b505fa2;425;Investment products;192
c42e58cf2e581c7e6bc8a58ced35281901ab3529546932193f0f21e3ce8ec942;7012;Investment products;155
f500d74482c2b7c8acba1e9aea86de8dcbe719c0b50b25e9bb1fe2d654bacf73;3198;Life insurance;63
cb2a56c7ce6e5c6e514013d7f72b204d64dc5a65c570c72ccf3226a3fbc577dc;8892;Deposit;96
c99d804ac40fa9a655dceeee4da076bf4b276de06e3a329bde02396fcb8fdc1d;1573;Credit card;1
602d64a3a54778116f0eb119dca8afeb81f25ec56bfbafff2f7cb6a5e7a923f4;8620;Deposit;24
37e3b599cf09eaf85399a3792970f94984ba7093580a351a81bed874b944cf0f;969;Mortgage;4
e6bc47928f3c7542ba7b52ff16ab194a6dcafcd70f8c978ecc67ef4a3541ddb4;55;Personal area;25
1e018e0468f441515cc21b88d221d43b4734e62ea2a501c6482ed79437610788;1562;Mortgage;1
da7e4aad8ea19358ceb466eff71f46f95e641fb04a85fd78748bab493285685f;1575;Deposit;30
d2ac33bb6a65ab4fbf4de5c11f05c49fdff7ffa1248e5a1598c1f3cc87f34c26;4237;Life insurance;17
4d78be8fed41209026e02d8c41e80b1dd4ccd25cfbdc3573d1e84e7152e7e527;9800;Investment products;90
4ff3b1e11bd3b8ee54ae23c6912a0892bc1a8baeb774c2114be379743b314691;9753;Credit card;79
5a2b900e43715be6ef81b3e774232b9e73dae927b1a592d9d86c43d81afbc17a;743;Credit card;129
eea282e63c8d1ce0f7b3e3cfcb69f06dfeeeb31f2c20a93b139785e96224e3db;1582;Life insurance;177
1eb34deb660f4902c6e03b0bb61427542f58e70777bf5fd557cfea28f2cf37f3;9841;Credit card;64
7a86dc7c3bb16f624091c791bed426c050827c7dce571541f67f69070eb67186;698;Personal area;110
b2ca8d2a8fb4a33f0b845f943f8e493edad07b3cd725f51f8937b82f66328568;4208;Mortgage;57
f2f25f6d0a9bb69ba291a4f1b9be6ed231a59e2bc4e212f5e718fd9118abea9e;4437;Mortgage;191
4dcafa0e4da8af2206fff498d3a90d5773f6373e0d04a714b72c74f34c997e27;9449;Mortgage;88
609f4a5b4840879520a6935e19ffea65781ac5d73acadee202741881a8058cd0;9811;Deposit;145
3492644fd5e9948c60d5e3172448f1eda9f19532b3502588061e46f7a8f9f28b;2098;Personal area;131
848829c41d3a612377b4c7fbc6dd61cade11d90e4333fb2b00ac6b6e67d50eac;9463;Life insurance;150
f8f089230d41896949f1d1725dd4c0c079f0f713b77acbe93ad76837514552a5;8785;Credit card;165
38e275f04c37c6afd8352b44aa5430faf94b0df709a6ed72e4cb7c1cd92ce265;2040;Personal area;130
1c57ce2ce6d01d1ae501a99d21aefa049be13cbe78968959313ec34f84b6f4de;2259;Consumer loan;108
a057ee43ab49249b73ba2247b84f4ed5a7542b9b0c373585bcc2250ed31e9094;1985;Life insurance;92
19043b4d2bb37faf191ff644a2b45fa3a514f44e61644312adbe0a6986bf53dc;7134;Credit card;174
e8584f5f2b9e6de18c7683933bc4e93883de878d930969f0f122903d331b745f;4544;Investment products;44
d0990cfdb165a2e04a60573e18b8de77b80fe2515d9ba87f42b7b964a3860276;9429;Consumer loan;191
d57e6c562ce4a6f6f355f8c8fae26447904119e548b0b573f54388cf8dbe44ba;6036;Consumer loan;54
1713c49ce75cce4bfa2e6fe211745ec2e8a6aec7c0d254f563670f5b932d5fe9;7620;Mortgage;62
511cc8074b3655ff8d2eaa894a66308833070a94d2deddee776328c9a81200da;8159;Personal area;40
d1e78c9282bdd4bb6dc182b7ce1d24bd1fa799c08040f6b9d7a628a4b6ad8cd6;479;Personal area;20
ef75e0936f39ce157a5dd548f0b51302ed077e39c8d30fb34ad6f2f5b669d7d2;6031;Deposit;140
5260772b79660e4032c6862e84a9be9abbf832371809fb02151880f00a40604a;9545;Investment products;22
2c0ada95e7f90e2d601278e684c71fe5f8041d392c41df31fa1a2b6deb4ad724;7249;Deposit;127
15a929da32a942e43f2d98645e326a40727d77a855b2e9f801c8e9ed7cb4c4b0;9586;Mortgage;37
d63c884fe25243e3e3ca55aeeaeaf99bd1c292bc007a7c7d10ef12aec824c736;160;Investment products;176
651d75ac864eb54a900b78208d7f9c20c86228ddaf988afa4deaeb42164481ad;6751;Credit card;83
5cf3103a835fe0e8d3353b7f375299b3d47d1bb7322bb1e90053d86f2c01a2c5;4531;Personal area;123
716c41ad4c629dd13e866d66f2cb7fb3485bc0a2a265f6d2cd6be99e6428501c;7001;Mortgage;175
6e4e40c90c0b418be3affc51030d22f0e252504f6997d03cd6dc5af173ff9d90;959;Life insurance;84
a925453038cf23d0e83690398a9bf6341b6d57f3d4dca3526dd5889e428cfc11;1807;Life insurance;152
64c2b62aab7cb7617c19f3d3219727696fb2b41125d33956ee07d11cf5c2eb7d;331;Credit card;99
72029fd0f0c0c825e4cdec403d6a93fdcdf0deff3e8f85bad5f4303566d9a7dc;7232;Investment products;19
a10afb45fa658dc0d5b437ea39fb2b38ded10ea8413d2abd6e8fedb639eb625f;2219;Credit card;100
1d96bd00254709ad8b01512bd5c6e0193a2a0cd8e329d441d7a019092664b112;1086;Life insurance;84
934e9ad0d545c3c8867fdd1d233678ba26b2f3bbd11eb985c3d70e19ecc922a5;9406;Consumer loan;126
8e9efd499f3b2736b558b00d15d29b18e225bc7a3ba17ec7b40aed765656f056;5695;Consumer loan;85
6a9b0b994329752a84f914d2d688d86f211ddc62d1ed50235cd4bcd67eccd1c8;1907;Life insurance;192
2ee47692e7213ec4d874bec46a03cd0427a9cafc4d31d99273be00794ce20a55;2217;Credit card;113
7e8f987a34a85b16b9929567c1015eae43954c4e318f57549be2df2538d0c43e;5073;Consumer loan;87
c83845bb370f5adafd801ad015bd6738dd395541460b12d49b93901e837efa73;4768;Mortgage;167
1d399081a4bcb17cdcd559574f2014472dd0a7d2a4a6a266c58a040b5443d5f3;9242;Deposit;43
0f3c69489a3e7200271456408eb8dd8bb18faa5a7c230973d3b6620d2c6b724f;2821;Investment products;146
ba5b260db54fafaad4da2d003c176df8089a3957ca7a59eb7c14829735223bff;1223;Credit card;136
cb3c9824f100f1e5d607ef42f5e76f6b159ef6bf5995ebbc5ce1244439065a71;8731;Deposit;9
c3bc0c7797837c372cee39491e44816554783e52709ea51acf7bb8f6b037c6b0;6189;Life insurance;71
f2c088e2276a4cfbdc1867bf95fd045137918652b163d5d57f2089f9000bebed;5762;Investment products;101
5255d89d5b1127146842b69dbc1e66d5efac10256c28b0f64e72f3b04b735c98;3981;Investment products;77
cabd896975b703e0b5aa25d7d1baf4fcf1b50fc545a869a2d8046fbb7aa428aa;2642;Personal area;129
9f9ae8cbe7eb10320220b382bb6e0628c9dd91fc2926a5f7e0288a8886800247;1307;Investment products;174
dda7365b70d0a579ec1541d12d2bacd660bc04e09b960c4ace13458989799682;3682;Mortgage;108
3f8f7ac9de2cae0a82f8d14d6fe2eb631491b34d6785c7c902deaebae77accb7;9104;Life insurance;96
c1c9c02256ffdcd0ca7b8ea0c5619baef1883fdc9648066676c4d0e3abb891dd;7557;Personal area;32
07ceaae999c3e9b6e09ad60da3fd275af1947f1beb0f43a7c8f6cfd57a3b0027;125;Investment products;125
ed62f246c31c5010a80c6451330733fada8d6cb81e67a02b9f3f99ef9e77d738;4647;Consumer loan;149
79db4fe85b0142ddce823e0c883128c49e1953565e3cecec2d1fd54ef19153f1;6705;Consumer loan;71
00ab2ac4c7c277cc2c39926deadc81308b2558ea879b29f753c6214a805d73be;9333;Deposit;90
75f9e1d82bb423a385f83a57019b84704f4d3344a0a3471fb354edbe31b02891;8417;Mortgage;82
f92bd343da5fa730db133dc9787bc896e5c21c0ff5f9d764d978751d8a8570ce;4639;Deposit;1
847f4311541ec46998f9666f0ae56445b05c3df5b29fbca8d0419f4dca7dc1c4;7772;Life insurance;111
c89d14f987d396a10f7cf1e584baa125d69d15f283b6242bffe3b750e0348684;2580;Credit card;40
b0f8db75bb3abc4f4b2dc1ee6dcf983565937c3e50546d504ab8c6c6c596d8d4;4569;Credit card;80
01abf7c882fb0b1b678e3917664e2c511ede747f28b9378d4a9ba212bb366db9;3176;Mortgage;158
fd3d273c3248c9df2ec8a6850efc1adbdaf206f69abf2c9defd0dbaa6046b74b;4988;Mortgage;83
ceef48acd56509e4abae88e85228fbf400d46d9b6fac2df5add1ab04718229ec;305;Investment products;54
e3780f4bdbadeb7449704ad135749c63f837c92d85c4bb23ca08c217c207549b;554;Mortgage;182
715d35704fc8c176e7f7c90cddb03aca79a78d4b9e593da2acdd98d45fb09c13;2024;Mortgage;170
44276af6d052f455bb0096f4c5d7c9e5ad6a4659d92311d932c6c32dfa5c0f91;8519;Life insurance;94
1d3530f5475379ed733c007636cd20ae017d3cafab50399d66e69e477e17575f;7725;Consumer loan;18
d9bbdfc85d1bd559a3ee64d4e087330f1b80c97cc4ab9ea27830b2cfd543f56d;4734;Consumer loan;165
f7c1afd93523d5b2c7c68ccf13ce28d231a0585e98b4660b9e3015263d73a472;6264;Life insurance;94
00585426266037669650cb4b40d2c86717bcc6d43530a63ff6cc77c05df51ba0;1299;Mortgage;200
1e6430c2ee8a3d0c7a194f1fdd0af82d27e989bd95aefcd6e302c8718665a123;797;Personal area;178
522d43a606d5307e275defc21336135aabe09f76bdc4da3583126ccdb2e827fe;6510;Investment products;87
c6f986dd9ad70cd208000733d5fd101c4c1ca11696ccf51cea6c428112414cc0;4469;Investment products;168
6ba20a0d0df1fe5c2f6cd3baec60471ff5ed369b9dcf8defd74824371d4f6b36;4082;Investment products;26
658a9a1e16e470c1443bc508ca360cec42c8afc8ff3b65361b17a05a92d33e7e;503;Life insurance;84
4b838f20eebd8ca2613f6eaafba44c1a957e36c84b66edfb08a6822a49468283;8783;Personal area;14
2468aa67c9f52e60a5ae781b1693ba23e93429b0668b10a1bc002271d83b48e7;5302;Personal area;96
f2bc964abe6bed0824df36954706c475016d1fb03f0a5ed20e7fa6a5bb6d9ccf;4115;Investment products;11
482a2f45ab8b58f04a6ddaf7e6e7761ac5ba602d4fa0487af6d217a77449ce4c;1141;Personal area;164
cf8f049a62f3ac8e1132af5b0d6491908ea704552eee86ebf3dc2cb9fb8bfd2e;1487;Consumer loan;186
7ff39e8a1a8c76145042ca9653c41f8ed6acb983a90ae06fdc728de6f5338e4c;7178;Deposit;79
f134f5f3fbe4337b5dab611ff1a7c20a18e544273178c52fbcbf7d13d5baf6eb;5172;Consumer loan;14
4ee6ba8bd4ff47232e0a0ccb6ffc11a78820374652aa8194f02c1b3b2dcd0b8c;7635;Mortgage;37
34aeb571aaa58ffbdbf1702ede7f9a855691cc763e8e5ac1b5c762286c9d2393;2137;Consumer loan;124
0e6ff23312c643c1ad4903a937cb4d10558b8a33d856aa9644ab8d980bc62e58;2150;Mortgage;17
ea33e6959961f0e580be272172b1566dd9ab50accf8b1d775c6b58daf1b40818;3510;Investment products;174
743529d488d0ceead5ab149af7faa276c52ef90c69f236bab37173a023355698;1844;Deposit;138
5cfe6f208c242880a0fd8efdc1ac8b7bde6c96d9f332847e42e40143be4c5815;3888;Life insurance;180
c1ae872462c4904add7ffad4a74c41d8575caf7adf71f78cb11f5e9883f0cea2;9874;Consumer loan;128
8750c0ae16c6277556fdbd4aef65aef40f54dc59726e2a950fbd5c089a186a4f;2114;Personal area;54
3aaa2dcfacddfa0bb24d7e74b6c08026e2ea14465fc21e1fbfc87629a1674318;1387;Investment products;67
c895f68b673c19cb57ede93b52f90e8f4998e0c61d59fccfbff840f0a418aa6e;1951;Consumer loan;132
d61723681577f30f73fb3998596439350e0c5460dd2628f3f51b985464e6d393;3278;Mortgage;31
8159a8cfca2df90851119121be9dbec4633a0d1fe587c10468b37bc5d31ba95f;54;Life insurance;74
dec2d150b1c0c6ee4a3e1e909ed627160973d46f0d740df50d8b103f72c8c26f;288;Life insurance;2
f07ad5174aac88978cc3de65dc75690c7ab0b0b24b84b72063459f2c930e30fa;1872;Investment products;97
1ae9b4492c71ca639db286746f41de7cd2a533589b3f805cc012765a136b2294;7053;Consumer loan;32
ce29db7fb857c4b4a1bba5f6d8087fda66f40f6808bbf3e872bae20fd5bcdaaf;5979;Investment products;72
395574a82612865b30c535081831abb259b3d5ace0f850d3c753ae49c45887f7;8317;Consumer loan;159
cf1e7b4833b89723c7ee0747f139120a3bc27769dbef0d14f24346ac892e349a;7590;Mortgage;126
6941f7583fc395a1488e0c80f29a234c45ce4ea33737ba53d4580e95c33e3175;7784;Credit card;43
48a81e12cdbdfc7c755d4ef0b09028476947731f49521683d2e58e2df60ad9e6;4309;Personal area;168
d3ea2fb585ad3a117b2077189523c4bb3e4d1509fdb88a1e5e89f279fb97ba26;9915;Consumer loan;161
c9f8eaa6218ca225e9c87857ff8d4f98aef7eb4cced1e6858030409dae7a960d;6975;Investment products;97
a9c4ce05bee7174e253c798e720baa8ad51ea4308ab8d2bfd5eaf9fdcbbf3232;460;Credit card;194
3eb2cd0c3e8d30e12eed343fe631d481ef63af8526ed7b73049fa9083b0a37c3;9355;Credit card;138
facdde7aed020efd29a2eb8d1e9bb19953d299e74bc3d635da6a2a745a5279fe;774;Consumer loan;133
b8b0e73a40b37cc45d13b274cb7ba8253100780d7009b3165f6d826c6363e811;4951;Deposit;151
e7c6050983f8679f83385af0f952d7f3821359bf399726b0841313b54707bb41;346;Investment products;40
cb25f397261c1e20e4428065ef5791a58db7326e96f7a1568fa52041836ba041;4297;Investment products;43
b5f4e395580359712247dc21c5b494222d8c27f4a215a712160983d809c959a1;2663;Personal area;162
5213c271f1714ac146461fda8c5ad0e2db749dd33a025e5b5cd5cb263daa5dd5;4869;Credit card;2
3e1d980a772b4e9d31a6d31ca2838ddfa0d5ea77a6783a07f21a5ba39f39b4f9;5646;Personal area;108
e2fff90ca5984eb25b6c82be5bc868e1f81bbb2066f44071a5a84f6514852340;6955;Life insurance;60
5fc96051199815c7af8990f6e78ae5045e0dabd24b0f4c6c8d33fb92fe4e6ff1;740;Credit card;65
de319c8a93b61cfab68b233b5e9c619acde906e7fc9d31e1b7054a47cde36534;1476;Consumer loan;83
62fbbd6ea71c6c8a7274d339ed9023f2a5de5904b4cd081d5b6c5fc256b07f80;8638;Personal area;126
168b26fe8e902c509aa7bd0df475bec188a78e0474b1c7197c3d259ce0f0a337;9355;Life insurance;119
3c6b91d1b4fce2a2c1e21964dc46e1bb06d920cfc58a5a4dc77ea36bb143e178;6408;Life insurance;46
79790620190675feec2e5cd6d1234e416303ce283514cff54599ac66d22ee7eb;1251;Credit card;120
1a0cfbe40efe92f86ca1cd035e2f10de4136f6f41aa84a7f9a005e76c821291f;5157;Mortgage;67
aaa1582e26f28a4ac9c2816ffbe28e4ea243ecee1cb89eff7221f85aa7624198;6740;Personal area;157
43e5e828b22258fb4b315b47538483fc6677479010950dee251eaa0107443b13;9091;Credit card;21
bbda191560f8d8a535a1a6f1439b7cc8b3f5955ba32a8b45f572685665025cc9;2037;Deposit;166
8d1aa3efd0c2e2c2e044e342ce00d1989aca30e4757a87a6b348e4991581ed3c;5487;Investment products;16
a2b37f39dd795e99712c75b5d603e836bb0118eb9a843f6aee7ed872fb9d3f11;5314;Investment products;69
b86a8d2f20052b690ef3e806ae476ed9dced05064e2b48325e722b52a9f0c0b6;9889;Life insurance;33
29994618372d32a4be9ca169ab5b8b70ee37d5e5b921e2c24f62226c9f5273fe;6274;Consumer loan;83
f13cf0e9a3e629eb7b3a684a39e6f845cc3188e4781bbdb13413a69afddd0b9d;9675;Deposit;20
58b056b9d697602a2dff9ad6c7b055d2d8244472f131b7efeefcc15944c9caf3;966;Investment products;18
853d212420ad1fea4ebe4de435abc975b92b573175f9bc38fab1b26e274dfa99;9250;Deposit;97
e9723962f0b6372653dc335a0bad74d2d39d5f8be6204d130cc0c24b8a9b53d0;7917;Mortgage;161
b362ecfb5113c2fe72befb008b3ccef49d09107f1ec8fe3007ec252c21861517;407;Personal area;27
6d6e2f8942e4ebbaa8867faf4d484fec21c8ec078dd61a3f3d16c514997ec8e6;8908;Personal area;19
9857ebfc14cf421cf4000f448e27f669541d5de5c2619c2a71ba0b5ebd6b1140;8355;Deposit;106
db2f1895606689b5315ec6d1547e6d10df890e004983863b263d4709beb87613;3871;Life insurance;35
d412b0b82798a97e5695ff5ba058e78a68795279c8a927451eedc5d299846e72;7993;Mortgage;169
a2f56ee116baf0e71b1bfd35306ce9ac112bc232f240b0ea98828ed454359f7b;5731;Consumer loan;125
ef0f43055c98e34eeae9e462e32163fb886289ac53b796ec0272199d867b7ac5;9956;Investment products;101
3869d6e4191635415aaa372ae8ceeefa0d5711a769d37cfc1eb788f9614ce767;7487;Consumer loan;64
0cf9c4f4970a8fafbee6a1896c3c32701de97976083a2ebb0ba4112032a7b655;7460;Consumer loan;79
1f353d17e7f9b2ea86afc4268ee44151687bc6a6c7c25c2e63ea06430a88b26c;1582;Life insurance;51
b16a1d248da894b82589b246619082c3365e2109504c83725b632aa6be4e0b5a;5181;Mortgage;91
6aafaa01a49b69fe479a411ea145ce7a874b87a890a1a0b5f1b5f605f6e7095b;4311;Mortgage;77
eb4a66a65ce6dc9b20ff5c1521c91d907af99048a4c08fd903c6e43937f85bc5;7203;Mortgage;171
4009076d2e767694e8ed8ae9710c49a53a6249dad1e9f577b68223a5475a5924;1338;Investment products;54
bb9bf0352fdd057248aeac20a585096728638c8ab0ee0bb53fb0a8a81557379b;7243;Mortgage;162
b95db7a93eb05999184c4f14527bf38aedfa442ffa2b3211cfa54fa02c1e3519;1712;Deposit;67
fe543c32b7902bdffbf2c2f84e3c0e241287908b33a0a1b32c7b0479c9360c70;7614;Investment products;86
46060d712fd316f1a26fb420d4aec5f09d569e81aaf1a24f588c8725360e2a31;9700;Credit card;61
26463f624925a23d71adc6a5133ce2eb2da2515b087afce2a90effeaa781e670;3703;Life insurance;186
d0b99e506d25ee45eb7ce6693c0561ef77d701147689cbfd396a052233917b85;4601;Personal area;107
ecebb8eec4649279996fc688d38c9757c6aa5b80beab936e50c19a2121c36501;5718;Life insurance;177
f5cbf90ae6421e728b3f06627d13b3e9b4065ef7857150ec8a0e193423950b7f;9571;Mortgage;85
7c48a47da474b11b83c765186bdd92e0623d3dd11afed841e665596253aace75;1492;Deposit;61
198e48a1a9780df3ca3e5069ed458b282bf2213caca67a887073f60c6fce3bdf;1843;Life insurance;16
a639aec37481b3fa176be74bc82a04867f031ce3c0aae950bfb01aec44c046cc;5005;Deposit;41
d4f6535d41bfc2b0b09fe6fc9ec3f3dc0b9ee12c14905f8b543991b46f467311;5656;Life insurance;108
9a3b2b4befb1ec20e4795b61f1412c26a272a914efc25b90393a5e4cfacf81ea;4440;Consumer loan;114
b7e4608122a510a5b1902ddc246a013e71d468513ba954b170e1194f8a393655;7631;Investment products;1
3501165eefa228560e7e867700b65797f28a66032caf7fb0644868c451a576ac;3808;Mortgage;114
2300c33f5223162d3015dc27427f134fda736cd8face2562788a691dda515e2d;8179;Mortgage;5
99d6eea91ad457fd6d40ee40f55043dd05f4733c65455533773c2d6bbf0df6f3;9561;Consumer loan;170
8778ed698ddb2555746a1d70346e7c8b5b2dac26ee99ae9f1287a05ec4d868d5;4364;Consumer loan;63
555a68f1d1b4178acd0bc640b09812ddf709a8e48a43621a319acfed4c64e22e;8711;Life insurance;86
efabf6aee4a8629553132ad6b54884510b4b08c1febc0752ee4e37bd4b73a8f8;2925;Life insurance;162
77c42e0c1f055274825bd7b39e2f49b3228fb993828f5f38641d8e4a4e4e57bd;9489;Deposit;183
a25cb0f98a54ca939917a0c87f0fe632b84658e9020d4211578ecb21fb68b050;5253;Mortgage;185
1af7f607297c54de4c50b4291b91c9faf73063ae31d389c2d68e3e5fc4eaf7f2;4280;Personal area;124
e00074513529fe49d970d74de84467f3d2ec6fdcb357ec457d44612b7f178db3;9465;Life insurance;198
f2738f85ad9746b98064fa1777a11528ac28d0aea24315cba070eaa884a9fb75;4785;Personal area;66
00842803168965b2d2cbcff4cdec7811b3cdc82db6173aa4c66873aff35bc5d7;5914;Investment products;11
cb4b78ecc3db5ff7c6c376d3dc8798c328e2e3305ec1ec67a692e9836d5758cf;2596;Consumer loan;180
c5afece94e219c754b67b27cfbf8c10b7e55d121943a56d762d5fb49e61aae35;1538;Deposit;163
a1eea819cd7700aed9a7d9667c8762044ae996e8f6c4aa93ed77be3a93ded553;9001;Investment products;167
d4e710b172e154592df632bdc6bb8cab697f781c9f023e95dc969d5b5a8ee606;5655;Credit card;181
b7fe95dc3a83f71d515f349ff225fc2af7fbd96ebcf8c04fb4095a4d07caaadf;5925;Investment products;81
f419a6b57d473c18c4c539eaa839bc4a0a9d04d3621bcf874be0f15c7af8f09d;7426;Investment products;89
42e2c4f6d8c97d21bb0a81366572c99219650a1c33226b7c31d5875503472f1c;3742;Life insurance;160
a9fb67710d9872d7a00b27758f028153f9d9e7cdf43777d2ddaec054b2055914;9147;Investment products;122
d082ac61598b7c5be7615e80e833d9d6455239ed9114856ed8db8e2c69ec01ad;3845;Personal area;119
72bd38150f10ec26dbdf6e51f30404e84a63e52743b221167b97b930b6446eb6;1034;Investment products;149
1551fc1ed98cf6f23a44ef93122e3b63787419ac39ab8c5426e7720fbd8d4bdb;5574;Consumer loan;108
1c60ac75510938cf824d79e7c044002b909216703586b4c5eed132ea0d3a9656;4432;Credit card;150
cab3d28e92f2adba338a580f97c5ee97f8ac3bd5ebe56efdabf854e0b0124ce4;3343;Personal area;112
0925d3687b2f2c065c48c21590241f87bddd6a0280bed405dcbb20c813532b6d;7860;Mortgage;171
56ccf85d5bf3bf75c1518f41e82b796a8666290b887b6f0ef8b162568fa347c0;5736;Investment products;9
2d1d836c3f76ae019b86cc5ac9fd7dfaeac1d4c4eaa950e8fd6dc5d3418e794d;4964;Life insurance;146
a46ea2fbdb421427c566527415aa5209a0f308e4978b254601ab83fcfcf13694;2977;Deposit;109
3e3be8cac54de898582488e1f4562a902d05d0d3617a19b28482b2b82175512d;3652;Personal area;82
9361a295cda710a86e318418d6371065e189cd4360b79a6fcf94262ab04424a0;8479;Life insurance;107
89c2323823c0f8ff489c3cb6425d241a19f9e98731cfd9364210b007d3b978f3;7033;Investment products;75
5e69fd388a1a47271a764aa531037a2a872716de19b950f85302e5ad6dd45bea;2453;Mortgage;31
f262ca625ddb5a6841d6477270abb5d4adb05e2b46c405ae10563e1558a683c3;2040;Life insurance;167
94e8bb6a12c18f75619ea812ec5ac9b01799e851ae110c04e69bb011ca7015bd;8308;Consumer loan;10
678a5daede959112bdeea1b58633ce8eefb5cfbcd7aef84d7b8950f14fcc4c3c;1463;Investment products;168
dc1b669ae3f8ad646adecf5b329d5e083a1e106602d601e7410b8f7e90eda965;394;Consumer loan;58
8676d26bf3bc431554051ceb855e2b01a49b6062771c0f42093ea96c1597f849;6344;Credit card;120
dfaf5ca0bf2b81af20689246c9c245218179de5777e741e55ead874206c2c8f7;9855;Life insurance;151
15acfd0f83f75e9f5fef6249dd061c150e5fdcdeedee0b25409d84ef9a9c1f76;6753;Mortgage;171
eb7df48afc365faae655fe6da2c1b346fe528a215d7776917a4554128b14b944;1358;Credit card;5
e7bcfcee00cb00ab71e354e8f2c519d8cf73869061288ae5a8fd1217a1630956;7685;Investment products;100
ef2a9125770017f073bf3bd1c281e9ae699962a6f320a54b9e70091f670cf590;8566;Credit card;21
7ee273947e4d0f27e430b15b5493dd70789cb3d0c2681839558bc6bbb63bf091;7908;Investment products;15
b149660825d1d4d7984231b2d1da3a1a22e6ac369daeb72e3e5ef95aab60b4dd;8920;Life insurance;87
ca9dd74e76833ffebeb0229af53cd9874fbf37928d2d0f47313d398bb06ba4fe;2078;Consumer loan;139
a63b653f8aa3819a5139d8d8aee7d1fba5d2be9280a44adbccf55fab368b708d;7855;Investment products;61
0b27283c29a9a678cc3fcf35a4391163db7319f236aeb5ca19b6196fc02f16b4;7216;Investment products;56
7695208eee246a8b0a1481086864d3870b0f60f7d4b76805ed6fdd100bebda59;9267;Investment products;9
61a0d545c835d873b5fac7b0a15912556c842a61f551d1ef70b40c6b7cd10129;9978;Credit card;36
f77fa55b1d995b3999d0e6cd7dcc5af853098c3ad03853f6f2e53054026c59f8;2212;Personal area;76
bcc778ff3f469ce54152de23fd9ed47d1e4aaa08bceed94209180d29481d5119;9822;Personal area;102
e0184256e64d65eb2399f6de43cb3427a9ceb897c0faf8f286516ae36fe1dc02;5902;Personal area;172
635e9e2410f497ad6141d8164db3bf31719d4ca1cd9d760da547698cbda88608;8256;Personal area;62
239864505c78459999d2837fe5117b5be28439c64911af99fe9cf113d943644e;2719;Personal area;134
d8377e79a7aaa51698ba7cf672c5af710a95cd9a39141a071a2371ea855355a7;8081;Mortgage;86
2c644e61316ae1a6e29d04cf5a3edd2fbba125169284ce23211acd09e5471783;5130;Consumer loan;87
26650e0e981032339fe4e9dfbf10c95ae2f3c7c2d6e9b461ff7784c108d7e0a8;9978;Investment products;74
28d8d75165ab15794de49d3b1b4a733c7858a5a4f453df80bb78e7287fce9890;3694;Personal area;185
ec5d73282ed17b2a819b0ad1d165071b3d9a933446fece1a658564892744267c;2388;Deposit;92
4ded04e0a58134705a1059c7ba7a79e96c83afe45cd05def3bb58da4830017c7;4281;Mortgage;176
695afeaaf2b61b516547adc89e8c64ed3d73e96478c33f9c37b16cbf81652fdc;7765;Consumer loan;158
2d2cc02ff6ae2b5d9f101cb3b49858f247febf40ea2e6a3fbbdca8bf90dcbe4d;9098;Personal area;140
bafa5ff326ba14a5331f3875e5149bc1457deb38f3710e0659ac5b057f25a186;2394;Credit card;155
83ab222d0c41f1d7ab3c63f810e19adee99a7c9047f9536c4e653677baddf755;8192;Mortgage;139
5f0f945dd30c434ae22020c4b9023bfc2c8d6fa4a47524c0054eb134604859ab;4959;Personal area;38
c335d24584944286769142bb2b9640908a460a450e7aae0c6e429eac33158095;4246;Life insurance;85
b4c6ec83b932b4739e943b20e444b0b0228bbeb1ac1fbcacaa6ad9b77db64ed0;9371;Mortgage;197
b0e20a3307de9d0d7cd12eab83546b5f28431e4305cc2979f1d635b116acf39f;2195;Credit card;134
fe3f4c9947a5e9fbddb4c837f3bfceea3ca124329bfff1d7f10383225fec4744;1971;Credit card;24
3d19f552ba82b91614242f252d1763f782f9a526731a1d21d9f3c11aa04b1f3a;6892;Credit card;109
2f238e205b4fda63da1628d81d4614e873f5a92a4009c444b3ef0b5e469a5100;6061;Life insurance;115
46a3de92bcc77df5d989dd110e747468a097638b916a176471740fa565fc05f1;2049;Mortgage;169
bca103336019e8dc32257bea9ac0dfe17c55f2492286cf7cb3b2db7075a8cfce;8350;Life insurance;192
dfedeabba0ac15727ae62f6036a0419a4961c980e8d1789ca6d663e945dd5416;2526;Mortgage;117
1a840c63ffee70dfd7dc645bc0c008bb5c3ab86c6cfde203a420e122755db2e9;6149;Mortgage;55
cdcda63c742ec01c935d13bc8df4a242d7c9fd7fb98e8e20225e23b91e19f627;202;Mortgage;82
6c614e321fef5557c777fa01aaf0bf263811f5f57d3c1e0573e4458f8651f02c;1391;Life insurance;29
7ba3b6efe04b38259ccaee9ac310ad7ffdb3613d3038bbf985c0a6c1c51b6283;1321;Life insurance;54
a4364acbda0463285475a327ad42b1723262847c461590b39d75a4b230ef1c96;1471;Mortgage;56
2db60b35dd8a6d973553738e8c110bdae99c42aef6d105693fdee8a11fd8c964;8918;Investment products;53
5cecf2e979d90773836e16c16a658f1868f0b8fc5005178e97e5de1fda5b1988;7273;Credit card;24
6dcbadf6580813c4b288d4137b3082df82bae94919c52270b12f2b6da171382a;9776;Deposit;105
6c5dd859241148b7e24ec2540f487cddcc661b04dc3cf47891e49f030fb64674;5708;Investment products;188
8f80e80953993d55fcf1fa39529d3788de190d1d4c925ca85bd1fa84e40a47c4;7948;Investment products;65
0550fc0dd92a43d21bd86f750e160642743f64ffb2a9322bd04ab0391bc548cb;1003;Life insurance;63
9678fa21b3699368acc3cdf85f055a0ecded48cb8eba7c836ee58d8dcdc93083;2695;Credit card;140
45ccb8ee6cc27989876f8ef0ebbd0682e1f33d4db99f2901b8097880089fbb62;9135;Consumer loan;173
78bbaa7c16feb155db8a0e335379cdb4b6f92e78bacd438d0874a104381904ae;1040;Mortgage;75
ee987317d64d5b769ef902ca5216a4657f25036928b272703399b3173368e188;1848;Consumer loan;41
cbfea809f37f3ed3348e45e84970d5bbdcf4a3f540528f67fdc190bc4caf663b;4603;Life insurance;123
fbf45c8c978bce9a918c91b1aa02d3b18ccf611756fa02b0050468495aaa00ee;9552;Consumer loan;131
5afa8f2e4542eb6478a74885dcb3a1c97bfd4b5cf5c9b526809b59ffc46e5f0f;6431;Deposit;23
36c800118125e2ebc9c1048672d3ea698b6cfe94e88afaabe97cc666a6074a3a;2874;Life insurance;6
a3a9e7ea8b12c284e2fea10934c9984ef0fc608cec9e1bfdbe7bfbf8486b6421;405;Consumer loan;134
2dc4a524cc14ad2bf0ed482b4398ff556c0307ef59b357060ea3b50f1e29106d;65;Consumer loan;19
e05663dd6ba27d4df1aaacaa1c8332431c09ad179471fac93a6a002be1c871e0;8714;Life insurance;168
c7b7e4c2366e852417517da394cb7bdc32ecb8c8312f52f301e1985f3a46feeb;1837;Credit card;65
9b2d9a5dac336547aebfe51a3bd392894a364b3d98fab6a8e901bce36edc07e5;1977;Investment products;84
2cb725bc768fd22607e1b79edf66b4373ee7087fd632ccc9a32d2e53ac3a4056;7240;Deposit;157
2eb7de82218fa334ee379aee0902867bf66c17ff78d685538f68f52120c31f41;4265;Personal area;49
2e1b404e6e6a96b440eaa3fef8690c6da935cf2d6cf524b0fe1e24c9ab00a2cf;3186;Investment products;128
ca5584c6b45c4f6d2dc2f29d0cfdb2241ca1edf7bd30d01c9035ba1350d7cb44;4044;Credit card;192
97ad22b99c1b3c6389fb91357433d5b4ac0c4fed6d0373ab45d0b3ee3c98961f;68;Consumer loan;39
5fef651c496c4e93e093188278258946216c47980b292b5a394aaaff07ef2af1;717;Investment products;181
453e94a5973bb23b2f20477d05a694abc175e562d89c66e6dd07ebe45dd12a1e;358;Investment products;121
003a1f94729c2f26be7999ff5f399f43392c9f9cc26257f35cae996d4b31e922;5807;Consumer loan;191
6702200a6d46f410626e4239e239a192e98d4e1f722d345a5c14f671a3a27d11;4149;Mortgage;7
a39354d26936f5313325817df2cd6c7b05d893d0baf9fe3b81c7520e3c9d353b;4536;Consumer loan;96
fb7e71a6863f09108df5892fb8feeb3be9c9b913b4253814f9874d6bf9f714a1;5924;Personal area;142
754477274bec6e6ab887013d44fd4033c89b64daa8d046858dee61865b9a2111;4399;Life insurance;61
342e5750021d8390abc781bf3abcd35a30fa7c8505ecf76b683bf68e63d92258;4765;Mortgage;134
8ecfc3f4f34113261d7f5f212968c5bea656503d3e1f3d027afac30e8b06f60d;2501;Investment products;10
6abe6e772191683cbcc0355e90d34beb23c9b61bb30277a2534566b8c4bb92ea;6424;Life insurance;57
318c32ba898260c736800f8c05dbda39ae9dafbda4a6c1efffffc6d1d2e090ca;3836;Personal area;35
7a2cbdbf2d6a69374b8bfbe44eb5c652dd9a10554ab745765176770ea53fb6e0;7429;Deposit;8
c38021078a2cf0948f5b32f0820e2d5426ee9736756da8733a45e8ff5e252e62;7497;Consumer loan;150
20e9205bb2e3881c9073f3cd48519ba08953e583fc193ddc46f4c0e02ee8291f;4906;Mortgage;196
1af7b429b3dba6e475cd1cc811cc50d2b2caeea85e223967fb71c97ca47e4b41;8044;Consumer loan;56
560223b1f6d9c7b3fe61c935a8fd1655f0b00aaef9115efa944b5cf681347003;9514;Investment products;127
644801577db53242aaac5fcab74dde68b9f26861e10591ee2cb9fb0d5b395ee2;5573;Credit card;112
d3338c6c1fe62cdb772eca7349de75696c72fe40ba71a42d4cbdf7c109920791;8567;Mortgage;22
7e066190d5d7fb38b2ff0542ff0f0d8b9fd2008666930f719b26fa7d9ec6fe95;6115;Life insurance;43
1c41cba8f9ae99135d09876dd7583d0877d42fecfb779cfd4393e1f29a0c52c2;2037;Deposit;152
4a997773141a079425b0f8a79653dacac977c336afeb350b3513b729635de472;5607;Personal area;98
e410c786792bc2a37801cb48ad057fb282b1af5cac05bc9e8110bb794111a57e;7771;Consumer loan;1
c7265fdbfbdf54c87ddae2c0c0a17572c1bb5366fe9ec5e67cd8f6414fc92022;8908;Mortgage;126
75887e8673b584f89937c7da0190304a48e8a9fe790a3afc675f8717156d25f3;5358;Deposit;56
95c1174c88c984d6c77760f3e978a1483f58f3225f9b5da22dbb3e533c2572b2;5924;Mortgage;175
ba153001a58c47ceeec0d735941ed39e06275b4cd3bb3b47e0992415c54670d7;1611;Mortgage;38
f9e38aac630edfc0e95ec758cd46a91ab95e2df821fef31d12100f2a5d51acce;928;Personal area;111
04a905e7dca291c679c38d3b1548689bec4bd1429bfd93abc343721386615a75;279;Investment products;39
87e623dc49981aa81e712968b52a5d6760b5f389d410e77a13e56e9805e7e673;893;Mortgage;91
ba2ded388c3eb144deda20fc98b846d5f3997135ee39d422085dabf558324bdb;1027;Investment products;172
f08d76fc88e4c63cba1af66839a53761dd203e8be525bebefe07b15801f3ca39;514;Credit card;4
bae0694c5049c6d155e6706524221243c86a956e48da1429634d78e00cbda0b3;6447;Consumer loan;110
38d851759d535e4b55d852d35a16adc4948161dc2dca386cfddde37435f7f28b;272;Mortgage;44
5582ed83611bb57077be45ac75c48cd69db04b71a049a9eaf7819d4230b3a1c0;6715;Credit card;62
f8cb8b0b9309f374790aa3671cf2f0a12e6ebc4a10e09770cb53d1011fd72eb3;5093;Mortgage;51
15a5911fe71312661fc4716d22567b46b2966ff0795760bebd7a907f01a48a78;9036;Mortgage;79
e80cfc66ed7dc5601652f7f7066b1e7aadbbe74a25f35562933751ba5a5d440d;6340;Life insurance;18
dd85afa9992d4dde590b2c74cc70f31bb77d6c228501cb9fe3148e2127298b1b;8724;Deposit;6
26d69f0c1057506d66706912860fa5abcaa3c5646fd275ed1343641ff4dd6058;4243;Deposit;176
f05905be60f54a461527ac52ec9b459f59f5b8a51f99cc854a6c5572a9eb6e91;9001;Mortgage;138
b518c9eef55e2da7dc80edb3f227289fb8db460b46ff4b8f38c3a1c237df0f87;3035;Credit card;97
1f02f65ef06f8e2a898aa9e14ddb5cda15cfefca4a989a4c1c83aa779feeddbf;4221;Life insurance;124
3bff7c75fe156fc83de4cfab33025570312a191f62791b9cb4efdfc214c79f6a;1635;Investment products;151
06444abf6c4137cbf12d4d2931dc10ba1dc7ae5edb33cbe3e5b8c43f825db83f;9258;Mortgage;162
36cab6cf6a351729aaa45e58197cacc2afef453f47720b23e7ca125b1bd38d2f;4091;Credit card;11
4fd2546cc62222e798be9d823256176698f135e5a4dfa331fffaea4ded9c14ee;2035;Life insurance;27
5798f1615e018c921d4e2cd80156e161306fa3ddfd4174c619b7848c8b78ce22;4081;Mortgage;114
b294391206461c317f5eb04a7bdd947743c5bd142725f2f4616282ea148f01a8;7271;Investment products;124
ec485e3075b3d12b19fc5e0d90c54d664110c2c69e5e1b57f18b43a6c4586d87;9245;Investment products;187
788c6c23eeb5cd9c56a9cf89f2c78d4ad1a1088a138b86c195fb1a96c800fabf;2884;Credit card;114
b832eaf52939efd642e628861bda6572e60a095196a504612b742dfedb09b8a1;78;Personal area;36
d3cf5929d78b1b0549bc9ac1fc93e25ce837bfbf30e51f1b5ddb9c334be1d963;2282;Credit card;35
525e649fe927487ea2425d512fba58b84b8add16eb103552fab2726f6d017fbc;7486;Investment products;77
897c45a9779bf0151725a07bc036c6fd6a245beef7c462c1ef810e38c4c6f522;1452;Consumer loan;190
886f5d37387dfd300cec645758283ba2970e4f61dd868d2308f96d22fc270892;940;Mortgage;167
b807194c79be8ecf0a4876436cc1db659fc0023e56d8a54782166d1dd6da7713;1011;Consumer loan;13
a51a99ee1301a251d9fe284ceab7d09243cd0367fe590cc8232ea7e35c604c6c;2288;Consumer loan;25
d7c260326f6a53c9fd1ab86b50c739eb23e6f1885e40b3d40fc31031b34b1436;6071;Investment products;31
bf83479654075973af3b1c6f7dc6616909efac67a172a59816d1fbf0f6df3552;6570;Consumer loan;19
e5b1f6e8be3a3a587c4415ef6388c35bf3dbded19c54ad3404594c167cd7988e;1459;Investment products;13
3a185cf057ce7fe7eb147eba019df9b94bd613a90bc82f3c7c0a90011b2d7612;5868;Deposit;76
77b03a62f971f41443da789b5b84d8046aff360fa7f83a8c41e4c67cdcf7520e;87;Mortgage;17
7cbb98ae090152e86aff9567179f647e41cc75226de9dfe000e1f2ea44db414e;8606;Personal area;76
2204ca0d67f82403ed628da0110389d33d0b562464fc255b9823464d096c776e;3455;Life insurance;27
361faffda1764e623c2ee0c02bb87cfa6f6d5fb7306f6ca51348dc3f164add38;9548;Life insurance;159
d1436258fd36cd38b48fd4eaea3bbaab232d4e74c0ee0223d9b0389663f092e2;5209;Investment products;120
366d07c86a6a3e8d0dd1bcee2976165c780da00b0919d8c561b263929cd339ce;5269;Deposit;98
c283b8fec643c3c9fd80bdaffa306ab3e825c7676c7f83f99ae562110d95197d;6870;Life insurance;120
0a456399a9909c38dc70140ea494f3b454df52d9474f2b7c184d2eb585e69d0a;4630;Investment products;168
e1d751884017ccc8fce18e1892c11c23b3cba5c631de7f5f7a4e7e875907e05a;7035;Investment products;67
0d999ecdc00940eb553c1e6aa139a1275aec322492e8eb1fc9119cc2d96e9bf9;1658;Mortgage;127
11e5888dc48e78d8cb6ee68265f69ce26988f0da486511a22a63fd687b85cc59;6685;Credit card;12
5e2c0d9ac586fca29390c240c5b40ab17db597f5f719d00fb228ea33f4df752e;4995;Credit card;105
67b2585fc887c485dcc37967ca1dc4d225665436aad4a23e86fd5aabc419ee05;3312;Consumer loan;176
afef1207d0223ac0b92de2b41d66c0fb13fb90b334db79625936e482d3178c63;6079;Consumer loan;128
eb60e3aa276b3d4bce5ed3bc273e5cc2ab764d72e6c6a0b7ce535575d508ac4b;8688;Consumer loan;107
d97392ebce1def38fad37293c3f9f6be3ca3dc8ba88dbbb2b2f43bcbbf20952e;1155;Life insurance;114
33bd47160da41ce8c62b0885e0b91a436b15d0ef5f5256d7b8c5dfac950b61ed;6577;Life insurance;29
c22aab5648e960fe55b58f52bfc6e7bee473f1fc8def02afc1124764be66d00e;9558;Mortgage;37
81cf953bf3f07bc7f83156ff34805baa10284ee411b2416c0d7efab2e0c2da05;1783;Credit card;17
89254174faa488a5b023f2ba5441b37ac86c9ba17e027b6c6036851808923c3b;902;Consumer loan;173
b878f7196da1e322722bd23332d64aadad140a9a18d05b115a079196fafe13b0;287;Deposit;72
968ca8c0ede4cb57a1377e40fbfed2ce470796ccab6c8ac7e249843b7aa7e6bc;9358;Credit card;142
199797febcb1701772c9fd7731fbf3a17ee95edca82fbbbdebd03290ccbcefea;8292;Life insurance;155
d7a649bad51671c7e81fa8502380241b9dd2332ef81c407e57ca46f42dca8fb2;1467;Credit card;14
98db235f722dad75d92ed76cdd0e686dc8606b188cc0cb22bdb385aa99bd4a99;8956;Deposit;47
0388115f2031a071c0ec769a7f84499ec911f7a9201f4b6b70632f65ae984eed;2792;Deposit;37
46e5a370215904ebb65cc7f0dd918e6aab5c03c83ba1324747a2a3b04704d441;969;Deposit;44
ae92bff64e3d4bf16045bb0ac81ac82fa5df570b3b28fdf40c7649c80cc168c0;872;Deposit;7
d1c7622ac760bb597bc6902fe0a22651af9f0597bf4ba3ed7e25b2a68360da00;9257;Personal area;36
33e1352912064634fe8f8b294310274b7a78e6369965eb42f0ec81ec9e49912c;4818;Credit card;199
d3113366ad428b2b47c479770976d1de5a05225811e73aa40a029cd6155e84b8;4150;Consumer loan;105
ad5d76a9f72b9cc5d95a38da754309d0e4fb838796ebba1276546526ca30b79c;132;Credit card;100
6e034ba87e944c075f943e3994c3ec4677f46c539b924f4fe052a334f406ecfd;5786;Deposit;89
f8a8564fcb6d40caa4e2499581fd6bc51011b29ae87c521e809375441bdae748;3446;Mortgage;61
2a3a90a05f40b53513a1c98e3c47496f25edf7d9ca997a5213993c7ea4e722e5;5291;Mortgage;118
0cb983ba847c5dbfb72ad2333d7dd4bc1878d119a93fd9b3552094585e359d79;5813;Consumer loan;120
8b81ed6e45eb56de2becb3095d33261ffa8be176e016b35db9dd6b427e78b84c;6385;Consumer loan;152
5647760d51fd536b4450410a4fa066027801ed6c3b922409a06808c5c5f89bcd;5525;Personal area;106
2f30cefd1ec75011bca367f4aa69ab96b38d3f0ad19bec643ee1125de8f91e6a;6315;Personal area;23
4ec071d36f2753bc471aa903c621273dc8d9d576f68b05a9af81fc40fe1dd03e;4992;Personal area;46
d19b9cf7739be5625e15c8c198341acaa3b109eb589de5732738f960bc3ed3c7;1049;Personal area;2
c23209803711a5d63b7373705618d71019a2f066ecb670a812e5e81123780dfb;2337;Personal area;90
906e8e9a8ea7b13839d555e4456d34e7ac2567d67061fb3e4df09cbda3d0c2a9;9280;Mortgage;23
6dd9a58b6c11390f3adf92171d2b60ece0080cc4e3fa75b11e589de8870eafcd;6878;Mortgage;187
7ef68e18cd45ae7696e0348869076bb09f3c62f4a4d660138da8b7dbd2d279d4;7169;Personal area;25
9e4e2028ccdec4d195f76e0e5ae97f2961c3e1672ab387dc0aa2f31f8235c1b4;4722;Mortgage;85
1f4aaee929b86061685d655eb35c5b366088913a24eecac3f408784275169422;9691;Deposit;76
3df8b86312a5f5b981808a0e4f6a0daf8ba50be3eb036e1ded9c2828745cea0a;6546;Deposit;174
75b54e5e41abd320642bf84cbb736122d7b7a393275e39ee207e6ebbb0123f2a;7426;Investment products;153
0da070fc253b65f854fe7a7af006f7e612925af50d23cac8980320e0420d9aab;1635;Investment products;49
e5952a204ee1784a8d00594af6025a0bdfcf75595cdc2407547d16c7ed6a2617;5118;Deposit;81
6a07bf3888f0a505c1664137f88a7385cb457038b47b1e2802c12f0adf68b1a7;2282;Credit card;49
4fe9b0c3042c5cdcab54ee9670129e5e5b6c7395311e27fcd7bce081d521668a;7093;Life insurance;127
cac977773463854611a99ee16cac5e475ad61e87a1df2ec427291ca5bb261c90;5990;Mortgage;149
55c90f7f35053d997822af632033bfe9052833c5e0f098db21bff4cb58abcca4;6841;Credit card;16
5200ed8bf193064d0c931a6850d7aa893c26d260e58335781169117305965d24;2596;Deposit;55
8ae61eb16197986339dee4bd2bad4e804d9e61ec6257eeae00f4b1b058e64e14;3578;Personal area;169
b0183df4e75b214e2c272c8886041e1ae69c2b866e5917553d58e2492a5bf1da;9402;Investment products;135
127b6ffc243ab4bfbbd8a630556852e58c5807f958d59a3f8aa4c7a2d6fb813e;939;Deposit;14
ef70443c1db4d242697aa24eaf7e75307d12e02a20c520e0f4be8f727721969b;3060;Consumer loan;61
7e746ed50512a869b56b473301a8e5d51f90624dbc539dcc017750aeeeabc896;3448;Credit card;191
897a405d943ae901b416afa0c827bbe699c3d6e6c2b6aff61845e9dfdbf1c07f;2148;Investment products;129
a354083d168d67aa22d2e9cf0a573cf6a85db57e8cae48c69f8819041f87cc74;5250;Life insurance;92
29a0a26c1d37759a353bebd4475b9005d9aae58f45332392309924a0b51f6fef;3190;Deposit;49
c875810469848354c7fc07dac9329a3a71a9a630874df9666c54371baf8688d6;5304;Life insurance;48
3b5c382ca74aef50620bbd7ed63d61004916a86806382e8616e64802f6d14c6f;6553;Consumer loan;95
29c32e4e5a07bca6d70312b047a1d3c1b57947e35316d66338a7fb5ef72d763a;4295;Consumer loan;157
3391fdcc7c7f4d954aea7002584b1c81551aa7bf34db813b58d701fc1cfb8035;1689;Mortgage;86
76c2aece286ff8f4b5087966b48b3f3cb0304e7450e847b2c628e09725cfdc62;4584;Investment products;26
1b34aed88c968fa018a225586189633196411651bab058e0de596607de241815;9117;Mortgage;57
fc0f78c5059f15bbefbe5469d720baa882d10424a7ca92e7da9bbf0acd351098;5487;Investment products;62
9a9344fa312630a4d17db675929eef15d92eae5a76cb37883e1a44330efa2699;3127;Deposit;107
b6a9457d2fdb59b3a3c7656d1f9896a5df8861ef06286a604e4a108cbba33f5d;3435;Personal area;49
194924329893872b7947032615dbe9d58484bc642aabd544281bb502afe1112d;6843;Investment products;101
f211dd40fac0f36133b9edb82cdb692e30755c3a7562b9f6f7c9d1ca737b6d83;569;Personal area;174
edc88e73b42b318f911b0a3ba74f5f4c18f5d574103ec2a975550e4e6aa61af4;9049;Mortgage;90
010ad22c8ae1dc182492c071d137ad8bd65b05cba2b765a72d92bf7ef816c537;8539;Personal area;23
b39733403cd1ef47bba05349e8329cb4882f1192061f3e3d14c39c127cc1366f;8315;Deposit;138
ddc7dc302a31a4d5a043c4a7ab96dafa86b261079b18f9ce9327f8a71a573caf;8894;Life insurance;2
1306e5f6a01606e260a650ae0f8bd1756639f6c7e63932bd692dec322e931f07;3911;Credit card;84
fa7fdde3c1771cb015823b8324f7c2f00cc7209599ae4127f492c23a1011ef7f;9749;Deposit;97
b6edf6a0d832f7c0299ba824c94c0ec601f76ffe78bdd34dfae065f6488892c7;422;Investment products;67
f1e1ba050840ef2c98ab02765da5abe3de201705292a55fff4d63c0239a4e026;905;Mortgage;33
4857b64df90cb83abd6d7296ec728194f9c41368717f09e1ff563e64000610b4;1936;Life insurance;62
6cb87580d644eb36e93823185ecc91504ed2dfa5f04a43345b8ac4f24e4a52da;4919;Deposit;191
6c27fd6682dc43fe1fade7952a9cb8f623005d59628834402e1d501535273c40;7029;Credit card;125
3c3c4d27bfbec45a1703371072b1404f9831466ab77e7007cdfc0de64f13d459;2843;Personal area;121
262e5b3f3414d51eec5e084b614b915c3d42c8abc9d62aa6cc69ddfc80863475;7095;Credit card;150
80f55898e4a1dc3d71fc78157f06c208217caa7f7412f754cfdcf9a4c137cb30;5236;Consumer loan;104
81b2034dc48a35df766c1881cabb268ea0d15bc72e04b9c9af6c957891f7f8e8;6789;Mortgage;139
641ec053fbdebc52c1997a247cf9aeea938a10ac537ce4dd0bbaed7e63945de8;5725;Mortgage;145
851cc310789dd7c24f21bdea1a3c155f760399dc8b6facf8318b23ad8f3edede;7234;Personal area;107
d0976687b83131364700e1aeb6c896a6e101818b92c9cc91b4b1824b4ca79853;2105;Credit card;60
dc9fef32d0a200d3dd655574e3763a4ec09fc45a352833e94f13c32c49e7941d;6428;Life insurance;189
db2ea1edd10a8ac0ff6e48db4a9a03614bc3f28484745bec2c4d3a3076b9e51a;4207;Deposit;149
154a7f9f074210c4cb609f59b8e26e9d569f01b5e6a0e3276ef74a209a0a89e4;529;Credit card;183
b78741a8ca5d1fed2899ca013606709628d3407be343e3156c71fb63d6bf9724;954;Life insurance;124
289b629f8921d18bafb7aa5da2238619638d9f76ca319925362e6e3ceaa46b85;8159;Consumer loan;100
9a8aba1f473472f9694f2c46294f87df2bb574964831b8a87e09c05a1881a1b6;5545;Consumer loan;83
4ad1a01d67c93e30013b1c95f5f4ecd38128ee57863cf17e59dd206b23a46e20;1410;Mortgage;48
adb6f4a98da53dc0c1c20c4636c07ad8af220cf953af00504bf61272e2891577;4083;Personal area;67
43e1fcb74354660781c0c429711cac3596f84b7c6c7a350a880a591e35ad59fe;4959;Investment products;133
0a57ffcf76418f5a896008930f0d32db5ae7c740373483134589872b93f2f640;1662;Investment products;189
6f3edf166dab165e67539e62a16d0ed4cdd4177841aec8f353de25d9ae916b02;9478;Mortgage;170
04621fbc5fb0d22935082443b37a8cac174c0280dbcad8591fecbf47ec71fd31;1721;Credit card;26
ea69f85d67e259670c61fb9852af0d0424a11ba2e1e67d19bfa4432fc9c9e0f5;9185;Life insurance;171
9bed910372319b8490ffd6e480066c29afbcf9a81391d17ffdbce41c16c81eb9;4719;Consumer loan;131
ae99b93c3fac7695b30be62f7d97f8a227e9efbc2c9e5117991ebc3c0623eaf9;824;Consumer loan;136
0ba2466987a2c7d36405072524744f67e48ebc1991596b709b614d4096281842;7767;Deposit;121
419e8c33bec438682c8886098f76211d91dd59bc6cd1834190d1af5389e71935;9724;Consumer loan;193
70db56f8a29e49b153182776f8557ef48ee6fd17c44c030eeda6d3b1f15aec29;460;Investment products;37
e30739b0e0f0eab4a405cd22eb42666afab74e64869ff6d111513fdef7799c09;8984;Personal area;104
322034db09f722a54d6ea887e3ea34f58bb80f7d40ab9be760120a8cf8b14401;3808;Credit card;91
06eb2f7ce5ab5e820b3cb68ecccfe00c0ea4824555cd1d13d07bc9c3f73e6cc4;4751;Consumer loan;26
be89d7e0992fc9871cced16cd20cbaf99fde6524029b9942e3bcf9026581e7bb;9047;Life insurance;48
1370379da659984355bb6462537c9312315e29fcd2a395094a5e6656434e359a;3104;Personal area;191
dc1b83bdd94e066215bccdbc1b9528c5b083605796dc01403c1d373bb2ebfab2;13;Credit card;58
df70283f932d78b2a23f98dbdf18e93416333112ae27b1ef08eb3b2ed09fb0f1;1573;Investment products;118
7079c14ee87d2cfd6068387c3ff6e4a8c98c28d4c00cd32be867bed19c7ef10e;1151;Investment products;88
acdfe218879f05289f187e3a1252047b265eca6134225686669c7bac80734b56;2484;Consumer loan;157
23c4543b2e54e9010de1899a9ff2ba13637f1e522b67ec1c03b68db0f5b775bc;7027;Consumer loan;77
a2cdca6461b1892b740a2bc313a0bb44aed0742e9805351de2519e4ea5f6f40b;4382;Consumer loan;115
5e480de338af531cb0b3aa8d3ffac061f428f0a69908c14da260d5db24cfddf1;623;Life insurance;131
74e8c6dfa8b228d52f62d914e0e7dc50d716c055b89d55b6adca7427ebfb1757;5851;Life insurance;55
5ef74891bb78afb40f435b9a7bfb850bab836207d06da4412d2cb7429de126c7;1641;Consumer loan;78
047b2ec958587eb8bafd4bc6b2cd41b15c70c00331a065dfcc3ee01a2b86cc6a;5792;Credit card;8
92b368c30c2f5a4340fc886668159aaf6761b15a1112ae61d54cbc9047c2e025;3259;Consumer loan;126
e1aca75229d388d980137ee1aefd754058608fff7b4e4d5a2050ff0bbb1b614c;4112;Mortgage;192
c11532a62d5698e809259a3c66dfaf54167affa05eaae122db47fcb54b4d406f;3740;Deposit;172
5293542e3abcea4bf5e97b46dfee2c86ac64da0adeb3d7b8a5088238f4b8707c;9015;Personal area;114
6077efe81c1b1939e59cb7d4d3c10d6c89e409faed81df94039f5d973b635fb9;9695;Investment products;80
429ea89c0ba5b40724a972e616884bfebaf83e23957392a0265040971ba9f594;864;Personal area;4
abb7737d316adc8f07c0bb24bff263cce73e85a56c22da485feace4b04c6215e;4489;Deposit;112
b89ee7327a2e2a57a29d6264e5cefb51a7b2e022e831fd884cff6ef1162ec979;5555;Mortgage;73
58c0548c54c66055b5da4415674c77a3c648a78e96c9ca9497ae9f94611d3369;8628;Consumer loan;128
b131d8b4e22a25b08c14a0851769dbe8cf56b16e85b1dd52591abc7dbdf5c83b;8987;Investment products;180
81fae3143e60873c6e82285c8a2bf6f3307bd7c7f18cf22d80e0823048d58e1e;5604;Consumer loan;119
232517f43e1f34805ddb75a1c7ce83413fad9fee0814af70482664d92898e9ef;5827;Deposit;43
dfe17b339921f8a1ad110f4196c13d0380d142a3a38fd60823611451ef107fea;1849;Consumer loan;6
467f5d83632d14427ea594ddc5f410c349f1d67d6a5d517c4af26efd718fd450;1801;Deposit;48
38e1191b0db3d9544c8c051d3ec72fb4358b4af8f5baef30b868fcd8cf20cb26;8532;Life insurance;20
2f26c7b7712a21a82dc1052f48f685b9327348133b84f7c1dc852282195cb7e7;8793;Mortgage;186
5cacceb4efe402690c4267776fd0628642043d1337fb3114a09f2d5b74894d1c;7934;Deposit;73
4978209be4e44b721447d47e1331a4d83b28e36832b1f13a74f7dce3696f591b;2931;Credit card;189
0011cab955cacc7b90ebc1e81c522526dcae31e4325ee52a4d5df6b395fea341;6406;Mortgage;177
1abdf2bc646545b2cbc9a25508e0b82c3a7c91a2413f6bbb5edf5497ff97e655;4574;Deposit;5
f2a53fbde983ed3907cabe99441addce428c5e89423be595ba242ed484c78a20;2160;Personal area;158
79537ace353775ac7358a1467e54799c91ec568abd924a2a343217a210cab376;2297;Consumer loan;20
285a63258c907092313921110872863283e8b377642e42844391e9ded01df1f0;9012;Investment products;123
8114550ddde01ed3723f5b6069583aed27b06a8e1d1c29da23f8121569e1ee12;7476;Personal area;121
6e3464ebbe44d7aadb8760152df0f165db95c2ef1eddcf19a763187b7fac98a5;8541;Mortgage;198
0d773d3c8af301e190818dd2ae2ef6b41cfc4d4423550e910c26a4dd79f939ef;7552;Mortgage;31
376bbac05de55a3458325754632cd2a37ca6a3c1d1288dfd544351fa24bf86b7;652;Deposit;135
b286e1519dd155d2557e5b7c2de5eea9c9b7747c08cb8a8400ddf8b48419794f;1334;Credit card;179
0a30ccb812967e7062b42a67d65749428a3ef010343efe4760a233d2f25da662;4259;Investment products;196
7a9297f23978dac62f07ac9a09e13cf8f04b338e617864c78b6c425223e66425;2258;Life insurance;157
2e90206c0a998158d7fc8e543a6b6de6859902da2e96eaff6fc4163eb560cd01;7642;Consumer loan;63
be41d353ec6d2da76962e619bb9111f8dce5707dfa8b0aeac6f7b6981b55f8e3;3158;Credit card;120
5ede3d4293b92148cc7d06469014228af2b794c008c6489549fe10544f5ef3de;9586;Mortgage;112
cf77c8627258df9e104d7b3d3dc89aad05dc862f9e3d7e50a424eedc018b76dd;9331;Mortgage;10
4e28deed88cb1742bcb011f92a9934cad0c74215fb7dcc26bbc4d742b86797e9;2418;Credit card;92
f17467c06f8ee9e210c2b4ad5a06285075102bdd242c6a45df7724faeda761fb;8081;Credit card;70
849c8f829583cd77c285b2125f19075f3006bbfc08cc758e053fc3134e4740be;8005;Deposit;66
80d0fd1507476e08a36f40c50dd792c25f3067c7731dc43c714c5b72237701cb;4185;Consumer loan;140
5f0fb32e6a7127175a494ee3f9b759dbc3b090c5642d1e4dcddf89fac2cc3898;2099;Consumer loan;38
d2ec5f2eef48e82378dbd0c6ae24ecc336e1b9876d6a5799468d88dbb3ce94a3;5075;Mortgage;37
b5d93764418876a1768c6f996b9b8e2798dc2fb22f9d1f80097c9fc9a6899b46;905;Investment products;175
dd33bd03f28df61ecb1376458768e7b1d59fe34c5f4be942ad935e4c9c109501;7323;Deposit;48
75e7afb47b10ec6ca1b93189b0e99e6b0f63194d04db683738c0cd72bbbceba0;2783;Consumer loan;180
0f72eb7a21dc05f7856a9e56e71acf0befd5a303a4257a6197a3cd92e8ede504;1195;Investment products;168
80af7c9eeb9c8794ec2069a24db6a1a8072c510da80a5f555742ad9661b2ca65;2982;Life insurance;33
527c4459ef3800ac4605782418301fcb57fb7f599e241bb22f7385cf1b3b4227;557;Credit card;50
d2d68d1dbfda599b97e9e618512aae78dcb3c0944648df7be77e1738427239ed;7848;Mortgage;176
6eef578ecff7eddee1b70e8e3884b9a9bde5ec4856bfaa9d478a70af7f05d700;8714;Consumer loan;134
421c8058059fe5a46b059835fa25838e77e05fe58aec094de896ffdee3eb2ec2;5482;Deposit;142
761de99bf67ec9a40f5450ebfe7e86a061c90fe42f3debfa3ce6ed9471edc469;3564;Life insurance;198
56f969b962d433c6805e6914f327e5e8093cd92bb648de097b74bd197efeb9ee;5668;Personal area;66
5dd4f730309c04684949212d97249d99510128ac4572d1e9d6c2e70cdb767449;3404;Credit card;37
b0e4c1ed2fac33d10114d167a35f17588df4a61e14986ca7cee2ccf9616b1611;9143;Investment products;165
2ec17473c22529af5284269c274ed7195adb1ffcd226fb6fa9c79586e9992b30;5908;Mortgage;13
3fa3e7e2a58fe14b7f4790473b3e03f662f1691d8045d9c27f71453d5954676c;2766;Consumer loan;120
31ba2f38ed5bd23ac56ddc00cdfd323e1a41c8041c8ad7b15708b69d065d2784;4529;Life insurance;169
6a1ef8fcd67d584e716236a4176510475869898987e002fe34972c449abbaaed;2810;Deposit;96
1bf93ebd2ac9e3b432e77cc2abffd0ce363dac99c4a030b44e1d0a8953a07e00;7390;Personal area;100
b749ceed9c7e1584b0bc7d400ff9ffcd64ba5a993845801d8b03fb83b9d20b4d;4728;Personal area;26
58b4fe49579eb5525c90df302a10c061a00a804031b08170798af14f12e93c96;8269;Life insurance;122
69861294a74c2f9c851da8b3229d70c11d75f068622500c6a70e050f28184075;501;Life insurance;196
f9835cf18a8a1bcb1cd148ca1fee0a2676abc64be631f5dfa724c092f88d85f0;6717;Mortgage;54
4765543d6084d987b1306777d29a01c3baf2ae87955bddb5535604f85972a315;4372;Life insurance;185
7ecf69af27daba16bf97f8d5487d6e20dfa1ba2cf98f2a1f8b81b8a68dd6ac2f;1585;Life insurance;174
16674099aba7dc64298d2ace7605d470982e1e963d6192fb4f674c6d9bc44946;6749;Consumer loan;36
88b5249ef7c88a1c7a59e1ffe100c25d1d4063ec88b8a33cc5bd0f35b38d0152;16;Life insurance;160
b6cea134c6d2050022e9bfc4197ba9edbd8f50d34054c95e36bd780737f6e5f6;37;Consumer loan;42
24db0566f5c4393352f5c8e5bdeec28f0b41253920b6f22c707b8d41ff0ce178;8042;Life insurance;82
8714208521ebc2748f40af82ce8648865c29c52a55ab6366ecac44d0c92755ab;3445;Credit card;57
3a1485dd02752abbaca1da96dfaba9502b735139c161df42b04100b69949b4af;2313;Personal area;28
4ffb47c88dcfa99c038dd8f642c155b6b641895674fcfcabab3bbf9daa350676;555;Personal area;165
3559dff817134e54f5872897c2db33f6e0b055669f51234e7872d928618470a4;3219;Life insurance;15
2805e9677b27d62dd26d558edb2b01c44a7f4ab9d308e8686cbae43de3cc67a5;8214;Mortgage;130
a5a2ae3b7c69a8e5c78ee75e05d7c2aa24a16974e57663314920e2fd1cd41613;6855;Deposit;30
fe5447f93114c9d0ce036dbf58971d47066a13b22330a63980a8e3193d326d02;5933;Consumer loan;152
e048f6b6672237e83e64f6398a914e23e50c58ffadc6d8b31bb0283ceb3a5cb3;7717;Mortgage;144
6b0968724aa2deb4dbae3f5abbcb30490224f8634b8553e5069522d66bf38b0e;4978;Life insurance;173
5d0e15a98bf2e912c00a4005292eb10c92be6e64308d3549d7f6392bc8a8c1f3;2881;Life insurance;173
4dac1bf9f7f16513375dd1f8e9fdf1ea2e2ab5f3d295975e88bf7e02b5c98e71;6307;Deposit;42
8881bfc2e7d1e6ed78fcecf8f28ba6621b115f71aecda9861eeedd13feb43287;5393;Credit card;154
3e6fc547909704af11ef207fe5976b1dc230c45540f1e861fb8fa4c8d9b42c3f;9420;Credit card;77
0b2c1d352e4f6e80c91fb66a1acd861a7b9dfe175df88e89d2dd101fba3d3568;2023;Mortgage;88
1535c893209421aa97867affd061e94e878e17ddfb7108ffd909283649492116;8032;Life insurance;192
cdd4f8778429f873dbb0fecdd4056d0deecfa42d02fad888f59db352ed1d5a9a;9229;Personal area;103
ac5bfde6a8609155469bfe86cb1a703719e93f23df785b9fe0d3afb2a89b0585;4882;Deposit;95
a77a0d6fe845415dfea1a9b670510c78419447e59e79e92bdaf7ad0041ea88cb;81;Mortgage;112
2a14fce9c4193281a3f3ccf36e10b84e2d25b89e9a7638e754f975fbc16fb80f;7685;Consumer loan;191
b5e04edb02facd0c7b60abc4e7416d9a0f36e6bd4c0b40eafee0d7b13d557d37;2725;Mortgage;167
cf6c3aa8288328fc547118d6f1f348d5e4ae0c9c24735e087aa274c860f0f8e3;4831;Investment products;166
4c5360340413b8db31fdeba8df3df6cf4081a3b38ab7d1c187e03b5eb3d8b877;846;Mortgage;163
88d9e95059c976492e2b3fec9b213b4e003167411367e6492c5197bdc6aa36ee;4175;Consumer loan;181
afdeddbc0d528f2f633959a6b40db25ce234e2faf8b503bd943309c74ebdb992;3292;Credit card;124
e8fd35945ce0d7bf64a706c07cf806e0a910c161c9862e4f9d8396af9027fb4a;729;Deposit;128
881a50b721bd86cad20003714931996968a38fd35a02fd229a5585363e1a90b4;1342;Credit card;17
3cf02153e2fb31da1c75f4e12735f97fbfe8f5caff37d931ce6863c58fd421a1;5827;Investment products;61
f69b3a39879985058e2b1d2a2448e79919215b35b30ac46d97cf993cdeae92b6;8279;Mortgage;61
fa8609590048721f0002560992ba2e4bbf83bc0864df845db81bf5a3cfc8074b;7915;Consumer loan;18
3207abfb444967761ae118a6cd04f46d2ccba160c6db16e15873aa9435159208;9277;Personal area;47
b7b115e873a25a28bdde862ec9642bc6d880da716e17cfb55f52fc6f49cf07d9;3356;Credit card;69
a35877bc7efd27f30ce9e5a7ff756d3c480196bd45977467c91f9f0d926f448a;278;Deposit;15
a404e0ea681565f924e13d350032c98a8bcefee774b522a6c3d09292f8dd87ef;7494;Credit card;162
f6d76b3ad606e4f141f3c4465f69eec7225f7d25a33b24d3d6f957e2042279a7;7402;Mortgage;59
f4c691a12658694218cd16779001196def989dee94b38073825580338a2cddf3;8156;Investment products;2
87a2a88539cc6f0e78fb2db51c28bd907fafe6fc8fe2fe9b7fdd321e7fc307ad;6217;Credit card;187
8768baa1a963a8998c92a84533af118a3a2c8446535e7bba2230c3c6c9aad6c9;7808;Consumer loan;81
15cc361d10a880bd5c26d4a8cc44f7be58a761d12bb4765735e89bc85a663156;8276;Credit card;32
a6e823d8fed451241cfea08990275c501ddb28628de7aae5d325b294904ac5ce;2240;Consumer loan;98
6b097db0417e2697142f4e08f25f1ce9a067260efac1c10f3bc844635e19fc4c;5585;Investment products;102
8c03c24c1a914613d30a0a598eb4d9eb2f5430dabdc9691cc7ef716942fb66d5;8195;Investment products;12
c7d8b123c27b0cff48b3a7adeb7b020d4a22e7fffe37909a85d1ae2e3fa3c633;4749;Life insurance;35
089acfc8a017b5234fcde8ac54cf64e79b05f9d70d771a697fc9eed1e6df97cd;1594;Deposit;185
5d27d31c4ac8a56f21d693b86e74e6138bd25fbaa9888a4f0246c244d4d5b48b;3238;Life insurance;160
c79debaeabd1f633bf58eb13bda0eab5c4418fc64a85fe665d57b4054cfb0624;6521;Deposit;2
bc8a9d6c873ba7aa5046278f261877b7de01ff1b8f036773bc9bcc56fd39ee4b;5944;Investment products;65
c8b9214918b0be34e3a0e1756efa23aad7411afdd098f0d0a7b78458772b2207;2945;Personal area;28
97d7bbe47e9ba677b1316e832307afc9638fb2be63674d5781ed017278294868;120;Deposit;71
3339c366453570d29a5b1ff88580fd52c79b7e3bf2fd9bc52e0c41f8961ff2e5;8516;Mortgage;88
b79c0800f0212afd56935183e33af95ddd1982e9d6f24b51d74888dbe0489d83;2210;Investment products;98
d966404cbe1107843525909b6968e7290d5b62d038abb5329ddfacea6f5c5fae;4753;Deposit;67
782811858498fd85cfd2323f1e11e0841977bb1d21fc09805f0f327cca4bb431;6075;Investment products;163
843bfa2920c52b58a4c0fe7bd6f43925d58933a99877ba096a5fb3d93251afe5;8269;Deposit;115
0f3e9a0c59a76186e7a9129ab2c71d3b35f8c5aaf39972e041f0d86c14ade19b;1473;Personal area;159
8a2e0b37fc6e9ad8d5bd5096d05df7932986a3772dfd2e83f50eebd691787102;2652;Mortgage;71
a3593e236e99a3e1341a7c389e1e93ff0ef8aec48218208bb9604028384b5155;9153;Personal area;153
fb5f2776b6867f893432196f27b9273b8b48c86fbd7b8391ad60e67c33c79ce4;6529;Personal area;143
aba3b89ab8b098c04c54111f5eb4a927fffeb173107e85c5fc0cf43ae4eb0239;9139;Life insurance;25
1168df47024306588557bc840ccb392e9c8d8bc320039d5c05d3783e44ff675f;3376;Consumer loan;72
011cbb678f6af9bf6600d7dc441f1f028b72952adc810298a9e62fdb75ea9757;8295;Credit card;177
b663e7daa2c41a6d71cc449a29d916840c2d0031541b6228c3b36e9df41206a1;4596;Investment products;67
ed632569776d6b39a34d06f63ab29a7dac6bc0717f9c0e0dcc50264450c4508d;7581;Investment products;178
c1d20f843dc48b55532825c6aeafe3c1c11316306618c43fb9e32b3b98c8beda;3717;Investment products;56
85bacbce03d0f297c6a5b3cae1b73226f72456e3679da51fd107c79975ddf62e;1233;Credit card;1
9153e934cc5fac68c648d539748dfa42554e798c19854647a50033e73d586afa;9336;Personal area;139
bb6e3e41e751fe11587ce3e39db06d0c7141ad6f07c8d2a7e2eccdf4c0be369b;6884;Consumer loan;104
b933db04d7a60925a4de9f1bab4d6133c5d646376bc3272246b8561916d20c8a;3779;Life insurance;80
52c9ae57fac567d6a1eb72d28ae8494405572ba6c297f414480ae8c726fe60f8;9136;Life insurance;12
d7b5b73ae3dee1d31ccae755495a8a842a72750e8bec7b43b9ad2a8c8a849932;8177;Mortgage;196
f1e4cf5364d51261a2d5508a834e72e15c43a879cbf9b0755374242c0a831816;1153;Investment products;195
3eb143f3e5741a2d1985d1ccb26ec81113670d77dc08d80a0e3fd5dd9b9a6939;2892;Investment products;23
28db6a1dd6e14e6260f99a104ceaf2ca1ddd92c72147bfb9a90f8494aed47782;2950;Credit card;143
cc8df60e13f0af057dfa91147b35a60908c592c0af0b739923e2e96d97469a81;6546;Mortgage;80
ddb07d7f0fa423f93f1199e8b8ea4dff13cea4a20648837ee50fe496562b75bf;9206;Credit card;187
f9e2c38ae58bd8b0039df7fdac5f3e8e430f6f2f9f7fc746b4197c62d7ff0fcf;4102;Life insurance;112
120137cddd0374d8e3aa182111d08e76379d352d2c1965ab4f17810d2e7824be;9510;Deposit;51
4cbf749373f8139a9a947ba20be4661a42f7ef157a55832b7b974c3970295c20;4508;Credit card;93
318d6dccae508242d209a09307b9e6a2cabce025824e022a505abf58336f6847;8278;Deposit;131
6374040f20e1507a37771f909992f10c4516fe5c07634bf4e766a23b14fcbc39;3292;Deposit;112
b72b00a4cc5001bbfd25d624a6dbe76c61103c38b3e93ee241bef9a431bb0ed4;1641;Deposit;109
f71e3f68cdc2c7607d90950013ede4078f6683da9189299263e3879393e5500c;6822;Life insurance;177
4d4f9dea61b9cf7ce9720bb9012782fb771d2563d38b8ce3d327ab7aa4036b0c;6568;Personal area;38
5874ed012c61a6b6cf874ce1be681fe4ab3f752daf0b2e5d37904d56ea2d05bd;3618;Consumer loan;71
efd9f73aaa554b8cbfad87d3c2f453a9ed570050b7f675d0a8211172d63ffb17;4160;Deposit;136
d83e4b3a427657f8fddf2f6ac07afc8d6565cb01cd93907b5ed92c85811ab40e;4241;Personal area;109
1b5118c1adadb2e0df7dd9779c5592ade20a12ab7af38bdd9906284be8722930;6237;Deposit;92
5452db12d224d3a82c9729a8cb1675b69eb5fa299d9edb751098fef57f0c1ce5;616;Consumer loan;40
5a8f85da3e09c96389bcdd2bbef16fa5fa0ce0eaf459f7a43640561541d0a59e;1569;Investment products;167
7d88c66703876336f8415ea5b66da52700917bf08652304c55a1d309b2e7e011;6699;Consumer loan;37
79492920cfc3e8982f45fce9fbcaefcab464376f91d1e36f899a5b18ad8bcb9d;9522;Investment products;28
b0d4638b99215ff066259a6a78430ce52d3aa07673287c042b1a1fd5a239774e;4384;Mortgage;74
ee500afaf501179ce6b84d7a6886cd529b7ce02d6cea8fb5ada78871f45985a3;9594;Life insurance;192
c5b44629d1fd31fb524891022dd4ba3f1d945edb4e6581f9510a1286cce5d1e7;8897;Credit card;188
d1ddb7456fbb9e0a91d9a3e8fe271aa0bf7c2ca09932379efca7558e3612e933;9926;Consumer loan;11
0eed62fb81e75f6c79ce087c10e04572e6e909e0a82b854910a1d700c80688e4;5912;Consumer loan;111
0fe28b90e3102dc396634cd7735237b06326fda68dc6bb6ac3bb54e3fcb391d3;6345;Investment products;74
8f091071ce7751bac31a6a7a3f9d213275905fb9733a03a63f47f1c4cb705f95;615;Mortgage;6
8f2bca324093aff0597e4e968d8a9b57258e561289eb38d6a7b3f31e3b9cc079;1081;Life insurance;169
0ae6514fa9feb8d806bd562494acd7b8edf02476778b3f6b25a088ab6efa2468;2708;Investment products;166
c07b3bbbc364bba1648717fde5bd388eb0e2069a0898f881102240ca319bc069;7244;Consumer loan;89
77f0400cd8cd99c9d2ea9d1b63cafbc9bd6d25f21efade6093456814e959e64a;4218;Life insurance;6
c48d9bfee5cd1aa8ddb6d68d74541f01c17f037e0b1193473f850c51b6c76e05;5229;Life insurance;56
d648ad7ef58f890ab79699a650894c97f0570b55208f612ae678f693a19b009d;3032;Consumer loan;128
097142a73d273712514424c78e5ece3a7a74f28fa633c7eb4816d59b112da50d;5333;Personal area;38
c9e083a4ab46b02ce9c3c15530e91c66785a0c21f2e34068e422fc9938a8d6e0;1013;Personal area;90
0a50d2ced2c3c7a902f8104d755d28bfe90eac2321845e9414cc0b904b7eb7f1;318;Credit card;61
04de3c2a95ccb10e5804e0ec6e645a610703208875b1ca6f5b6a2d8a71e436cb;8011;Investment products;133
6a733f254201dd38d0b60e79ae437a78633efe31ce2756cd9bc07c55a30a78bc;3159;Investment products;1
1bfc76ca25cc21edf08b1582e255e4831f59f944d4f2fc77920c0e1dd2c84c54;8474;Investment products;68
f6622e88c7955ec2d33a6dfed957140294d93641b8549fb4ea1b435550bc175a;7081;Deposit;47
12826c0b85c6a27e47ed24e3d74c3be2dc5299fa5c01e27adb9707e8784a6371;3259;Credit card;65
7e87563222b51a39c49e9aa10ff1810deb7c2205e5887049345d8b938fafa9b5;8264;Deposit;84
4ff1ba712dced99382df8f4b6f6d80db6e32b772978b96f4df3d919d3004a48d;745;Consumer loan;176
4658e5cb025673d11484d3f16514eae3d0c9fc5d84bbaa1b750bc8aaf7391230;150;Mortgage;47
67d5089cf535d8f4fedfb56915ca9ab62d75a51adb52f3d0604f3ce517d02e6c;6917;Consumer loan;9
f8b8437c76b0e69d1d7e9d614de292e5323c74beecaea3592183c77662997d3e;1236;Investment products;141
85a9e69b8512f40c0369f1893eafad599ea9de1c073404349fb06917a2d11023;378;Deposit;126
0ffaff6c892bed2073569c515f5c76254d0f9c88f9814a1d5852df03c3dbc627;2828;Personal area;178
0f723d75b224d6b4393063748425b1a9e29498a0d5ab9789fca8699ac44bf762;3558;Life insurance;3
b8f897298f7ed5bab3390f2f571f45378e0939456be133370f50114ded83ec60;3502;Credit card;79
991efeb6c15d530d6bf4d89d96ed28b162ffa63c3d415838d7807a0de786acdf;9049;Credit card;81
04de98a6bc935a5d4588110a38fc7c59b7f977c2478e276096985ec0ba03eacd;8600;Consumer loan;181
4c8cb6c5120d2f43d551b784c7a346423126399fd3eed2a80de0fe1523ac66fd;2288;Deposit;16
d41593a22e54908fb68c85783fd044ab663dfd1c3707bbd3767b6b376715100f;8041;Personal area;7
15d95ac80ee00763c1b876a68cd6daece43ba68749ef716e15fa748c11c2c83f;9996;Mortgage;46
b7364bcbd71d38f2c75f6d52e1e48542b22572b5eff155793c6bceee41061b3f;7430;Credit card;26
7cdbc25c1de585948d8bffc90a85e945b8609aeefec71c2b43db4919dcdbe532;5183;Deposit;85
f858c45aa6c0cf2b1d683ad2bdb33bca14f67e679f32df86ea4176ee0b1a6418;1653;Investment products;33
e63e9703165af28eaaed229d09c787580f77a5332ec4e6b9614847aaf061e04f;8943;Personal area;157
973b75b2e7842b3277d89598661f70377287e37cf71a0606ad26f4013ea103f0;7930;Credit card;55
9b58bbc27844cc1f6c26b82a7401ace93721114c06b159c4d0594bedb1a97382;7874;Credit card;23
c21314236585eae816ae5adcaa4b7ab226dc8b6c70b20c6af03119804661f06d;5202;Investment products;136
1313e1bd455aea0cc0421f73338d1673ff32a76256f3de6c9d7565bfa6e68434;3580;Mortgage;58
f1403f053f12d0107a434f28efd3ba91b75da64335883a1b1c963d56e2cda87e;4802;Life insurance;73
b20e24c24b5c6b6b3e771c36ff3934ab3e60a72629f91f7eda0d1827300bc25b;6229;Life insurance;50
69b2c983b5b494cd83b1bd74bcb87901909d00aa2e213951fc2a55b1931d8763;636;Consumer loan;88
54c56fdc4b866facb0afdc2034ad891626b077b542826e1320e8c6dfcea87ad2;2085;Credit card;72
a980016c2aaf851c98b25ee4ed6221464aa6c2d96369057d91767ac38726084c;2127;Mortgage;41
6ca587d3e44b5d89a9ab78854277655c08197f8c27ed738ee51253d3067d8c4f;4843;Consumer loan;87
55e87edac755bf08b8c5c7c041422fa21fe78c60ac0c70331c8316f51a2de5d3;6536;Consumer loan;175
6a0d5b21d8c66972922bbb5d20847c6084535955870e3741a1f073dc150536a4;2619;Mortgage;45
1663e229a61ddbed29f08d5d75d636db21359eae0fac3bbe8c7b7eef021e85a3;6776;Credit card;27
72bf4e286c835af1c523a145aa1233c74f899e88902baf479c85c5db68845b3b;3433;Mortgage;69
999484b44b42a9e065ba041a2848048c6cd0498226014f72ff0f408f311ef89d;9673;Credit card;92
5792922061d3cfafb3997e2e92a52aeeea539476271c9eacba90b2a7082dc3aa;3146;Consumer loan;160
f040eed925ea758409f0d91072400ffbe1ac55c71aa1c2368860239a1c3c3027;8398;Mortgage;75
0c7ede4730d347870b66bdae737e1e64e4c7fe42c308a9ec86757ac36ce65feb;1620;Life insurance;58
b0a7521c132631117b5d29218f1dfe9d48e5311510b41440c31990f92e53bbcc;3116;Mortgage;196
30240f1cdff8256cdcb84d0f5d6c83734669b0e6e8d0c2a838f2b94f59c40a41;4669;Life insurance;35
5c51cd7c5058d5de01a354a5f5b4ccb9c187a6fb0d231890553f27028527b641;8795;Deposit;67
cb1e24436296e255bf0e16500cb20dafc70a4eab94fc3ca307c470c6f332685a;1548;Deposit;69
08e56724289914662540cba800ce1ef48fe84a7bc3e4d20978c617d2b23a4e5e;8513;Life insurance;28
d9fb0bcff2c83d682ec6ecdbcfc98ac94460bd0ec471e94820ead31396791180;1206;Credit card;71
2b87c8eed80b36f817df808bc3f6721aa9106b5ef1acef1f9bee48883e49d157;8972;Personal area;86
b96896370e6f4a975ca571feae44a1dfcae8b100cb0a7f4c90560973f1b5a7f3;4648;Life insurance;104
785c75e2b2a53b2f14f87a5f27ef30c5c9c1a4e8a3a5d4df05a2acebe2fb490f;5975;Personal area;71
3995386bdd30a6be4386066552867bee87aab6798383300c331433d2a5d528fc;2381;Personal area;7
f3ddf83c47a033fa1d36603db7d5602fe5e8d777026c45b65372fd5c416f3538;5556;Consumer loan;123
a032b9aa2948b11d32a5f922934ede078bd1886080daef70ffb3de4a16ea9106;8252;Consumer loan;155
0e0051a08a969c3259232b3383ad74cf4a5968d7c332d6fbce1912531a19273f;6273;Personal area;50
667c51a512b58b26a78b7cf81c7cebb8c273161296770c4cb0f1b1c20b62bc6e;9368;Life insurance;174
32b33b6b854525578f413e5883fdbd653942e89ed26f8a0441abedfc100ed5e0;4520;Deposit;23
b367cf8a3ee479767245cfd32c4a0ae97d3a670eeeab359526423caf12c01408;7184;Consumer loan;49
46119326cc1f0b8584d70a7d7fb4f789a22b51efcc26ea6e86596716e9a709bc;5557;Credit card;4
1ecfd2ce088747692469b3c77a3dc4c2d25ff8c09b5df542a520baa1345bd812;9436;Deposit;33
23397f867bf863125b1ff06e2d2fe9321bf15e4f3da518422ff484053300acbd;9787;Mortgage;71
82ab3a927cc3bb584b9ed0540575905547a5c706bc48da7b9ae431e5f48e2338;2569;Life insurance;115
fd08895d35ee7e40f4533fcf75c91efcf668d6a5adbc6b7333e5003b5f793008;9353;Investment products;189
2d4659a353c7ab8b4233041a161a88bc6ef7af1d388791f5a61f3984881de286;5523;Investment products;31
eed1f11ba9078e9ae80ac4d14dd67e14838c10390c1bfeed77af55740a411a9c;8871;Investment products;52
f5aef471681ccc078b269f24dbb571da755bf1565a164c74ba6a1f83e3fa83c6;6487;Investment products;133
f44f175e9b144c91d4b73f675a417f6390946bb0bc23c98c346e8759ce10ce62;9284;Mortgage;53
7b17e3a5f5c9f5ae53a036d45d5124c203e052070b39a32f5a28927b1e851998;4302;Credit card;134
be001b4c1e6941528c50db3b0c29961ae4588f8007596f830f398e096c73542a;6106;Credit card;11
538b33a42cfccca4720cd561096a66650434022bbb6e659c6e9e312301522894;4278;Mortgage;51
1d1621d5e7d30f1b978a2c0ef62223526362f52c31e65d16f687a1dddb2b9537;7449;Investment products;12
d352a8bcc2333866d4643d7f72d13037ba131a094395fb8418750902d768b7e6;5704;Personal area;122
cffb866e984683ed379fc5a852f593c9a085c8248e8129ac96157decaabe40bf;3838;Investment products;190
2a0ac095f238a45fafbe7c64223c77167aa3a7996883d670c8d891e98567a17d;5643;Life insurance;39
6f3b4c7986f3f683933e0c9e0a2d0e2a9f91397338147352532ebddd3ee74fba;1841;Credit card;200
f41926c3ee4454a83717c57d38ab4022b57c200803f677f1011c2e7fde55beca;3420;Consumer loan;146
17249bc5b785fb0bddf9255f04eb9214a8079033d1ccdd4b6c7220df8b7d6197;8703;Deposit;132
6a17c873d2de3df5a80b8867b1fdfcf48104ec963b2731e4b3613087127d872b;3566;Personal area;176
a8a024b4484077a1cc5ecb0de815284dd7a187b50f34449769eb7241a142c68c;9674;Personal area;66
423abd89a52aa7b1e0489fa35e9096f0a18e4c81ec6685556ed55886f34f4236;6793;Personal area;12
7d90210a736ad7d5ca708483656fe480dc17ada59ca5b933e40c770e50178201;9643;Personal area;176
e9f721a5a0715b13e086ff451a562bb31a9524f954d7e323cf338b3c38d6356f;5414;Life insurance;53
04ca753fef41009f33399f67fb7d4aace9427211ba93893a09456ebaf3bf0adb;2055;Consumer loan;146
7d1cd993d0b59124fcbb59dca3ffd68ec2ad91b402fb85cd2142d153e3e047d8;2001;Investment products;176
a7dac91beb845297d2bd683bad4dd2c3c911383a5cb5198d57ab4eb0957910d4;5303;Personal area;116
adebd026a716b756fcf27c6c7c98df44bb7fcb4078b9d24021ab2ae31890307c;3516;Consumer loan;54
fcd277b1301eeb184bae12e7d82bb5c5f429723af652ade972a4856748e37956;4190;Credit card;87
d2fe32ae2e6e79428a0d7e6304162840560dbb17509aaf114d2ddbc524047ff1;8370;Investment products;186
3d2362fd2096eecdd9ced3fa3e426d09c8aa32f16915367a0eba35aae9eb720a;8242;Investment products;114
a10cec77fca052ef3f8073f516a285613adb23573d312e480a811f362f68d8a3;7774;Life insurance;145
04f774a29cf49b6e4b3b928fcf06e2c2f9aa606ae231ee57841717ac106054b4;4201;Investment products;172
b485eed839c0707b77282ba0291895e9a9a6e694bf3036f49ac592baec58b1cd;905;Investment products;137
4ec242ae07a9980349c51eb7f7768828f3b4f4eda6076d6a7b845db96ee07a7f;129;Life insurance;162
5729c08dbb90f7d727c59fec32e07776f076d7d270b8f31264945a7e5bb3d64b;7684;Consumer loan;59
39bc7cd8062b03b83ed285f60c07994c39d054f32d97c3b41a5cbdb896b3e124;1657;Credit card;186
2ce8b246194eb3916df6dbdd08cd74058ea8d602e2e62e3ec582144eec86174a;2241;Life insurance;177
78e25fccb702274c19ad02e320ef9bcc0194e3f7529aacf120aaf223edad21e7;1296;Personal area;157
2f2f0f881da2ca2d15cbba8fa22413a4447ba32ecbca2ee17eeee44206000d8e;6245;Credit card;73
c83bfbc40c29b92ff3f996cf9ba0ddc3aa5260f3723461fff20cccb18194f021;7611;Investment products;195
f8b6faea2feaad7a6ef1a89986e9befbb00111a89096df18a825499e865e4dfa;5899;Credit card;168
39244f5a8c91a3c78c180617c7e59e6e2a4952b0db12d1c526db4a19c66f35f6;5009;Credit card;172
ae74ac47c4654c963bddc8735b5c1ca211a0986950ae5fda1ffb9663ae2e28da;2724;Deposit;7
9314b6b885bf5127943b947d820287e337294861c6b18b233d9292c67b923bd3;9354;Credit card;173
bc9618e029284603968d1d7b4a9ddedbafa964a28588e7d1b3cc302521ebcc20;4019;Investment products;81
a0f9c756bfafb1ae3afc88dbb372449ed14b3abb688e6ffc73e9d831276e0d96;3237;Life insurance;144
074df5725e7c876c40b5551d0e33f86167d208945c1adbbfe1d56acbf5d6467d;7249;Deposit;199
e39d8f71002cf9934e32e61a6d1abc54fc3132d08c336750d062c43f03c65cd2;2927;Investment products;61
80275129ffcb1208480c1808c15409a6389bb44cc14db1796d0472a816940cc4;5782;Mortgage;187
708c43e8e0380109dc3871dc596c7702fa3c4e4d6c4cd2ede02f70621876aee1;9961;Mortgage;184
9ad52141c1796ffca103ad4bb8fa956ca8b26983032801fbcf96955da70204cb;1794;Deposit;136
6713f7e13ebec14864d6332e573aad1af1390c7352352e3786adf757accba135;23;Mortgage;22
08a16cfc6bc3aeb11133aaf716cea3f55a614ba2ac1aea90ea7354e36ca6162e;4724;Deposit;72
efdd1eaa1c4d2b5e3e261ffaee5bc116cd62ae697c21ee3902eb2769fea79768;2066;Life insurance;14
eb70db22b57554693aeb1c681199a1bb89477ff203d4f19d192700afacc381e4;7464;Life insurance;51
c47958b7efd4a5f1c1b55291a17c9bc16f167fa1c292d8827fa02e5789c4c716;6512;Personal area;125
63931e99cc58db3f1e50159371411f5eccd029a27613e68db5e646a572c3c371;847;Mortgage;131
af06d0518970b1764722a391e6d738ff5a70e90be71955eed77c79f76b6f3e91;5566;Consumer loan;85
bbfd9dda7952c123188b158549bf4583754f1db1369af997757f232f4c7e3005;550;Investment products;113
beed98e914939da719c1d613d08db6e420b95e6567cb7fec64fc09e34761ba4b;8713;Mortgage;181
134af8b18c533231b4e45c2bd75007f29f3fdfdffd1b001491a6a0752a33d478;3677;Consumer loan;155
875637169354d6167fd5fa84da3cbf4866c92205163f611d329041ec49303051;5079;Consumer loan;131
da6346c14a18b5d8af4ee0d8d6d78924a4471e657bc10696a914f7f011d4e1be;8266;Mortgage;127
18daae452275f6ab9fbe96ea432dcb4d9d81a186435245cd2a3c02158a05c986;1149;Consumer loan;166
8744441ab82cfefbde750242394ccaafdb55ce6b0c2a523c12d7929e5305a50d;2288;Deposit;81
7e91a66b26e2422fd434b0ed136d1b8c36731bda048dabfb2ae52e7d436a4217;4254;Credit card;92
c3c8847093a0b6ec205b6fbacaaf541ffc52da87cc3f9bfd0b76129d30e9e4d9;4220;Consumer loan;63
2a2aef67ff3c1c7a3fc2c44e16d22d2eb5a4429aeba4c62f83e22172e7a50f40;9578;Mortgage;72
32a85f15acb5e69b8eff9417f8c0bd1411fcfed08aeaaf34f03db506b858637b;2533;Life insurance;189
5fc1a57c2ed1c734cb16d5e6201f3029176f88526f1db8a2c9e9a5ffbb47e9f3;5876;Life insurance;139
3a4b1d6035ff1206f542f8525f264c8b06a45478c4dba5d6028a8888c50d4426;8997;Life insurance;93
467a1f77fe14eef00b17be06055c0ec4c3c2433e1845bad14d51511f863265d4;2417;Investment products;2
a2d51f94b9ed69676f5a6a4285ea24e0b87570e89c78dced54582dc6e41991e4;6721;Investment products;150
974e1bb5fd13a4247b73f0fcb997b4c44d638dcadfabe6b5ea7cbdefee59026a;815;Credit card;73
a99f9fbddc54ecf31c1fcce32afa835de0c46dfa8bc0147c66f93012cb5e3dbc;7773;Life insurance;169
e0efbbd7718e9eee8b5a9ec1c1054131acc9559f5c1ace823c21e091de7ee947;2963;Credit card;184
aacb1a5e146fd783f56fd48f3d0886e019301cb13057f9e7cf5a6f6c63ca4594;5525;Personal area;61
1724c07add82558c0a52be3dae791521f1672e87cfec3579de88ebc1d37adfed;5589;Deposit;118
8e557dd0a702f6ecb3c0f9918b7272eed221238bc82d571a658a96fdf95797c8;9875;Investment products;102
e3ec15295bc2409e5f899b0e205a52fb9365f74e9a3738b8dc49b88bf16d54ce;8539;Mortgage;77
b35a27eecc245d4611592981b76164e2250d47cb05eb9cd9c5f13e1ce5ec35c7;3368;Consumer loan;174
5dd7834b1353eb3c687d593042c99a4cfadd78674899b2ad769e365e32d88867;1839;Personal area;177
7a949b1524b77d54f7cf087bf14fc6e1db62eccb31ee3d6c9c17961be2643b74;8073;Credit card;91
76643f92814943d314c1b22600a3106db3efcbbf11d22e10778d644d0f5e4136;8550;Mortgage;56
171e7dd8a98086b9e98697c208d15904e78a6ae0b932051d7fcbe9cad35c7ea8;3371;Deposit;7
a6b018fc2d2b0815094c72fdc12541793bc72db47a5161202f99fe2e28884240;6343;Personal area;87
51b12809ccc663ae17ac8b9655f1fcce977c98c629dda544a8e18065df27c8bc;3450;Mortgage;35
72b8fc10dda0c78afbe3d4aa2a305211561cb6fdd7463178d8068221162a8d6e;995;Consumer loan;159
80596b21c9eddc7422140bf69086f5f134f126ce55afbf9087ef99e1a3b26198;8408;Mortgage;32
39ac3fd25e9483ad272463b1efb4607c0e0823030ba51ffa66db599c8b2981d5;8009;Consumer loan;67
ed618b0a973c3b833ce82912add2fb0bd9d57b233034bf797703534f2e96b69b;6036;Consumer loan;139
1f4c9cc43cb7265831ccd079c1a0af3403c3891e778ad0b5a40b99803b490843;6866;Personal area;168
674375e9c7468ec05d59e8a58e35b0dcc2740e7813ba9d0a003ed15d49f53e8c;862;Personal area;57
0ea67ba2cfc381d9b9a8356a8dcd7a0505217f230af7b879938908250f30a654;6515;Investment products;56
067a0040a1b61ceb80c7fd4d3ccd44db307af1ab51d44eb8de0c0c1fe6e3cae6;6729;Mortgage;117
11b7864df84ab3cb6756ddb39aed143c12194872e010c71e377864a7da987fc1;1988;Credit card;68
f816c937bce8b5372a29cf4486757af75b2deff995a0f5172602b90ef0925457;9609;Investment products;96
1f52192c05002c532363dd6fcaf2eea593bf3e2c6b8435907db97e404d01a2a5;5096;Deposit;179
57f2b3634f6c61a180398d68eec61c5999b124a8d2ff50e58778fbe146e6fd6c;3501;Personal area;147
671a469ac7045959599e131795d9496807aee5285e1c61284c5acd7c5ddcec0c;9456;Investment products;104
b6ebd2a4c0de438f61cecf6a294b55c96bb492f1bc60c11bf65e859eb637a998;9895;Credit card;65
fdb46e5d96576f2a3ca1dbf464e8ed65d9ab9fcf7ea3446d62e3e716d9793911;9140;Personal area;79
f366398eac8f585723f9350f1b65b09f7c5271dbb08f892d8afbd84b8743372e;5898;Deposit;33
e48129782e4c1d010f9969bf21fcb5b3317be90666b2688cafecc3d12504eb53;3042;Personal area;31
0b3f0b0b28980e024c4aee550d5e9d812e580e0a3a1fc36c9ec7ed3d012f65a3;358;Credit card;174
78fd780a7f1f9007ce1a240c474d8b1b943ddf7857738efd2900eea14c9e230c;7789;Mortgage;30
728d56c4da2e9b820d372ebdc556d976e44faf2a8b7ec2cc1f979db429a1a8e8;9276;Life insurance;146
900e59bbb16b059fe921d7fa4a21cd407183e740392768fc1f4e240e1e048be7;3492;Mortgage;83
2af9608051687796a21ff102f80f7ff940f1527f13fa5d6910226d36939398b4;9938;Investment products;90
caedc73346fae8895fece6fbf5dda44c067eda08cf71525c4d74a845b0949443;6538;Credit card;48
4ceb9e0658fee837e8771bf9ac9c479d511e5a17b852e09fafc27faa33f1db85;8204;Credit card;76
9d4a71a34c8f596d2f200d3aac459f02e110fd8b0fa5825104b17c5ac93a1b78;9075;Life insurance;119
6c63e292701c1e9752ba93a0e400acc6408e8ee6757544df7c35376a1ca3297f;4970;Personal area;193
dec0dfa664c5b989e8e3fa518337ba00246393738631eab51c02ef5e5c615c3b;4760;Mortgage;100
bc06584d372bb344661dc8b12255e0ef8e891645c679367d0be5742af847d13d;7476;Investment products;7
e089f93ba024e0cd082e96189d3a90b9938cb36bfb47295580a7fe0d211d1bae;2121;Mortgage;73
e5d58c495320e4b2ccabcb85422029183116c091b0523a5f6a489d0ff161fee4;2192;Personal area;144
34ccf0fbfb62505bfa524e2c2030f0a283aaef1aeb9394454ba57965b01992e8;3390;Investment products;166
3ef48420686645ef1840971695772b4fddbdcdfa17e3373e6e554fad83e02e58;2398;Consumer loan;171
1f492e66cf81b475b70ab3d7eb5b7385c5de559535e29fc4b8addbdd9c3a1466;6400;Life insurance;24
a7a617aa2fe5d8aa6d3cd9db5ee87bab824c62ed8d63e5bf00ba3d2a6ab3c366;8755;Personal area;127
36180a49485666a476f45ddfea8e6768e761197a8e41f7f487c6a652b4014731;2906;Consumer loan;103
9b40b9968d675dbdc874eb6a11ab1d65767f6f4b28d0ef3de3b72240da941067;684;Life insurance;58
7a7bba65df1ceb536e78f19d1eb030b4a45b26023fd2e5fc766fbbbaa5629e25;524;Personal area;177
8baf1664b4d90068aa4199eac4b3af4b7548d90725e734423dad4d91664c7cb8;1663;Life insurance;58
cb6bb4e74f542969445c8c35788ddd3fcdfd0d84b3e3218ac5f31c10a7b743d7;8604;Investment products;146
d4cd421c57353fd403efcf2ca6f5f08e3c1290a9eeb845f7c8674470a447f574;302;Consumer loan;13
db546cb58b6c8c4c5ee4f0029e70b69e721404ca2d64712e633a6aec5d1c90a5;6436;Deposit;66
ea7e4a1ed258f7a8a677add777859798a23a9fa4e14afe22c6b3104e6b2ed9bc;9255;Life insurance;126
11a3c3aff6c4db0ae26d32ba2c71775188b9eb2139a61d021254bd27cdb2ae36;1;Life insurance;44
76fa465bdf4c10378e215617d1e6dfa693df958a3d958a0ece3165895f7367f9;4530;Life insurance;115
d331af2db31768c72fcc95d2b9e52b4226a5551edfb92821dab5c5e90e5fdf1e;2348;Personal area;67
ea514fcc4a056a802ebc796c80a46befaf42f56b4279ec6b2c4471cc6b231c8a;1010;Life insurance;151
164b17851641b6f0efc7c05964e2ed64ae728567718d6e289259e7bf1269a646;4564;Personal area;123
9b1524af7e06251dfb0c60d510030b4cac54ebb1d0b1e335bf05e4d553d52413;8790;Investment products;185
1750925456da8c8183ce470d80a14840101122b5b512de40d6466a87a188004d;1298;Consumer loan;14
47b1410cc473db1a3aff43974e81d9f8594b23a4edf6982c83005dc1a9a34793;5904;Mortgage;19
16aaf3c68196d02ae58b958785de0218c993e3dc85b9496d35fb3fe6f32ebce7;6938;Mortgage;85
fc464a62672811a090578cacfefc4918df304a696cd066519660ca38a2bd21bb;3968;Deposit;115
7a16f6b44f54fab0bedf711b9828564d4e4f9ea96248329924043f91e146dba2;631;Investment products;15
409cf69bd953e558c1336f9e07bdb5b0ab280bc529a9c1be1bd4d02bc82f358d;1195;Mortgage;87
b5f30fb0d6ebbc0ea77478e165dbe32f4d25918395de38fff88f42b82f7d2474;7423;Personal area;190
ae45f3900025b101c18f667213d56048ca295f63b46280f6563b489506352d85;2056;Personal area;176
ff6aa404be78899b05759691902aebd7b1ab85617a5f14cd7b44a6d526fe282e;2091;Personal area;23
261b21a02bcacf3296eb07cfab9f46349a07c4008eb8860c745f08c24237d94a;3201;Deposit;63
97a7867c3d0896db3a6840f7e57ebe02eae1f155f940fe966ec876e7fe200008;8763;Personal area;74
4189786236f6add87e144ae8755f4d9f8135270ad1cf6e2ff168b038c170a3e1;9368;Deposit;9
20d049f3c1d8e7c07dd01733fb8e6d62789e97cf08ea321bea7c7ac465caa7a9;8261;Mortgage;9
22835945fc303cb325c2b95d22e6be407be766f06f847d7120f22b58898345ab;1748;Credit card;27
011edbb95a1382f73e9b6814051d00529f78dd6f1cf87b6ac1f5671291d6fc16;5569;Life insurance;60
e8360eaba885233079b55fda2295b55e0e79beb3111c1b4d5da4f76f25c165da;9475;Consumer loan;127
e7b037d869d403c0f735d8278de1b0fe633ee5ef30eb6b4c0fe01c4793b89187;8084;Consumer loan;33
9a1cc112d7bd3ff71544e103cdba635dc5d11f69b7919afba4d2374431f35951;6944;Mortgage;66
2f3787d84ab3ef525336ad28800e22016f6bc02c9a9b9e084fde4a8867c156fa;2797;Credit card;120
dbfad4bb3cbe55562b058bab8455cad79dc61e8e5cea274711c78f640c5d597f;8503;Credit card;179
67e1387dcde5863d129b67f9483c529b9f70e48a0bf901535ffc840c35e6e1a8;3972;Life insurance;20
e8708ce5ac6916b1b1787bb68fd638385abef151f3b5b0f6f330cdd1b65fbd04;9205;Investment products;198
0d048a1729e876c1262af7a73b616dc87c6f6a47babb71ba4eaf5885afac653b;4069;Credit card;4
eb1872ee3d5fa4b1f79f93d7ac1f24aa207e7efd0dd2ffce22c0fd7faa00bc0a;4813;Consumer loan;127
95152475eb5f25cf49afd9510205454c1406fb34791a260b46c634da47353c7b;9533;Personal area;171
c883ead2feea1ce28a9532ae082b5a4702d4dee79a9f0f75acc8294c29d027e4;1341;Life insurance;128
0d95ab2da05c6365ac8d9abf7e4e749d6e218a4b1cf0209b509a12228c7e9c96;9231;Credit card;115
c9082b7f58acdd094cf9771fad78f4dac87155ec859e6b19e8ae24921f457a34;9449;Deposit;19
8c1849aef4f44949638981bb51ebe6abeeae3a12191fb0ead70af5752508c0e0;2745;Investment products;184
2d07c1d7417466ee992ef9fff73dd5d67cef4c602609fe01e72aaf93cf7328bc;1460;Consumer loan;97
8ad181728bcf284f988079f933adefcee14fb3752c05c4528c3dbb77bea1a712;9279;Deposit;41
69d7dd3ce413f7c427835a0f013f9a801f4af5f69ffeda7bfa0110af01bdb097;1475;Mortgage;152
54f28420454866d833e28621a532b471b203fdb1131e63c02a54ec9b899714b9;8674;Life insurance;151
fa94fd5a9b289e8e6ea6fbe48124f931369c660effa313fe01370713379ba46c;7734;Deposit;101
5bfa4a0069c3bc098303134f35352280b97fd0da47b33ec23cf5e135c11230b8;1645;Consumer loan;49
6b805d6bdfef4925df82b819ca1cb3092af3dce05e92bd20dbb0399aca9f5d10;9188;Credit card;148
a5c791629b66757ddaf0dcff20165dac3ce71e0e642249a6d819de792cbe9e30;3499;Consumer loan;148
388fd08f5bf14110125dee713c1607a6f66924ddf57ec7d102de8caafe847d49;9086;Credit card;129
b0d5439636d9c155f05119f111f8482fd19fd5300b893a36892db662c274f961;9468;Credit card;15
46189980c4c808e6803379604e0b9c4803f9e6bfbfed4ad1d8c994e431e27cce;9864;Personal area;50
93f7e6b92273e8e677bf76a91abc1e040168db68c53f04d431b70c0ede81d54c;1921;Investment products;73
764f74a78078e24996b88b4d843e70a13d0e7436f116c1c8552d48563fa02f58;3840;Personal area;150
9f3fafbf0b2c39ab5c724874f02777ef6295d1bfc407b5f2b779c44c080081cb;9173;Consumer loan;113
07b045ba4c5bbd580ad70c4fc07ed8bef476bc012c7b0d4cb23b63023b3430ea;8350;Mortgage;91
d4ea488307070c8fa89c7a31d2a25503f69c94312defe46b332ad18d758ff27d;3176;Personal area;115
b80f2edee5f500be98a4d45d3679a2e37a0c283ecb4209f20b63b989bef63339;5140;Credit card;47
7d83f1a7698627aec0335faa387214c1c9d299fff5d7b8e053cd85d79976b1b9;6359;Credit card;160
277b5449127829c31f4294dc7fb328341a56bd28b75c5f0005e4ffc024cc9668;3333;Credit card;124
86229de3df02dd3f7858ff44f731cea74b0c346d839d583f4feca5bd9809c656;4992;Consumer loan;78
959578fb7cd663efb9f6724afcf8be07d0d6df6399248f366af1a74c985e1fd4;885;Investment products;61
8cbe27b09ea4efc41c8dc2cab95b8d971788b5bf5098c12012da016ad531f258;1498;Personal area;3
5ce9f478d75ac267342ebcdd7b4dd737b55ce3938eeb08e6208b1e5320e95e19;1249;Life insurance;169
b177f77b958adb7a602730edd9696a19f235ad1ba067c0a8803ffad94642e5cd;1271;Consumer loan;102
d9f76484b3d823686ddfdc232294676123edebcfddeb9107ea9163aa9ccac689;9844;Credit card;16
d51ebe663bc820556c872896ff4efbe94c48457860e399ae68345fd9eb120ffc;8033;Consumer loan;52
0db0a49b50793c1e946a27669b264bdf8d8168de4a1d5e819d903bf10612eb0d;8857;Life insurance;43
48f6af52eeca86c9899bc3dcf45eb5d12a904974dc0faef51885f59ffa6dd39b;6629;Life insurance;156
6d985d99284ab8be8564605232c8dcfa072d44f217e330705884dc6fcebfbd22;6962;Life insurance;108
d9230c441f9b8b1da95c9a9fc33109a8498021106a08e530807c431a66da9afa;3494;Life insurance;44
c95031961b65f262c4870130433c37ed9e41646b7b0060d885ab96976890b4b4;6002;Mortgage;188
7e7a69dc89501df120cb1be12a3c57796c4fc568a47a6e4dacd5a8572c3995a7;5541;Credit card;3
cdf03376be02de489e2983382b9299beff730a6c5d6a924b10abdd8d3b31f3f2;939;Investment products;152
c5bf00ae1c9631a31e3a0f657cb16fc2a8351777cde9f005ef1e007bb5ee4db0;7875;Deposit;181
bccd5efb87ee7f591f0a30d09b55194f16f09fe79d26162d2ba6eff2db7a593f;3408;Investment products;171
07b189c053ddbb31ed0350f25c50469dcb4940cfee4ecc38a846eba90bd67f66;8151;Life insurance;197
30fe3ff17ff58219713a478883ecedeb50d6d65376f729081a46febdf28ea6ff;1236;Credit card;170
15105284ff58965564e596c8618d520f862b35a83ed08c5aac9f241a6dfd8d7e;8104;Life insurance;36
fac08c6ce2fc1214accb7c1b5105e30eea4f006207216c99ac66a68f13d41df9;3053;Investment products;187
0683953c3153ccfbaf24e6da0c942c2e296eea728d6a308b157def5a3822ee0c;1506;Consumer loan;22
ef13cb3cbef015cc176f4fae97499880227ce819738afb53dd2a9f6fea581908;9031;Mortgage;5
abb1ac222efed7a891ea29d938b851356d8307a0310a34a162a51d5f2a495fdf;175;Investment products;97
acda13d6fdca9a03e503e4b4ec57c041cf02f9f15a6c0899fd20fce09cb0df3a;5033;Credit card;116
35d48fbdcbe128d9123e144c46fcfb3b31b1e411038f5522751f516ffb796180;1688;Investment products;18
34734a6369b8c98d5d71c51baef89f08306a2f1e8f8d80ac59ead51964fe2af4;4549;Personal area;191
d77de0b01789adccaa7f9e84c713018f99e560d0b7144ae3a30eee7ae1c11bd9;8565;Mortgage;77
5876fc70d3c4dc51066494dbc9f780c9dfe0383da4abe221b0e79a82f23e888b;1576;Deposit;106
b9af03c89a2db7bf3e05ea4aaaf55538d6d5884b18e654ea45c4e18ec77c4d96;6770;Life insurance;91
e3e5eba13f9ff29b40f15b30d643183593338ae6805e0b7de8f82d15e37539ff;7348;Personal area;78
6b3b4a1c427d34a6f23f8c2de776253057cb195d16f97c24de58aadfe8d6d8f8;3124;Investment products;196
9e24e1c1e7bab562abe62a8b2777228e89ac252373b1ab01ad10529fed7d3e67;8097;Life insurance;5
6f329aeefdc60f3fc26ad01b9edc7e7695182dce0998bfa94f5bfeae481f0845;8480;Investment products;53
286984048d6ab29eaa61d377524176b105c4eeeca740fc9ed058c75913e4a2ac;794;Life insurance;100
a455efb2bc6d6a9294f272eccd564162b2b9964df2497ad74c4b669b7a87b5e1;7150;Mortgage;51
c0456b6f24e9c3b7f5df5cd18bd318fcba22fcf4c6ab7388f99405361e3b0dba;8825;Life insurance;160
1957368f5e703871567d60022d7700590a49515bc8621fa5885a7ab59f4c0f4f;3571;Investment products;127
986dc297a697fafd16cf2f08b7735bd2f8e410667fb33dc8f3b33c38274ed5f8;7614;Deposit;132
3fa29f140eb2118a87bbcea9691daadb6db9c2d02dbc416663f29967cb2cef34;1229;Consumer loan;13
a77cc7faa1fa7d35e26fc5346996059ce4c440c3e6b345d36ba575bf80d0c5f1;8999;Investment products;135
f63e79842c2e950c200293c2f8e0a7708e3b19129ccecdfb3cd09f4d6ee8b52d;8594;Investment products;10
1205d2f0d07190f54236caa5f3798f8ba528555ab41a162a564448e3b456ef26;2804;Consumer loan;107
67bf26ff8886db6ae34cfd08ffe25455038c3e960384715008ca08688ef172fa;4608;Mortgage;106
2234961d03ac70ca4e9bc33ab0fca344250bc124238030c44620dfd425f0bb63;9101;Deposit;195
00d2e00fb2c4763db1dbd071d583ec82602353e572a606907f31360d3b140942;5193;Consumer loan;180
e59089537fe8be6d978008f1e2ada2ea09871247e70a045d4e7c6778ec03c646;1990;Personal area;7
0a601ed0789015ccf23a1874fd05add9515bc5cd01ad36f548af214a0bb93659;9216;Credit card;152
a75b817565847652141a14618b312d8158b9ca61bc88d474d3c172575b51b8cc;1486;Consumer loan;48
3d2f7729078a9a78557eb0e78c5c4bd17b3df84e507ab557dd4d4aa453aa7b35;5350;Personal area;112
3dbe7cffb1c80d40e16da5b2652468c110ac7565a63c798333f20372a0efd9a3;9892;Consumer loan;22
3aeccd3496027353a6d977230260da25970b9a83e387d1ab5dde9b32c4918f66;2267;Deposit;12
a9d5148014390d9d8f5a71a7b36424d796a2ea0ba2e0a0e6453e682c9fedc63c;5013;Personal area;153
a485b762dbf2610c03c4ac1967575df2c32294113fe7eea947fdb9d3777356c2;3495;Credit card;57
ceaa6256dd1f4b57031e6beefd4e14582119cddf09cfa5a4c9224fbfca5d8043;8156;Consumer loan;142
71549789e9ccd470e09ea7f2c2c8ee18c21a1b469529842ae137d2cf79599f3b;6988;Investment products;66
3c8c2c5f45e8c152a328315fe7fb5cfd662972b2dd6ea3a3896f3f92226960aa;4103;Deposit;29
41059331e91334976b118c00f0419e475c67b7fe1df8603df91596752ef95534;5334;Consumer loan;140
da189095501969b0c312680d67e64972a1d55dde9f570af424dc11a35d8fba46;5018;Mortgage;193
3b1aaf4a95998f2eeaf25b10c775a44e81bc87122f73ac8713a30d800a5e6401;4229;Credit card;153
1ddbece57e55cb2f9b8b8db85146910de41a10f31b982aa9f3f9f1227e1ac2e6;8818;Investment products;127
dfde19f4cfad5ff9c37467909a4172e10bf5420c1313fb86a59d6294daf87c5f;5734;Deposit;148
0e93f524c12d80f366011eb5fdb6eb0ff5217de3dd6ae54f0bfb76b9766f46a2;8070;Personal area;119
c1534b9940793609c05f6643e482a7acf1d1a7bd73648a95c270fc5fa06b7bef;7695;Credit card;84
e25870a69e81ea4c2445bdfc217e37841413bcd24f234dcee1ebe902ce07368b;1250;Deposit;11
57d7fbfee1da84054fccb7b0d8782a9799eccff6ad681160306c2c9c8ceda001;5231;Credit card;48
ca0798f1739e51a00948664da23ae86fc5642df003f6f38fb4f5c2c1aa9aa46a;2596;Consumer loan;1
8dc690b42390009fe7809fbd0fcc2fbbe7934cacc523ec8790eec9211e987b72;9128;Consumer loan;156
21d859f4e83af9ccac19ffaf54a77ebf9e11f988908aba70421d179c5659f5bd;2468;Credit card;182
7c71bfdeb382b32041e2cee4afa603631b2309632f0083a26a11d050c40b7f5a;6469;Consumer loan;198
73aba39ff9fd0df5d10e0030d296deec21b391f765fe86ff6118733fc7ecd5c0;114;Credit card;77
e87d028219df126b27b807d84d0f6724ea2a73d996b3e0bfeca027b31c44a876;7504;Deposit;152
2f0280fb99ce7da6796f908ad41fc47d17e99a0c325af2a85ac03ac5ab96927a;8664;Life insurance;148
cff361780ec423d9a020e3c127bfa8b9688723a29e2cc876f31bd37a215a1e59;5105;Investment products;42
cbad0bd28603f3b0119fb50a0c9a925c3f044bedc6dc44cdcab676f206116f59;6972;Consumer loan;48
6d31bd64f6270d8b8fd0dc2ef7f8eedf57dd0597e0bc0970d85839d16f7f02f6;9502;Life insurance;157
3128207ef5d1b4338e344a2bbbeabc406b87ca67944c36e4e7601952d69310bd;3101;Credit card;60
5f30824f44c8cfa16936d2fa1204c758776c37f245ea7a0a2d30ea85d2d8a1b0;3811;Deposit;171
242cab72650407df1b106cc106d84894ee205f0cc47f4fab1cc39eb320e7fe86;5727;Life insurance;140
e91a5b5c115d27aeccbaef83d78f06107aeaa8648f890975f8a287c18eef02e9;3365;Deposit;32
512c15cc4fd92fe38d731549770bbd203f6d54febc355ac426fed23a6830f083;1657;Consumer loan;23
110967bc0834077e85d8885042b082948e55fd8c61db7ec8199920193d1c5a46;6739;Credit card;142
dc6e77a627d7444b7cdfa88bf88819efb5aaf56ef294a2b0621e690e598c362d;6882;Consumer loan;139
bbcd211e4657a07366c0ec7702d4401b857c7a8e3f8eb75fcb6de1a80a1baa19;9136;Mortgage;63
1f42740a0d5409bb017278a8dc2a6e8bbf20b40b504a2e62f48c05e865c81fb7;4385;Mortgage;113
363fed8321b518effd1c13e211195ff1c7ec1c2aacabaa571b8bd9018f423f8b;7731;Credit card;99
1b135f57bfab173e7c3f31086ae5d325319b4b095265001c5b3dcdc818405de9;8105;Mortgage;59
40fea4e80456f6a50bdd85f027eaf60ab3349326ca47d75c00ed4e049f2e79cf;867;Credit card;124
c03f8dbcc41d1ecf7b80538e36b7e1b8175698a61f51fd424964798ee0572c17;1937;Consumer loan;136
044c5a7e00718f01c6a89bfab8f5c6fd496876655ad8d1693fe2313e714c7481;9141;Credit card;111
9f8806fff41eadaf5c6afcd414c6e951247e23c6d53f2d0884d1bf80f39e2695;1322;Mortgage;188
835d18ee829a633b19f73ce1db6c280398491a13ba7d0dcbefbc093105f98ff7;8380;Credit card;194
be44a9defabb50290318c23ba0567395689f9d94aa38f4d53d17f694684944fa;1573;Personal area;14
7c3a6becb4f4a2abe5e2646820abaccb4ffe4de0390f80cc71223eebe0137866;4633;Mortgage;148
cb9effb536fa8d5ed26420ae0fa5ea1298951ee04528334fadb84c491cc613af;591;Investment products;29
f5a4715136752aa100b528c77bcc489112dfebcdd4228d8b755244554bd90c32;7650;Mortgage;4
4a065483b6eb3a85b79bc1ed5b05dee7ab3a2e3d35428862168dea4d20873c71;3378;Credit card;22
810ddc7455c1db2978478a778ee4e49fe16e0a0261080acaf778dffbb7038b8d;4881;Deposit;98
c19b2ba9f52335fd3ba7eb7c45238fdb645689d73890fc7240d7e7d06ed405dd;6660;Life insurance;38
5828c58994268cd3769bc06d026c50b60319b4e48b3c6682b10244cfad756773;3076;Personal area;177
34239c66b7d94e0de7b55b5d9e205c3a2a304fff8b09043513c4e3a14208748f;545;Deposit;58
f3b50e18054bfbeb37127937e738464ee69f766216864ec05b66dca47a8ee666;2164;Mortgage;137
59a78c87ac27c6f2a628db48d199e1e3801bdf0fbebe9857d1d5fd835fa11277;852;Personal area;133
0d1fd400f065e4a64b63addb5b3b4292377954c8be01f48740222bc5ffeadf45;7588;Investment products;125
968ea61eb2f068901ef2cfac1b16b7487a1888e01bfa0c940cad1fd012b58a99;8061;Personal area;100
3945d1257e8c127c0b35f923b11a710b86cd489cb28a6c44497584c1cfb43e7c;790;Mortgage;165
c2832366559730717f521ff863ea81a0c3813cbf5d192d9217b31c15e7d8c7b9;4698;Life insurance;171
e3945bbd1fbcfc18aa9c0433e59621ffb4cfcf05cf5e15467a2fcd15f3f7c4b2;163;Personal area;5
182142d70bbe723f8b3ecb2abe3356b7394b351015f32734f0554815e7b09258;6823;Consumer loan;69
12099f1c0be9168bbd748e7e1dc6aac409e6166016262491ed9bad58d8527be3;5510;Life insurance;136
434cc9e89915725d342d9f276a8f4e5c508793087bd8a1a713e2b085e2a91cfa;1375;Credit card;126
807f10c341a8e6f35633821b2e6272640ba58cd624ccc62999e74bd3b2f0b431;8628;Credit card;67
ec179b2e6ee52fe4a2e532b348afc65e921fc7b198b76a8e87cb3ed4eea5bcfc;2420;Mortgage;43
a869a83575226a8c274139751792392c49e4b68debaa399823605e0013885aaa;3790;Investment products;92
7c72f89d6aa25710b980c34dd4639c4ae9683afc607bb0fc5c5ef0e616076401;5511;Credit card;56
64eff02d7f514d335bbe4edc0ed0664a0c689b8750905c7393be28de8e65707f;8470;Credit card;3
d8210515b9e530ec5e345daf1ef9ddd15fc0ac3d94f8a2158ad83299b8af1d37;9775;Mortgage;65
003f7cda9dc8091d42c17ea1549dd67e8a8f412b24471ba3be2a4994bfc155c5;5145;Mortgage;48
271176e7f3539cd57114bb4b188fd986007a6c2c01fb738550d39262f1b3cf23;3143;Investment products;98
8d0db994ded1f225250750376cefa595804ee3cad4775e69caeca73b8560d3ec;8620;Credit card;147
6810399a5c3dfe6bf56457fccc1c8ae5657bee8e95a9c00eda083d89013a1cf8;5601;Consumer loan;40
8d9ea6ab5f87baa7074930a54b5fe2db2a7a7759bc1787e64c8d657651a8063f;4863;Credit card;137
972f6bbf9d5171ddaf0d95ca63c6f729b468fe2d6e7d92a684c2e089d0d4fe75;5881;Credit card;61
43b4be2d19f7a84b7847dba3dd0c3143e8638288901dce9784b94e4e16f4fc55;8429;Investment products;176
ab447abd1cc3ff7715504c5a8cf1ad45264dc58ffd187a13d35df5525ca16feb;7647;Mortgage;133
e13ca7b31deab66e9310750dd4c7c379134cdb20c85aa5a787710cc9e6713ad3;743;Personal area;103
feb6249c9001b26f6cdf6ae37117e5ed7399e94a0e567382ae18a023579f9af5;2724;Investment products;130
1e0fd536eba231fab5b9ef406d882e67554e15ac8cf0efd4048d186a5b49bd8f;2573;Consumer loan;145
6dc8427c372161aaf074cbbea68907ee647242e13efa070a33aa36bd4380d131;9801;Life insurance;154
4c11c3c2c8f5b43c95a9bcb4ec53a3136f1055ae27b2562305f01642a438cbdf;5876;Investment products;50
c81f4b4bc62aac7d9ad8ce377667951bd8bc7a2a0276c1aa4aab5f194e73e93a;3667;Personal area;170
65bc44758d053b3a3532b8d1f5cfe5827e0e11087c794b55a1a87fcabc7b8e4f;3670;Life insurance;143
7e0f8c8de75d5cfd3c2aec6f31897b8a93477de1a6837a4c5f46a141a0a75a73;9892;Life insurance;60
95775e0860f95d3fd1afddd1f5ac25e3212c02e5c454504a5d41d2690f9e9fc8;4466;Life insurance;138
1bb3f5b0a15d1f55706a2acb3b1894ff7beea74fd53117a5c144ab723c320b42;4130;Personal area;137
ae7abf856ebc91afb9f23eb7f49ef5a3a46b917c91dac00e289a2ee2d125d3a3;5508;Personal area;32
a4de8f95fb55b6c8274add3e57be526c822f0518e4683d37fc88839811014930;8565;Personal area;147
a1ad3dab708dfa71d3b037ff004745d9ac63f4de0aaf3b0a82b5d7711b6792f9;4026;Mortgage;86
00f1a2506c5f19bcee4191b6f49da089b1458812ce1d1b649215e81d134ec0ff;153;Credit card;36
9789b11cf914ad40a528eed0d5bcab8391b32a0ca799b590aaea27cf9700d665;2182;Consumer loan;132
fdc9eddfade6bb7dabf6b95489648e4f8e109b7ced5b5d1840b366983874030a;9010;Deposit;130
2f0b231818dd229207580987ca0e5031afb65faa993549950dfe98f5b1a95c4a;6904;Life insurance;23
53d64622365069096bc8d106d3c19a92d3ba9a518418f546b9188bf14203e429;4175;Credit card;29
d426935c071f24f9d196edc62f70279ee2225928d24fac5d9b0e4bb4bbf490b1;8938;Life insurance;190
6396c83df04470ef38972d5d2c27ae564282c27f021cc07374d9b1104ba4fbe0;3156;Mortgage;115
858e48690ef2f7b953c95c563866827817bb4e6d3c30b8a36366d40ab3377535;2571;Personal area;155
48fe24ba6e8fe09b817a6b0dac2fbe11550ef532252f3df0c3012eef3405c270;8131;Investment products;170
ad66f215785b18fcd5653a8a05c1f76052bec140ac214934b1102ecf1acc3b2e;2057;Life insurance;5
ee79e5aa15cd02d596762c2bc5e0c50a79df3bd0193ec752db373f88e0e70c4a;5339;Investment products;41
241cb5cb19cdbf00ff6af37e1151ae7d95964c92ee9e38fddb10a20a95ea0c7d;9941;Personal area;87
fb7e2eb9bbcb09a1c7ebbfb2c830885584926ff6a3c9ca872b16d2c4dae068ae;6704;Personal area;133
856647c872f01f0f5de8c6c76f42afd0b3eca847cb65b68be0f8b4b042136a65;2895;Personal area;109
6707278508cb54ae2997cf05fcd0fe0c061d79019a27a46180b15565b2804af7;392;Investment products;43
576b8fcc4571b1e4ad0f9fe91b01fc4b9ba0c76e28baf46143058787892a8b18;8470;Life insurance;96
21b5be9e2ebfb830286a1f65daab12a6718a4237ec9b7fd7e2ab377c1055a784;1822;Deposit;114
6545e0241e0cc7564b45c4fe2ee7897db9665ee18c7be322f212647d923deb6a;4504;Credit card;195
c32b2fe7b5c57f846582f7b0e652fa9c1eec88d35c66a245a0b784553b2f66b3;9727;Mortgage;150
62888af4481b43bbb2cea2838e7cfcd56c9376588ff4a5313d8352c6a9344cb3;1707;Investment products;94
dd39560ec87687db94e5a861c0b794d1b6e8c1bde12ef4eb7746b56851ec126e;5080;Investment products;116
edcbf442e47f10bc38b8655017380d5d8652ed7f1d6081e445d495c0f2411fa2;9188;Life insurance;29
79940f909d218c1cdfd5b068e90dc623bd4d81e88727e402acc9aa5fbb68082c;7843;Consumer loan;176
00f9e509ce1cbe57df397b3d6ff0b53eede5a402dccc009209f469a6feededac;184;Deposit;105
2e5e838025afb2865157719e2df813a398a15e80503d5106573c2db879bfd839;8395;Consumer loan;196
1768b21e29f9e88d2a372b3f843b3171c5755df9fc4408b99f761e7ba95cabb9;5109;Consumer loan;143
e3741bdd4688f3c6e3ec4134e3c5a6712be972120fbc1ea6d4dc1a59921745c0;9503;Investment products;110
b1e9d736808688223556511b6ee9a5315425665274521ce9dd02c0f36dafa1ed;1986;Credit card;155
b243845359fd407c7454da2912454cd4ca98a90a9d394c44467d69e8835afc95;9742;Life insurance;154
b4c52f6eccad115499d5165ded565f96e04fdb35760eb4d33a30cdf2e6c587aa;7644;Credit card;138
5ca71c260c712793d4f166977c939f44543f29b334f6405599427d361a29adc3;9683;Mortgage;75
a3abf9526cf63b9d9a4c3826dc70d99fee7aa6c3b808584f417102e7a0d3e5cc;6342;Investment products;121
dd98c57193a1139deadc042939e5972f630447a149985ae1806ed03bfda59d4b;6283;Personal area;111
c1d77af1ee62addd0a03f158c6f85e753ad5ec335fbf5eb5a74d675241983c02;608;Credit card;110
f54b988ccfb68c755962f3bd6e55fa6453aa9546690eeb4b8c263f0ef9e02e92;4829;Deposit;43
8886b021992668396c4a2f38fb30434d4172949abc9a025eab4ef76f369f5b32;9317;Investment products;134
c3d2f75bccc2c235587752dfa596bd9b3ae4907ffc6dff7ff19394bafa2da57b;3771;Investment products;170
1b998b8f28629bbfaa404f54d2e4de1f34f2395ad14441a600dc82dc21bce0d6;1597;Mortgage;74
ea89f2a2c97a6bc49d550833d687fabdf676e6cb856fd316b5f36a118c5c38d6;4839;Credit card;144
ecfa454ad75b8d6d002de87731e8c3126e3e2f95a0050cc40c4166b997c8d611;5209;Consumer loan;130
b5e436307f1c5bf2049de82bf204457f598b6cb9606a2ad316732f57c1012802;2583;Consumer loan;115
b32393713e27a3245ad9daf61fd2dbeece6883ea58c00c4ef3a5d1d42bc4924e;3321;Mortgage;31
b26682dc66eb044db5c2f1d0f4f380f0e1d579bc7332508e6d364dc34320c51b;6209;Investment products;90
17f759e0e4cc2e46a860d55d3e0aa50a5af5a2ef662817bf25e45987cda44931;5911;Credit card;194
508a20d67353fe7d18e4e36a2551c74b6d9ebd0babce67629e66919f2caffe4a;8010;Investment products;60
e7aebd21cc40eac47bc06ef8770c8bf34fd3c1a64f49cc2ddac47d4d5eacbc7f;3327;Deposit;163
b68aac47921c8415849b219d18ac2e9792b6b84a50e5b172b613e793b919ba9c;5244;Mortgage;86
c9d76c8ca5bf979657be43fe51b46eaa90a49bd874e6ce897f0be049cb5e8389;5681;Mortgage;73
d0852604fd1bf71ea7e9fdbc98fa91f1cc0214fdd0bab765ff11450417077208;730;Investment products;174
03811902ec50b48b3d34fa9778cf5e3472f20c4207fecd4b4eb7a7e6b15bf199;5945;Mortgage;44
e523b2352070b200831c026b8b15a0d16708058be5d5852ce9db1fe39608c247;7183;Deposit;151
ad957e08ea7b850e0f547ad56697c861d35512725ca4d10c7f0a92bbccbbceb9;8398;Life insurance;76
ee8787b2d52454ccac98d402165bb8b3e271ea45d9c4013f2d596980b16f6aa2;183;Mortgage;168
415d5bb70e20cff4730e2e2caef671beea314833f1b2a4ce493fbbac6d681a84;6728;Mortgage;121
5b818bc99920b48a32c58460adc57611a04af9afe8345dec57947b8472eb49f0;8746;Consumer loan;126
4f92e35390a31685121b03650bff2a2873d53916322eeaf33f55907f34b10466;9097;Personal area;196
a38d64549450d5f5941cb943893240573c531ad882a19cf2000374da5520af1c;4356;Personal area;57
15552c375584a4dbcecc49718a74aeed8dbccd8332c0fc8ff8028b3fe5dd973d;6024;Consumer loan;56
b5c40e7205727457dedb30e451981c7c8d53e907f5e98729fef0c521d45c05a3;1845;Deposit;80
86bcd0384cb07fe6728bfd6779580ffb53f7e259cebbaba6311c321a0a3e2881;511;Credit card;128
92d7e28035641fc632d3986a17846a03dd0fea19d6a88680fec84e2c4c71e5e4;2191;Credit card;155
e3dae3fa4417e52b0e380944dcc656902f0201cbebdf6df27dbe03661065dbc5;4787;Life insurance;113
4a4f564dfe1b7c205f32be918a6a432dc449f995f7fd5ba4655ec6442aa2f335;6852;Life insurance;59
5a6132d96de068b9dd7d9d81a4ae0ea437d914c4e7142ad5c52fde763f09d189;4285;Deposit;180
94dc7a55a62649e00abcd7986050c15368d316b58ac5d3e4f048f7773e4307e6;1367;Credit card;64
38fdcd36f5296ce9d9ce8890d90dd4f7f63330fe87292351eeae177e9a4ede57;4382;Credit card;7
8cdc6bb4acbfef778f3ebb8fbffa3fc9a3df42afb3f268fa676556c29bf20db1;6835;Personal area;124
cd9bb2286a6223d010ad867ec0ef375f0ac141f33fc9070fb17a6c35e0c56825;36;Consumer loan;147
5f1d2b60cdf20acd3cd55bfb086074308f58caf05d437c04a6233bf32a9a2779;5900;Mortgage;130
6a02f5c8809f5e16bbc5c39cb7ac8f63652c9a47401df02ebdf3068e2cb52ef7;1914;Personal area;155
1de1952f6eccd3f52459aa54effc4ebb751c36be831c1c2bf396edf39377fccc;2378;Consumer loan;104
028242fd38b8379308fe2a9b5d9e167936e2b01f8c1fafae4f0fa133f70a8d77;8181;Deposit;101
6911d24c0deb27725dad9f7802678587c292ee0d993c8d57e29b25ac914f3645;5814;Credit card;1
b05eef231bf948897b0f3e3a764043c7c6709cc13513c616b213ca0e7fc27b3a;6831;Investment products;119
43cacb74bebb51c7b225f196060dd69cbf73bf9648ee28234f1f840ba9102eb3;7203;Deposit;170
19677deff4348b33b7f43d1baf92134e52ce82d954e7745788ad91e48578e042;7156;Mortgage;92
131b98dd60969ea1f1272b6bd22d4eb716592c8d04018e8a8eb2d1cf439a385b;351;Deposit;83
fdd1c174984165b4ea54f10f653947b324e4a9dc0fd91d0e9ad04cbc102333d1;4593;Investment products;18
52f70ba32280c07ea219c15e764dd85ba4e5c88b9dbbf83cda5554851b532c8a;1035;Investment products;71
71dd96d364fb65b699d70de27e5b97492ecd27ce58401512ebdd069973e81c42;2279;Investment products;194
5a9ddb7c3ea467b816ca8c39ef2884ab27c5112a0c9dcc70e200d0be4e4ca5b2;2079;Mortgage;171
c03c7fd1de75e348d0de2e286dbb12febb6760749fc4ed49ccb2360e4d8adcd1;959;Deposit;120
e53d37c04de34989c8124ccde984d4328d5acde25bb0927654b93f0e8fa88701;4947;Mortgage;143
96140aa429c5401f73857be5538f8ecffbee479ec84f4371b8d9490346e5536d;3989;Credit card;103
bf78b7c287287f096d5baec01ed4d512726ddb0aa9843d10597c5b6ee4e0d3ea;2596;Consumer loan;174
c21dec9e71217cb699b1e0acbed007d8f0b41918009f522185e680aab5020b06;8375;Consumer loan;35
3a368e4b92de491d113cc11c63773c844674eeb967e160dac68d62264a96a43b;3987;Credit card;6
c6bd87133d0714e3e8f6cdf4d21cb0e70f6b87ab4ef87ed273e0b730496aa404;1828;Deposit;103
c436670753d243e88756ab1f3afa3b263b5c3f31128bbf5d2888702f6f533e2e;5142;Consumer loan;113
3e2ecf00183e5284f7a96d658b235f0127d4949f2f7e89d41335ee4c3b0ed046;3280;Deposit;43
9295c1ee16a6c48e767b208bb45f2a71310516a6c646a45e6cdf0b29a94692cf;7998;Mortgage;165
391dc8a10ff367a00885bafee81e3a3088b8c5741ee1ae0946b828474a93a2c0;8815;Investment products;183
4e27af85cfea7d2c186742394d790b6c917f9bb4fd75d45ef412d410de05a44f;7464;Investment products;34
7afae23eeb6d0d1d2a3132bde229f7c94c3e9e667bc020def768a551dd3025f4;6440;Life insurance;186
c97b8d8f19dd5963de5c8220f790f67074552b4b641acfe16988642d3db26913;5770;Credit card;101
f4c6b498005c1af24ca6e1f2410392e6057ad6431c7f037bbdd08acde2ed0ef5;7309;Credit card;111
954fc89f5d5383e1226ef0856aecc241ddfd62def0b178b12bead45dc929364d;2961;Credit card;181
8aeb78c044c866106de1bfe65b3014659351d0a4ceec9770eaca7a2b28218af9;6080;Consumer loan;119
3c350abcc14f247a6ffb3069b905be1a9ac2ebbdedcab056ccaf9ba3749bb91a;3056;Deposit;163
52b0907490d323cd650d1567845af01ce4b9c51f3df6bdc191b4e956cdf57916;7064;Credit card;7
b25bbc1c9df5d3a3867a98694bdeb8a2fd17c96b1fba662282afe313b7a81259;5459;Mortgage;71
20a813168399f8bdf9072d046c16aa2a7ae3861c11fa60e370700076eec620ec;5781;Mortgage;29
9062b8bcdc829d1846f15f04d8181d2885460d1be257bed04570af054a7de240;5211;Mortgage;86
fe7b32ff354e0f5b7bcd16c4b75b34a1ebf335a1bc024c1ab6bb3e62d08ce735;4107;Life insurance;105
603b431de3757ac9253e60e420117ce0e0b026e7ddea1742f18ac05dbee76b63;8572;Life insurance;142
15b725b6359a3b71e7a8a1121841aee32ce3be2a99a05ac4558ea0efe773de51;3392;Personal area;54
cafdd7c8d1a7ce0211b75a8f1c5a308c9076e3ce3cfa557ed1bec9084b076d1f;4410;Credit card;14
170189be3f2918a3d9b6bdc1c7f3121b8c57c7e9f97dd3d4e7b92d6a811a7686;2102;Investment products;90
c0ad5c89cd4b3428dfefd195391bde9210dd6f0ad5c9f577652a82bbc660d457;5618;Life insurance;34
0c79b0c76e2524a59b981fc865e07db9e9977c8be28a238904616453e44b3aae;1720;Credit card;197
1df08aac16d66b81a09c94fbf259b3e37e9aff8c5e04366f7512f6fe4b19c296;4359;Credit card;89
7b715b773d7fe56f1e62309d6406dc1f73f0e7264d778f750dc54e4295502352;9040;Mortgage;192
c6c411cfb9bd1a9e231e5477c0b740e112ff7fd7e7fa623da3ce37c4ab92bf57;980;Consumer loan;120
dce6e507e97e9ca87633f0ecd083feee1a75625df64bfc6f035f8db236d79e54;8093;Life insurance;145
c246aceee7f9efb1051d3b06b0853f9d446d9d6a29631815e560134fb35a8fef;3391;Investment products;8
d06ed8451b8654481b9b8e5271e364414c2f180dfa79f3bdb255ced0cc920bf9;9893;Life insurance;170
a66c8229041724825b780d2cdb59483674d5d014151cc42853e2165d36273b1a;34;Mortgage;129
04782ac21d30ce70763f9e2f4c12e5b35258db105c1af32b85915a4a744ddfb5;5911;Personal area;145
ec8623a8737bbd1b9114da7f439147b182a8ee1505d4fa50be0bcbdb827c057d;1487;Life insurance;89
afa732014e485296fcd2e535cb882684c15df397cc359c7ad232a3eac6031ef9;7123;Consumer loan;69
6b70665ca3245b7e0034f3e942be40a8a4c277589af746fb61f492db4dab943e;924;Personal area;95
07d932c65fe907efdad1f2fe803850d42897b302a92e058d5d14199757bd1ad0;3182;Consumer loan;10
92936d0534acbdd3a82ac5fe020ccfe21ee4a48c128f1d0d13dc42c83fbe9ba7;9134;Consumer loan;97
5d9b8b657700e9f81916e3df205b4db1236d5ef7fb99c86d78b84a1eb52e6fe7;5766;Personal area;133
72221adaa930eab7346ad96e5e06533da88d6d9d1ac4206f720e288e19c2e88e;6603;Mortgage;25
f6e7ccdfa9e57a8f14db680b1e756913f9cfe8f0ae0499930f8f85ef4bb94d2a;2377;Deposit;15
3d63d1dcd9820780119b3f0e88eed6c380b8ab8d34a7bf59ce2a34cb9d8ef697;2205;Personal area;198
277a3883a10ee663c41b50ef2264cb612a9cf1a22692c868dc5c32f2ddd9ac9a;1810;Life insurance;123
7460e0dcd9c1537b180821bd62fdb3ff6f791c898420af6f5d0616ff4fa58f21;1970;Deposit;200
84aa4a1e130f0699681d92c664c1717e053bc5b9f1dc4be035b3cfd98786fde1;8167;Deposit;125
dd1f0c8729fa61794105ae54bde47110b6a38e08e577b0e669bd475e8728d666;6822;Credit card;28
19497da84a6474e333fa58aaf40b642681fa335b441b6d045945b4273e451aeb;4057;Life insurance;110
f1e799907e13049f6af51f2711ddf1ef2f57c91450bc7efc9989446ef1aa1efd;2351;Life insurance;33
aff9b4cbbb5f4b52ad6771bb3855f31b2d6e7e2c91e8ff9724ba06ddbbf846ef;9627;Life insurance;147
792496ab9b037d914ed2fe789f5b63a9bb96aadd29ef06ae27f22c868a7397c0;4127;Mortgage;96
4fb1500c06d34b73c98a8c1897a9af2b0aa3e0f58fba3ed7c43c2c9ae921e089;5072;Deposit;101
2704777981fcf605ce3650a8b422c45e27ae2967a649f0e57b646fd55c8ed99d;1437;Mortgage;181
a8a521963cf2fd131737e069986de6f430b6c4796ad7a9687f62040cb86b137d;1431;Mortgage;69
32dad2aee196466a391edd71b21cc1435e169354fdd5651e65509757587c2f3a;8325;Mortgage;182
9a0902ce524fb7eb78fd40fdf6e202cba1cd0c4c3aefb05a3fcffed3dc12037d;3510;Investment products;189
8c503e2e91f0c98afcf44d9e2cd5803c1fda22179f4bb36d7b3110a5139bef07;9056;Life insurance;77
4696428d35824e1f19085786b03a6bc31ad916b468b78631508948b9f8231d08;9145;Investment products;5
61fb2c987539309acad6f524c366d792f6f57dcd81e94d94b8745eb6d00579ca;2450;Life insurance;151
836e8a076fdd0aca8b93f0c6c5b82015fc8306c7891f1cc75bb9cb335c031ffb;127;Mortgage;65
c3a2529f89f6bcfdb24dc1e3b9e780af6864efa5da88587fed59dfe9c86adfd0;842;Life insurance;126
7340d5f163d54f30be6f7fca84d98f4c9e7e40d51c481c95ac5ea9edae6db342;4591;Life insurance;101
ee303e49d27cefbd36d1b9bbc8588bc787ce73499de161909c20a010b82b3106;4975;Life insurance;52
2f74414c58ca006509a231c3f93c492bb380a3c3ac0c5ff7d0f92e57925e79ab;5382;Mortgage;174
c2112f9d160ddf162a0c50586ced9f64808195fd84c68113d9d00712022d5f16;4028;Personal area;132
6790f0ae8b51d21988f8c3f8892286a1420f163ef42f2b376f11f682f35564d3;7240;Investment products;148
614ae668656f1e1b7ff781d68c23b6fd55e9576486e8553c7f9bfd896eb8155f;5999;Consumer loan;132
daf238b14896c7af42b2bb36152b408041ac18951f24482f31e52bc4d794ab29;6748;Personal area;9
c4c80ba19740be60a471ec425894bc8850c1b0420db57f8d804710447850a6cb;4839;Investment products;41
636046714abf36398639201f120b4723ed7f1ef63d75944d59251d4664d34adb;2003;Credit card;10
652dafce98e970a3bf5c6dadeb1aeb2b2b1e219eeb55b1f5db7520ee67f2315d;1524;Deposit;60
4b10453f1b7cde3e3b6b373fc9da2b21638a9c5eb0dd03e2ba01bf647e50cb87;4168;Credit card;111
cbe6bc89ff5ee31ba31f3b6fc5f84d9b431034f2862e1817c5971b0bb219b387;819;Investment products;71
197469e9dad86ce9e150ed79c7bb12c69aa9616ad63f1d28efd99d177fd061eb;2746;Deposit;78
5e155aa3ad36a4cff8c86e490866ceef4cdf2239fc478042dba3953f43374beb;1273;Credit card;171
49d2cae022770dba410f96d6025dfbab273e1c20d0c669f70b285288ed47c011;8114;Consumer loan;5
b689f3e76b5739fcccb99414f3baa75e354c37fc5bdc7f6e02e1a3b079758aa5;5285;Credit card;17
2a5dfc9a953c99f889b65046240760059eba181b184cbeebb3750c78a74ed935;62;Credit card;134
e180acabb7ba481b08e5a2807bcdad4281f4edc91aec48d368d9ff2c9dfe52ac;631;Mortgage;158
8dbdf9f1782090eeb857f41c89abf64606bfb191ac85953db6909777ecde6418;8474;Deposit;181
bfd81a620a78adb46932eb5ad2253383b9a9c84f1254c1c2533f2591f777eecf;4659;Consumer loan;185
507f6c9935f2344852c413dd7e7832b6dc7f0ed70c221b1c12e01eb86c26fa1d;1394;Life insurance;133
3d6050252381f40e6f3cb3482bce3cbadbf4a0f284a2c31b7c3da3d19220668f;3210;Life insurance;67
c5d838af0156cd63a7c11cdb4b81e663333dff8dc50ce4c737d215312b559a07;4581;Personal area;58
e6b3f16d687bf6c8c341e3c4f73005d1df1105d96306e03a4a2188d4b1a1b62e;5091;Life insurance;42
2359beb4c16c2301aff801cf8710f2930ab8d130facf7711686fd023c0d345b7;1517;Investment products;159
ebcaa416fc4d28fed5955fd49902023410cb52a884bb3f2e7a8e5725e5a8d597;8877;Consumer loan;131
96ac95855b4407dcc91e371d06ac36273a7111ea2221915d43441c8b0fe70560;4562;Credit card;98
48c79853872de4c3da997842ce6753d57fd7f2cb34c1e9408a6b19922114fb8f;2443;Mortgage;122
fe9f3c41fcc68a72125b70dacf5aef1f035d1415cef058256f14448bec206942;7985;Deposit;5
7949a73b166c25bf3ee2835f5f5d7685f845603cb666c3f43f467b5b2b4113d9;757;Consumer loan;197
4687575bcd222ccb7099c212ed55a8880dd8d2206ae009dc5979fc06ff69e0d9;6512;Mortgage;61
f95fac904c945bded32a4a89195717a0b6eabfd5acbc32338431d61cb7e177d1;1621;Mortgage;153
04d2bb6c3a04f27e3ea25e1b5c2d038330d14ad0a44864a6fe06a239ae1f489f;37;Deposit;81
d46b6d2368e019aa562d3572aad50a0d9f2bcb08a2418835ab332416197aa562;6121;Deposit;137
14d60a8b8db66a3db667047fd2a6b132490b02d48ba68e79cf5634b8aa5413bc;7275;Investment products;2
b846b8f294396ec350b030572f0fed97a925c423d79ddbea3e4affae91ffcbb6;9861;Consumer loan;50
f329b8c2d8aa752081366f8726c57a90f86106aa0302d6f290f1cd4d38087302;6938;Consumer loan;110
1a7d133f011a467caab4bdcc3db7163f69bc42a9b576ec43a7a7432b93c0a543;5863;Life insurance;129
e725bcbf3d1a6c958f986ee401aa13a295102fba52dc17d72692b1371d56a1ec;4961;Credit card;58
08188d0a2682d1717a28bb750f787d2c0818d45d4fcda38759ddb212f981388e;300;Consumer loan;111
219c1d81d296072523bfafcf52ef746ac6d579e1510b90e60337a8eb41e4e5eb;7335;Investment products;48
9063900b241d897daf4e9641f1db831b9306d91fd31349056fd1c5b55f85fe6d;6256;Mortgage;185
17ddea004520626c0782d996b5ccae162d806f219def4c16d81c0d1c4b848be8;7017;Mortgage;167
e0a7e829b7b535685a31c3a1a2cbe80eb1c441b1429214b56d6672169072736d;23;Personal area;50
f359c00616f52cd3a391aeef4078d8b259115429ac9141257b60837cd8f4fdb2;2308;Life insurance;53
56d78559f6e12ed053cff601fdf864e3f037027bd6f3f5d76e69fbfa31bcabb1;1743;Mortgage;37
460c246c5db810bffeb882eab7c4768f59286dcac16a3a0a6cc660a814612c4e;542;Investment products;120
abd58283662b55054c3f59c281230c4f8b0995609ad8bb0ae55e32452f263d3d;5325;Credit card;158
5520fcdf358851c30e9c9b229aea079cb11d41c816cb9454cc58228e02e5bdea;5770;Mortgage;126
6c108a05f820fc5fb662a706e7c980d19c6fa63a5530f96e02d008d1cc4e12d3;10000;Personal area;40
903d2980cdb8e19dbbefb9caa47a5b0543c089e90ba4e94022173fd51a406969;4245;Deposit;165
18e08306b6932fa6e0a7fa6a062d15752b262ac7109838824696f8bd43bede60;3775;Deposit;170
97fffbe55bd6af71e912df3ee1d2b4786933125967649838229ef41be61d36ef;5975;Consumer loan;30
39dbe7fede3933446285d384d9c1a8365c455cd65e5bba8e71b3b331f002364e;2738;Investment products;140
2c4db689e2a98d833c934145e9c134b61e2a6b84a806a2a1d1b78b571bc8d54f;5020;Credit card;109
894568d63316de6c53ad933b761fed6885538e77cbf08432dccd6e8ae27c0ec8;8775;Investment products;67
c339f469eb73d3866711cd644d50a45280c85fe11c851f505442406017ffd2ed;4752;Consumer loan;195
ec626f59e3bad11108376c59b5e8afb15c817075f7f5554f173e516565bf02ec;3117;Life insurance;84
916de2f25d15e93dae059e2109247bd6120cdb2fd80384f3c2e0d262ce0f0c85;4957;Investment products;127
c5423a3ee18eb5733208ceda2efbd0dc8877d2d0852ecd9e812e866695d1fb77;7445;Personal area;79
edffb259201cabe2c78a83433d4afa6d161fe06c4030d21eaecb901b71eb592e;2218;Mortgage;119
53866fdb1c4f198d72bd5b6bb6feb87c586c818f07ecc9f25b6e5e78550ab376;158;Deposit;196
0cb17f281d703cf3038b50da548619af43e2f7b9b5cd98a943b5e51d72fa7d34;1019;Personal area;139
89e61a111d74d1a696dda10cb14089287b2cffc7bd63251f0ef3cac899483d9d;2966;Credit card;51
b603ae5ba440afc134d8f3fe2477d33eff69421ce029a703b581ee34c7226cb6;6824;Consumer loan;100
ab1565d5dc1a7c5a63a770949afdef832504ecb6d955fad028f127e2ce6b8f85;3124;Personal area;114
6e04b6fe01f9918c4315fdf83b4bc2313c782b146dc842ade0230bbcb4e2d44c;3640;Mortgage;131
f1be5ac979063f9c03e44303e65dce494618390570c9445ac65287f8d572429f;394;Investment products;136
6599cb25f17a01cb33ff09a7d6274cbe27a207ac4ea7c5ccf1a96643a283bdc2;5045;Mortgage;109
ebc93adc272cc1008d2a417029cdcbda19cd215ea78fd70396cc44d48fd96f63;791;Consumer loan;164
fb0e01ca7bdbfcd39abc5ffb30a67f71e8064439ac034585420ea7f5045ca6fc;1886;Mortgage;128
46c7821fd03049b4c26c2fa12ec3f5c3638e45dc0bfa9bbb9cb839b8ad1b0035;5670;Investment products;173
5bfb123a20831c67538b45519fa09e6dc38ca33d41739bbc2019525521a784a3;4062;Deposit;115
a3e896691e901004a1f5feaeda920bc28f31348f8c996cea687b9373a35356da;7281;Credit card;60
baa0b81765efac0539ab0fc1e1748ef6ccc9e3a4704623b3531fb749b21d8c36;9948;Credit card;150
a7ed835323b9f4f4866f69e2538463f147db0b503dedfe0cab4f5d01f0ad25f4;1791;Investment products;185
07eef3b83034545928052c4a0def33fd767aad78a9936487b3c51cfd725432cd;8077;Consumer loan;15
a3bcfbe78ce9e59f08e50c682941467c532b15224a42d80351a862b22b5410e3;1240;Consumer loan;162
86fbc557ba5f6a9e7ca4c78409072d5f6c81ee7f9cdac0428371e0174684c3fa;9584;Credit card;76
e994bcab17a35996e3b79823a7ff299ce86bf72d95f4b4f0ea8f11de98af06cb;2299;Credit card;59
b7e7056298f3cc4039495df246bdf9c2463e072964b194d209151af010267103;1339;Consumer loan;16
fc67db8513990ca09948aa737553d7bb3de8b556bfd532c772ad519bbb3cfa18;5812;Investment products;83
e653396b2e4c6b4449a4f3e68adbba3fbe804e67a4e5a5849ce200220ed0eb80;1509;Consumer loan;1
c7f70776ea163b231eed746a9194e4d221c6e99db24ac7e9158d2250617bcda8;2113;Deposit;162
46534cf0159f24f44ad9112f4473778959d2b9b255bff25c039d746e36dd9fab;9333;Personal area;155
4d45c4a8f1fd89e4d4d33d8a23e933309bbc427001c2707d2f415139c91c70db;6161;Life insurance;98
c4be8c5fa9d964a38081a23205adb828d2c11002beaf162d5c17e77c7ff0de16;6937;Life insurance;101
aff442b3825f181cf9488060c06ffdca0df9774ad4e12e9fe61e5ab67c27e6e1;8262;Personal area;91
deca42959c566d781aab3874baa115ef26e391aa167356e38e978f5a25ab5d45;9773;Investment products;130
443d9bd7a39d312a18550f9d17439173d943ccfb398621421a837cd77ec1ce9c;8121;Deposit;182
5c6506a7342d2d117880661a7970aabe2de940a242e90e8991208671be329c97;2348;Personal area;87
a2b4cb912f17e63ba66044a74ed7a683781bd6597d4679a39e2e63af615defa1;353;Mortgage;130
954e0019694dd4796e608234b26ac75cd2b45e64bb3229aa76e121a4425225e4;986;Personal area;30
fc81ce0e437e359d38f5a1724c4875aa0ed33b53845d4bfb5ef40873894f41f5;4484;Credit card;22
079f4177c6f69ef9c3cc6db0b9be3cd1f9b4fd9f7204bdfb65cb64438a70f93e;2915;Mortgage;139
fac183ec96dc065292241818df3f656f5197224528f7624f99b4846703b4eca8;4946;Life insurance;190
a3dae2506e47159a5c63eb86cf9e28e6c9d1ab345d4608438fd701f732471aaa;3003;Personal area;177
c80fc435aa4a12c87bb84e9fd6bfa731707fb8151077828aae14745ac42417fc;9405;Life insurance;183
e08b94871022a8916ecae9769473d15c34d70b28d4a4ab58a423caafa4f876b0;2104;Deposit;40
f22187ad65b144173d3f036209ccf41b7cda19b8a29ed0e0128d74a10fe1e16b;4234;Consumer loan;200
a21978f0269b7ff81d45104aead59f3a9eb332ba46bc8364a6b3bb723f61b694;5806;Personal area;169
88fc4adbd4d26242c3109238025ef29e0dd0a0d3db13e15025537e40e82f8a91;4509;Credit card;179
ad223e193381844ffcef4eb290f58570f2a9641ca49b82a9ae29de7c2cceac5e;1748;Consumer loan;20
7431c3e1d054e535aca31d53056c4c0f3d0883ee53040f00fe575530bc29f706;1419;Investment products;165
150683a903f0af2fecc2fd2c8454e16af51e810445c7839e8a0a530f6176bed9;4588;Mortgage;68
d5179a8ec0673fda2c004d548bf307d7733796cc8cfdb97e87bcc68b83336e45;810;Life insurance;181
f4ff09c72010e4cf0a4ca0156d9586b3bf442bc9d457872b6483bc3a8089d18b;70;Consumer loan;183
2f8a49d4fb0e205292c3d331050aa36ca24279f97e854876c5f5dc6ac8bf97dc;9306;Credit card;15
c550b1392a21cb22bc9692c3e47efee65f17b929e57f22fdd693abd689d5bcd8;3937;Investment products;198
1eb8d80cfadd0fc48245480c37bd55a97bfb90486f913e559e5de8cdddc897ad;9711;Mortgage;46
f03c5246390468b42c73de05000b5971b659c1183000d5b12caaf7289a02b458;6725;Deposit;13
8222fd6846f92dc1f4d6c0cdcaafac3c4e9299331a8cc9cd2ae06f7f2257a156;4908;Life insurance;135
dd8d6c3263ee0c215d0e77cbdf71f9ff582a459bc3bf9ec66c18b51ad659c130;476;Mortgage;65
6f5409d1147de3b018eb1bf90f28a69557262fb610d5005b2f3d0942490675be;5813;Personal area;186
a6d2df461899e4c2a0654476c089bb17a4b91d149aeb496e920b52e1800ef4f8;5144;Consumer loan;134
8f150b6df62520aa0d0d33483596ef241b24c5125b516e6914dd3882e181fb47;7260;Personal area;65
891b520a4e5dce2753555d84ccf01144d8f87edca440f1ff3fe793439c715a06;497;Mortgage;128
8724548368be14f1ee46670d6e6ad9f2acd9f48bc1ef8c7eb6241dcc0dcd3304;3833;Credit card;147
75ad03812e9b09150dfdd5789431e14dd3373f57066d16e9871d6e3dc45dc0dd;7176;Investment products;186
4f0d5506471f895a041d4c6fd87ad4b0afd49f28a947b2f3a146d2046c9d9c04;7564;Investment products;141
1ed98fc8341c0c381502fd8de1f82989793de949cc1d49f83442933e94c2714e;3562;Credit card;168
44203c458ab727a4322e36140f3a211004ffd16d0c7bedc2bc1a01b7ed34ef50;6868;Personal area;69
6fd3bb40323a4cdc8542f1c80966b6ba6e7957b510e85d530d8f4e8e25ead3c7;2940;Credit card;35
89cbb2a0a71358e2b26c0494cad63922b420e6cabf8b4174a7cb0c5faa7ece37;6299;Personal area;57
77b4aac5f4ea66b0afb24a30651e02d5949c3d41d2745ba64602d53ef40954e9;4217;Life insurance;101
a0dd2a32b3efe209ef9166ddbd36f3774124dbaf7762de94d390572f5786de73;6793;Credit card;144
1fbd8ea5bff859d501d82be7cf45f5df6d552dc7aa60132af4928920f99c235e;3179;Deposit;148
c938142b7454d844a5e70eb5f977341c7db51270698d7c033170cb7e92810bdd;3492;Credit card;154
9a596a6f1cf1a52a83378443b6b5c43e4583ad0689e7410ddbf190d9a9bcb868;7937;Mortgage;34
e0d5f8f367e82668b919164ca0c7856f2aff8706295051d660038c9655f379f5;51;Investment products;185
abf34708e749f06bea27473b146aef7f24e8e99e538fde9e493c0fc8c3a16b5d;5616;Investment products;137
a547bc79a4ede71381effa48a00c7b8b114eb355994b1f8cb815ab4550ed482d;6615;Investment products;198
80e80536fe5ae2e4962c3db093bfd5f7f8e1340f2a333e3f890ad41c12c5ba01;7914;Personal area;74
2babcb600dcea52e55cd43f6ade0d69a2cfeb4d0e098ec449071dc61972a177a;7812;Life insurance;193
6bb39b7bcf19c7ad8247219ad478760f428152d0f65125ddf657c1bd612d545d;4228;Deposit;82
163de77c86c07636e7c908677d3d2e0b3c390b85fa8d07ebf8f7f4cc1c9bfc93;2771;Consumer loan;6
2a51fbeea12278f15a4a903747f1fd6fc718f0b9c6d96f6d91b512457b40fce5;5635;Investment products;158
ab829f36d16f54a740b1938ea789f1b5b5e73bc420586d6ba462d1d3f88724e6;7854;Deposit;87
6fbadfd74c1ff731dd68aaddad9634672bc0ac11898f485d698aae92bf21a0ef;3985;Investment products;40
43b12b84539768cd73a4d7fe2200078f290529cfe83d380c609c9834a0e4500c;8024;Personal area;8
839f571bebc45e35deb04271595dfc4bdd0f3d1c9e3be2c8a1fd0d400aae10c5;5845;Life insurance;11
4b55f3a2abaf54a4cf725a173605504af0671cd3fc6fcff2cf4495aa2f30796c;8051;Deposit;10
f4d3d03c0c31b40d965f2eab0253957ac3c58ca9f50f34b2ee8115e3c6a616b9;7017;Mortgage;108
6c575066ed427e4dc6f2d6961592561bf593494b0efad2dff8fa423030bdda0a;1544;Personal area;148
8502d66947a7526bee77a8c6231472eadd1b6e241ce3066a56113a5ac93376d8;7092;Consumer loan;135
f7ebbef03b8f9c8416ac62a214d18fa5221ed40b73c3a69e38243e0c352b1726;771;Mortgage;150
09d5ff1c7428dc2b6ac572e137b3d42e9fe2d703a82f57596dafcfc8e09d2d62;8517;Credit card;193
51a3be61ee13aa811e25d22005c3957e9bdf86d9749bdc8066d4b9e8e76a0cdf;5104;Mortgage;104
7934ebef932ee41a655b221ecba64a527e6fa6f409263aa30ea14ff3ecfd6c52;7205;Life insurance;141
db1d46691402724c0148834a5a8cff615117b78e311d9ac0983ccb4b812ff773;1985;Personal area;88
341867e30bc7cbec35643cc1785ce09369daa5020c1a3cc55b92d0f40c2b2780;3362;Credit card;190
142e3149c838243eabeca103d6739247d97c097f3545d133ced6ea73101006a7;4331;Investment products;63
11f3df9b37edb3f97de8c71b997a6a51dabf0b9a9a3261239903ea6e53897dd5;3094;Mortgage;89
16517e6ca24d486f1056637e05083ee8474cf427c288e8126001b9a3e667a0c7;332;Deposit;101
83eb1f0ada0b20537150c951460c9106c41395bec6577766f00f6e6e3ab702f2;9704;Credit card;9
c20aa7531386f79de8605da47994af184cbf3539be5ae13bb57907176b9a9bfe;825;Mortgage;110
3bd928b764ced7679e367db4ad39936c5d6180d1c4772325486440fa20da460f;2488;Investment products;1
87f89d59211632ef2789fb150c3f8aa01e109681fd78524557eda2020e09d042;7889;Mortgage;114
8c98fc22c32964e484b2f0d6f7e2fbcd33af5c30281009ed4ce80f4f4b7bfd62;3442;Life insurance;47
2493584f7e0c0a57e17bb2feda1bfe3afa530933ffe1e6454a343215a257f8fa;5036;Life insurance;90
73e8e10d70750785d9c2fed22f30177f68ea30fe0e63c5ec67cbe361eefa29ca;852;Mortgage;33
db0059243ea3c647609c6d0d135239e1477065d431ebdbf69cfdebda695d60c8;9641;Investment products;82
25477534b4a88b51c753b7fb97f0424a051280dfa584ba5fec4a0628a94d4b6a;2966;Life insurance;190
37ff5451d3b59ee55dffd6e331278b056d27b4a91ba9ae05d6f2f5f068afb26b;109;Personal area;104
fe1d7158b3ec11caccd98753b4d3dd34185b05a08a3a5224c50c941a385ecaee;9246;Deposit;103
e73c7802ddcd367d355194a7bf5e412227b56e9a897aac5562212f5e313dcd3d;3846;Credit card;22
199cdd6edac4059020b0ae71510872107339422bb05281a1a39599daae21c1c5;7421;Deposit;26
474fcb3670ac343cc48d30f74235e86f0ad1bffc52963474fb8e96e9fadbcbd9;2248;Personal area;154
7d539ec34e5e39d4ceadefd3d1eab5d67ec3e5b2dfc472bae8c7779a3b5fabee;9737;Personal area;35
3629f86fbb87b3f1b078ac96714f113decdc5c8ef50b4647c2f631eebe503da3;3920;Consumer loan;27
9b94d19bc08b39a03d228e61866b477e0fc6b96023dd580386b89d8d5e5aff7f;117;Mortgage;11
591741aad1c2ebbb020b9a7b5a696361c808643b0a03e3acdb891049d1807720;9120;Deposit;133
7d758f1b831409af86483bae69f64bbe5ae33f23c23c287230fe3d7bde617b04;68;Investment products;184
f1c68d63e3a17c9b7f7d16e8b487cef6cb4e5aa11a41ec8225cb403acc4639a0;5412;Investment products;149
07bfe0474d8f35aca8e4052a592f3ea6b44d40e98bc392ca3b497490c060c8ef;6403;Deposit;27
8b7d37b673fe08f354f42e057d48a33b26fc69745688b3554beda0898866ba4f;8356;Credit card;58
fc821a0a940f91829182406d07757e5ecc8a594a71154ca49ee93ed64c3e3d38;4936;Mortgage;95
d422bfc3cb85afe32cdd2273453d0d10621f1ee4494e8a40e7086939481a65fd;7310;Deposit;53
61e1706c1022cd9800e296f085a7899c84c4e4499c76294129d0e9e9692d46c7;3859;Credit card;89
14deb07b35e2023925303fb66f7d34d87d0dfb0598334ba6718a802f9ef8d68d;561;Consumer loan;151
317c49ac10cca2c3e89ded74151862a6dee5a806d242fd58369af23f37db20ae;4516;Credit card;196
ced11237dab03f974bbbeb8f62c8e58037f1ded61ec560f9b9c68b745a6f35da;1624;Mortgage;198
5b426beaf2cc6aa4bb26ca37493a02d479f870acc5228284c08793e4c88c6b25;5642;Mortgage;97
b95348569ff58453ae6087a1181b41b44f8d800a897d8a765a4fabc808b34608;9480;Credit card;128
c6e4dd636c388f2b6c2407f2974bf6e938591f8dc44b75264ba576b4b7c5231b;6267;Personal area;172
8a47cd97f9ca91d1044a957d7063d80030d6171fafb3103e292ed8867ce0ae2d;1885;Credit card;183
9b82795f74ec3c49da251e9985df1f438014f3820248051acbbf2a13012841fe;1213;Investment products;83
02e3f7fbc38b3a90c370b3693a0ef48bb8d632d3eb51bb76ef90c6ced10b1cb4;558;Personal area;56
3223eec1628e18ef25c3848d9e7cb750210aedec8a98ab2624a896a1e9587acc;671;Deposit;66
19b03373edf6609a3bc6f6f7e3435b4348d0966613ce42782ee56b822bf184a5;3291;Mortgage;112
98c210138c6eb23cfddc288b9a6af6a2196999ca7b0f90a96230318d7efc68fc;5598;Life insurance;175
4dcceb57c15d10731588c2b10cc79e05ee40f7afcfed08225cc7826ee2dfb0f8;2212;Consumer loan;1
0e7d5dbe1f39feabe8cbcff0529cc0515fa1f261ea8338345edb046f4e6c7b82;2957;Life insurance;22
7751cee0814eefa4b19fb308bc58a9584a82565621bb07ecabfd2fd2c94e300c;3160;Mortgage;58
aaa1fa7365666e4921b201038ad46a709b9a055880aadf7e6677c7d05270ebb9;2520;Consumer loan;61
b19b792a1109c9a40b99a8295c24332073e36d464f7894c4bd855a08bf0d8bac;4250;Consumer loan;10
19bb73208671b0afa4ea2e0160f9f5a3fa3d4bbc17e64d9904a34d811fe6a5d3;5792;Credit card;165
12b86213dec7cefc1a560afbf6490e567a44b11f4fe15a4629c998234e6859a3;6662;Personal area;197
7f9e2ea624deaae27e41b1bd8e21dbeb30716b35f86ee5535b2679d0f3569154;9722;Consumer loan;42
516c3fb911b3b4426a8709ab7df5d1262007d1ba819d57185bd73f88d7e4ae1e;9810;Consumer loan;134
681eee254cb0495f1ca18cc81f3e21d82e7236a55495e2e2ac35532269ca8da1;3661;Mortgage;47
8d3da5a0b9372fcf9a72b1dd7aff6d0d16b9595d73c4d99871f0d379964007e0;3440;Investment products;44
953f379b0f3af465111bd6ba93433b437e1b4ca62ebe99c48b2afaec2d5bad48;8732;Investment products;147
81604a1826b980c59e8510759e336b17c35a6db0571037778dbc6a712bd21e6f;7284;Mortgage;159
e21f1acf8a7ae56478f08d6a6c3c996bafedb2182b08e1a8658fe8d63204d479;4584;Credit card;200
b0f5b852d21ae696789ec8cefa4a508e0024055fc1486a37e6e1339319e9e7e1;7110;Mortgage;55
ff38f6c38a8f22998a2f141e707a2d35817e07946e9585078e175a1a0c9e8f71;5098;Credit card;169
0168a7a6cedce1a2a1d5de38d634d9c0cabe993ee3306282d3df05c2de4edd99;1521;Credit card;133
bd4e973808b235da0dceb4a3f73aae5229468daa45dfb2fb957e5e8945877694;6486;Investment products;30
70cda8afe6b8ba20e86dd2026e2b49c0ff641e71c762d4ecbf5ba90278ec186a;8475;Life insurance;136
fb73bce64c04b3096769f5e31cc7f97ec0ff8fb6333d72478ffe5319d6cbbe19;1215;Investment products;73
c18033b8c1cd35492d6a3f32425d37e9c4e0836476ee3f941afe6eac042cbf64;5326;Deposit;194
e258bf60738c567fc10d13558732d7be735aa7598dfd932483ec4b267ecc09b8;6996;Investment products;28
364f96f287ee4abedd7e0f9916aecdfcc2d84d2cd8f85b293bf802232e4a8c50;136;Personal area;18
0f81055cedda5124a873b33dd6c113dc0a8c51dd430113f3d7b80d0ee83ce1ef;8313;Investment products;59
e4f3103ca21248ac6bc41a187aea829665cf140911317d227885cf525604cb17;5524;Personal area;62
b8d86b41b78668568143c3b46fde906c77147b2658be931ca81d0476d1109cc1;7367;Investment products;66
acc916b720725f581760c90413cce4997c483fad0d6c08485e0bfa5af6e62cd7;1622;Investment products;113
ce40f50ddee25fe5de23a955fed553288b93974ae2275eb32b98f9f42b949584;5501;Mortgage;169
2286c493bbe18c7001c0ef22c857a6b04a7e14204044c447a8ded3e1f0e3bb5e;4016;Life insurance;163
9fd7a264085a5d7bb61e7409d86a80fe1c2042a0a2694f449834bb324ced864e;1610;Investment products;17
f018016fe89dc0459290029f6c68e571292fc738e8bb0d2667936e745659f6ba;1616;Credit card;180
73119f5ed689d5bf44c9a1639659e23780be8ca6cbd3123a6cc2ddb0fd0abb8e;1679;Life insurance;83
0c6d9f44353166794048cc261aa38a2aaaaa2d3e59f1d99f96120bedc767a5aa;7148;Investment products;2
da4c89695e78372cf4df6933b9625c39faa031a4a95d8c2a4312d0af18ca68c3;7790;Credit card;98
507709a44c600649dfa073a4458655f24d671e079a909189520d5a67de938036;7809;Mortgage;161
334075bd6437f9123d92d7329f60a35562a9710ae018464afb557a9e84b7aee5;1420;Credit card;88
5b56df983c2b034fafb7583dd780c22cc30a3683685882f70afc5a9ea729eee3;567;Life insurance;142
1ae5c9f5bef56d31ddb402ef7f97462357febaf74b2fb7336fe6bb181a503651;3034;Credit card;158
4804c311dd15cdd3adeb21cb0122350078b0d19fab24ad4bec7f679ff17069cd;8209;Consumer loan;101
c2b2db6374d93e83ab47c4efec558564f595ea00551c7bda08b7af0e1c054c58;7189;Deposit;46
ee4a0efd24cf227c3e9b0327e32f5a20bbc861af5c2113780dd3662e5f78d68f;9156;Mortgage;187
e36f277894c6b2ba92568bf5eddc08c23d5b823dae88805bf82375514dc65b95;9106;Credit card;129
22c22203477a44ee5752ec6659ea8654f933c1913569621b66a1643db4a0024c;4000;Investment products;3
7a9c8296a808ee27135f70d57acee522190ee7fde6755fea5747a512983e7d16;8444;Personal area;174
11cfa595a9168890d34986c89137510a0cd9a9ef4567a82d37e293ccce6ec6d7;5204;Deposit;68
2650b2aff922603a9688bbda49679b39160012d866bcb59b6f6aefd938a5fd2c;2734;Life insurance;26
c8f4e9083441d9c9b07366fa4d42d0444e39e3ecae6653e46814fd21f7b8e8dd;2694;Consumer loan;113
96c029b037ad58e61128cdfa8e8de7f2f26468e70b96f829fed24791224ff9d0;75;Investment products;200
06d977e02e88e4bb6df3c8a65a746156692a6da2ef011a5601b5af7a7db7ded8;5539;Life insurance;129
aff41f8c4bd04471c9a36e67a4c43ab5c5f6fad3017f7fce4aa5c23d49f395cc;4743;Personal area;7
d03c0d71f2d3246955a111bc14a8d1781ee21f30f970a0ef3d4809f3e1f94b13;405;Life insurance;121
9977e49fc0cb3d8982f5c796633ebad44f8fc5504f22f30cc73161ce9b337ee9;3116;Mortgage;82
032301af5961bf112b7e4df3deefefe4f2e5110caef49f32ee2b7a0e5113d01b;7440;Investment products;125
59df265a8a05b523842f4b551d2637f346b451c46a6409d3f7e509dc2871e1ad;3864;Life insurance;180
e5c904840cbbc278da11d961530b016d14a5b948da6a11ab80db8323718c3a18;8959;Consumer loan;56
01122c7992b26dca09532841d9f580a9d989670e7be9b3f1dd33ef6a2f8c644f;1289;Consumer loan;121
de312b35005bff0b48c7de9271581661d37517b9bc631778712908df70816b86;3593;Mortgage;117
ccdd94ab200a1d1422d4335a7f559658514632bd5a2c6c9f3397bc1db82845a2;3360;Mortgage;175
7d5b7f015c15076c420c5922eaa3b8ccc2f6db8b67e4c9af86b3930e3c7d069b;1558;Personal area;56
cd46e00c9fd011bc8bb8b5b2880d9e5ee4152e441b3538c342552de339eee741;5647;Mortgage;150
4f09e114941cf356c75d274b2b7af7be0c9727a87bd026a7967d8d272b1f33b9;2142;Personal area;50
0f7715094816729db4d202397f6149ced83e62de3fa53906eae3edc469ee7c05;1107;Deposit;122
f02d72cbe66a14b9320be57c8275507490d3d7fea23179c49d3e32b500a3ec3f;2357;Deposit;71
b04efae58bed4cbed15088534d5bb8e930b7d8ff7f985607b650b041582baa91;1089;Consumer loan;154
1d6a463e4273f7997a0c0a9678c74c677191387e1ddda387f2e5cdfafa98ba00;8559;Investment products;144
0e85f939b44da5639728972a50022dc7f446fe303ef0c1a0c74be582f6585f48;9575;Consumer loan;187
1ae7fcafda173a3cb1f51af2faaa2acfadeea37abd0b97a66f5cb207e4d793d1;1957;Life insurance;155
26d0a8a1db65b1424e3460d63cb8a0203a8a7f6e8244a822201b77ebdf9cf54b;2980;Mortgage;49
9a2f3a6289363725301fdb22e170c11bd779262b9c0831899a65889091fd5b5c;4841;Personal area;79
f196f41d88c6150d76de6ddaea1c58b94d538d2f3f5fcd17265ed538af7ba218;2154;Investment products;128
b9c66f91b82086f5cbb0924e5ac1cd6832ee7cfb83ceb7224d93394539587de0;9962;Life insurance;131
8b7f271c6f84c39b90d7918f21b7550a07da3973909b082490b9dfd5860b27e8;831;Investment products;166
be73f8c10aff94ce60d1a4c64113701c9fdcc4cd2496110487c3f847a676dc9d;1495;Credit card;96
39bedf1ccfbbbbd29e031dbef15f616d69f7c827d4caa9f49f887f4e3e5a89f3;1974;Life insurance;67
c2301d3fb64bde8a60b23cc26931e8a5ba1f0aa19bdbfc0b16dcf4a2df9010a4;9542;Mortgage;89
077402ef3e31f51080b57667cafb79107a7643da729a9bcf9e52d4e00310bb74;3683;Personal area;59
1a04acdcaada90accb539220329bdc725cce0152bf30e3fe98384153d2c3103a;5969;Life insurance;127
72b36451ef141009c71dd627cf2b528107d3f07a6b319b909ed73785f281a91f;2007;Credit card;32
aec964bc15f325740314253f7d29e0580fcb807431f51d1cb338552329feb244;6559;Deposit;151
a7597c54164840bfbaf0063caa2e47baf4193bd06cf7339f91d517df0f597844;698;Personal area;56
b6d0440d3d606d7d3d0f122e9b8ebf16d6617d32e199bcd9c9c4fe22051f3af9;2944;Credit card;34
7367b5358982c5f0a37776bb67f9ca6ecbbba5833ae13eb2ed5a68b8d3ab59fc;3354;Life insurance;6
22de68a94da9c10eb323baff1dd4143a1a35979e073c0675e17a4db567087492;4211;Consumer loan;57
c6cd68d8b63a2788d32977996b064b22fb6ff313e74b0aaa7cfa9cc3d9b9a83d;1922;Deposit;139
076a7e9f5cb55e10460593ec2d6470bb841b303efc02256dab73f8e0ac9a166e;2613;Mortgage;110
5401c906058ba021c84539b37398aec09d99b570f922e7959d96d3c1bff4db17;2277;Deposit;153
bc3931fdd175b394290a2541d04f609e905561d7b2b42a20747bfe932da552ca;4534;Personal area;32
786ff29a2d430d111a98a3903909cd246890a5c05e241e8445595c8ff5a6c7cd;9306;Mortgage;5
9623ab380915efecb0c1ab8a9d240734bdfb0efb6ade3ab7c9e0455f7b62ac32;6894;Mortgage;26
9545b241c8c336442a6e1b9bb3f09f4fb6072bfe29935055eaa217a2c833ffc1;4134;Consumer loan;99
c45877f17f39a1f355d1addfa89d9220eddcd76df71aea0ec48f02281c0a3fbb;659;Credit card;88
baa021f0d2888e886fbb08b7e8a62f0b2f5423de96606d753cb8eebdbe9005cb;3704;Consumer loan;104
d0209c98be7a481eb0eb0d40d7c3e33c33248331c3386acabd0cd45e61cbfcd2;2956;Mortgage;35
67c9a38db00feffab90944fb8f1f38113c583963923ba009efc0a4cb6415f7ae;341;Credit card;171
c6404444d90d7575633a22cec50033c752a0ab43674824599200eefdd65a0b87;8940;Consumer loan;59
c9cd5e70df6ab2a72749d1ddfd5ebb9abef447fc5a193f782766e64f8ed7ef17;8242;Life insurance;196
d7680805e5f0407e3c8ac7884adf9abd5af57812bc8bffb6ba0625c88f20b456;5303;Mortgage;120
d74ceecb1832c5c374f5d1376285a778dc6ace75b7309418aec45678846901b6;6556;Personal area;8
e4ef43af65cbc4ad5a6d1713a2a000f6ab2edf200cea8532118cb197c2aed3aa;2789;Investment products;145
706f92a2afbe81f9b10086c3770aad32ad9e3f1adb4aad09a123f652a9185898;9020;Life insurance;44
7f5fce3a1948be034d35076fe77f3adfdccec820de894962aad2229a6d346edc;599;Deposit;78
f62fd109bf6d73f04c068ecd40c0c7c04d160e5fd9f5d221b2bfe87f5a5c015e;6132;Investment products;115
aa4dcbdad3ee46eed39d673c7b9c039f851c827f4afd7304d4dde214e8dd9453;1726;Investment products;42
d439763fbe162f94cddb5d3339e87f2b91bc2d83608635a11af6d7903f25111f;2552;Investment products;145
b0bab2c60b4c5b36928b29df7f7771c65807877e14629ceb25e3803403811578;9353;Deposit;5
61b5621c60eff13d74a77ac8f168426ce8b6ab73c7a709c52ecb19f6492e4668;5595;Investment products;132
d5b0a8426d670650300a77a7b6fd6ceeadebdf0f8ad2552fa2ce21f09119f0e1;8485;Credit card;73
9a0bc7a00e7c65daf8dd0acc117c220daa6941f0fbd1c0b352b800e426fdf562;6789;Life insurance;157
6a31ff53adb3c53c1b4b94159c77fb3bddac5a70045d803e176a53be0f9f5948;5775;Consumer loan;8
c8ad966ed01a7413c267cbef21c1aebfd16729166f3821c4cfdcb849cc9c41d9;2994;Personal area;197
14c0a72bbdd6a23d59d260a9ea46c6f5c0418df23bd847e90a9688aa6753d367;9358;Deposit;78
016ef34e47776c27949bda876b659f246e8524de89fd71b0503bf62c1d640dd8;7078;Consumer loan;25
56718252c4cceef23a33a62b5e74e57d70ed4d74403e446a22d15d8e79d478cc;1481;Personal area;63
321aadf073c3061dbb36b2bce3afab1c652e0888a3363c6b0d49b63cd8630713;8596;Personal area;158
4eaa67538114ac3dcbe127879bf1598a6f0c815560bf52305fad2ca3941a7d69;6204;Personal area;71
4db1f3269ee66eef0602d4ed5233dc0079e2686814f0fbeed63445c00b9a625c;6713;Mortgage;75
5514f75a487b32875e7c491e52c76d4eea1fe021a97d74cade76a38d17998720;4443;Deposit;37
228ecbd932f828ecba4507dadc09e0982a61afac7af8509e51240b54fa138704;9199;Credit card;168
25ad6265b2d1ab038d644a9b7912bfb61b8053e572ae88b43aaf0da06c2ea579;9553;Mortgage;154
dce7fe4c31111aba54c77122f7d99f865119b993ba280d5633e8a85f9333be5a;684;Deposit;196
51d6dfc2cff11e4dd130c21e4c513d11165d36a9049b157e911ec11141216970;7652;Consumer loan;56
178dacfe90af9aaab44387b7067e26436eafaf0d71b7cf3392d390eadda8c063;2357;Life insurance;150
76a551ec334c2370954783827a493026f6cba00898670f4f1a0e43ff9e99ca2c;5750;Consumer loan;15
7a9dcd60724794e2cc10e5c9bae56a4acfca8a71f1870384b361ce9d389bc983;3278;Life insurance;83
d21883dfa9821b48713784646cc32e4660481002deff7b65618f2a39e2174131;7779;Mortgage;151
6d6055feccc2802cf9a2ecc6e66e619998e6b8ee458ae74b474c25fb397c4675;2031;Mortgage;96
669b4b388d991e949ef66f24190684115be0eb824392272e1e0313c80b56f3a1;6995;Consumer loan;135
dab4029e9faa049e1f735f03ded4b54f2fcc8aa3f59e7559baa15dc0721d9bfa;3279;Mortgage;49
d351dbc86dd85aae17884853ef11fff9997efe06fc00b10c290bba1240512f6c;3314;Mortgage;87
787f77737baa2abbf140821db1cdd9f6d1c1cac45e63bb5919991091575d402d;2088;Consumer loan;88
95e92f715ddaa33bb90552c1e14995fef50bafe8125dbf773879b0c66414f041;640;Investment products;60
5683ffdb76e3c9635f25503816e5ee8b5caf3f199fbaf5b507c2124b93ce9ae5;4101;Mortgage;26
b32920df451d6ab5648c1cf17144c8da017e8a2205baa5701d89708d0661f875;6191;Personal area;195
84cefc865fd8cd33751dc9a953ec5e480ff83b3311704a1e09bacf5e33829559;70;Mortgage;3
e765168ee3f278dbf3c190e48cf8d7b71bf277a59d33c4410cbec4a5fe34e6dd;3224;Investment products;154
a11fd35bf55929c170e5ed46e9c2f9e05e45282e9e64fdacc3d7f4940715bdcf;7188;Personal area;24
eb965868fb6c33c6590f33a83b6c1f84b108386a7e273717678903cf44808ab6;3764;Mortgage;76
b17b3b7af6298a6462db67442cda353f4a874bfb3300c30b49f64e0359aef8ba;5213;Life insurance;159
cb4e0834f05370f6e23b687d8c30afcf2d0e898c3162e0ef10fe4939e9f641db;7160;Credit card;75
950406adbecde1ddd0f66923ab92bc0f72316ed670e9c2c51dcee9fcae1ac396;8981;Life insurance;74
465991fb36b6a4fc04c9b7dd523993074c92c643f576d568f22f0027711ecb79;2055;Credit card;25
ec93d787052fc8393a35a129d332784f58b69e4581ba6a1dd7faa0708757eec8;5366;Credit card;123
14e79e1e9b64354a8f38e7ed456912a0fa8b10304fc909c0c2f8dc5782dc05f8;9616;Credit card;48
943d16dc3ffd68301557d1695cb87b89bfca7698c904fc9878c3733c7c95bd2a;6120;Mortgage;24
414384a0ea272736efafb15f8d3ea99243363ec3ed614d5ff1ebd7084c2f563c;9443;Investment products;56
76dc4f3127a6bb66999d01e414d7221bf8f558fab36135090865c84c84583775;7337;Mortgage;16
e9153fab022672811752e0fcc00bb74d63e29fb374b3c73ecc1e57e7ca6a78d7;5139;Credit card;1
470e55d9ec4fece4cb24fad7d4c4f391220a437d63095480a24051aa3c0992ba;8468;Life insurance;42
1180ee4e67bf0b4d9c7673707deff2c0a2dc0ed97543cc2bbe1a39833825714b;9669;Personal area;194
12894d8570c69f67bc974fb25e28b476b3a1015026122306f6a19dabdd0c5cc2;5688;Life insurance;117
b0ea72ec04319553594821c662856ea5e70a0a7a8936fe00e42e07baa235b69b;8352;Personal area;178
010b4aaa403455028d70f79d8f587db638a6d13b41e26e4470b26ff71d74c3c2;5795;Deposit;14
12df669680a7d189f8127bcce88b3db20121dd6f9727b0c29fa9a68599caba94;3460;Personal area;127
a41852b47fab5be1abfcd0de978cb0c7a682140b8ade9eb98c7336a3d8326f9f;7745;Deposit;73
9f9142c7f582f42a8b97ef0ebdcf5eeb1296a1fbf1e87bc4b921c0aa2565327e;3431;Mortgage;136
9d81b01e2891f738155516f681f18fe73cbb27530c645258b6ddfaa920e76b32;7901;Mortgage;70
5409c5c335fb164fc4468992725b38ed0846fbef557fc4b8c2319311eb2e2a78;8297;Deposit;111
9e341a4e0b2082bce2fa487b8130552da5ea5156dae03f2b1a733a0c69542830;9839;Mortgage;29
49e716718842f9c3f16dc5610fb5678cf04729f69793a7d9f0355a285d60a294;9873;Deposit;103
b26544d051eb3d4e55d764c03c86b3c00853b97f7d63bb43f37d271b3016529f;2623;Consumer loan;46
257970d2621e54690a2e4f61a32a98303b47dcd3b260d823f69b555cef49ee5b;9507;Personal area;15
066ec9290c497c02775d68b00be16421db73245d832215d19ab844d1144c0ae5;4003;Consumer loan;69
41f117c57cc9feadb6cade3ebddc96a1d2739e0c101fb73cae3f8ed3a2f8b263;473;Life insurance;68
e165c5ea3a624221df92eabf3fb13333480db887b0a7cf110280d1039266ad0a;9546;Deposit;139
0df1d54c8d9d58d2156b30500eccbb9c1372a8dc55a4a1d38cc49b7d505adeb5;451;Life insurance;91
73f2185f4a032b660f0be31bfd3d5225aa4ae35398273063274c87c17b1371a5;2197;Deposit;148
b5e78f2b995137f0e0c232d04a82e8149d257ff4096f794ae9f785707de2509e;4700;Credit card;7
458cf36043ec05658a942229e0d146e46eb046bcd51be001db3f827fee5b434f;6761;Credit card;16
360634bec107cf15991e1a2619a4a3cef7419d6bd68ac19b95349d6bf36c6f99;6835;Consumer loan;8
0fa1c7e8fc81d7534bcd289477530c9af7ddb4568e2df6b3669737df1577c319;3763;Deposit;7
101ddffacb128dd8d281068d142783eb9e87401c3ac8d5c4849496398cace777;1932;Personal area;178
0f94488fb09393f1d649a16885231395d6e5910608555df863c943cae6360f97;3024;Investment products;22
42164df330889b40fc302685b021d1b8d6d0ac090db106c50a2f471d2a5563d5;5558;Life insurance;57
bcde507e7c8f6f1069d7553b8676e1f1924a311a6ed4d4de4584c4ab752f43ee;7131;Consumer loan;158
9c4ac12e42ffa72f4af142bbce05d2932bab3dde0f8da4494f86c08d73885b19;4555;Personal area;130
092d80b1c83f42a2d8a23db14db746b1fc5b716a97ab0f291e17e5c4d2882f39;3038;Credit card;159
ff8996d6fcc01e2ea51e0de37a56740dde195a3094829509a4eff459c40b72ab;1182;Life insurance;196
ac0faeea388c3aee68b5b1dded067a6eb65c28776a3ea1648a2d1d0cdf716292;295;Investment products;69
82556edaa38305f1b1e6c6de172eed4cb3be86960877826895e4e2058c4ba696;1340;Personal area;36
e4ae88a7ad234d2e94eea8a62f064ef9b5630d44b116a525d4ab237b49b90097;4341;Deposit;197
13c7d691c3670c3e8ef765f51b030618aebb861f42dd4b83e231aa3b7d154d36;9602;Life insurance;149
7813e0bde46e21c3e6c143a36350c2e52c3275b5e6b218d1e95327fb6f18535c;2005;Consumer loan;165
17884240f213da4a60c09e93f619f2cf2d1506b2ad857d7ec8ff85cfaf05a305;9745;Personal area;88
40a8b4ecdced11b82f6ce8093d282e2eb854020012e3f3e0d8034c6754fa5ece;3104;Consumer loan;103
301546c408ed0519a8bf921d411bde74b7a817089d16c78aedfe24e5b361276b;8539;Life insurance;91
f475fbc8615f446eba7171ad064c87e45b52d57868d01d0eb492794462c6aed8;5400;Consumer loan;108
4fad91aa2905cb449478210c4b57f59036e033161602fa6d073fae25a5bb44f5;3056;Personal area;156
a278adb8ec38a12c147a39a4c1c0f19c6b688dcf8e335dc976cc65cd8385f060;7745;Investment products;196
b2a476492b2d0f67d2a9592552e5ec777381aa7a08aecd45227cb53ed4578d7e;7533;Consumer loan;166
9872989da7439170c7773d45a18fad6fd18e1b50ac4440edbcd31624879138d7;3384;Personal area;117
fc188b06c1b4b966df0a01f70b857e0ea97da9de266cf6beb53692adeb5c11c8;9409;Personal area;124
e1aa32c4712a05bdea2bcd9104936e93a2573a6ed951fadf71d401cf6acbcc7f;2170;Life insurance;36
e61c0bd69c6cd1ffed74de5d7618cf468a2c80a20b3534bc7e0f1bf05e435569;2799;Investment products;56
c6f214a929b70206cc2a4047063f5b5996b2f795a72129190a6230e55c83fd68;2966;Life insurance;116
9021fec4ed8fb3930f5e9c7f15038c04a4705d9da15cd1984d287957a83be3bd;7564;Consumer loan;178
b16520a6c233041eaa8de0caa5c7a3fa6eefc6e5531c8bd3bff28f5ff8d78c81;7214;Consumer loan;19
1b8c1836d523a13abd453eeebc505a90ca2275036eedc6c1d855399ec65d692f;2739;Mortgage;19
ef60be53d10ced20162eadbbe04b122393e4395195f9ab068cada9697ebb33e4;7772;Mortgage;27
22bdea90c187ece0ab8dcf8343f1460aa27d76172ecf126122f26d5dfed006ba;3017;Life insurance;69
08fd3198e1f3b80a1716bf92225a2131ee23f1a574a8fd739622603f2df1bcbe;9771;Credit card;21
086282cad05723d310e4e056217862ece82871ca2b7c841b5ff18ee701b988e8;8040;Investment products;21
c41f342cf7f326a023283b477502254ef3854f9b2a532898c8a7926508368773;6806;Credit card;182
97cfe2a122813fa4209d0d89fc07ae814cce27115977160b5440aedafe023fe6;4321;Consumer loan;17
9970ce14737b675bf406cf21cf61d9d2d195dd68026cafacc3fda0416e2e2f5e;8587;Deposit;82
b649f19e19cab72fbfffa70ccaae9d37ff22d5cb3d8bac2374a226d91c7261e3;1408;Credit card;160
05a56213ac395319a6a27acb78cfc8e3c58f294275eb8ca221c86dd14d73f540;9228;Deposit;35
ae6755c2e85690030d651501334d0d9ebfae8a12b234631b599943a511262a2d;4907;Consumer loan;188
91cc3048a6660c4766e5aeac0e68de84a3ba500aa2dbe1d39e513a0c8bfd40f0;7291;Deposit;129
ef23c49974e58d0956a01fbb6345316414c9e785f0b940df1e3eb9e67f2c5f4f;9542;Life insurance;164
40990af365181eb79717544e67c6be4f318db2fdcd23a5986fcea0e957918deb;8477;Credit card;124
87ba2d07c98b0e4b69cd5858181b1ed84c224e1d8a8acb10288eeab46141ec98;6219;Deposit;162
6f4afbd81a0aff07b37fa0447198a46e2213c3e24c9153eecb5046cc8f08c121;8975;Mortgage;123
8692fb1e32af6280d5ef9c84dde208dbc95af442a07b0b0ed382fe1e514d2ecd;8752;Life insurance;1
05f617633f16f51acb2f08e29238c6bf8a985d1ae01d9aee56e7935e08c3bcda;975;Personal area;58
266cbff406c7f5991acf85b13ebd9e0fc081be99076a702d5c0f5cae0f52a402;8065;Credit card;81
30e6272ffcf55b4c357391c217188e06e954155c29b78f136772b0ecbfb1b1cb;6785;Life insurance;7
c1ec4a06f1bf160561b5e960ee8fad8db21b6736e68f32257fce0628a3d444df;6437;Personal area;32
e95173ce0db90918deed355cf8774747f5f2217505f8f05a76ab217a4b55287d;4524;Mortgage;118
f94dc79426b646d761fc9a64610c597e993180fa1e88b503f30a37110e81516c;2580;Mortgage;140
6d3867ac587298372c80021949c391532569c2c30ad9368583b1c57f05b127f9;7543;Personal area;82
d72698ed6ce8f1e5d4eb1102d8124e5d3084d3badcf32c829dd9dfec143b5a47;8658;Deposit;40
c49fe114b2ef788f87c64b4f064b543396b8c5573c59a53543bdaf8f63d0cd0d;1036;Credit card;100
55d093dc0f6ba69ee0d1e5e3f32dcbee2293a6ddf347a8d0b6c8fa692e2b9252;287;Mortgage;154
ebd3b720bacdac999413ee64384abf548a1c9c43e8f9b4fe4234fc0bdd3c5378;5806;Deposit;59
1e5717be21b91c9aee7fb011ed6ab2a3c0fc279122bc0e42f546ef8b9cc26390;4827;Consumer loan;166
af2062d0fd226d8bd04f8b48569b4e6626a388957ec81621181b0e250502e97c;698;Mortgage;27
91ef62863033eccd024d16659a62c5c94254b2f812037896b95bcffad1344d68;2259;Credit card;185
21630cffae8888e43ae3fc0685a68815fd042d7e9843eafba11d243826dc8252;60;Mortgage;184
395eb6fe790d4f117e4bfb4190a701d91ffebbd8b809460b97d1a90983fa0c79;8151;Mortgage;103
8ef5bf28f53e0d029d0fb847df7ccfac12ca41e024cee925e1f604a59f2426fe;8758;Investment products;36
86eb1ae75c55066819f995fa8ed80fb90a775b71b52e956b440b9169fb723c46;6137;Consumer loan;141
bfa62637d87fe085ace9cee6e0a4ba5c8b1f240372f561e444824cf687a433a3;4125;Personal area;100
f57ca0753bce17a1725ef4d427e79e0b069074a5ca23cea6a350d8cb7dcef61e;5918;Consumer loan;65
877dfc2fcc056223e2cf346fb7190efee1eb3765ce6b91368f43898a075a3de2;4348;Credit card;77
398ac0c9be45f2218a6ebbebb56efdb98295e691f5ded949f008e319613f2d21;9401;Mortgage;96
0f68a9b67feb66ad1e18736a826f916bbcdfd8f004f8d7dca9350150b19fdfac;9707;Credit card;94
ec6a4e70d3106927a10d3eecffec08a32bb03315038d2ff532406fe0771b82fb;7452;Mortgage;106
82de54f8d60a63a79455fcefdcd7d69c1f4c9545c770bea2b67f063f6630bb77;7046;Investment products;53
71c45baec9e932b6047d5a6be45fa44559205638c92b5752485d5a5ccd38e5e5;7225;Life insurance;109
1d6fd9067e008086208a45755cb680e3b7f1d07e1b8dd734d468237817e5e67f;3193;Personal area;94
e0fdceb4fb5b0f78b70df89cba39d696e4cd68f51bc05218baea725ddacea440;891;Mortgage;51
44be6462be1253f01383941869893dd395c4a36dc3081bc26c434687f7559a69;5692;Consumer loan;51
b01f6ded0e58a55025b55c26e1622b734c61bd507601672f159f720b1fbfd8c9;4935;Mortgage;86
b643235c646f1e129cfdf2c76a3bd7f98781caab821a1a4ade4ec05bacf1b78c;3516;Mortgage;71
80850543972e4700fdac455113ac1be592c1b913d3bd0f20db61c0aa33add508;675;Investment products;31
6153ea0874c7c60ff55791ea1d035588de29b08e685c86bea242cdb0b7d176f7;74;Consumer loan;71
bc5e7b0e6f2950ec754b6088d22e6a85c5b6ffc40995734d9c4e87053e1cd6a5;5966;Deposit;86
7479d89d7198cfdf959b05c38b30c078fdfc724facb912a6823f3f0c6a3cb1d2;3852;Investment products;199
01ff4c85bfce214d10c7bc03ac7eb4391f4fab99765ca2f569050ec5241d3849;3247;Life insurance;124
601bdcf219e661df69a5f276547a693cbe797da61aaacebb0e80e121b552f3e5;4567;Consumer loan;83
6bfdc5e8d99593f5e52fc57f27cb1440d55f2a7922ef91b04f411675544ea079;8237;Life insurance;37
5e2c0bd0ed7a88e4fdda1a88083f44379efad86a7a6a9bc2882623aad2da185e;6213;Deposit;192
bbf6c487349666444f41fd1dbd63c737582c783dda3e6cc77b264f17d7f1c4bb;807;Personal area;92
88f96d1a48ee8a95e3e614cca013d2d3ea765ae3450b936dcef06529dfb8229e;3971;Credit card;91
f0945183abb2f436ad66b2955823aea91d8b73aa8e8642b981e6471096ef8f0c;3072;Investment products;104
65e4a34671370b0b0a6bde47edb925422bc21a72d64bdb42399e9c270267d768;2649;Credit card;138
8057e2335be8e7b0e576273083016c1560295fc8979383eb6c78ad0170250d0d;4171;Deposit;138
d82908769686af810bc379583ac32f10b1c4b65215b76c4c22c7b2f0f452d8db;3305;Consumer loan;9
092eba65c9a4cf4b466831472d37deae9280127cc26a0db6f8bd52bb2b26a821;9592;Mortgage;8
fc0e5e15b3640845c5e88afb2c3495928ad5397acc29f6adef15894c0a0945a7;3044;Mortgage;7
2e3d201ad2a51e06958c2a978d611adfa35656aec54ba1b620a54df86b63ed80;4834;Consumer loan;23
f0b84a95ff684277661add603647daef316ce36af7b953427e1d5c16dec93eb9;355;Consumer loan;177
2673f5b73788a67674656aab51cdc09ce8339c0f01b11de6facebb1c67793a67;1771;Credit card;60
91b66981fc23bb4e25017d40797ac8cc001d9b723d1b5b2d1e2b3d6af2ba8d04;1181;Credit card;95
668dd716f10bcfe2284552a08a559d1cc46f519349bf50f2abae49bc0e5020b5;942;Personal area;140
1b15efe6598cf9901e73c22db20da387305428f9c6049c126e120549dfbd422e;9742;Credit card;158
a398d07f833d700d81d15bafd70a79a90a84751dd941b9611bfd5d92796e837e;9638;Deposit;48
de59101381cfa55efd039ad03bc6a85cf6b587f299ddc4a91158a6b6db46445a;7621;Personal area;187
643872d67dece2e159e19e46a2e4d2ad9c0427685c259336d9a0f0112d32a65f;5441;Personal area;119
64875185b17fed2242533364617797bdfaec405b07a0cff02a629c2be4e53c3c;7570;Personal area;196
5ecf21cbf499d6bd7f3aa3c6c8cef47f61b6fa55e693566141e8835cb04a064f;6840;Consumer loan;179
571328342e675d3ddf6daa6b5cf8b01aab33a7bd4c2a869f3f4562b4e876a05f;6891;Life insurance;160
db5ef217e4d3529db6e09bb5c1f6e0ab38b4b944031667bedc8d8c4f86a301dc;8348;Consumer loan;131
805c6a19d0cee6e0578304d5f9a641ff780537bcef86cec40ee8dcf565f0a8e6;5255;Investment products;17
90d9a573439e12d22e49c6d068024e73b06b6790b52ceca9ab68f7ccc6151b82;4421;Mortgage;7
2ca64970e9053872b9533ac348aa12b31b5b4c847a4ed684ccd70850d60a596a;9263;Credit card;17
2146343339cb79cf88824728409118084d74e049c72017dba490424311e53745;9245;Personal area;72
88a79afd17509bd079d55e3d90824dc763ece5003e86c919226a84791401f328;2427;Investment products;11
f2c33d7334436b1960d850c3baf089c8fa6dd19d2d3fdd8ae30fda72d842b471;7462;Investment products;14
73e6413a2a8ef52d895392b07d285bdf6791a51bd80ecb3a8baa57a21ea55363;6170;Consumer loan;86
012a682c8adc3aea38983c34263a96126a45ceca70df76799eb6952e0bacf5fb;1793;Deposit;160
5a506764cc52367336763c4daf37dc57b22c2c14ea6e55876a7c099f7f88eb16;4039;Credit card;84
d962940e6243c4e65962e9187132beb35cc7a4261ba572f9951ab9e90d113335;6932;Deposit;48
03ae69eb137983afa519de5995eae02860b049d8098fa86f5d1c2904e218cfbb;67;Credit card;146
111478916881ba4c03dfaf2d44dd4e23e0e2113b1888adad89930fb88887fa98;8076;Life insurance;173
1e1ecc53629830f5170b2820ce830617fcf04cd3b6595539d494a6318c3442f1;1569;Life insurance;126
0f123979bf3f538b3c688862d2258c9cd772cad47bba70d95acd72835deb6050;3742;Mortgage;92
b7d6a83aada35a1e946ddfa18961a4728d35d733f1c2f853bc6622f0a2344e88;4311;Investment products;152
b6bfde78eceb7dd1572a5ded20f7556f937eb06f5aa98a46d50c5497f385758c;5159;Deposit;164
a289c80524047b51537849feb12736bcf7bd22d32fd36157653fac64944eff97;2186;Credit card;39
7bde0b9ae93d33970a3087c3fa24713c3b5920bb2f0e7294e297b62c964fcc8b;3000;Mortgage;168
bea7fc09098e2fb742d642908d742b4e8004444e16f89e40aa231ed02cd2e950;4463;Consumer loan;120
8645ec509cf2bba2c452853878ff1e6e762dfb5275d3adb19fb69526bb3ebe6e;848;Credit card;67
4f9b37af7903233edf99c75884d5b9dc08a1e617061b3b8ee458f55bb9ba4fbf;580;Mortgage;167
475d7081d4367e86967a5e2a7fe29b0a99ead286f403d92eb129f1aa43937464;2498;Personal area;60
035853ec76b83e5a919498445c8dcc7fb0d5b6c9d00cfbdb65471f17035abb67;8515;Mortgage;116
ad6d650aa2b453200bb9234fe6d312355a9e435eea1f7844d9c6099e40fdc9f1;9502;Personal area;197
2a5ecab4eae000ef3d83f897dd0d27f197d56109be23701022aa0eb0ed6c2259;4914;Deposit;16
0df6e53dc49501d766a664a5d5e811696a77eb61bc536315b6fe338321530b55;7583;Mortgage;83
53670bc2f9067fc24a3aa845213371b37346cbc574c34b0f2d6a7b7bbe751dd9;4787;Credit card;58
c1a6da3f9b99eafe7bafbb74dbcdd9dc6745f99e4d4e5074ed35bbbb15605107;1089;Life insurance;174
43149e06c2aa33e06861272da9b93954626f62de271a91a1eef80e6a047a47e3;9519;Credit card;189
310d525feb866aca33bd59e26b4a855e49fd878331dbb409333b8c1661a9caca;1343;Credit card;123
692b8d20156d6a47537877071ab99def524445a0b5ae109d9022452a5fc1ebbb;9521;Personal area;196
1ec49e544ade8b7ea53cfa37f6016f38e726bbcb162c39509c2cacde682b7422;3132;Mortgage;114
2454efb2ef0a8ed9e79f78f85300ba5b614e2512b25394b72727b5a93bc91635;1436;Life insurance;156
5d6969c1f8333ce4e073c44d0ee7599e7a5d195a7bbe75fcc3e95d8f93ab3f20;577;Deposit;62
3279bcc4497548c2fb4d25b7d4aa32655ae39eb91aae90026ff826a52bffeb3a;4508;Personal area;169
1923119beef46b1c97979ed645cdfb0979e202d679ed7289f1263de359b1c1f7;7173;Investment products;177
7c92e6e13916a650fc2fa5d7f815b57d543b9c9cf243aa246f8dd092e04378a7;7356;Mortgage;110
8dbcf917e5113bf83179ef988a3e800f0b50c2c73535c3a19fe182c34c4b62ae;937;Investment products;173
5b953470eac11c8eba98e657be212f8211eaca32c82310f9f618a617bae31d16;8222;Consumer loan;163
fc72ce7f0276d3fbd7705109f0adaecff366c93d93c0d4eea72198e91e2d4665;9970;Mortgage;184
224d2423ad84048e9b6c1066e53d6da86c7a2150c3f3f7203029e58bf13048f5;9039;Deposit;44
f9c6021f474b38212837106b497bf5e085246cf0dd993969ab3bf8a1e59fdd16;553;Life insurance;149
a6ad5c0451965c87557a650a5970dea4d15762438f217c5a80098407211635a3;8274;Life insurance;113
cea8fb7d450ec7ffb9280d81b18617a14b4c6bc5d2ed776912c988c4e4c0ca5a;1456;Mortgage;137
ba37f35778102e5be163eca50ed74025a0dc0b507267ab3d17822539e57160f0;2222;Personal area;160
083569e5ec7e6823a91823001c8515d54f1a5deee8c5b8c51a544dbfd332dc8e;1562;Credit card;135
8f56c0da4cf770ce02f2ad63fb90b1f237b5256d1387e84563b8b3467bee4319;8707;Personal area;84
db47b8f3b6a88f7e333b240e9da80ddc735e1f0a7991f33f41fd736647c4dd57;1952;Investment products;22
c5940da84e775d7876b102c384d61114589e6765c2e1b64f14cf8904d5e7baa2;463;Consumer loan;64
ab1c2521a929151483f898bfe9438ee1ff31da73b83ceb3839d4c3c9daead5d1;4918;Credit card;55
9579a10dbdac6dc3d95fe5f96a9336319791d6b114e78f6475e34deb35e2be0f;247;Deposit;64
2f252a49fb56fa7624d42852244d1a99089e682e500fb53107bce02d92bebba4;9659;Life insurance;34
409756420d808f69bb8ccbdc10bc7166d85eb60be4e20bdf0a4e1bb09f23ab7c;539;Deposit;36
a7013224dee0b34199982f1159f3e76a1cb540e881d9c71731ac173c3e547428;5760;Deposit;136
1ba4b62f87c12f5bb0db78a45d1895197201cf49ee7e942a6453e0d6936f01f5;5329;Investment products;142
403fdededc0198ed7bba8240ade67beda2c7433b90cbd92b22f36002ce62262f;5858;Personal area;3
f8f265fed24c2cff95de70810b5f0f747854a5ff113385f5b0f63b2711ae7d8b;5295;Investment products;150
ae7c622b74ff3b93b4ee7b3534afdf49e5d9db2c9f5bb8dd0f8d459dcd8c1af5;1240;Deposit;71
87c15ef82cf90e04705e9d82820d32fcb6fa8e6d9a7425ed55b399b557a5103d;9810;Mortgage;43
dc66294275b49386fbd137b8fe3f9db3d7b5a52834f41f9e071e37e2e9c75d33;6500;Credit card;66
7688146d9c94d3cc94ad67f000906ebeddabae7313f1e23bf2eaa16858f91ef9;6660;Life insurance;106
47736419ed0e854c9065564ccc19f632ea2342ecdc83546c5ee13d263ae47286;9222;Mortgage;177
8308edee749e4bc17115f22fa93e43de93cfe97223c0fa7637f695338ebc57c9;2441;Investment products;73
abed0f4a2f533a8f5b197c500c7069d12161ce790e4ad8969331a91f20f35a40;6372;Life insurance;160
a9605a9917e6856e7c816cb878dfae756cc9337575fd36460f20aa36d3de7b5f;5966;Consumer loan;98
bb8e25e4ee54ad77b6ea9091ebffba35e55092ad824ab9e871759e15755305b7;9644;Mortgage;65
351232bc7f09fd374ecfbeaf3787c43617167292f5e6b27926a99a6a2b748be9;3254;Mortgage;189
110c6c328872e952a87d5813fd48db853d2986c00adeb378b26bd62fe5c6ad29;8530;Life insurance;124
389e559c2aab8ed0f8b86f22e3b79121bf0118cc9ab39a35797b297fb563b7ef;6775;Deposit;80
9240aecac0666c96473a73d343fc4cb89c1e2828b811a2ad5892bfda47086519;5458;Life insurance;98
58c8cca1a3441c8ec3bf0b9ad8a15c356bc1ccd4ee47ac2c0caab0fee8a1de34;8629;Investment products;78
837d9e096b35348c19717600b2a3584f933de48e51be8a10eac96d95b795fb38;7591;Deposit;137
f630767256ede37942272812b90e1ac77884499999d529499e3be3e3999a2c18;980;Mortgage;102
79de519b19e9495ff494966dad024f89039714c2930e45e3892d8a5e1a62cd36;5481;Mortgage;44
8a7cba2e33774eaa3c1665b31dc7105675f75c73238c91f553b82962250d8d18;5823;Deposit;180
c37e412fada2afc911bf47d6423d66bd5744e3bb5d06c87d9a03b0b44e01b072;5410;Consumer loan;24
97965f73b3dff0a34af190265282a5515fa60a4b5b469c7b3282bdc966a1d1db;5630;Life insurance;97
b3eecc33d5ba239b8a69f03249cfa6fdde8428d7a1d09be234d964578c2877d6;2460;Investment products;99
22bf1db23fec913a38040cf762b05f73f382b7470db2c3cb78e7acf0a15c8010;3893;Deposit;131
26da064bb890ca7e4d996e7c28eed888d785218c6e04e16675ac0bb806179789;9315;Consumer loan;135
5bf1f60ad402504aba0a6f17b396231a26080cfeeed010ca1242e79ce30c3a89;3116;Credit card;180
85b57c7e00744fc756b4d866711460a2d25b196cf12fe768cb2a16c04df6c047;2038;Personal area;125
87725d6ac20b8c83d25e6d601fc8d27b9293b55f9e4bdadd2ffe2eed7c6b44fc;6542;Investment products;8
8850bb183c421bbb46752b5103fbbc10b33725723827c709d12d1e5d4f247afd;3887;Personal area;24
c2c8b48929cb44f9414f7efa20824e8efed635f3337d503b1ccb9a887aedcd45;8847;Investment products;186
fd084d5f0b1ae291cea2800d142555edbd5c9ac2ca6c5db65d8f85bb27eb17fa;6229;Life insurance;70
65a1a3fc5587f525d4498d7e2f48640efb6498a7378d8c7002a5999c7ac38ad5;483;Credit card;88
ed39db5c5f502e2b21fe8817047c671bd07c5dc95589bd8b7a45878e993691bd;34;Personal area;11
dbc012f120b0fec54ef67aeba80f1c3f5f52f809b82f68871f21b773738166f1;337;Personal area;14
da676e5eda1e06e71697c99fe1e5bd7c661d33586e1915aa9414fc5393f1fb54;5064;Investment products;141
52ddad7b205ed529775cb6844c07e9e1a3c7cfaabe5a817be6cd5f8545e9175e;4221;Consumer loan;167
18a9527d04691284b66a02d7754ea188adcc9bcc6ea8a68255874e758a138c18;6813;Life insurance;186
ee71311e852e845c88921dceb6217b74805f699afddf6641667db65aba477791;8534;Life insurance;158
6b89f80524aa0b4a1ac21b0b1442d13b656073a665b76ce43173276f87fbe89a;8613;Mortgage;12
bc437017924974ea3e354047c6e880c7f66f08d5ad3ef427692f532786848314;3135;Mortgage;95
8a9f7bee4595420192a605df3350cb34bca75a9ce8217f9e28cbbe3ebe836953;6275;Personal area;61
6a4fd8375684851da5390c204c71c252547568bc6a87a99b46af815be190f43e;3736;Credit card;158
aebdd4a104d0b3c9ea2a33059570896992eb8ef280ce906411e697ce6cd41406;3117;Life insurance;190
1dfa88972dc5a648c1f94b2f220cb8c59ef7df749fa092341ce3ee7ea2734567;4113;Personal area;132
b2332a3280837b8ddd5674e3a10c4789ed06fd37896de72bedd3d65a0e4423f2;827;Mortgage;35
e3f172d705f67cea9480c635d950000a1e3d9c9d2a79d34625e455c82b290439;3973;Credit card;119
86c1fc92acb170c05c8996a230eed842a2d5721887f4d4dc3118c5872de9b5a7;1742;Investment products;17
3b5b14f43898719f94cbe582ce279174f695fa73bec0ebcf714a52f6b5085656;234;Investment products;32
7c05fcf236e5158d52d93f761c7effe832cd1ac7f23c18867cb5e892f950931d;2716;Investment products;126
4948d7c814ae2f0b90abfe51bba9fc47f35c03e058848a7aba17baea75aa0970;2892;Mortgage;175
a9b60adc7257f71e4819b1cab3c9bc7be2938fd8ba80976668847f35c108c870;9812;Credit card;3
3357b5821793f3deea7a7826c03aa79efb13e869caf35908f51381bf499c81ff;3229;Mortgage;182
b9ae1a64842fdcc73490f8db9843285ee9a74bae4ca8beb1dc337d7c6909ee76;1193;Consumer loan;91
9f1ee3cd30515c4c9e35878c950bafd2eaa41cb08a99ec79be981127e3fe6631;8005;Deposit;162
ce8181e7916ec8d80ecf7715c697c71b918394fb20946b44c168ed2ccf8f5e7b;3820;Consumer loan;153
0dcf21f28e8204e6274659203312aefd9adc0d57812bf1d993439aeb408b8a4f;1415;Deposit;134
f64e8547a95005dc84ba89600e3c42fc0137e35560458ba67479a8613a005cef;3876;Personal area;126
c2bed3d3f509af5ea42b7e95af4dcae2146712aa549f836763cb463959890f22;190;Credit card;65
458b9d6bdd4984e6aceb3a6d776036b092adbaccbc9e3b84a848f640da7dcb8a;9281;Personal area;100
84f50647b19c0829af261d6bc007df52f9de909f70e6661b734709602eabefe0;4320;Credit card;94
d127304c9d641c104f918f6251ed16fcee692398d338c0e63b3f6d85bf39cf53;9060;Investment products;4
c0bc4322360b1ed993dc5be0ab68803735155593558d00aec0fefa6cdfb76147;475;Mortgage;120
4adcadc77a07758602f62f65762b68735dd4d20d438b4da9b15d56a2d30e249c;7994;Consumer loan;24
de9ff037ab579081d80790699ccbd9249e381ffd608a6d9c5771991629a52178;9253;Life insurance;140
9f0b0143673bec8dbcc4bef864ca6ffb97e6e68cc520055f61ce3d085815fe00;7859;Investment products;48
90350d7e1a19f00689c46a78babff6fab8cc4be1c51675f37e08d80e02058c6b;1177;Life insurance;175
5d9706b1c4a5a42e6cd29a558734fbeb012fd671700380b3af7a91a45ebdc9e3;7369;Credit card;140
ff327f96921efe193fcb277c57ea5806c40475aa14413372910fa390747f0ef3;8017;Deposit;133
a71018f29c848c25e1fd4ae3e93706cc62df1b1f26f5c7cb136e7450a223547a;8083;Consumer loan;178
c607d5870d674e90bd774594540298e6332c2466581dd9bcedf9ce38939be7f4;4215;Credit card;48
587e14beeeeb440fe5b6385c833e54746ac3132502873c99eebe68433bd33ec2;5359;Credit card;45
0d19323af352ed11c614f2a584086f557789c5e81d1fc76b65a313d572f37477;5605;Deposit;29
d279d38360f4f750e5a71ef51ee230780a7a7042f8a827bd38546ca5eb25e7ab;1052;Consumer loan;199
9b6a814728f9af02400b8f87dee96ebe74e8db96a5c5da454d3e6410d5edd53b;4157;Consumer loan;42
99e0744522a52e158ba2edb746dcf58470bbed0305374ca6fe208f888756597c;4042;Investment products;147
51a4b1ed678f013e7887fcb9bc77272ffcd7689610fa0b928c6fbf5be54dad47;1577;Credit card;123
66b89c0f113dbb0e1d8f48d4e168a0714aec7c9698955bbeb05ccbbc3b09defe;8829;Deposit;80
f873bcd5c2d8126a093253a873096ba8baf42b81a9a4957600145b54d43666ac;1964;Investment products;121
47374e158075f24f0a32ec8765addf8ff9fdb2585deb08534bb17933df34d4ec;2808;Credit card;176
9d24ac75fb1de62014c399501816be016694cdd985af41a5ecbee96b0c95ba16;681;Deposit;168
c9d71248903517316aea8bdbe6b47ce608dc89ab6d8d8e095561f72030b5792d;3582;Deposit;41
fdbb68e6d5a86155c59dd481eb2167d43050933251920f907348218a0d030141;2761;Consumer loan;39
ba14fdd6d9f797ae9a2322c35d27ffbbf182b9f401bb0819d69fcc61138a7441;5543;Personal area;72
5cd7ea9d7343275ed557cab3ed94ee5842788d64ac56e3fff9320937005d4bea;9429;Personal area;54
ccefc0a0027a29ace06cae65d10309f882199e44d8308f20ae47d8a881069350;5161;Personal area;165
41df04abdc27ae0a1c98db26863a47b9bdc3cc8a3d626a7c40f350c3036582cf;8849;Deposit;175
1498ad8f55c0561a6bab960971fefa7d5b24e57516620b4c8fffcbd5b5d36470;824;Investment products;130
d83f17b1e041ea878b3c661d54f7ac99a3463a49854b0337c9ba735d2bfb4e06;6312;Consumer loan;87
6197c1e1a90dc9049ff2337853465baede03a82f45d4035abf72f6f77c6f0013;383;Personal area;67
16097312733a1437a228e9b61c97602b6dc48cb4820b11fd9a79057c95dbe1db;4385;Consumer loan;180
b04a90d7f373313aa4e8a695afd9517df7972f795d560e1af9030eb2bd74b23e;4061;Investment products;180
e282b7e0971aec754fdef81552e2e4ab0d0d89521a16c36fcddf52c70db22027;3450;Investment products;178
dedda4317a1450edf142d0cc9da3736c746bb41062f40dcbb5d21ff2312ea53d;511;Life insurance;193
68f18a15623c8a94b43d7d0e367715b5b6cd9a24a2c08d240dc090aa65e0006a;2434;Deposit;4
879195b5499be3661bc4ea35460ab1da127bcb1a3b4eaa3a6c5f775a67b0a029;7619;Mortgage;45
dd94ee44839bcdbfb80bf7917d2e70b3fdda5b87396f9c972b634ca7a16a1c30;5715;Credit card;74
f4c9206a1b05fe376bec50a90a8bb07eb1f83fa55c659116b2fbe070e38b78ae;5440;Deposit;57
b7d7cb719466923366dd5dcb168b8ea2c1f1d4c398111f00caf37ad9e39a9078;3486;Credit card;99
369aca6f01b9de475252d68f6cdb75830c15cd1c8dda5393fae45dfd60dd1402;2631;Consumer loan;48
5e3af51163011c893af095f7498052ad663bdae5e3f3fd0487a76c47712dd35d;1901;Personal area;194
a4f6c264ff609dfee115fb2e6d4f500233827d47768687c6718db6831e134e07;9280;Investment products;159
5fb78b1a4a82311566c39c15b7095bcd9e79ce93265b8cdd6b12ca80abb7fcfc;8560;Personal area;37
c47d713c1e99e97c80c7b231607193adab462c545010376754642c1810a244fb;4691;Consumer loan;42
f43c5c9a709c10f1443a964743c46c1b5e3845d63abb420186635d6e5ff50afc;8614;Credit card;51
dbe08590fd4808294cf3bb87b29fc8cf93bca6cce58b7866774baeb3acdf2aa7;1398;Personal area;152
093263c4e34b13e6d178566e04de8351aadc0c56725c2f4a827c0bce47b81347;3180;Personal area;74
f44593ff9446484835bfd01c78d17d82ecbe68e2b0416429455edf4ffe9ef5c8;6806;Personal area;193
23596206e942c82538ca3cce607a25b3cbcd61bb07adfa50ace3d44612f5ded7;7147;Credit card;166
d212d5c774f8424895c9a4bfc44d4b2eb8fd102f3a016465c3ff4cd8a5edc38e;4161;Life insurance;31
3b996df1bcc7279e3a8b08e4afc0a6815954e0ad7b8b66c6c04622bb32fcd47a;2089;Credit card;3
85d96668fe392a08cc6f963c742a928f16694db288cbac3b09cf4f3deab89821;2713;Consumer loan;67
deefb72ec634245ae8d935e5a527703a75ae0b312125b6f4c25af30bf06f1abe;4436;Investment products;112
fbc37624cb603695f3f6696f11b705dba2a95bcf61ddcf9eb60c6c061c12d0eb;487;Personal area;192
0332501d3f20ea93089188865b709b1fb401e0734b1743306b31adfab57d14c8;3681;Life insurance;183
1123344a93fb8103f8430af08d2dc4385c745b8772b0150a8563326fce46e0d9;4936;Investment products;121
b9b119cc4c3527c4ad181d7b3f76623f29b99b79ddf62e7318bb2419b735f347;3192;Credit card;130
acbb6d1f1bcbac08e1cf1949548328f4cf197de67e43ceea65c054cba9d47a18;3573;Personal area;149
afb1fbffcdcf03bf35153317f2a451483f82c4eab475deba1feee27fad4b1d65;2656;Personal area;91
e72e24029e221d8e06134011b23b5f156a43b6df0b506040f7b05f30725096f5;1095;Mortgage;58
8e4c8647d1328ea7c033bde9b219462632601afb71a2ddd34190f7ad47ce18a3;6124;Deposit;131
37234969daeb5fbd4404fb582c51d90bdd1f5c010c65fbd217f5ab8ce1311caa;1610;Investment products;117
cba9f19a89b5bc2621a425c38d52451e2fd33cff65ffe07bab7fc76fcee0a973;9772;Credit card;3
3624bc23a44d8264f3c8b8602c881e1094fe1281868ee7c8a624681e25123ebf;926;Life insurance;63
c59305a5c22da41f0101f48028a49fafc6fc65ef46abcb6c1a1ea9e8d789bc29;8246;Deposit;160
c96106c27d56ac784a909aaf872bb9eafb40846280c928be8f01a66fa32b34ee;670;Consumer loan;194
1f1a7fe7d8eccb64ac71e3bbe5342ad1290f8c6d3fa43b222a8e29faf5f6a3e5;2487;Life insurance;3
b635c037af2a00cffcff43257208e45792e962e64fde4fd0660ec4ac895ef570;7747;Consumer loan;66
1a87e0ac94564ae7537c491e030d7c5773c334f22254b8e8ebbfedfaa9ccb556;3042;Life insurance;168
a30229c39167acbca6b8350880012594b269ec4f06de61952f7e35e319629d88;5493;Personal area;134
c4ca6fb0f20111d2900a1d6e878e12b2628499788ccdcaf6fadbe728258ced31;2934;Credit card;23
b4ddb7163ede8218ea0e37faa91ae793a8ed6ebe59b2733b5d8331e18db5d233;7852;Credit card;29
7c169ef360ad1052ae5c16d9714bd023b92cc25961717130d728d69e11266b9d;5875;Investment products;48
529ed4a30128f5fe0b7528b301f66f8c648ae95ed7e92519a9c3aef173ce98f2;7509;Investment products;16
813170946f97968ff43a0b5bfd6680e4a5cff180c5aba1c7d8c5deb9af1258c6;9625;Investment products;181
7a0fdd67f3743a695df12f2b0cd77d2f34a9ce48cb26ca66cd08e1e92612d1d9;8731;Credit card;46
60418d6f3657e9ae565a962ee0e097306b1328389608384154e776c731f7cff0;6238;Personal area;157
bd0d3bc1f9a39dfb31a45c39d26575baed43af693648885dca931d51abe74663;734;Life insurance;160
d4243b6b1b821cd5e7b41f7ff9f7839e8acb478d9564e3bd7bf00c257f54071c;3161;Mortgage;51
b14df921ae1953cb2240e5d2fef3c60fa48591d74c4aa25e29a8f365669833b8;9303;Consumer loan;116
6b4377d85a84a86e389cd8178cc912a133b9f227e920f50b7832874872059882;7365;Personal area;165
3845ef4047b8fb446472511c90f0f6f7e6c21ebdca93ac52e89fc4fe9311257f;4439;Deposit;35
eafef33436324d4497ea6fb304ebb2872bb4d432973459739890ce9458b4c2bb;4199;Consumer loan;111
9e253958ebb4c05c9c3eb2834cd5381f5c9b0a2d53c8960f4de29d20f92f8a4d;2918;Personal area;114
e3509714512538390874be3b45a4c5ddeff95bd03b454f439de3d861160d4e48;9884;Investment products;10
b69857fd73dfe6d4b9e69a1b9ed815edf2f476b16befbebaabf59303e7ff4814;7753;Credit card;84
dedde362b9a0dd361adc6493ffc7c762333c0977b01267031266a47163ac00e3;8094;Consumer loan;28
5a035b34bec33ba661c695aff17d1569673159a1306552a67df0f094180bc29a;2263;Credit card;105
a27110fb741bfc45c99317a08245a99235ec33d8b4af125b9f18f3667d7e3a48;7256;Deposit;50
c78fec74eacb93d7c644db997689dbd1ccdefd8652e57830ac69404c5dd069ed;266;Credit card;32
8418ede291db0cd3de6caeaa52c0def696694c7e20d1963df3bd2c27725b4ad0;7317;Deposit;162
dba326a11e962486861661cc181d7a8fc57243fdc0c51bd85833e0e799383f43;2740;Personal area;167
9736628ef3dd8fc3654ee0d308e3ad16b182a268fa70d6c143221cbaf13b2bbb;2154;Life insurance;175
a1f25da6ea7d465b0aa8d2b35f2e296816b924f76f2e65dd66419f2a21044d93;2176;Consumer loan;122
a448eb541657531f65e0179ca9a37017c85b19531434cc8541d1ea44778c4556;1162;Consumer loan;3
6bb94881bfdbc96f12c6f13284b252393254d14a2e5fb1ba3999b95457c3527b;3818;Consumer loan;13
1970958080611784e5bc47aa29db5b3b6139a402932acb32728260aa7ad528ee;7111;Mortgage;13
bb00ae325267fcd311d951a4cedfa39086b8b85c1eeb98f91788c089326d14e8;328;Deposit;60
cf92d89f3dcebf19e4bcbf681d087796db59cb8d48101da115e757786f111e5c;1830;Investment products;120
1f117c232167143c5ed7b72d16e85a819424d5e223310e1fa4c3f0e04e163396;9075;Investment products;128
7ec4ba1b3c3d5cad92144ac444c68307e9f9aabc2fd52f3b22b27f52e9b27ae5;5876;Consumer loan;176
fc6d0ec2bb5fdeac58a48894f5b43080e473aa1e1dcf42d23c36c414d2eb1fef;3816;Life insurance;103
3b26aed7e98f200c95d1f1830b42bf710c9610eab3d2076e848ab9e3bab902e2;4544;Credit card;62
1edabe20095419d46fffc3dedc320da795e9d8e3cf650e7beb4a8ee60cb28752;9558;Life insurance;64
3e327493197e9da9073f6c4c20dee69eff999cb591d8a7fe18d4c09be4c02b37;8185;Consumer loan;179
81f866c3e9488357201aea569eae3e3f7119718678736da959d272d5bc07243f;3478;Mortgage;119
6821a3877d2089bf07fe11e2b951860cb3e973881d84ea424679a1e592711ae0;186;Consumer loan;54
3f6cf1da2727b614cae17f4af94feba573802cc0e1954dc9bc47c9a192aa0760;3825;Personal area;77
9719b5872b5d0c28e1493c7ef9b47afabe673c3eeb2b7f9b004665e906820d36;9548;Mortgage;156
be692d141d21baba13d810d47488b9872754170aec297a15a22c451b3b8dd665;9802;Investment products;62
722ccc9a2082e57798faccedee58714a19b3b31a114b7ebd54a87a37329db616;8553;Mortgage;182
f585c987989832a28623cb3c3fc16c126dd8886f0965b5b3dfbb95a82a675a48;132;Deposit;82
4633615366e154cc4c81ab4dbd329f02b0ce6e1b26eb98cd0dae68ad66a158fb;5898;Mortgage;192
f1c0c8ef5cd9b632c9ab6b84503bbfbef19b061ba705700f40df943d437f6f4b;6841;Investment products;154
f542452adb7ecd28e72723f935a20c6d517bdbfb578dbea72f3b95a2b1817ce2;1774;Credit card;69
e926222671544744d0e08a3437d9c74b1cc523df19c77b975c7d337411614e93;171;Life insurance;50
6f7525992b942cd1e5cd1fbaa01bee45779c438a96e5272bd6a7fe1729faecdd;4574;Mortgage;19
ade6a7319c20d9211146f859f0997bced36cad05500ba463b1c5e914dc634845;9869;Life insurance;114
511a7722d01d2ceb721dc3abe1d782991802dede6eb8136601b93c2ed1c92752;275;Investment products;116
cabd8260b7432052d8515ef54673f8bc948fcd0c66dd20a3f36c9711b7dbead9;9899;Investment products;193
23dbcb7df1fd23913cb3c111893d34a3b19c72893a2b40fa723c0aa111f7dfce;6255;Consumer loan;36
48ad1fc3913c1e78ebdbf7b1097ebfd47d0760a1aed49915c04d23b9ff218ead;2772;Credit card;167
a0268fef12585a24f40f4a32431f01532ce13fade74be78a8c9f450ce2e89d36;597;Deposit;175
567397013d95c85945b01ee35a0693b7dd58b50fc78f08a5863bab459d705a63;6285;Personal area;10
d9e3c3ebf64dfa2f31f8ee0b1827de228a1f9a72fb49494de19de1d95ff11263;7729;Deposit;193
8eff7ff648194bfc2024de5c5eb03328a5fc4b3bf09babd004cd1f124f47e702;3820;Credit card;167
3128afb95a043af725baca92b0dc58fcb97a998c3fdb76acb5cfa9b297e3beb2;9183;Investment products;80
022b5e66a30f342eb2fe6611fbe274bab651b5e351ed9282cb26cd5627c7829f;8252;Personal area;91
cdf6d92b574948e64b43a110d9ea07296e78a12c1ef83ca57992712b85c87ed6;6430;Investment products;174
5ff2d259d96a5cba63d957958174d677f3885a1f465341387aa0840ea1821011;5251;Deposit;128
67e178f9d3d4c7fe3102d3df4216ed86f2a440535265b1795d476ec98cda0b2a;222;Personal area;33
283a5e7d3536f8cc2eb78ba5883a6e1978c2532fa50a2e5398407fc3ddaea659;7378;Consumer loan;158
31d268cb30d6afab7d16d82eb06c20044b622e29933c457bf477193de0729dd7;1496;Investment products;146
13085bc0a12d2f816b20638c04f9f32b3e205a141da491d5a4f3381f59711a78;7260;Deposit;159
cf4299257f8b093dbdeb5586a2b36cfc7317ff780af63723484950510dd98943;3154;Investment products;7
77076855f4eb3f579bb4da851c419579984ed6784e52b6b81d30dfa552d3dc42;8898;Life insurance;73
fe715266ca2c0ee285c93b36cdc51587dec55aa72c9d5d8dbf5aeb5ad081f50a;5128;Deposit;43
971eb04b0936f7f8e3f0a8ab8f55f44f1a84e8d6619d991dceb6527adab174a6;3324;Mortgage;14
b93369441872e8ac52bb9eda854c55666191d62c3dedf734e5fcd5a9f574a8ba;7897;Consumer loan;84
7fecd6931f65e6f092a2d61d0c9bed7401d6b0b344ac3127de3cbcecb017f14e;2403;Investment products;190
8c0e10bee70e5b836bba150e50080b858e0d2cc562b742604c79dad321abd03e;8081;Mortgage;31
5537f922950dc65da780c18d7a7dc272f9e9a307bca8961ef3fb94b394d49d93;6951;Life insurance;46
aedd3abb03df972bbbc939982a4c17f5e56b5e29a04e1ce070e1488783ec027d;1792;Deposit;40
26602345b6c8b923d9732a8f7afc29862f40fef0a18f26c6cf9c77a0eba531d0;7414;Personal area;60
90b4e199725a48bb6ffe3ef306fb6d7ad5dfe56003d0e754c2c94b4afc08f207;8604;Personal area;152
69f01724b0ff3299f31c8571b6aeab4ddb65586d6f849a92adea81a76b16d323;4591;Consumer loan;172
1bccfcfadec9ea690555d6bd48fa05a6f051d6817ae65fb4cf5460e625bd586e;8432;Mortgage;18
59218be1e38a8303b60d1bbb301941c003126558dcaedd1d33df7bcbb7f135c2;1080;Life insurance;87
51c73c4571f77b46032268f9068966d9381ad262a8299a0c7cabf637a48aea2b;5686;Consumer loan;7
7b45ab834c54426cd0e54cabffa2119c0bce86ac11e243cd17626d869ee9db43;7412;Credit card;29
5d70448a527aac64c9cf0d4ab5f91b363479ec77390167cc57f4702b2e319b4b;1908;Consumer loan;5
95760fb617fb197bd6b4a494d98edd5c06136a12ff3a045b52646df4b497f00e;6257;Personal area;44
e91032784d6042486a8c9e0e8255ba1ba5a4175cab08ede578c177264522042a;9722;Consumer loan;133
1039921d760d10bbd24f418bc727ea67258fe276bfc0c3d88eca67c823c8ef8d;4302;Mortgage;109
8c65f1f4b8418a6e0bffed7e1664f289a2b11c59c6bf065374a4099f5e3f5ba5;1221;Personal area;83
ea2e67f6e06ba449cb11b0eb2fd5dc48e4e3ea3d679a3496c8d106a92eb9a16a;3671;Investment products;170
ee424a68cd3d7499baa6daf8294286b50c954f0e2e0a752c13c5ca716a834ecd;7214;Life insurance;56
1ff88ddfc85951a6b14fb5c1246839f9b38ed9fc9a13175b78b061a076c65353;3375;Deposit;28
a312553e287ac5a934fa10bdcb3d368dfb51842c7adb898c5a42957204cabc4d;188;Personal area;69
e28580fcbb7cd786239566b242010b65873e110b19ece3fa13b86ab8c4d8b962;2128;Personal area;74
2a74626886945160ee655904e93630c5bc1ca79d1478772b11117d4e9a951fb9;5220;Consumer loan;37
da3f552a14c8871aa2739944d1e4990acda9f27e0c9298970aab850640a8a666;4489;Deposit;87
9e311492c4d529c7eb76d5ae2a8004c6a5f5d1984d2585298fa65926c78f75d0;2247;Consumer loan;83
6a03ad05b1650e128328cdf84566d5b51861c2fe425df65cc736e4f83ae40305;6726;Credit card;16
c0c804a93cd1ffc27797ed6436c567fb295eec4aaa180f1817b3d111ad9800e6;3489;Deposit;37
f0ccf8e2bc7d0177d75ecf2a7d2c6e86d2ad1eac3a38dee7b988bbce0f853aa4;8640;Investment products;172
08cb080698cedbca48d7fb4de59168a3b6d08a73946d02a38df7f12a1ee1bf86;3591;Consumer loan;176
9f7840173206fa1b4ea92aac27c46125ed872d0cae273adb8879a5e625382e1b;6706;Life insurance;48
c95753ac2b27ae12c57d4a33a88f621e75d2e4c2ed41dbc7dc9ca2af651621e1;417;Life insurance;191
dd0b1b7d3802d5f081a45666c2262a818994250e6ebc19c51c2b2bc285db8033;8484;Consumer loan;168
c703872fd06a234087ae44b87eb5c329d2fc3601e462e73d11efa3c979bfec9d;3501;Consumer loan;192
bcbd94830b0cacaba26e4f34200cddf60d3db4f566024d2d009ed5f5cd87b98c;2311;Personal area;130
408549e661b001beac01a2cd912666629280fc9ec782b1b340e57544f4a58aa2;2899;Personal area;80
6e964035b84510292be82ab71edc8f107900601e3093411c49c05004c002a111;1776;Life insurance;162
878d5c1786a6702ae2b9674fd85f75e1063faa17ce79705560642ff762286b3c;3726;Personal area;40
72abf87d97c6c900f00f8c931b0a5e8bdd85f06856bb3cceb089f4dafbdc6df3;7289;Deposit;192
c1e3ff67d1aa3fffccd5b9a558a3cbb7aea993643ac95971dd88278f6a46fe90;1313;Investment products;106
1a789daafca0190f4511455c64bb1a8d709081886a5bf9e0bf6eadbab1997d16;6691;Life insurance;149
268e9ac8bd79bee8f05c5c7fd7c0e7f03c78dd061c87e1aeb1b903cf26125e00;4473;Mortgage;83
d26a94fbc0d6239a682c869de8e35a0637bad852382876096b49ffafdf996080;5653;Investment products;28
475a1c883b310ce8d629580c7a1d7c270266e17adae146a247dd35a4f2531352;6003;Consumer loan;152
ea49755bf0040d63dc400068d5eafa391825e1bb7044a193cddb9a3f8038f73e;3280;Credit card;126
b8550589d8c186204ccf29f214f5f977b543ab890fd18e7200c0045d6c5edf42;2998;Deposit;34
b52c6f039becfd257686684ecc30f1ace5c64ac7bdc7412a417af78d67809f73;7591;Personal area;131
4fe25fc8a5a1aa2f73a1f417e8a52647afee1794e00e127e7f578d92db4a5093;1714;Personal area;87
1fc89f2e45eb279a1446c902d73260e81ff66f97331b9962daf3b1a691acb485;5646;Life insurance;47
b419539701d308e99a080ecaf7c24f8a917aed989e9b1f14ec4f33863c6c4675;2100;Mortgage;71
1c7e8138381b0ef0bd75cdab484fde38eb06f1ff0df93c39848e4cbcad2d722f;5552;Life insurance;185
46d42a9d421bd4a30d1b73884318c0346206e2e5ceeaf063e1844c274960f360;9365;Life insurance;92
7ba8c1142b27056e0b5713fff9658bea1457cb7d9c8452a4bbf55523fb43a96d;6275;Consumer loan;25
8f50bd5d5760f775b8552083e053b66fd2252d363bb7e4148d83910af315df8b;8211;Investment products;31
4b7e1b126275d9dfd977ac5c3d51171de30c9be4dfc96410acf3db299b5ce944;6928;Consumer loan;179
d27717c417a28381858d58a408ef518a89d6102c9a0f72fc30bfc066dddec00e;5461;Consumer loan;166
4782ea3a0a91021e11181b7c5959dbdaba7f7c7a6aec03276deef67c77621e5a;2031;Credit card;86
d74e7655eb49cda488df6ccab70216e7d30f11f8963d84a8b3823d7c880c9138;1291;Mortgage;98
0dea6f0a6843a9e74825532093d86af2640866f9f71e1b988a6a9a6e7ba0cf67;1031;Deposit;26
0da0a93cf0bf4987e20bb37dc2b54191ccf0a9f1aab4457e8cb110844fc5a4ce;4036;Deposit;77
832ae9ae219e977ff65f4ec921795a0c88875308053c87b311215e5a8dbdf2ce;9142;Consumer loan;172
e4cf791c46e7dbce7d34f4c2a4fb80c08f6a9a8e80a1a4106091b99633fea3a0;5057;Consumer loan;21
348ca448a5b16ff2b1c44348beb5f60d441248ffd91204d4b2c872b6765eb37c;8409;Mortgage;80
37abfba0cbf6a6e7c0b2372a9ab4d642244012531236e298bbef452e9e4bd71e;8516;Consumer loan;148
9dc80a8bdb954cb963ba2ea66fce1dd03b877ea4df86ddee6d917bfbb2ca6e04;3171;Credit card;98
9756e7f1cb94be233b664e7d521e6f3e3bb0c4e9da5779345f2aaa85b9817c82;5490;Life insurance;163
96cb3a7df7f2751faea788b4c8f2bc74e2b5960086131ce854a91636e4042b19;3983;Deposit;107
14ad093f72b4984e3f4328c643807a55a36e4e72e5139f04acfd3ea4a84a9c12;442;Mortgage;112
8b7837b51918d877d04c19247a8bb078893ee9b76abfccb4ebaa351ad24e88e2;5631;Deposit;146
982747a45f9afcf60e7820ae0f2b67b13da15b0b60c8d2f70f35e468fa1d2227;6026;Consumer loan;122
074b60a9cbff91edc70c0419a5451ceb510d5b7abec09a0720f1737965eef42e;6121;Credit card;92
8e37dc2ce1591a93fe1f5e009e179ae6a1725142d98658ce9e5e141c4ae10b1c;6033;Life insurance;79
9c33dad00b4989b11b2bdb31e7444b4887d1bc09628e12cdbf8e8af385e135b1;3393;Consumer loan;14
e8b606be34e213a038fb2f11f7fe04d5506c4706cb2139ecc622c4dc61f4dac9;7476;Investment products;179
ecd2666e586858d60fcc9841c9b25de6604767b2ec36b8ea3865ad59eccd3d27;2707;Mortgage;102
a19caf55305d9f8e674b2813891fd19b40a8e38ec88367648dbdd1bef9ee1381;5452;Credit card;189
3655ecd7b791e40e2670d241469a68ad4ba75fe0f5d165e4c137675c864b4f82;2513;Consumer loan;128
6a2e1dd34b1d727120f342fe76450b9abc35276888a090bbb09693708fcf27e3;5523;Life insurance;195
057dea040ad852b284a6c6cf977b00168cace7a23c32941f49174870cf0f21b1;2381;Life insurance;199
9687621597012029ebba1c35f95ed258b363d4892b59e068e38fb48cb379b6e9;5193;Investment products;123
abefa2e5e19e17df279b207c659463ef200a0a5af218ecc896cd99a8c298cd40;6235;Credit card;189
ac19dfafe4aa683b7a9be308fa49c4b2af4e35f1d6c655b90ac53fd302d27c31;4113;Consumer loan;97
9362c430f245769c51740f1fad77e2f58bd3a9db7bbeb4752365c41851b23742;54;Credit card;170
771f05e8df44b961775b98c516825a281b6412d9d412cfbf29a3adb99a0c50ef;3547;Personal area;24
60a9e2afc48f663a7afb6902b904f875b604a2c2b9d7f591a10e115750fac527;3479;Deposit;189
4eca7bcdcdcae6adb7b095691c18ff95161f1bef72c788546ba8132ab49e6a97;8222;Deposit;28
3dfe4eac637e1086338ebe3836b8d787d389f8ced623080d4e7ee373be5f744a;3031;Credit card;41
af030f3c1295b7f902ecf181882fbe3a075a85a211fb72ae50d7b0cf8bd369f6;9203;Consumer loan;135
0f9fd36606059aa3f1c357316648158867ebf36274aeb5eda10f7e32e2c33f58;2501;Deposit;104
19f8b75f8161b2c232e34fe0c79b5b32bbbd964c68c92e38c8b47d509aa116cf;9811;Credit card;156
8f94793963857a8170494c104f044996bacfb430834a706b227cbd74ac642a38;2121;Credit card;81
08a7f534045a38a5d0317f9a77b2172aa63c87d2ba8ac888ddbcfa4178642384;8888;Mortgage;75
74cf1f9851c6670eedae9713c0e064d989938beaa85c7f0fb2e65ce6b4c6bc5e;2727;Consumer loan;165
79814a1ae9eb86203f9c13fd4ad6a6a0096bce74692038793d0b63f8197a8a16;3395;Investment products;148
e6e638ad8a176b59e40452b2eb3986e22edcdb8197d151bce8a08e3adebc936e;2306;Personal area;173
35fc32de83ebcc481dc5ded50f9d9a60f696f12dc3e00043fb939f2aa7eb83c3;6853;Life insurance;135
95035b2a793f511126201b82ae6b6a368a8ecf2e80f00bb90334b04f0d49f703;3503;Mortgage;174
95a10d6a58a8c360a3468939f88c54029218eea362d24d2e7b919d9faa77c52f;722;Consumer loan;82
742e784f5761bde4faa9a11c955007200a6dbc1208416de27c840bb9e051da7d;3456;Life insurance;151
11cce442ff174141e98e8e17716ba21f2fe85e4f2e6477684a3a59fb8cc97adb;1513;Mortgage;72
fb23a2df50522b2bd44e772381f99451989e5858f1712504ea0aa8223311ccad;3565;Investment products;51
c83f1fe74a3ee94c7b8db41951a0962f372d3092c32024e46826b384eab787d1;742;Personal area;185
f7dc5769110604cca031243634be0c2fcb678669989683e56873243654f65132;5015;Life insurance;172
ac7ef43b10cd50974cb274542627938ba65a5a59a4c954b056316b16fa4791f0;7483;Consumer loan;194
a4461c2a2519701b959abbb9d19d244ad923691293121517a565a88fe9470375;5559;Credit card;149
5bb07b5fcf8091f9189ea45885653609b2975d948613e52f197c04df03b142d5;9412;Deposit;149
c8e73e9bb8ef5ae2b849879243924e7ff5386f017c26c9a7a7c5c8dfc25a61bb;2174;Life insurance;181
8828a9ce1affd00fcb4eea35f49450450ea662b89b014c1d8b92bca974128025;1500;Investment products;40
c7f0f9feb355a2dc448e8e96a8ec4d3b0833a5050a9074c688b81754a39cf200;5581;Personal area;51
aee503728bbc8e64381a89597644ddef585aec68fb8390c25b7aae945ea40632;4297;Personal area;117
454e4dcfd355ece192df46bf4c1950689e8d9c809fb46b956fcde326d9abfa9d;2470;Consumer loan;51
ea8e46008023c70b3e04b95d4f13cae3bc8ac4e19ce9305b146534400f1b6ba9;9747;Deposit;91
a88827bd6c6267a3949639ddeaab22464445f58bec2c215fcb85799f94ebb8c9;843;Mortgage;90
1b5b58973d26f54e13a5bbc5df8b0275d8784c04c327766ae354115befa91cac;4158;Deposit;152
8b2148d6c9a0b58e7321e8617961767c79ae9ce6dc32bbce35690aafdbcddcd1;4807;Mortgage;32
547368accf97d8d63bf7642fa5724d6505e371098751b72ffa43e89329979378;5429;Life insurance;129
54c12885207fdba5d4bf3e2dca7bc54f8e5354981029d38ee27d133ff39cfc72;7629;Mortgage;162
20d96962b5eb568fa643e42d7622baca1f92b95789dd960fdc3531735a56aa58;6507;Credit card;118
4b52ed7af6563ac1a3592a12f1872216ebd4e9888f8d51be4ecb1d1812c1fc67;8085;Mortgage;10
94a1e4091d6b0e4a77e31dfaffd86c2562555b8592b577f0d90c39171a4e8f92;8772;Deposit;95
52b52309fcb8726223462fd076de73e35ad343b82b0bfada8c8afddc4b699bf1;8883;Consumer loan;121
e9d8f932b08a26ef228f3fcbf04eeba5c88ad80b18d8fc150482913c63d35c92;2713;Consumer loan;122
db128e38c1f5f96d2b20cc050a938ef8dc68f0105d7a34fab7f539dc48cac005;8110;Deposit;24
0557ec4879fb250a5b0392e8b0e8ab7ca719b111cac54622bc65576eea77845e;716;Consumer loan;113
9ba0508d6b728350d74d872a6315050e9d348148ff6a4c02251127e8a0182df2;638;Investment products;1
49284780fa731049b8e91005ce2ef464d33aef2063838ab5aa6178158b6b801c;3577;Deposit;80
9967bc578fcb0d4be72ad4d4482f931a30b35ef03b2c3b4cd28941acc65aac58;4372;Consumer loan;190
da56d9943438adc79095b4c1904dbcfbde20f167bb6fc01c49b0bd186f0934c2;1745;Personal area;80
22d0b992c72102170d852cde7427de55dd74f1bed45c43ba3281df2b9327f3b0;4008;Investment products;34
4b578697d528394ffe76540b291659df6bc5af58458da5bd21ad0bb13779604f;1596;Life insurance;109
a2fb7fda2a9c3ba53a7e8e9f7e82e9a60deadfa4d996469acef5594eb31f6416;1799;Mortgage;86
6ae2056c9346772b93e6d8cfe00f2cf4dc8d331939da7fbc483ff4f208fa9583;9721;Deposit;130
2073797d908f204c4a5290841108fd2cba288a3d07f3fce0fc02889b53e29877;7002;Deposit;124
e2019b23f1188335d76109b960412fc229ff5cea0c328218552441525db92405;2001;Investment products;36
4d788188d704af7059ad753e5cfa85cb83df9663214bf7e048b5f8a0f1f8dd71;2907;Mortgage;128
b3fd17bcb1331f8ab68355c3a57817e9cbb7f267afe1d63aa22b7b14bc9c025b;5;Personal area;155
0cc2b1031169c8b30f478dceddff32f20b0ee3000b37a93cc00da24ef23ee381;4959;Life insurance;197
f3da596dfa6d3b7f4c180d719d5931328e7b665be6faa55e56355d62f674d49c;6265;Investment products;89
a5ef0b4592cb8941a4a442c1171fb75d33051f922ef9d79779f5880d44a4e487;5474;Consumer loan;95
2c29477eebe8bce6a7f6df4abffcfbdf08a6686b05d1423ad8208b2d623b0a20;7593;Consumer loan;93
4ab59875bca25946718340c9153aae5a744b2d53f73a1fed8f15877f361af36c;6378;Consumer loan;195
32a3cff679512f29e29e0117c3b9d332de169c517e99d0e8b59d86e8b75db6d2;6501;Mortgage;75
d7c53e07ec39ac23a3464893381302f89421f109f5292db7cd6c74dacf96e73d;8883;Consumer loan;44
46cb2c296f7aef868d224455b9c3d8e1511b7efb222ee494df6fbf5fd2e22d9d;1444;Mortgage;177
2897ad98ce99e4c0bb3265d1e6269864d8a4f8f6651a0b15273f59decbf6f648;8327;Personal area;183
9ea26d5746665465d49d3276eff6b19821e1f50770ff844da8eca3cdd1ba207b;6333;Personal area;105
44d3b7dfa1cc12c82395c9d7c0049aac6a2b6f23a8ae9f0032085bde5b156c6d;6271;Deposit;118
2882bbfb4ce2ba4d0107a1209e98838b40d49322d098338521206943c693176d;8130;Consumer loan;51
3caeac1f438ec228efbe41f82a3995b8b2d6bc0cc3de34aab842f49751222671;122;Deposit;195
f24dd81e840a30eb8a7f06c1948f4b5f209c8bc4e6c97df45bb0b474e82217a9;9490;Consumer loan;42
93fb5cb4f36a6e7eb683ecd3df485df4c5b7693813031313856490b1ffe57bf9;6002;Consumer loan;12
0fbc922b35fbfcf278720f904119522fd6c3f5c2d09ea06cea1b2fc7337f1d52;5113;Credit card;21
047faf897b9f0ede34b47278cbfb79c5363c35ead3f87ccdc60c5e47e544fb9f;2358;Personal area;140
499c4d8ff6de01ad7f448761759e6ce71a1b754e01b030615ee88b2a72482968;8223;Investment products;139
9be5d61d8f96510b3dbd99aa001389254b093604fb21f3059c4f396873940f47;9828;Life insurance;181
83f32b89e91654d9ad5c97408019285ad5f480cf06c2e42fff8af4f0f133efa7;1076;Life insurance;22
c603e05d21468626b394446c3e0e5b03af0c579b897250e4d5f64f8cfcab23ce;530;Credit card;15
b47f6aae1517fcc50c103255ade2090205241c08b460747a160ef4422b7c0959;611;Credit card;92
c601e37206251e65e225ceeec9b78356a3a242d60dba0850bff65c5bb37cdab1;5237;Personal area;35
b82429087ef5cd3b22c60f7731994b5e5d7193b7abf4d1375f5c966a45da4b1c;4645;Deposit;86
ee22e1806604fa444f0785bee84186b665b4d0217b246cbbead00940aa2c3cb8;1838;Investment products;18
854c3361b8cbf8865d7d8cf3b8a05af5d9a399fee6de3967fc295b828182210a;5067;Consumer loan;84
dd00b6c74e292177cacdb3ee6a0ed92d03450e26d61ef1f3ddac0606391de6a2;6001;Investment products;179
39e57df382ec07b601fb3fa7e4369de9c5d865314f9e8c41c7dbc78f4b8e6086;7349;Investment products;10
54a526ec8b89a3ccd8b09f1aa21d1b483a6c179cd70a7d5e96f5492595e83f71;5452;Personal area;126
9dbcedb89ec68df95833ba8c6128e34c71ee8029c32fb6e010e3a56f63920eca;7113;Credit card;118
d3057f12c06514d95d2fb814fd9a613e016a528fd07a759d6026ed870d3e30ca;4845;Life insurance;113
98c252be659f599d315a059e646fcdce06fa8caaafc2bbc30f48fd0f1269ab18;4146;Life insurance;20
c9605bcdc7db9e14ad3c05f2b5d62f1be97fdd703fe34b9d601d50830864140c;6653;Mortgage;81
c0df1a335f2eac0efee4cdaff40531554f483b41c9b1c7c0bbded36dae5de68e;4013;Life insurance;102
b0ad4f7653adc416af161c515d24a5db7abf853ab055973529ecd68b47f90545;8425;Mortgage;190
006dc0b72320ce08128f1b4d2960bd6fdc9cbff8db1d967bd662f6523104e9a3;59;Personal area;107
0aed1df1177fb28e84d12562b2fc3f47298c221cfe4bebb469017069b53331bd;5073;Life insurance;120
8f31faa1f403e083750f36503d4b19bc1c579d38b34593d18622514fba073813;3131;Life insurance;81
59e3db7c82d39472963dcae2254c4d7ec3807335e7329d09805faab1630f6bf2;3085;Consumer loan;169
6ed362683a093ddd0f2496af972984c9f2964d30d0dd23709a21b2eccc34ba05;8299;Mortgage;10
c4657285b0c5fc6b1a584a61a1faee3eca582ad34dc4c90ee6342f02fe39ed23;8331;Deposit;6
87425ffe74cac226dc8e78597587cf4a07e0f95f0a5c924f426ff9bf32879dfc;5135;Deposit;29
a5b41ed6c113b124e284c0c7d0f4b20785f9570a6e82dd179a006a200e59086d;6166;Personal area;109
5e31cb2cd5579495a237998774260b73d26253c8018137862ac31f8f4523fa2c;1015;Personal area;163
ac00aac0602f3b0c876fef0e0d18cf678bb3178315a4f24dcc53d24aab18aed0;9865;Mortgage;18
108fb3b5a76fa6e3d1d8aeb8ff1d20d259438ac440a5aa7fee82169be6c79268;579;Personal area;135
32dfe45e12f0a60af12af41a6309cf37311f3ad172e6083e79eeb72062ecc238;7054;Life insurance;58
feb95425f28a6e89487ddd3be1fb495da950b12be03bb42779d65ab61892b0f2;5263;Life insurance;171
03a997074c8a9aa5224321cb2ab014b2cdbad86e1fc90c3dbffa06a74bc419ee;4564;Life insurance;133
945c8979097e2320959a837b3f03a0c1803b24e408257b0d0efcd0943afec6b5;8502;Life insurance;90
c5a05f8225129aa55ebababd1c1563bb7ead3a97a3a25ccf0883477c740081bc;9316;Credit card;139
ed4c19c41bb6911d783f57c3b7f4e177c24a8e710bfe50145c2cf0616920b524;5498;Personal area;95
0647a18a5e5fd326d527790e11d9b0e91a4ea4ce3e80ce1c649514cd56a622d1;3877;Consumer loan;196
82750443876278e8bc6820fc713e38faa0e7846ca5c666d0db1cd77d56009cdb;5746;Deposit;100
66ecb9c45bbf8ca06896fd864d7d50b79687b0a886734cf473bea6f822ab5301;8064;Personal area;20
c02fb8ba5f4daf8312cfe648f0403cf46c208bb51994a1d2e1941b1ba6160a7c;1821;Mortgage;119
0339b12b0162be10ca37e9592e58dcf840dc58e94984c84e734bc179a835945c;8241;Investment products;90
f8258d6c386f72330762970edba2559681fd4bb6f9117284f7bac9e0a4a12ff7;5520;Consumer loan;190
24a75c2d0c86003673401d169f72f475d5d0e391fdf06ade0ad5034995c194eb;21;Credit card;36
7edbce360030ff85c9e2f8cb145cf280152f92cfa51abdebc07fff05e94ee424;6151;Personal area;179
2fa24ae4745e4310d4e7268146e6498e869c24a9b3749d019526c044f1ad79a6;5383;Consumer loan;102
66df116f783359290e70168eab26b23bb8ae2913c9f87e62d353f1644d51674f;1215;Investment products;153
de28536d83852aa965971a8c3ee6ca883c80fd95fe97a4905d5d3ccb368a89c2;1294;Consumer loan;123
4e1e309a0c6820707a16bf9ab1664c1fc5b4dc0a1131a9bca3276b78bdd5e73b;6927;Deposit;80
cdee5b7188d0e08d613aa7764e5895d071ece1f43f5b2722d09fbd8ec96fa0c0;5492;Deposit;137
57696f779ae0070f50814f2e415f78a6c79223cbde45741b1051defa0ba66548;3948;Credit card;190
5caea6825453302b66e7d68e4f19cc99f20f42721af0682a3e1e5e6cb59c170f;291;Mortgage;21
23bd46615709fba6bc22baec77e33a2878c063c93c56ccb7c547583fa4178533;3068;Credit card;69
baa0894bb8a087fa26e53fa6fa6fe4b178873179d6b68b7f357c93d693d30fb6;9708;Personal area;144
6d5424c09e320916e7b1a543322abcac79c392cf1401b266a114cdd8116f4fbc;6030;Deposit;87
97df5207fc4be08ce0770bf18e6ff2b7d9f03c0aaadcfb53298425caa10a0512;8699;Mortgage;126
0c56f237c77bdb79267461d5c881f7461bc4303120c84278e755b6525f458e0c;9350;Deposit;129
81f597f84e04c0b922a9a9e107a1dc3d85183e3856260d790fdd90018aaf95e9;7840;Consumer loan;96
a15c8d36ecf7819f6e8152081fdf763c2e946fb1328c94b9941c1623830c61ed;3859;Investment products;142
ae4fcf01a392c444c5fff8cdf8fa389468b98b2ca630f7065f680ae10ecaee0f;7304;Life insurance;182
d1f90f38cafe9b6dbd1997045a38b37f22e4824aa8765fdbafa7b9dacc712f2d;4774;Investment products;103
c1d8a414c2f271ca5672a958df1af82ea864dff554562af9e59300855ffe5d5c;1795;Life insurance;114
03be98bd6948843912207c254a67c22a305d073437e3be3879fe18331d2d3e5c;2395;Consumer loan;44
74fd72183f2bc8be6c05d337205597763f3dab55369c63dbe6a5d643c14f2e0e;4364;Life insurance;45
baa7a099311fc489bd47662967d5a9c01f8f1f70c62c23365dc82a8c13f19a0b;8000;Life insurance;199
0823daf6be032ee0b0e776eed414cb7d2e4eb98671d87f4282baf53cfa7459fc;9954;Credit card;13
78d74436e4e3d4ad9e592afc7efb5550c62b3d5e3ad628f2e790146a01b7439a;9047;Deposit;184
1976c2219f9bf92733bbec55e8b0752c418f81d4d1a99b6c62e36bc84f0056f7;7723;Personal area;72
a374c82bdca60eaf75303d2b8b93516f02ed34941efcbd92f1db72406fcd1607;6310;Mortgage;95
3a1033cf57e6009b2dbd1694f3d1e150d4472dc61f2824f89cfd33ae3240b254;1067;Credit card;67
3cc3c1e50e3bbb2526677099d97b15581666f03c257dc0f4a57278c9f3ed151b;6384;Investment products;122
e7154d7634f4dc9bf269b418d97435f15da54166ff2ddae955c5ea56ad403aef;2984;Life insurance;95
8db0a85b60288e952effe2e0080020e549a69cd4fadd55f1a20c486d643b4e89;4668;Deposit;187
83743c7e82843ceba6818c09d7f9d90c515bb33162141cb633ab618cec4b7ac3;4465;Consumer loan;109
2511397677907c2a74ef66bab6085305fe4453b4653c4b43dc1c35a6dd35e848;350;Investment products;54
6a12f3b6ad734955b2104d2f31f4b480f2a2446d5e99ca1ca71426f8738ecc69;8170;Deposit;162
89028479a1cba567a71ec60aac030018d89ac2ca3a5a1d871df835496d096381;3934;Deposit;181
fd81e3cff5ecebe15c73fa74d74084c43b4b72fb13b05bfab6d861febc8edc60;3697;Consumer loan;61
7b98021f7e6c097ade18613397009261ab988bd0e70b101ff0f01758587fa91b;2395;Credit card;24
a71cde9ebc624336d2d88e4407b5dd2e69baaaf9fad5c15ded417f45b706661c;5564;Investment products;123
92f9a9062ee0e9a71168393a2ad9ce6e3caa1f7eedd5eac16b522ba78ad4cf2e;2734;Deposit;73
ccf024d8fea8247f4dd07e2a19f0cb982604060b282f938cbee17f5e550e172c;4203;Mortgage;57
621b66b8c9840dc7618ee39fd079521e68fbdfc57081857fffc7dc503239f981;5120;Investment products;100
6154ca3fe4df6fc4c232f9f98391ab633e09a549896ac747720c7d2fe06c567b;6203;Personal area;106
9824ed6c0b6f10444047c5b249672e20c4f0ead69409d2c6622633a2e59b7314;3041;Deposit;122
c8680bff59fc27e53b2ea518d221db7cb8493ab1e83c62f4fb2b255909075ecb;3441;Credit card;84
dcff6d2bc6636dd59452e1e8bd161f8bf1edca6cd0a779929cf203fff56b95b0;3164;Consumer loan;73
70bdd980fb5b6998f9f8c7bb0438883a6aaf6b086630f37183296799342a9234;5111;Consumer loan;138
8ea34795dad16b810cddd1309706cdcd2c5b095d98c42f79a3b11f9f99c6a290;9513;Consumer loan;93
614e8229c933ebd340b9381c3a83d57ac530137445aae9cbf3c40eb8557205b5;3911;Consumer loan;154
f5396f07dbd6253e5fab69e754a85e52515e871326e16662a2eb8116a0405dc1;5015;Consumer loan;157
8b4e0672b1ffedef29eece2f8080028a91c9d43c91a0c261896822d82d3f1f49;369;Mortgage;138
905ec5fa2c607e2c7993a2ed9060081121c2b33a36a69d2de8871ce078b5c754;2807;Deposit;167
fe085fd48d7f3e0f9f4490fae05ac5b09c43079409e3752bb4bc64a3ac7735fd;2590;Life insurance;102
29030ac957051db665a58726f515bc73f0be677402e93fa136e226666d4a92a8;462;Mortgage;99
653c4175be789b5d7bbb85ffb609d7bf513d0418113adf22aa9bd9cc77a5e296;7815;Credit card;101
ba4f0b8e3fbc476d68dd1a75db8eff5012cafb5c7c639359fe4e54654b97e711;4125;Life insurance;111
eb193a8db3c2d34f20610f2defff0783a5c6d5d111a46ef566c57e4851a68fca;9210;Mortgage;195
0ab34e2c77480091ab19dbb2241be2388d1427acbc1d6bd9a8e5040835422d76;3619;Personal area;73
5ec911e27cf2a1fb868ea575c793206e626d3df3d351c6fee4473309bb058418;4698;Deposit;49
6815d49c2ca0184821ebcc023f3fc88ec19758eada42fca22c9e09f0eb2066b4;7792;Investment products;134
0459c0bc98fea2e8e9acb0716291fe21d29f49e75eb4615490892322124c1112;4951;Investment products;34
bf843e51c800a90107a33cf3697e7960f790dcb6c9d277de6c06cfba9a96986e;3325;Personal area;123
8441f93b21fde2b02b079b8d0b6f654bd4392e6087b0f33de54f0c33dcaa8e8b;2928;Consumer loan;66
7303423a22f0000556250f9119a45fa88d37410a3fb6cb9094a9819ea934e8a1;77;Credit card;120
93478f2266c90d434e14275a8f19072bde2e11c952c35a9a80ad7b2fe4310183;9160;Life insurance;121
f68920713d7a3c3b3c4ff73418429c3bf4581891924221a7d9e01525f2a891a6;5974;Life insurance;4
30b29c8a23ce41a341e256ec71fcbb38751b9860eed2397ba3580dec37ee3d58;6959;Consumer loan;123
da06ab61c1af62b922935af4b65080a3aaafcfb50f25ff7f7b2f25ba11eae8bc;2412;Consumer loan;8
c6ebac3c6dbbb5d7197651b3e9f27c04261b75f7321bd17a9ad14d5afdc07dc1;6067;Credit card;195
f478d7d181204c99014931df7d5dba091eb91333e90b9ab6d116093594f746e8;9300;Mortgage;98
4e634906cc050c87f2b39cfc134cbe3cdab5002fba2fc715b233281f8d5e1c78;7762;Life insurance;12
b48628c858a2c280b1d2e2c38a2faa609e018a570190c11846a0e8f0888ec9a3;7248;Credit card;54
2fbb357ef5fd88e1bfcde8d2f3e626c92f905bf98bdeaf99e117a9fba82afb22;8567;Mortgage;172
284effd7c9c687c5f59c901f91a46ffc4725d14f0396cd8134670bd48e794fcc;2048;Life insurance;178
3cdda975edcc3d15e4baf8f9009ea822a0c4b0807b98898630ec63ad4ae36e9d;8387;Deposit;64
7add49e9cac2336e876de34f26b0f476505ae617b80e9d680f2affaaa7a19be6;5008;Deposit;2
23f5ee80fb0f72b3ba62378bb4734784dc48236e5155c6d38c934793f1977544;5111;Credit card;128
a2325528ee87a2ccefe09007096ebd317502fc525554040997db129ff72ab1b1;8805;Personal area;193
e731b117a311947894244ede71f540d176cfb7d6c2f9865983d74395e09975b5;7031;Personal area;194
17ac21edc9dcbf3b4d1abb36fcf621c4f682f6017740799961bf11530605e636;2613;Personal area;100
3a990db3a8dcf57b18d69cb407bed74efdf5234b6ecc24067bb57f1e64418ad5;5690;Deposit;59
d5c429fb7eba4e9aafc92476814ef236db41355dde0a1c0a5bd3f36319223c41;6518;Investment products;122
97601159b50ab8647bb5099cd7987c9e2b872b2b2e23ee7974136caa653807b0;4615;Consumer loan;144
41501ffec595645e2b14650146da082b201f89cb6da4c2cd6bf8b6426254177b;6503;Consumer loan;88
fd7d64dc36b4b9d2f1b47e7942a04b4b59b4c45a5253c9f859ce26b960b7c1fd;7649;Personal area;52
7182809bf61a14eb4d2ccbbd93f7cffaf4cd8dc247110b47767be1d57962d3ef;9441;Mortgage;82
b76093e3497a0897fe03b51b4b8a9841f3a8f59822f8a9f43ea6719d6f18bf42;2809;Personal area;5
c9a003c4821064a0f4704955c696227321e7245e59df99f1fdfc100670545543;5145;Investment products;156
59a13ec270fc403b55c4ae472cabb6fe5f23e8764cf69ca1ffb817ae1e22cef1;1055;Mortgage;125
1b1afd6c5a7ab3fdf946b91e062c597859cb025907a119b9af084ae005ef1cde;274;Consumer loan;16
3ea5d63f06c21f9be7b2d55c5c8f13a69ece382d455c04cd87d6128d9524d104;8300;Deposit;38
8f520ec8aed8dd3460dfa8de62ada9a444bf5c98b8c8b9c1cae452f2b10617ae;22;Consumer loan;52
4e3327633b99ba688eb591a1721fc9b63183ecbec658268610a826f4d4e0a056;4643;Personal area;44
c46375db98aa0d733d34f0da83521a8857b118b2721642594bcd0c2bf736f03b;1298;Life insurance;105
756a796edf964eff14125ce15195ae97f4704300af71a4f69795a3c9fe4ba6a5;2425;Consumer loan;181
a5ec740a1b7df1d0200c2db4876a4ac86ee1477265d5f0c34969d86ecb88cbbd;2832;Mortgage;111
a07a3767942260e01512bbe0240d075e30176206032cc769796a94fe526fcf6d;1045;Investment products;94
1c6a8956f8917773efe0f8aae90e4134a9ec562bfdb12a94ec91068a591a4fba;5674;Personal area;174
bba40661c00b874344a6a830be21d8fbb191cc9aa544cd1636546b9f98e3dbfe;3623;Consumer loan;81
2e1da275f4b3cea9cffa049fad3271aafa71232023ecba69a230a308259f2e96;9309;Deposit;15
a6c9b321c17f2939553cf5993397bb0a6cc9a0d6acfbcfa2365ebaf7a77999f6;1938;Consumer loan;35
3e4c4366272590005a85df8711601034c5dda5f2bd3d6a59fcedccf533fce1a0;6919;Investment products;183
2b68bf015c5ece31d166ac8281703248a24d21e1a14c6a40cd1df5c83ab7336a;690;Personal area;76
b27f145c6135b2266d9d5f2125574e050a0b0724540da702e01778ed45534d47;6479;Consumer loan;129
c69337a6d789b3cd912a29c644592910a000669e49150802fae1e9e233750a41;6425;Deposit;26
964d219c67610ca22a0c3ed76e8e82ff96a1d3cd31a2318a3a0e33f4a1b170ca;1728;Life insurance;130
4fa10b99d04f218e3559553ea666c138cb4cb97a2e8b283ec113501ae1f8f4e2;550;Life insurance;78
9a21adcb475b51d9a88ed0703a0b986ea93fc73b3dd8396422e9f462c2b81ad7;611;Credit card;150
5d3551676774ebe1bfe5232ac77594b8405eaf039c037fd067e01096a14014f2;1863;Mortgage;117
1b4d055040dfc0095c2144031eee9edd64b09e8661c966a39d4b1cea6fbaa52e;3030;Investment products;91
677cf9e0d2712eec51c64c481b2b33197fe650061a495c8a962c2ac048e4f5ac;2019;Investment products;26
0c327f9c64b4d396fee8655fe7f90114ec4c10af362c6b32edcdbd6486a0bf18;3666;Deposit;133
ea6f560ea495c3793324f53d0ae007817d2ea17478826039c156bdf9b9c41188;330;Investment products;56
ee125344290ffb7c0c6d6c780c012b01bd16b88f4c09a91a4123e7011b6aabba;5587;Mortgage;25
fb031b7ffd79ca03d8a8982074220b59971082e98686f8647f95a0658f39b57b;3374;Consumer loan;140
e6078a550bc80dbff81c13951c1232fb51e942b02f19c6883bc1f49295e3b7af;1534;Investment products;105
ff685c32272805f31a4cf0e508c4189b403d18b65cc4371da6e84eb186c03776;6724;Investment products;41
dd5fa648ab4e7a518d174510d655470064af2bb0ee53532621c468b353dc8bf1;9640;Life insurance;184
6708b8be76049741811f064292a95b041e51891f5091dc0867c3ac21b2a99f32;1165;Investment products;191
d0dfabde31b283fecd2ad5b200ac0fa6d4a30653fe50bfa527e38a1de740a4d7;4248;Credit card;130
af5fd6483663702eec6b84560a0d4d6ac4b5945c90ff7fe34647afd7d0cf1701;1724;Deposit;186
69304442ae651b3efeac6ac7f45b6743b417f29dc4a55c130cd1cdb99e1d3a75;2798;Credit card;37
850e08f2e0ce75dc85c749578fc14be625e68cc7f193de977bb4ca18fbddf81c;9867;Credit card;40
cf9daa12771cdd4965fff22dddc690701eb68da185251f80032efcfc2251603c;1691;Life insurance;127
37a22f6cdb5107627ce81837d10b958390ba807abc873294aae4d90b1e6de400;9979;Personal area;16
7f61a29d44d732ddc24d670b1e909f750edb9689ddc11242e68e2c98a1b243ee;7402;Life insurance;28
235f00e4773e049a2c97a35439aa7bcff5611ae329d0ec4d05d7e4538f10778e;3575;Credit card;143
d1201081711d19c2b3d87f6d054dd1e5233c65b0cd808d491624c5e50f58ea8a;1095;Personal area;124
1f8bcba1c2bdc43371ddf8dd14b166d4f20df9b515a690e7448d47f0297abe39;443;Credit card;137
24a2dd3854bdb429c02bcf48339dd1677fe933933e93fd909350e21eea134c4f;5628;Credit card;140
0ec6bbb68d2ec37fc02ee35d35ce9e27a77aa65e614d2c7b5e9b13e5e47bba90;8313;Investment products;189
69e8cfc05e378d13cb456a01d48e05324ab6d74e1d5a7bfda2fe1fbac357a5b9;5175;Investment products;194
133dee571ed8b76058e991093c2b33b5350ce89a483f71b5d3da336ddc225061;8325;Mortgage;85
6c6883da28b5b3af9eab25835a5910da048e8fd467155de011aa616e30477897;8799;Investment products;178
a86368e6fc21340ee0070882fcaaec3b5d8167d9e07b5993f25cff61edad00a8;5830;Mortgage;39
c0c3586fc9f6008a647a295244a915213c52f96a1f97f1c1e392d8edc7d0e56a;2398;Personal area;101
c6e5ddde22acd8951772340d68cbd6df0b650827c922ca759d97a8769a1d6cba;4022;Consumer loan;52
ba8dc715bd1cb38028a767f77a1898d7a25664a8cd76fb729dfc8b62517bff1c;8019;Credit card;59
e984443109bb1e17b9e041fc464cfe85917ad55f0d62b42a8a0e85ac23b96966;4351;Consumer loan;159
57b0c5624d22cd05402a2c97b9f639a3fe799bf358a2997d56b1a2bc7031aad8;2619;Personal area;77
789cb5e4fbbb171344b6a2d7f45840940694bdba3ce849919fc68899966d4442;6605;Deposit;21
9f6ab9f921a974d8a98dfabada9e0940d1eb04d5aa6e89e9b3978b3fe2770fb4;1888;Consumer loan;124
01cd76d2b7f1b12d722b84e30d1fea5536237a84d9811eabf0d0ca9661404f37;5891;Personal area;162
bff246175da98bb8f7720df4bfbc35d7fa0319cccfac820daba31e89c9306a56;8450;Personal area;132
a0b51ac63dc642b5ea300f305a34e04a89ee9a47ae4c8b319fae85257d4d3862;4868;Consumer loan;25
98be0965df6520bc68d7fef8b3b7b756ebdeff02a637d2ae3d009b626f172291;4283;Consumer loan;102
1e2d83bf5c4a7a85aaea604f6bd547f9f19fbe483190d08e5958aa5b508a2bfc;3718;Credit card;17
cbbc2eacb49c83abbe6ec14e5331c5d0d58e3c12080a990a221f802cc81f1a75;1599;Life insurance;150
d02ca724196c3bd233e0cee1c3b78d315cb283a7bc7a8d17fdfdd1a40a595149;8219;Credit card;54
89c7ef2c0265b915aebd3ad03c7c9b45090c7d65a312697a4f7f253d32f676d0;136;Credit card;31
927b598f21a86ed6945114b41ec449da3ec8a49a0f97f204bd0cf0a727681ab7;2113;Mortgage;76
70340ca7dc3ba17603c7e5fe9525e363f6ef094cfa85a810aa8da70f649b1156;4682;Personal area;70
293414614a3219a05415bfcd7403267bdcaa347607c9dbbbfe8b74a56fc92e3c;8308;Credit card;135
047a55d88ef4a2365eb713873562b34f3dfcc59fbdaff69c4bccef88629248c5;5698;Consumer loan;119
3d54431faee982f7da29f283ab3f64ece155368ecb2f73f987b4e4e658a845c3;3983;Mortgage;100
ea8b5810268e91f26a68cd231068d5ac10708527ba2ca3284abb183e8f9dcbb4;6792;Deposit;10
ad84f9356a277284d1402f2ce7440e5ab63f35315e8623aab59cc7dfee613451;6363;Investment products;95
885002217e0976aa8f1a2ade29e0db3ea1a7181217efbf1a5a86cb3037918279;4502;Life insurance;77
1a57661bd45bc68b86df3a8d8241444732f35c167e8cef2e57718b5f01c323b3;3799;Credit card;75
0c2fc1e05069d72fe97a65a9b5754409d0dbde09fd1fb43dae5fd49fe9a93243;8345;Life insurance;171
22a9df22c97e22802ef5b7848007b6d73933f6f8b659cbc3830334b5be801685;8036;Credit card;92
5ee27e0529dc51cb4f07d02b48f0138350b726307b4f2b11468a3ffa23dea535;477;Consumer loan;31
b7fbf411755bfa6beab14cf6eeab5f6893cd9516bcb641018f80fcc4db5a8388;8415;Consumer loan;115
68959a5db59227f384d9b8be712abffa804a61e9461045f4dcfa9f7102315b22;1202;Consumer loan;146
b3cc6fe2ce360ecae818209fadd057d082c7d988b034cb09df589eff46ddc330;1976;Investment products;67
85456fcc946d58d5466142831506e92c1583e1df48cdb7d7763af4648c2d1b29;8808;Investment products;8
41bf614d72e9798b5bb8aecce8a2e516ff4dd7d3e7341245d7a06f07aa4ef3e2;8913;Personal area;92
3a14a37b32239386244d9195fe0c01fd91866a9861ea13dcd3094f66e43cf74c;8076;Life insurance;184
b36c544eabfe1785e97585968e11a5025a6884c870b7c755811d5df7abbf1ed8;9955;Credit card;97
f696ea76935ccc381cfc8966523095c160778878859b1b7d1832dafa46bc4db4;426;Consumer loan;189
8194def2613a812f5d6a15ff6a8e5cb0165e3ef3fece37710ae0651c98cd08b1;9064;Mortgage;17
d83ff06aad6668d8aa22c30795d7c78a13ba0e6fa123887d11fae539fc5c548e;9657;Consumer loan;97
bbe140aefdf4136e5d66453d3c2e4174b780fd0aeb75f94ddc732b0273e7842a;6476;Credit card;18
86287332b4a44c2b32c9c059e4ed99f6e984795fe61f0ee6ea763093340fc775;3724;Consumer loan;172
35797ad05ed1f516ac085e228b09ff3547827c9c030aa654d5e802fb47056362;1097;Personal area;185
04e979f75efd9db67ff9a3c3929d003e40a1d81a3bd55b68f8c8b4dfc09f46d8;5942;Personal area;77
ea6b86e86b9d6daaa5218ddcddc0d2f19cf66514dcee78ebb593baa4cd8a4e82;2216;Deposit;78
5d3c80299e846485c9fa45273dbbd26f656b0adf8b406b0eca96a98bb02efb17;8614;Personal area;2
e1734a2419a168736dff85d6d4034f6542abf447839b80627095056c3d808049;7337;Mortgage;82
0322d95362092de85f1947b3ddf6711e3b525e24b31d3d64c95da30c184f02e2;2055;Consumer loan;69
2bf5ab915745f558836934715647a914e28ad1d6150ae32fbe6dee6c6b5c549b;1262;Credit card;195
2568de5a4f5ac9ba3b02ca13355b3163db7074429c934b324af274b0d6858df1;4867;Personal area;100
01e46d32c465deeacdb0e22462d77b00f289bdfe175585d8c0651364403ec4ce;2337;Investment products;185
a04e26915aed08bfa46407f66fefeb8471f2a5bc7698bc2877ac7f675fc07a1c;510;Consumer loan;144
1fc23ebd8e22dfc79d70bef8f987f6903ecea03f18aa4e4a00d6f77368b6e86d;8964;Life insurance;172
163b8907e504160b8405111a7077757a864e51e40946a16c5973a203704a4fce;9544;Mortgage;101
52c06024a8a84c1993b5e0c38effbf17ee6dc549f330fe7e35d0e1c96f30a11e;6553;Consumer loan;94
14d9894cc2fdc8a2962423f0607650201a6c4c281cf446412461d6d9cb6ff6db;4533;Life insurance;153
fbde2290cff0600a296ea6ab20cea462708ac171f40afa86a7820dd3b8a186bb;1034;Personal area;71
5ca219d13ee2e1c054c4ed3d82b00a55e5027f73378629992505abcfadb85031;8426;Investment products;115
e24606ae9510f14bedc41ebb4b86628c273a230ea14acbfeb932241599baa788;6884;Life insurance;6
6596935ba43228b1a86682432b308a905ce17b5dcdb394155b8c80f73fbcc41e;871;Personal area;171
c552edc198ccb328c0c6829c64651ad87e25f28652cebc8d62070ca4d1715f37;6589;Life insurance;86
d18b71cf18de059704225d4583459cd0ef90584abe1ba70117f788d9c6eb3419;9801;Mortgage;97
b2033ac8095d1846c270c400a08d282564923669e1c6d3c887089a7d0093646b;7801;Life insurance;90
2cffdc4e0f66940b42669833321bbc20c67ae53f5b3b34d1e7536f4cb6f09c34;9838;Consumer loan;18
133953e3c3fa389578ad575cd16bb303860ca688c166750a30a7733f5d79faa9;6161;Deposit;107
652231bbcca1675e292d88a1e0e10f9bbc27f7b08c111161d14ab0eb66381244;572;Life insurance;8
f9ac36bb7331ee8bc141d10517943a47f094edf3f2cf20beb3d5c4d567864ee1;7393;Personal area;164
f138ab38214ffc0120d3f783acd0d6a5370f718c30de87b34c1c79e82427c375;9594;Mortgage;88
625ada253cdd9a123d8a1f9eca5a0ef93c9b9ec3060c0af6bd28f6d19d0c0856;3994;Deposit;111
4c3957a783358ca3991ed0bf66d66340f1163df41803c3e852eae5ffedd197d8;8432;Investment products;151
2059a040b8e713e75a3b87bd133a9e675e1c03a1e7a2e6f04db322afcc2987df;453;Life insurance;32
560c01c885eddf296a8a6d68961a1bbd4f4866c7bf6a513b9383bc3f7a169431;3905;Personal area;36
8ce696b33302bdbea32e6ccd8e429e239321db6c1174438a4469c5da3d73f03f;9856;Personal area;45
5fba2a55b8772570f96cb7cf8ab0be20b43dcda27ab0e3965bdc9606bdd753dd;4179;Credit card;134
57dc4f07425d7c5cd52b30808e8d518fb594eacf78f86320f687161f88304102;6079;Consumer loan;84
cf241e79249d588cb8a0b3a81d44545395d121319081cc9b8e9d46e9a70d901c;1940;Credit card;110
0741516774944ff3ed76bb91e35c4cbb1d9acd6158abe27c8836fc5021e46701;2846;Credit card;63
c2647de3a4519dd8040c34c6c910e909fb3af7fc1abd1a21d063fbf59f070b3a;751;Mortgage;50
75fe99bc7ba344a47eedd07336940377f1d54e6eb83d9e27d79403f197f2e216;8622;Credit card;173
37c064afbc0f0ef1d52103cacc32ee65cdd3660cb88bebc49e034cb5835fab88;7199;Credit card;150
2ee13572419f1c1bcf31ba87d5c4907a170213b4e6f0e40a2d4e21304aa37463;8416;Consumer loan;119
0c8f5467df0db6765469ca4ffb24e3b05dd8b60e8acbec041d26046b96e19e87;7424;Credit card;129
14a5a740310bf262ff7ea51ca72ff30ad91d39a373838e79312ca279b96172dc;3599;Deposit;92
0c2d7f3c5ad656719aee676fce99d0e5a60642799e87bc46579b14aed0819f84;2436;Investment products;132
2a296d62fd74dca8d1ea63c25f08e8e2f5523958fc784ebd61179cb4e545767d;5358;Life insurance;101
dffb0901b9af8a636aa0334fe188adafa889483c53842eb0b5696925e690d512;6917;Consumer loan;66
238b887d8494c86fc86507f67959e50bd741008dda5492304aaf6f6e6ca5d67e;6068;Investment products;122
3e69fe9a17133bbbc8e5704d7ae5b6834bc1e35d82a44885f1787f7f87df7c88;5586;Personal area;104
a142f338141bbedfdccc2f4d92e76262fee03c3c8042dca941ec876ca9977b73;334;Consumer loan;72
e9ee9268b90c95aaa9f8feb302521e6e6620542a4b288d83dae021f2377e16cf;7592;Consumer loan;102
9b94513cf7d00fbf9c296397d43792b0a3132eff34a625c642c86247b13d379f;6212;Personal area;137
17cfd8ebeedf798bf6263f76545b6029300d00a29eddb767fc0c24a10536d801;9189;Investment products;72
33969c7bff834e71499f73ccebd227f1e28cf899015a58de9e6985f9776fb52a;9107;Life insurance;191
37cd94653c4662eee51df9477f88f5eae8efcc57d4e46486c47f66aa6b84feca;2937;Investment products;37
9e8492a9f687691884a240e98bba6f7d45117c633788766ae70b1415f8a1433d;6189;Investment products;77
254780730ae5d636c85a55695fa163ef56e3de3889f4d8b2a5f96572ae683eca;3371;Personal area;149
0123d5c89a17063eb1bbc92f00484ec45b7fc0bd510034b2a9ec64a5e57076b1;7700;Life insurance;139
4d1d24bbd7a92d5a75391d64a53c8fd4a600b1f08c3e26b94e4c907bb299f5a1;8653;Personal area;107
643b459d595eec7e49e98acf72bf12006ce359d1b8153022d6ee075256282d3b;5886;Credit card;118
c1d2feb1f6c6ddf581e847dd7aabf414d8c833c4d5eca0c50cf46cba05c017fd;1612;Credit card;135
7612996c391e1c37e90aaf014c2ed8f872aa9f130d8dfc2561a0f223c5c18bbf;5509;Personal area;131
f08adb34c61849c1cdac0b9e02c913bd187d658c349fb596111072505c111fde;6744;Consumer loan;93
f7716ae62eb2d460632640e99c02fb9334d59b65c4fb85bf433bfd7e571e6d89;2412;Mortgage;104
058eeeb96b5bdef3560d83d087a9abfef8b21f4b01e9305ac029f6bb4024c97b;9717;Consumer loan;86
e9398d85352f5f505da105ca41ff6f68614ed8e6b2ec39389d26fa7cffdba635;4956;Personal area;70
b4a59eecbd550fc8362154050986ddf05fdd0dde7e877c7097fc9e5d341e73d0;8095;Credit card;115
099d78ba2ff003af1492c77000d2a358c77248b2eba709ffcd67cb65bc2380f1;8589;Personal area;139
94912b0da7085259af658216956a9de2fac543a3e1a91b2b9d847479dd589260;511;Investment products;45
e109e54d5585d61fdf71be33b5c445dd296c5e7f1ca39128f5c98af6356fd775;1765;Credit card;69
c55e6f865133043b97118d0bec05324f7331b81c7d6a032d35c77ec334a03560;603;Investment products;191
739ccc6430a0cfe4b5f991499242803ff972b51555af02c472bb2f43a3ba6109;5754;Personal area;94
9cfb5f103e14b9c6a89c74ac117e39ff0bd6b84fa97ac9f90b48945955327b4d;5972;Life insurance;23
7c2cd4b2478aa87e015130765f068f83920a3ce5fac74e0ec6c567e795de3146;2170;Investment products;138
fc5525d18fbeabd43eca134d11b29e4ae1f02f224b3b64ac1f41e930d471117b;8290;Life insurance;199
002712d690f4c850517e016778b5153949f9efdcc953df72be8840d124f5a7d9;1300;Deposit;42
45b7ce0896c41c0a331e19dfd5297f514aaf09af35d8bd5d3d339751d7332914;5774;Personal area;153
03f1f49c7b817556520f816c2b2340844a7ae972b350ecc6307485b16983a40c;7493;Investment products;92
6f8ede6e2e21914628fe4154984a9ac2e86d8386ca6235875b6fbc4170837a64;1948;Personal area;7
93ba84c14928282c2f6bb98e5072b72c4dd54cd1477071ddde7b31ac4be8c8f8;6348;Deposit;148
b99d44ebdde5aeb9ad26bf283e217927ce397b28c5828e420827a5f3f68b83aa;3535;Deposit;168
762ba17a50002c583c1ea777e40e6df97cb992d152252e18660ac28232677c4b;7722;Consumer loan;64
20388a0fe2ab8c006c554431ab2d1927cb54effdc2be8b50745765fbda2161fe;220;Consumer loan;113
94d7fbf95ad0b663fe35f3d539f85aafcac37d72dcd7e93e2cf713377dba0301;9960;Mortgage;132
3961628b7079a2fcfbea299596096e581562d7fd9a6704f8f19e565eed9f4e8d;8613;Personal area;112
22d17e366a1b42239968a404efd36121f5a39fbe6db1721a7f11259ccaac8e4a;5134;Life insurance;165
22a4897de68f35469fd7744a3188d1f056fe9d05594680b5302af2d1a868d38b;5775;Mortgage;167
80b830e4531b6a2469fffcd30cd3301cecd2314699a68aa465a7628fca2fdf5b;6591;Credit card;71
03d2dd5984620161664f1ffb44835d40cf4518824fe54fc6f4e9f95a52467e4c;3325;Deposit;112
e0b11e58b18f261d24140f27f058a10491cb95c633f9a986d3bae1cfd585f3d0;7936;Investment products;6
269d55b881b24c0ef223fb43c5d3f03ac3f9af6d577ff16d92ada077efd1f300;6089;Deposit;5
117eddbd2f87762b4818a27a16cbe1937268275fece4429509fb47b8a8680768;413;Investment products;33
7cf40f4af3d03357b84690209cc9060f5a2aa3f061ba4f81d67be8784e170412;4319;Personal area;109
199e34ab9e38fed2859b499149a8bd73b0b1bed081ce994f55e49e75012cc147;1113;Life insurance;39
128e17aa8582b36f1b2f3b4dec4bd9e2d4b3fb85c415f7787ad386d872abb4e1;5664;Consumer loan;200
7ee89486bae8e762b39c4b30768019cdb46b73ece62b8bd98b86d16d1bfd952d;8218;Life insurance;53
9cdf64428d4e35ee47115a5ed0066b0cff5ae50607f7b60d0846c7355eac3011;3139;Mortgage;138
1032c2d1705da2a988e3177641c2d07c6a54ea851230b5d6e2b917e58416640e;2208;Deposit;46
c8cd58e73075cd58481ecafcc1e25592755e0ff9a19c0d2215e0f9f54bf82f26;1200;Deposit;8
026a2af8577167648a0af36520a3acaddf469f52ed9f4be46256ef0b62385f49;458;Deposit;47
12e4a2eb1ccc5834bdd4f82ab366a61a7c5fa3643f55bfd83766a28b51a8e7e2;5392;Deposit;66
a58e9e0735f1226f452203a411c7131732711e9e42133ebc8d25f3a2aa505607;6667;Mortgage;192
5bda56753e37f15e57169916c151dd4ba149c909f7e99f3bf247d91ccd04f92d;9570;Investment products;37
96983e08dce4f1a7fedbd22b6947bbf9d3bb63f2c807683560a8a1a0f3e369ea;9213;Credit card;71
ce6f4930e00db1573157543f54d1609aeaa54f33d4331c524740c035ac990414;5429;Consumer loan;179
167748c12d97cca1fa6cbdde02ffe8b47ecb6374590d20435da9aa253b605350;5456;Personal area;6
3213f2c8c630d02f376e5bddd1040ec267395bb333c4ecfa171761ecff326e16;4752;Credit card;56
8f29050a66a2f68533ee27c6f0cb496e15e72e67396a9a97f89edf77f50fd200;7133;Personal area;34
ba05474abeea5694924f72b7ecd0e72d1951fb69e3a82777720a597a07bcd102;4109;Investment products;121
edf24a22e164f7a0d60b63af5fdb80976a3dfd0b4e5c69c3bae6b5d9df7f6172;7188;Personal area;135
b14650f1fb9f2a7bf4de159c90dc8c936585cd1f88474b4488cd5b4485400f90;9012;Deposit;23
91df0620b0e2768dcc154c87ae2dec5cf83ec580487aa56633e0df8c5be9d512;32;Credit card;21
11479c177e15a63de65abd1fe1b0c81f92ee395275509a775430386b21ca6d7f;7065;Personal area;184
8a0e05cfafa0014d4f552d4451664f18f2826d1c89b286846a37bcbe243fa233;2152;Life insurance;185
4f995d34a5f4418e8f9015b26506c2988e826c6b6ab4abca7754b3ecd80add46;8807;Investment products;99
25b5a98b191ebbf85c318f8df5c7e7a084fc3790c0e848ca2a0d8918d0712159;4456;Deposit;143
46d0484a560b2d1770dcd37441524935ab8302c0ce5285e8f04c54fd80aa7f3d;9728;Mortgage;131
d8910fedd4aa539e5f476ba9eb1654c844cdcdd3ee587ca2237cc9d82ae9c8c2;3055;Life insurance;38
38edfac404438fe3a4ffcaecb2d94564d8fc438017461b732b72ddfcf8e01220;9209;Deposit;185
acf9159e5997c01c27824360adff9ff6ca2c7c66b1e07203f390d5b98bd3991e;4547;Investment products;133
1a7d49b0da1dd8ebf62431d7859c2c0b02281012026b997938c052287987db34;3070;Credit card;177
44b82e41aa74d1765bfe7183cf7d6f315e46ac41265ac35970a452ab1c4e8661;6322;Consumer loan;189
81a130204ddd5f3c3ac7e78bbade8d658ad96cd8d4baa3e91b3a41d2221a6577;487;Personal area;126
2fd9d5c28b4d0b9133723064b165b7ef9738bde846ab6cb8d1d8a72bff0f849b;772;Consumer loan;116
e471079a2da79027b0c724baee27479fa092d821a966f20f251da1ecec52e955;4634;Deposit;38
9e7c69ba13b28132872ef709e027c0cc6bf45ab0854c6c8b02f2b2c4954fe8bc;9655;Mortgage;61
e375a237e4af6d2bdf8c380eb381784dfa984cfbedabddf93d3e11c3ddc30bd0;9622;Personal area;68
c0d86b80ce17abf8dd65a483fd509753e21a3a08cb60f55e1fd4d13493a76792;7988;Deposit;181
a18ffcfe334092901222b59d9fc27e2cdab6ed91f728141c5a2e698c8c323417;8613;Credit card;91
37d9c96e03f07cb58c3ed428c29eaa9654ebca5bc522a151c2079a56b97863f6;6105;Credit card;81
e1b6376b9a10f5f02f02a935c622b3fb948f22b04f643799d5ee98e0de5d4e17;7179;Investment products;139
5521459c850f43d319e1df4e8c8b0c454ee721ee4b3fc7e515c9fe270d23da14;2257;Life insurance;54
f0d80239848606c1c72e3fbf0cad87ee315bf78394038a7061930ed481365b0d;6414;Deposit;54
3445af0b543a2246e12a966b5149e0e99c38cc532dfd6e49407360847861c5d9;5487;Personal area;141
4cb69f588b984467500cfc254b54739401fe62af21a0481b76d3ed518e05d8da;1593;Deposit;13
3f7b10c3832c7247c8ebcba9463d936b67880475ea60d81e89b8cc0b03c2ba2a;4904;Investment products;89
d7bfc6815264e386e57ae67f644f479220fc8ed02af96b037fa26bdba88cd01c;4064;Investment products;43
a853a06de484fc0a58cb2fc92c940577f9986231f6cd088fa2dacbee7c98587c;1947;Deposit;49
cecbec32b4ca682fd15aaefc39dddc7b771238bc66e9edda9e7e3882037838d4;3411;Deposit;87
276c77da063d55c0130740eaef2cc6ab3070260deff85d51559e21d3ce0978c5;8796;Life insurance;150
8c1b75899b86bc449a3b01203cafcc4e62cde909dd1c19280f11a7fd985f1f26;846;Credit card;181
f6134ee80f3e1d4517299b1a6bdcfa72b7a7946084c42534db7816ece3942c77;2499;Deposit;116
5eb08e6d267d3298be4cefe75f6488eb057bfa9cce2e979c2a2ff874024885d8;1167;Investment products;50
4fe5506da58163e55a962eaae4cf560e6cb6a5569781a162e4f0c7a42a9a6ec0;658;Investment products;102
5a2b40122b50da059329f5ecef8b049b1eb450adbec0bb4f4fbf91a004db6fc6;1062;Consumer loan;199
037e69046b3665249aea8803312efa3b8fe200218b45e6dca8e06da74c86cd5f;7244;Investment products;50
b209e560ff0c1950bf1a536d101a518fd3a6dfe8c094396a1b5f210aff9ac0a7;3061;Mortgage;155
46a6f5b1e7f12489cfcf2b23e37e418f72af9e3bcdf7f05f0055010a4ec9a828;4490;Deposit;105
5b1302bddae3dc18be973ff9b5e85ad1b06081a691312838b56da102ce58502a;4492;Mortgage;168
dcdab1540e189046251f2ec16ff789d1c1babc1a96e335d2c5fb5e5a921db512;3744;Deposit;20
2f6c65e119e0c89be4bd7bf32686b041e1d99de4b9f981f553313d8a9ef39d79;6096;Consumer loan;93
ec1a509adfdb92536b244cd31e8a458fc5227af2983289888f9493f8a3d79217;8851;Consumer loan;52
9b87d3ce8a987456a3b7f9d0ac7083a5568f39e4f8d52246eb9c19dc018ddd96;7626;Mortgage;110
30d6d7efd876ac2f3cdadad10521b40d1d4ae11b23655ddfbb546cecf88f45fd;6667;Credit card;82
8672adb611c90cb1a0e1ea24755ff3a8e6debbbef8d34463ad9464be93b7cc8e;4162;Deposit;20
6cfd6a832043f870a5c1adb90a3abde47ce6e9f577990e22628416f5dbe9906a;6620;Deposit;2
0a72bd20a523d4180f21cbc71e582703fc848988d8a0cb3846c833a3d71fe121;9161;Personal area;156
f5c5be53ea0925fb6cf7598fbdd8895b38a7193b71818d237fc50a9240c24c59;366;Consumer loan;147
bbe00ca218225a35988f622785024e768ce75c0433830a521f19b79808b461f1;2834;Credit card;61
6e1f511632a71f04d26aacda694036931147dad97cbedb76b12f7bc69896926a;8965;Life insurance;49
92d306a82c56fba5f387096e3a1ba954ce836b64411db6960fd2372bd3d05f08;6190;Consumer loan;3
27b6eae1f85d3a7254be2a3f8ce6f5bef19262a8c8ee41646e5218e27aed0783;1631;Deposit;13
61be5c26ae701258eabd4c8eb368c8bc0c99c3831a0468a54bfc123d4cb3c77b;9154;Mortgage;14
1f4ad4e16ce2ef7cd1a2b600f933f62a12655d7c148a9c3bed0ee4907a274e95;7929;Mortgage;144
3bb4f848b7b2e854028a92212bc8af22956d75d72ba5d9b7400084322b6a47a2;201;Deposit;68
80af98ff4bc4dfd16d9c957fd1479da7b1cd2e92f6634746b1f7b29df632a447;2090;Credit card;139
0285d05b4a1e762e23a8bc0063f981c36568bf888bad887b927100ce8c53742b;8817;Credit card;165
b38c491d874fa24113758de892f88869baab9cb55d0347d339d88a8d4fcf7e22;8684;Deposit;15
eb6ba99f42ac3e1010fd2b035676bb435b8f7c808250014e8c3d1a6ecceb7789;8776;Life insurance;146
c900cc2b9f12f895d6792935e8c81b0af98e669434aeac9fff0ff61fc009f59a;3141;Mortgage;29
c778488f09188389b0bee34b239573cdc7375643ccc87d6b1555ac11723e82ba;2564;Credit card;13
dc27f66da7cd712c6e855a2ca4ea32dde35a13e1e99f716376870ad499f88457;2047;Credit card;10
bf278e40840face9ec4623de18944d41186f0ca7658a744b099ead514a33ad29;4284;Life insurance;124
c4917dcd98626876d038aa43866d7fdc9df5054c531f6611423b391a61c9d601;7428;Investment products;106
9c92fc4ffbc7e59bd10f716823bbaa01a2a1bddbd1052a695ed0eca48eb2c8a2;7975;Credit card;146
0c816735a78f8e2a76674a3d7be2ad04b59a920acbb50564e5fc51e73819d3e6;5665;Consumer loan;92
6551f0eedf251167f9f6c3ec077a775129c55235807de83cd35eb108f1522ef4;775;Consumer loan;158
d9d39376eab4b32b619471699c3a1e2d2a8fe4d8fca8a605ebe91aff2f2be714;8192;Personal area;158
ba7bcf2611bc57a5ca642932394d3fb5200c828803907c3b6a579ff7455f36bd;545;Personal area;46
c31b50447f26ef6fab2f9e9336281325f3153f3ccba2241ce23ef94cd5278553;992;Mortgage;98
6cd5fe5289238656e9cc2c5a3403095675452d325cc71d57d3a9c25c7d432b96;573;Investment products;53
20e71b26916cf1ff772c7a574c287cee42ed927cd21d4dbfb5da68022cd774de;3693;Mortgage;48
0172eadc4325d0dc9474f77d200e7dc64d68904158ccc5b37e49bf3af43b3795;4812;Credit card;184
3dd450fae9d414955d7b65ca7f73524641cafb0bfd133357b3da9f9c2aa9345c;3053;Mortgage;111
1b7a0b7ae66831248bc14c022b40641e77bdb72c9125ad5755a8bb6e55099975;8450;Life insurance;190
6fa2a6ca548003ba9f3c15a94196b36497a7c30350c6f49abd48cb3269baa302;4741;Life insurance;159
e009ed20870fb5d5f51ce287c9f8a9a933b27e2aa5c9d1c103b5595909e5625f;6439;Consumer loan;85
91840c2c86db2a74f9694eede0934668e9cf6148cffd1988ddd1484acdf1e31a;9338;Consumer loan;142
53638ee8e6aaed3dcc685f23ca762b57deac9f9503b4176e924cfafcd5790cf1;5688;Mortgage;126
3ea02516f3fcd7a76725b81f69ea698ee0960246e91580544375e93b5ad315a2;6301;Consumer loan;139
d70695d6b8f838e6c85cee90803471a82a6c5da77bb59a266ffa47d560a5d7c6;4162;Consumer loan;90
d5844b2e0421416c8f9524bf55a50182ee3236dae77542582bf95a364b977d7d;9196;Mortgage;141
c880b68aa850bf4b911a17a498bb6cbb2ab71f00a4ba1a52c67f969435f5c414;2110;Deposit;181
f329afb1afe757dccf2d7c0ff53087fdde5765b08bc3a888ff3b4a343eb5273e;849;Personal area;188
4ecadc5167f6aa895a03b827de20f0baf9b39c9ccdc89fb7a937aa244a0199ed;6663;Life insurance;84
266473e1dc8d8e63a413619ee9a1d23bb35dd334f44f611bb2b5b463e639d3f2;5557;Consumer loan;126
a392528c71b02997061571eb760573365094643aa2b0e2bf48f0a13531230166;8440;Consumer loan;160
3e92d5565e8bd71b112450a12243c61ad2fad0d3ea69e5591531fd1b31fea4ea;3935;Personal area;20
4427880164449f34f01db040fe13232212d0bf87075891795a27280132091692;821;Investment products;82
5d5d236af766d98e5b51740559775d8071800dd0b8493d4e6d3ff6b3a80cc1df;1867;Life insurance;10
eb29be69c201e8f36dd2bfff727f86dbb58f28da7ef793b5ac838e9450d37683;8538;Consumer loan;19
21a2471fbf59a09e5c17145c089b4cb339b508eb97dabb1da7e6df7a5211d2b8;1874;Credit card;74
467b9a88b001cdbd871bb800245fc2bae3ee84d9cf948a91fa7f56c1007b50e1;3245;Life insurance;62
ad15c60e28e42ba5cacb01c7671fd948d827ae3ea7a6f0fa393dd697f4affc53;4166;Life insurance;169
3c9872f06b002a0145340d4a65e3f46ff663330fb08862d82a8af110e3749554;5248;Life insurance;122
19bf8cc09a048233176c3473e6112b8f4b25121e9871ce3c88a15bb395fbf832;4490;Consumer loan;109
58c695c173dea5ee46748f6e8dedd3f5c2c48cff12a14022615db81ecc284ba8;3785;Investment products;72
4e6c74f25c6967bd6d72586d0e29f3297239ac6f256aa082baef9652999b4eef;485;Investment products;89
8660730ae2d3ba45f349c3f3a53961c157ed5948a1369e2a5feba058aad624b0;5251;Investment products;108
29b607a652d878a17f4999925bc15b4827fcff95b018372959ae85952dd6c624;3061;Deposit;183
d83b365ab02d0d9033f7ee0974243892f0080b54d1587b7049ba52f149b6e21d;2620;Investment products;53
cfc38f4205deb403fe1e2daf38fa30a904df124571916be75a3e0ab605054840;8774;Mortgage;197
85d860c71c80487094077c830311d1a024efb1c0c777d2289e278e8260bba32e;2826;Investment products;161
8b6b987acfc0bef7a7d85304e9fad49b28cd3cf76e5f8ae55a9762df18c622af;1347;Investment products;41
e3b2688f98d972d751ddc9c96e1980aae3afe10097b340c3a958be5befc18d84;2441;Investment products;20
bfbb84327abab8557f055bf932613ab1b8d3f04ec7d63f3bcd03fc139604b137;3356;Mortgage;76
454f72a35b538e7e1615b46e176587a97a4be55fa25c595bc5683bd97cd61ef6;642;Consumer loan;120
3e508643cfb64b34c44e9fd65d140e3fce88f5b63ddacf51677f87e09a395fc2;4892;Credit card;124
84e53e062baeea88bd9be76a8483402e8420a7d7f5a1359a4f3220af6415b92d;295;Personal area;65
fb352d9a8767e2e218b4e196323b9de04c2af5ea9e519c63d90444cb4c5b0cb5;1405;Mortgage;43
e2c9c31c13c40952c361efcde350e03495f59430ec4725df90443eaa88c3aa62;8954;Life insurance;147
0d55cad167295f637dba20e1f989e2a036ce0e08447f1374fb8eb964fc845e20;7870;Life insurance;179
e8b327e73fccd8accb3295cd6e9274465808164769e7c82edd75821b884a9b10;9555;Life insurance;183
9050994d602ba6ecd64e58fb25fdfb528303a2c0216cc16664e7bc2b58bafb79;118;Life insurance;187
0f6509451a89c8b21317711b80a91c4a782ccd5f45f9341cadf10d311ec1fc77;5843;Deposit;41
2eb2bb325a67c17bb0e572864a4ba75177c4b2fd1f824a69d0ce995f90886ac6;5401;Deposit;136
bc42c0403457639680415d894c0471f92451cb25e8b93728437684a450bc9d35;2824;Personal area;9
4a732fdb26310445adb75ef9cffc83ccfe26bf8d5c0e29941eb224dccc1ee856;4396;Deposit;138
f98d3004d91fff31f78783276301ec3f21a9949fb1858c86be45f807e6a99702;6137;Mortgage;139
d25e02d8765f05969df730d9a35baf8e05bad04a6eb51eec3baed82e7646f2b9;1971;Deposit;26
1292fed8b1b2d30779171e5b2eb20dd9c55bdfb206dc3cb185631ebe387eda43;9167;Investment products;45
a91b100a9c728fa7f629e7fa571c3e9664ff144033c9afd0d99c0699054a258f;6021;Investment products;198
7845401cc03ccb9fc15083b004f367b3db95615607406fa632a193a51bfc2f0a;5541;Life insurance;112
84912cf5b08959869462b7e2d6292436e421bb30c2ab6c2c0201f6f6e7ab6e72;4599;Investment products;100
653c7a229abfab711e7103271525c53cdcf11ee63db8850e50df14a1be462b87;7116;Life insurance;114
a62d00f760d1d9ec53df2aaa5e57b103ca96429847b1c73d820ce94af2ab6a88;3682;Personal area;159
3496249812e84eb4f8d96fd3f9b0c393234b96f300f146128251cc53193695b8;438;Consumer loan;6
8f366d41fb440048e1761d1390fd2164736e67cf69e37a4f8f5ac007dc0e73d7;2930;Credit card;156
8d586e952a80057d85e507ddf6296034246533acfda592afdea96c41ecfe3ec2;6414;Personal area;129
91678f96fda0cb23461878556c06cc7c5b1986932cc32b5785d1d63674c8e2a6;2956;Mortgage;148
1562ff7046dcda8708d799da54e3806ca9934ec46e250a52cb0f87eb1297ec08;5365;Mortgage;185
c3bbf31fe2c564055f40afa3e15ea29b080106fca30c93fbcc6172b9e191b263;4348;Consumer loan;71
62f27ed5ab522aba2da358a2fe77fe88ebca6e229570015e2d714b2ab6cf5194;2954;Life insurance;199
7f3ea42019045d4efb6f746fc54cc20c39a02e689b43971dba7e68322b44c3b7;596;Life insurance;57
7c6b27a9857a2418f042d9b5bf297e85bbd8b86ffdc283396ff26982a8690992;2150;Investment products;158
6c58d7f6eb36cc77ac082f02ae9bffb3199d3350740cac1dc596839747637e92;2179;Mortgage;87
8d971a3b379a38fd9c29aa07869dabd0818eb8ca3adfd06e74396175702377f5;5118;Deposit;49
3e6df72cb854ee154486217935952f1fd174d7081e508e8c6c6240c57af5633a;2596;Credit card;3
4b06d97d8f25f12f25ef6bdc2bb9fc7aad6c09fb024566aa78341deb98d67b92;6523;Credit card;1
74faf4f958de66a051fbd353b412c0f268ff7de13b8e27866b2fd5927f36e1a4;2069;Mortgage;122
809fd53de433a3dc4b2c6cdd7a9d914ce7fee6478d8fd3abb9c2ff9e073a89b2;2579;Credit card;94
2d077fbbdba102339bcaece021f3a00e703f002dcb3ada8a6762396d182cdc51;8680;Credit card;194
f2be328b2e63591942846288a7067f896a30ebf0bed9202c83874b4ad1dbac56;9861;Credit card;63
733a25d68720ac35aebeaa8eece02be21922d6e24548be387be4d59216f2b5a9;5900;Life insurance;134
c46ea219e1e638b4589ec3e3c88b4f9429a11e51362f577d837f26a41624e0e1;1252;Consumer loan;171
be23a081c2398bd127fc01f894167a94b841474261ecffd5ee73b8d2e5498a72;6759;Consumer loan;14
39524b8d546d7d3b8a33717d6bb2ac8ecb5ba276f2bef289e4261795f8420131;1140;Mortgage;143
0f38d2228ed75ed267ef463df852060ab40e2040e41e1b33ba933f24972bb300;881;Deposit;185
a914cabfbc0c3008c04e9780c3683c4ae28c6409e199f0f3a7ac17b1a3ed0c0c;9210;Credit card;144
241ae4253a614c132a50abeb376b9d2ccfc3853cf08ef7a8c5d166cd5c17671c;1376;Deposit;97
902ff9dc777b48b78376638493c578b88a9e25fef1984738ef2004fdf98689ae;5207;Investment products;132
ad1d6efface408afec8775c43080e4fe2d0e555274bc7741d8408d68d33e742f;3920;Mortgage;189
288b7b3ebadd18d21c7e907170b30b168131cd76d33af75e6ae0645428cdd06f;766;Deposit;166
fc82f7141f9cbc0cbc6530706285aa4e7420fd720061910ca43bce10c6a0f0eb;7068;Mortgage;187
7499cb4fc3c358b11a53026da233bbab7444e7b9d018dc6aa59e0215ef949b0a;9626;Deposit;170
5ffc7ebeb2e85bea9a8e4ce1a57a7892759e5cd3204f98e2438ed9441bdea5a2;6989;Personal area;19
5702215f91cb24ece5c055f71c7bff4b2588a9dea1d154f5e4a6cad8f44ae9de;2615;Life insurance;182
44b8227b45a610edfa1882b644ad3bd9fe158f5d591d42f849143a176a0df129;1951;Personal area;22
569a30185418fb9506e09d932398253051dd8f50915af221c1a21a0ac1435de1;2191;Credit card;18
8186258277f9cb58f22a1a69f3a21fab3120550c794104df10ff3f65d9e239da;9569;Life insurance;192
ba4d3f7cec98f71b58a3edddce39376d45b3ab281cca9fdfb8cac87d4d102eee;3931;Investment products;35
b21b4602c407086ba0fb02e3876aa2f086279942952f0aea7c6330b9116d07b6;1872;Personal area;32
7160601880c09e4af90cdb0cf847d5a7e73f0ea6e45adadd4ef596a4a370831b;9297;Life insurance;166
af2855d094692e3f7dd46af90ddfb8e1c6a5af379741d00bcaa0209ebb637b42;7654;Deposit;58
b77c6ff8be14150dd9e35940b898c8be4308520b2b82adf0a39f22da988ffd8d;4660;Life insurance;135
01d312ccbe6f3a9a6b1e2d786104191794676f23bd009298f55b98cd20ea8cd6;3458;Deposit;48
e2113616922d4f1eafd964513f75fb960ae163d496b34d278ddd66585a33b83a;3864;Investment products;149
2b18c619b50ad80c78c399997d35e70bb74da838f08ca3ec9296cc8ea4bec2da;3890;Deposit;66
79b83f1e74385555a4444b03881441954a78f4a0bb1bd9b951dd30edd0b9414a;1030;Consumer loan;157
90c1df44756e741f67ea8a264b0593a347578b0d002538459dd2c4e5d1e60a3a;9076;Mortgage;91
ebd77fb96d9d97cffb8830536dc505035642e3a64f42fd9c7f0d12b2bd2ad20e;9868;Personal area;196
efa469ebbdc085e5ea89d98761c454905b24528efc3c6ed04faafc9090edda25;7813;Investment products;98
d2db9d97ab621b9731b1d9d8527ec3d003ee002d348c86d90842707edfb7703c;8782;Investment products;52
9a0963bc99eb54b39b61c39749d3b666457bffeb83739d8d2e8d5dede142fef4;139;Consumer loan;18
9915a8ebe74d70560d186bdd8eb6adf7f56b865446d01b5f1acd1c0828f7cdb5;2790;Investment products;4
99f36b765b65602124cda845e015dcaaed48c55871ceb2788336bc8c87c23c54;9546;Credit card;126
494b31d18033ef1803bc53ae9c083dd17a499f90c3efb0f26553d228dbd0ce35;5573;Life insurance;184
f1c22ebc7ec8b1cc249361671b7880158f2ad4c17b5cd92c40b01f6c1bde4961;4689;Mortgage;113
23132d8798abd1bdf899625ceff0ef8f5663be952191797be02c66f20c59dcc5;1706;Credit card;85
c83a9287f78ba7aa99801639fcc39652424e97290b40a6b136598c7f836c380a;6419;Consumer loan;31
f139fcf695a6b9db5eb2d2f4be196eb1527a8954c4fff3d7af80493dc5a9fe6f;8529;Investment products;108
8b10ca57a8a5c1f4702e49e0dba4425b2a499883bc4de7190fa9dbc1bbf198e7;3631;Credit card;181
c255f1e3b5626124382b077f6bdefa703816b93f660b1b67a5a3a08ff48201a8;9904;Personal area;136
a9478c5b9446c026b0999723645ef3a0bb08a41f6698b4f15068a98e3ac8d585;8054;Investment products;14
954360d11a55e4bb83c309de48d0d2b6646a73a3cb1e61d9460d1fa20392ebdb;7082;Deposit;72
580e1c379ebb513816da680c8f5a620c596d5924da62ff560e67ada915839d70;2347;Life insurance;66
8717ef6d203f7d59f9484a2ddbac10ce97e3f1a81d67e515597d10257b2f0681;879;Mortgage;115
062b974aac31597ab038636c3f3fdf73a1dcaa4c3864650256a43995432a4b1a;8632;Deposit;37
8de2c8196ffd5b96203bf4d31a2842a79701c7bcf27eb1956e5e7caf7ecf6bc7;6776;Investment products;98
b5c004c5d7c9de0bfef2587e91f2212ff29d0211f199e8f32822d2b4fe403341;2768;Personal area;32
c34b298d491796116bdc0b2314dbac26c1c66dd7c1be22c7b9aa0963b38a9fbf;310;Personal area;12
685c12ed73aaedb7f47e81dddf8e25bace728c481d5c975b0fed36cfda163242;5361;Life insurance;157
8b09bbaa02fc48dd0305c1a411431fc3fa44bf2ceaafa7f4f88f0795a2196863;7948;Personal area;19
435c7f338a7bd43c0f2cb807c6d4440b8cc35b55b8633e60c9d00bd67baab09d;2576;Consumer loan;121
9189d0e3939d6be9a078083c5f5b3dea6c9b17b44805d140230f49c42958c0b6;764;Mortgage;41
433fe9a919ee5ad7577bceb16383cd3cb3d69d06d48b980931c4f3207271c330;8902;Deposit;89
4713adaa70fee5a9d9e2b17428add51d37e5da94ea8b804cdc469c7e65d1b1c7;7187;Credit card;76
e636019ab709ee48ad14023b391be0d367aa7a8c0b8e9c97d8d2c9f0e11f2298;2565;Life insurance;44
79fa4ffaf12dceb38fc97e86a1fa2021b08a58f716deed6a90f64bd307d47118;471;Consumer loan;134
311efe2d34cb0202134ce506b957976e0ce2939027bf1fa7ac496b43236ec25a;6259;Mortgage;189
1ab08292db4e0a2e9ede79d6b644c33e4429d6a6aedffa0bac36bb4aefb30791;7857;Consumer loan;134
1f238c2001ad32d778741cb4513eaeec7951f56342826a0c0d8bd7509b1f0d59;6853;Mortgage;110
3aeb773bd249c80e47bcb0bcaac6bfa4e960b4a57ce86221403213e2d6f77da6;5240;Credit card;74
c7bf2cc767d76626c855aa9273b4121d4fb5a5e4ab184a3a6c92d7ac58f10d96;1086;Life insurance;67
c7974e391c154e5c26419e009541cf5ec59261020bdf61ca32fa21da8d688129;8174;Investment products;56
a60e22d7a599e474408f5999d6176db8bda86f6eae7ace9faf5b9d4d6c4755c6;1513;Consumer loan;75
2080fb9ce5d1aca6701e65eae48af5e48a826e682150f6e831327bc0d8e8feae;5949;Investment products;2
4467558c45b4077bc85e4c4837fe82f6826c0a25562c58c8166ff11f5120e86a;1678;Mortgage;197
3bf7b25b370b2a695a7873ace943fb34be1eb3084b144fc8978f4e55bbc46302;6866;Credit card;114
f485f80c6cc9817ba76303c1dc3f5323aa138d01db9b67f0764569f4115820b3;5286;Investment products;161
5ede362f4325a78b1a8885b49dc313503f6d7aafcadbafec298b45ef06f17947;5285;Mortgage;62
84e7528b76ca480217304613cd002535ec267b999ac2055fa0579cd5d0df87f9;5561;Mortgage;91
681c7af54db87eb8be65f434ff517a3e30212bc62dcfa0ac63b8ecfde8624f13;7814;Life insurance;10
ebb8b7661acbd9505d065b8bd4b92af5e74f3cdf404d71861e58d133b584aa64;9524;Consumer loan;114
777b725270f18c4b98477221bbc61754f456ba1ca49ab4ef2811b0b55c0e20b5;5621;Deposit;43
4f9893a2bbde19d65c7a00cdadf4f268fd9b750623ffe5fd9301cd7fb2d9c80d;7213;Personal area;141
356150f38fb288d648e675166ae1242d164bc4d7398ecd7eb38a0e66c281afd6;6884;Investment products;130
7c3599e5c0c7fb960a57e71077190adffbe102288754a9617cd13b73583e04e2;5894;Credit card;163
7c657bcc09c552e04623bb741b482ab7289c2fd98591097bb190e0785980a26b;7826;Credit card;151
20fdd1ce5b13f5270939b30418a1c16ded9be6ac7d28314bdf9d41c433097ab0;9690;Personal area;104
1df69fd3e93e66d18ac3567a9d670161d26071572397cc484b64cf83eae29f53;8209;Consumer loan;50
d44a56aee0f6a4bf35bef0056ad947544412a8215da74edd2f49dee0b8b3097f;5549;Mortgage;180
c4f9eba19f804cfea3c283c204e56773f8aec978fba3d949240665d2b5eb9308;4040;Personal area;121
6c7efe6dbbf3c0ebec7259f68465579877a0084ef92413e09ab8b8e70b47999b;8441;Mortgage;87
5d3e13f25a3bb5d82510210ddbb8bf512ca16861ae1979e11347c26e24e068bf;7850;Mortgage;132
35cf1fa7f7bdf2d49fdebcf3b477518640d211abaa2e158957ea0840d1e09b70;6318;Investment products;134
4524be9bfb1634af60ce75c254ae030f3fef1113f3228cfb5ae8248ca48521d4;300;Credit card;118
48e73f8ac5c75ca2b12b8dc7edfed352fb57343b1b2de09859d60d5dc243449d;263;Mortgage;88
a1123258155d9a3af43c1bb00fc29d38acf8a08c81332b9007e02453885d2300;1965;Personal area;103
8a83442198316943301d10c99cacd968633dad8e80d248eb558845661aa7de11;4328;Life insurance;111
1744e82bb7f96dfe433c77ee381795520adeb6bd9f1bab6cfc5bbd7e57d25c12;2704;Investment products;123
71e8bbfee7bf7fe5625ff46eb68cfb4de8a5b9951e9a62d7209bfbd8896f93f8;4890;Deposit;182
994c03fa62f66dda7c162878091c5503cb6e9a2c5412f3937f3b372e6af136a6;6244;Investment products;28
00cbbc0def853440404ce07b6cb2c134258023edb213c1b8b906d9ee57875a2c;4407;Consumer loan;139
9897a8c4ce0d34ecbbd685dbbfe64255c080e4ab9027551c01c8a86aa07d5431;8466;Investment products;96
228369ebf300ce3ac45869f3bdd056114fd08134c2e6a2120bfa1fa38f8f8c63;5736;Mortgage;194
e13dab808098d4930614da78a19836fd8574e6fa4f2d783ed190f2af0c035cec;4279;Mortgage;149
0f887fa0456b99518ddb66d8f744472261f02dbb70bde33cda7b97b288add334;9605;Investment products;161
e24a02eb25ea7ca0756e3a3ec31d1ac334d9807a8771d74d70e8a7c8f975d560;7290;Personal area;193
3c892262e04b7c5a49b5c9f701fe56529537e52d74089504a7277474f80929ee;4529;Consumer loan;171
4c924b704a37c8946734cc55699bb61f11b414a220be6784aebd60f27434b6d6;781;Consumer loan;89
8cd8a9747baea8cfafd44273cd8405b281647dfeee6228f453b95246f6250747;1709;Mortgage;78
0e2ad1dbc3b1a9153cf242a9bdda0a96166f214c3fde2461b00db1e37fecb033;5755;Mortgage;99
9046da7d2444a8990661800251e560c473a5da18014a8c5ce835638cdb7ab49b;9718;Deposit;66
daf5ba6334c8814369e96f249d900cd6dd7b2bf91c7f965d1bed590f458f199f;6938;Investment products;149
b313ce54d81640b6d5d80d130ecbe481dd72e6c26d12c461aea35635204080c5;4529;Credit card;155
25400090906673e0f3a4437ceee2392020bea1db1e41fa2d64820a531fe27ec4;6354;Credit card;178
69abfb04d6d2786cc4f4b1cb8a0d98c8d9945bd34cf403aa95c0b9abc87aab10;3910;Credit card;101
f642c05f8960861222efb7024132187cb7d6f1163921eba0a0048404f03b751d;2873;Deposit;10
0efa9b27369a551ae18059f7e20440d8057685ffd77f5a15003939f092422596;2793;Personal area;31
d520a34da49c60a82da2aa1888b3490f1e55590dae3447402d45623d69555cf5;839;Investment products;25
079638903746486bb31af8f2768cd701aa592e2569319aea9405bf56a1f0a660;6818;Life insurance;48
3a795487334b0f696b2ddf34acbee4fa80112c8f36d246f104050b501d650816;9116;Investment products;37
9bce19a5a027083cf724589e7741b8c230957ee1f7703948ba634ba0525b5879;8721;Life insurance;158
9b19a52254a8b6700f6cddce058f0f33646164fa46158b5686bbff7c75ab2b6d;4921;Deposit;125
12118ba4956af7a80378a4455717f1e906f55ae4e92ecefefd69d8174b6a382d;4762;Consumer loan;144
e3501444bbc7b35bd5bbc098da766ba62cabadc33ff651c64bc6205e2ae8c18d;4088;Life insurance;183
1d9781eb01c3af98a933b8c63d0ef8b329420bc330c64727835f5b8d74f077f1;7324;Deposit;95
4368fe090d5c608ac453e2aed139bf4422e4734e3fb9728bef5cfe62f3a2079c;6801;Mortgage;59
5e11703348135a1466b8be0ea95c5280b60fd4b33fcf7d9e848ab84192439fba;9341;Mortgage;151
b00898e7bc74eb4d9a3bf9e08e9e0015fc727f5556d170f76ace96143a089208;2568;Credit card;59
cae917c7f6f551b61075832e1a31ad7b7dc9920c9f476be1c586821bcc85596e;4078;Consumer loan;196
7fe0edbfe589a57e821e5f6b37ac3b8b92a0b1994958d8b21a9aa89b0ca39d8a;2410;Consumer loan;72
e3103a1c4934c34043ed408f098ed195b3c889e1442a2907d24e875563406292;1505;Deposit;178
dc00565618b642f74d707111749f86e192301939c65b36d801b0b348eb251185;3195;Investment products;13
1bfff57ce9e9cdf3c789fd5aa2976106eb1873552ba0e3e0dd1b891d233075fd;9805;Consumer loan;123
2714057347705c09c646db2ebec8d7297e93a9208443df5905bc47331e531a31;8969;Life insurance;65
0ff8d4c3a05bec7382f81ad5eb735eb0774f52aacd0450b3668f5b830998b7b3;6469;Life insurance;172
d21e959102b5f22e5d35fd9e09ca2cd989e075cf6d0a7d66c4f611b7830f9d12;9214;Consumer loan;40
552e5f1ef2fd7871982bacf807a9ea8de1657a4e7b881cc1e636120f4b46b13e;4175;Mortgage;136
c7a789ee31057b0b84cabb64519822ebc818314220039d61189c4e2d42ed2786;6135;Life insurance;45
bc2d2001df194139761a311dead7582260c26153ec996022208767c7306935fb;2571;Mortgage;193
ca6dcebe5b573c080b4cdf631f1a28494d5fb00e6a1b05977ca5bf27f7cbd35b;4848;Consumer loan;46
e6d59b9428c9629a8b7421023ecc8d294180521ca70bf4db2227c7e14f143172;8198;Credit card;166
fe626c713e32f28ef1efbb2d4524d84bee35a12d7a67243fb324be66cae2b185;5520;Deposit;21
1edb2e0a575ad47c1f85903eb8592451f06d69aac1a90707e80e6878746d2157;5412;Mortgage;174
5eff863c228735756592b3e2f0562bfa83a5e37475a3f73bdf26ef5b7c3474af;6930;Investment products;180
252a537ba19ee8a24cc8465543f2e834437b96c967302ecf8115cd762d62157e;2496;Personal area;124
32d2615635b098cc1283d2a1d4c391bdd453d459212b4afb071777b9153d5ec7;6156;Investment products;65
653b90f3f7ee27151a57dccbf3200fe30eaa59cb91c06777038f0d8e02715704;4025;Life insurance;96
be158c05b48f7efecb33e4062434e1661c727fae2e60e2a9e7455e422d1a7cb9;3956;Consumer loan;14
497f1af6a0afceba2f35ce94042876fd52f4dc6834b37558fc64fdbd73298c52;2649;Credit card;200
1b4fc7050fcc21e19798619ff30f8ed269b9c5ac891176f9f44da1ed5badaee3;7100;Personal area;128
d86ce8ba90738e76d961cd369a50077988abcdb051fdefef139d534b141fb600;5120;Life insurance;18
4196bf20a6a454a2da633426251641965a35ee58c1a0e4d8645b132b504a50f5;2333;Life insurance;142
387ad7f7eab9b2025bbf71298c51383974fa4621d01d90bd860f41ea431db85d;359;Deposit;37
450c41f42dadd1b60f11f1bb272405700db9c917637dada95f051062668d0698;3662;Credit card;94
c83a6b21fcedbc28194b32ea8646119540e9d6647f3d08d48b64cf23544ae3b6;1854;Deposit;187
bc63655433c618db4d98c357d503c5e061266a5ce388143bd70cbc5e11183e91;3198;Consumer loan;69
16a8de9c68ac36f18951540bcccf91f729acf116775262706e8285e95aad0cd6;4277;Deposit;187
7da57849ab28ed640a15fabeb6a42febb452a59835124b47c0ca4f46925f8e00;5344;Investment products;44
43b748a0ee58ad8a117ccaa3d7b6e66769a94973640d716371652761233899fb;5730;Mortgage;53
a4757aef3238360106036eb06c38ff1065862046120cd410ab33cacbfe81abfa;9109;Deposit;100
d59a14a1830e1077f102ce4f8990f9cca96e73a2cbf5977edbcbfe9d6b6b02b7;3581;Credit card;53
8fc4eb0b206d426cfc700b77b2d6df53d4522eadb33e6f4d51df440ebbab8af7;9150;Life insurance;181
e7ca753ac8095944a4eeb770a6bde3441dec1514c710df3dc9adbc93046b3507;691;Credit card;34
426db7acd68771c8d7007da1ae4ac3e11f0bf823ab8dadddc3a843a431c4a9a3;9508;Mortgage;103
a727771caac944fff495880b7cb3871296852d8ae96eb357d10948b4cc92c8b5;2553;Personal area;65
25d1cef5353452dbee94a10d867d6781b41ae6a06c704f624a1f6ebf58a0c8c1;2452;Credit card;106
34dc7fd8810524baf3ae245cd8f984cfd322ecb89e4342b0a40ae86682f5cdb3;529;Investment products;93
49a1d075ef73ada830a3698045a03f023287d589b8a1b9e5871f76e189761072;5363;Deposit;63
92630f96e953a4626a61b670a444da598c6c9735807de91d6c6d44e7099ac25f;8581;Investment products;89
008e1c66eb9d8a5f200086371ca3a01827b8b724b178bc4edf4d1658d6e8a28c;703;Consumer loan;182
a128f7868570837fe205f76c834c9a18cdf5d6d2f24ebc325ed743fcec40206c;7265;Life insurance;102
f980d4de6c5c3f1fcbbc9d29411c36936f6657c05be9ce8138dc029a34c198a2;9987;Life insurance;168
212328468103c37b42e2e22356dfd0515a93af9bfb8e1106b81be164ab15148b;6805;Credit card;34
ba9754fa6ad0110569ab6bb0b2faf41abeb7ef494b5552d02d47aca5d93cd92a;1613;Consumer loan;37
06a47ce3e31bc1ef0ccaa468ec542ab89575bf7970f9a7709c1a65eebf4ab200;6707;Mortgage;179
c5cf5ded7e7cc64679e6992afb9de86ddd59319f262cdf15f3fb8b6af5d0d45a;6143;Credit card;69
e26dd9d6088708e86e35ddce00611f073809e876e2d707aece3f63c724911409;2321;Deposit;138
4c1605a822dd5ff97e1011d32e2eae43ef6608a35f3780e88b3cbe3ac88d5523;1915;Deposit;54
8be308b57386000e427544e3c201093df78288f0be4422d6938f48985131cb61;8;Credit card;43
3d6bbbef2095b46f4dfb4607369261081482228615ba5722f48069eb96d25db1;1078;Personal area;62
9ca829989db8c1ccdc6570836e3f51943ae02f35e71443fc579be537ee621fec;6506;Mortgage;75
32c47a72ba30f82effc54cc040ee2b7b00ada0dd49abcbb13e54d79d31e808ae;1492;Mortgage;165
0a74f56f60f75e8146de693ca0cfdee493f3898183f32d1392bf127c4d7b3011;6868;Life insurance;23
12d76682348d5af6f811d87555ed7321c62095992f137a769faba1551f892bf0;4202;Credit card;35
530047c738db3875fcae0a326c8c474b08e325b3578efb3065d3ed131826b901;5007;Consumer loan;37
859823a40ce7fd4303948674818c1b96e3f90fe1369170808309316c70f48cda;785;Personal area;136
e771088784afc1814a11dffe9a7ec6b023a723ae1cfb80e974d18f5fe836cdf5;4608;Credit card;149
38037f79c1b13f75a3020abe05d2e36a835b84be63d96ea90f1158e4b5cfb63c;9232;Life insurance;39
a3c16fa26bef8fb51b185c73ff6df284cc76c58cac4ae3eb900d37cc3fbdc79c;8643;Life insurance;15
05c03ae0efae7e83fededf58db8dc8f8418e34b61431bf92370316b631eb253c;2787;Consumer loan;76
4e5a8b8e89ed5e198f923f58856a7cb90c854a62c9827dee90eb5c61ec9732e1;690;Investment products;4
58e5d4a71642e0faaddb8ee9020b55f308ec512147d803d764910b44ebe8d4d2;4126;Investment products;103
9af67256b40c70f6d231eebf6bc819a95968eff710506bf7b49c2a88b5a6b76a;8700;Credit card;29
ba48c515540018be70ae200bee4de10e1a4d06c34da83cdcd64ac2244af5411f;7787;Mortgage;133
8e56f624243148220f8173302d3fea3393d29901a7d8a50ec7d974d89dafa2c7;1303;Investment products;80
b5d0483e794dfb10facb63265407e74ad15bce867bdd7a1459e09f9a67539ce9;2722;Credit card;156
a607614066f77a33f67cffed8c2beae20ada38441188125d62e219b5fdec86da;8691;Mortgage;184
f90ab414e35a05e81b7e46d9b78c787883e9e02d9b11a849f274b05d91123675;6355;Life insurance;158
d0d0a56a6041ac87b8546cc02c9e9746df9f1978b3eb4a8efc17aef084e8085d;5095;Mortgage;124
e58727cb580f4fead714b628b686de096ac5398cc6933f7060b6660747df7177;3338;Consumer loan;18
9d8493fe55890a4aaa401a5acc290195eeec6c803a3a4dc00312cc67f5f9b7c6;7752;Deposit;164
e740ef6de59386746e054d8288dbf133be4cc0ee18a693be8d6e6827ac493ba0;9570;Life insurance;159
09826ed5314f03f300f9e84132febfd406414356e15517deed0187d21f71532d;4375;Mortgage;135
7d319645c973751c84363f4cf06e4ec1c27321bf814266258b456657f9620d96;3563;Mortgage;132
aea07164c9e7b8b14daaa526831ad936f51078b0bb1e01ecefb7ae6acfecfe38;8667;Personal area;152
5fdb3b58e84e62db474b21fa2ba81c29ab1a24a1094b486fc92b9b2b82ad01af;548;Life insurance;37
d6a9ca94eeed5d006dcdaefe7a5b17b88910d3d9e6438e7f3e2d248d5a86463b;5679;Mortgage;125
6b17b9140ea27ea90d709a9e2a404d42bd101dd6b169659d50f8340bffe525b3;6489;Deposit;28
f6832535facbabba09ac6c02bfcdefdfc3f7d16615a904c792e29835a06c9d7a;6210;Deposit;140
44b635316941e2a389fafb97f7b600d1636ca0beb269ff6e722717ff23e7df9a;9817;Deposit;157
09c082182a80cfeb867643ad21e1e5e62df8b80dd7212a4dde785a2cff8ad7a2;651;Deposit;61
a68067f2f9a62aa91fad79e431b0885bfb9515eeead128aaaaa9875eb96f86a0;6627;Consumer loan;114
b4840063127580f3af3f6f65fb00c02f601d9fca7c1fecb70bd3e028b45149ea;9795;Life insurance;44
ab8c41021d2be5d09852ef40dc368c5cdba5fe025a607ffa9c102e8d56df9328;6259;Life insurance;34
cb9210b30adfbe308e445f01591026dbe305727be81282b05f5c0e0395bcb088;5316;Consumer loan;139
b3fa08a82e20983cfb84d363e36f9edd7f4a324fa405c16688c5b6344f204c78;410;Credit card;19
a7d6a687fc01e58a88ac0ff4988250707b5d221b66cdce35ed120b96a064ba6d;5108;Credit card;185
5441a7a8b6a4faebe8a8ee1bdd4f63d39704727af48f7e619abefe4528218da2;7418;Deposit;75
f09e7efdeecd5b5a6d63254cb5ad633cb8c57520f6ada814173216de43e9b2a3;5412;Investment products;58
1f1333a99cd35d6132f3636f739f64dd8bbeae1fbf156d4916fa76baadb2a77c;6711;Credit card;121
0506398c083da3b893462011973bd77a738c68ff2b0acaf41ae594548fa85ed3;6179;Credit card;164
63c9188a44bc52ba5923b23052ca59fffda7e14f08c1acf8e53b6085a6695db2;328;Investment products;28
319116d24dfd79673ac3fa4f11c9ac76173f0ad0cc93b976d625edc095c85e67;7097;Consumer loan;113
e5875dc6e8329f29b21361f61d57501938ab2010cf7018418950089a0eac7c22;4721;Mortgage;40
e227c92d6fba721d2c6ce0989308f824bf3598992d76df0250857c78b117643c;1311;Deposit;189
cccbc84f1bcd65123df0dd62a01ce3abdb3328965d7df4809d7b789adde1724f;3075;Investment products;133
09748755ec0b3f7a61ccd8f68f1d3a14b008a0a4f5b2ba8eb4ac17d4ad08db95;173;Deposit;187
370fa833fadf9fb44caa55615b5d03193c74b6cae4baca44e38e20e542d1a033;4877;Consumer loan;144
8e7825eb754d4a8f5c39b3950b773db8c8755a6cf552d32c83ea793b2b2a150f;6480;Consumer loan;60
a6cad0a7c00fae18e277afc787bed9583ff4425aa0a217402bcfeb2cd2a16af7;3763;Deposit;30
46e48f4f618137822e1d797a103c44e575be3142bb71ecef90a1d727a6aa1cbe;2103;Mortgage;25
186379200fdd26b9f07a3c013d9de7e9b06bf3c8d6f9570666b607670197f6c6;5114;Credit card;153
a72c1fd77f7e4697dfcd765511c8c7eac93948cc9faefc03ccbb92648709b422;7675;Personal area;140
95c6a02697f0f140108758b8f71c6a352654ef22b348d22f525d683782b89cb6;701;Credit card;39
5e50d74e5773839248b9aa3c8c6a13fe7d205d29d2c6357090f074562303712a;5394;Deposit;101
7cdb316b0416ddeefab0b0d65f232c43cf04327f3185b98f7b40110c10293d29;3363;Investment products;75
f112402bf3586ebc48db59bad15dcc64822a8c64becf126a5b6314a71eb84d5f;7650;Investment products;109
dad211ee3ac784211711d0d9e9b9af16baeedc65fb0f85bd94311ef33b8d0d07;5377;Credit card;125
719c4e596f4b384c88f74c3bba9b6b896094419f9d83beb29580a066a6604bf9;397;Personal area;84
cc31e316c7548aa689fa416217b5676422619038a54710bff360afe139148207;166;Credit card;195
95767a359d7457203056abb5f2608c8e028c85b9cc729911284d94a625c2c0b2;6501;Investment products;133
71570de5b750ada32b5850e3b2fdd3b9ff775540bd017a08c3285a0123860b18;6385;Personal area;99
05e0bc85ad76dffc7787b55b3248750cd81740282d1307d4274aaef4a29020d3;5679;Consumer loan;6
24de3002b215c15a2a891a74dc8871c13cb7ab14029140fd51623f219564e33e;7720;Investment products;83
45ed4a7d32073e8cda98fc3c3307103b5eff84df6cf01d706b737403b96073b0;9901;Investment products;198
64050a0f4ab1a44947a045b2b288fbb1a438c5f77bcee870b56c3a722eab33b1;182;Credit card;180
652358437e48cd2c92760a23e77ffc092b45a57fd7a67fc6ef9ec328e88330b2;9099;Personal area;90
aecc17a2e8438c86a258db37dcac4a123d43bd0aa3ea20b50677210cbaf62a15;2317;Mortgage;46
25f4aec0f1b50a5fe43066c0a279ae61c5707d5b13e329b0d89e825a7a8039c6;4010;Investment products;89
cf3556c8561ee0d980d0dc6feee9885157eff3369b0616943aa25d7f448a2f05;8918;Personal area;189
3b7254819740b7763ab9517da9fd0ae5e640d40bd5d5edd22f70dc3b68dc48f8;8073;Deposit;16
cd76cf6b2d2c00a5bccddef6ef9f057ea031788a932f2aafc9f12a706a4af54a;8271;Consumer loan;30
07678344af9a116f0864bc84ec40cf50d5e9547d929fb52d92f6f5c9f36d5f4b;3262;Deposit;16
7e60defe59b696575d474e78bb4231605df233ca9c8a902657487e1c7c54e407;4409;Life insurance;20
75da0316f51b33cbd9adf2ac1d5c5da1b26ec410e181ccfd792e4f823a93503f;8721;Investment products;31
8ec0d678d0112312a22f467f48f71f18540ee03109355c88e2a5a4341b1e5db4;4927;Consumer loan;73
766ed3dfa5abbfb9fc25ec8bfcc811e0cb2b6c3761d15107b4fce7a52e690de1;1979;Credit card;32
158072530ee00937189f2d812453e145e5577e977508de58b989bd37f6c1071d;2069;Personal area;36
bc0b0c627a42725958d4ffbc4b5c5221fcb0608ab4152f6aa637259ce296673c;8058;Consumer loan;142
38fad6a5c177c50c6db44e60406e89a85491596adec6341eee9df59bb554aa36;3929;Investment products;60
f1622ce4c46883a622ed097a820f642fc552c580cec2572faa5e303f0161d5d8;8419;Personal area;63
fac82ceed21abfc58fe1458d8ce4cfb4807eae65c1f853687cca41acc26dcfdd;3415;Life insurance;159
ac1559590e5013be68a9e477b77797be6d351abc29a2ccc361552aa03c8e8637;7179;Deposit;131
4a1b4bf2b678584535b1bd1c13c486f1f58b44d703754a693a55c6e7295a838d;5047;Consumer loan;161
f33cdcbe38d43e9fb679978e6c938bb2adc07259e7b3189142eeb25c25a45b68;9814;Credit card;103
384f6a4d7ba2fce0c091b197faa4fb1cf9e1f5b1ec3b41cfea7e3c0212272232;5289;Deposit;151
94b0ad6d225069179a7d4d53ed0d8c8eea94757e1c1d313314cd97cbe06c52ef;3852;Personal area;132
c4f368c730c9d589be0c35d9eeda6af06515a2798d5bccacaf1a967a3c6f1bf8;2177;Investment products;32
fe2030e34bf46c8481635a2d53bb8b8ed7af07b5b5be84c404bbddb5bdd9e609;6292;Life insurance;133
e7cf1196ccdf6e9ac3c81077b50786724fee8577329a6aa0713141ce3525be75;5680;Deposit;38
e7002c39c4ef78ffa7fd2edbe5ce7316fcf0459c6c913f51ec60a5a777098b60;7524;Investment products;166
a98140f6abc7c12ca0296257cd14bf446c90794ccb7b4a60da8bf5e72e61f2df;2523;Consumer loan;2
d420969d2aa0833bc072aac7d38a04192a00d7680518d53a5d4907c14990f7a0;7068;Deposit;142
27cfcc80a60fe9f08d8caae2b17729fd9b30fc5831586e1a7d65fe5775950dee;17;Investment products;85
40d1116aa8fc805c404765e82d3459b3db77c7c8c11284288e9902c7b01a202b;4015;Personal area;5
bc1b054d167e5c03e56d3c5709b9b4ee096177c9bddb44e86c2a4693a8542508;1976;Personal area;185
7ec16dc90867e5f094a75ca4e75bf1300bd65da1a455262c8adc237a9498039f;3232;Mortgage;162
9e2ddaf8e075574eb71e1b97759d78123505fb32604365135e4314a39cc736d5;2887;Life insurance;75
ecc69c9e68f8282fcd5c37f459567b521ae67500c4f18c429670cd3b2c89c183;260;Life insurance;143
b9ea1dc5844b8d62ffb1ef3f78bd90d15c2f2c095f7bfbd68961dbc010b73acd;1132;Investment products;47
464d95c4fdcbc7695d8f971aea8f8d199e5e76686ccabda6cdc8ea464282ea98;6331;Investment products;192
83c388be61f01d0b99cd431030411a00f4e3973cafe19bcf854881833cd090c5;3013;Credit card;169
091f77bec7d2602b244fc8e07d56d4900fd82e35b709ebb43e7973bf48c88424;8882;Personal area;86
b3044534272c3c8e6fa86e548da2ba2131255edcf2080188f08c87fa33c4738f;390;Investment products;185
6d154a68b3f07b33a1903728b16071a75a3f0e335486c11164b5a8a160203dd8;6609;Personal area;147
11d4e9a66a2eea95d0d7d79f05dcd07cc4e77337b1a3c3e7f0978ce42aee717c;7918;Personal area;34
c65db2fa312c84dab991338378e6684c9ff607298e9dcb6efc8a8a276cf74154;1456;Credit card;8
8e5ba40536828f4337780b0fd7b073b14553c42d80bdb86c9704cdb5d414e2f7;6783;Consumer loan;87
75c81931de787376e408026407300a9c4e2ca956fd9c056586e4bd08b7cd5c06;2844;Life insurance;64
02ba65f0e298e6165ce1a255cd91ef3cb9e4d49c5a1d0e9d45b1779430fab2d8;8227;Consumer loan;105
6937b1f9841f51b8576f03ac931749a46f009698d3f0fe9859599e70aeaf83a2;9777;Life insurance;27
c8331c65b7fbceef423cb6f69074e0a32fab82b49bfcddcbc0cd5da1d5ef442f;7236;Mortgage;152
abecfebdabd03038481ea9499de39ac1adc5853d878b1f0dfa4f0e495b31d645;2509;Personal area;94
2067bff01baa8eddabaf68353a369a8da09752cd9876ae5b3a777f32512f8974;1548;Investment products;57
c57e45dc814da331f524b51dd00e28240b1d6a3739cc5211b85d27e51d34b8ef;2370;Consumer loan;27
baaab50de6a83fc764a2a2866c6c6ff67969bab0830f86c5c93f163480927843;7247;Credit card;187
401f7f7d1e338cc41a166e9add2f6a41d09504a1c09b2cdbfb1ebf6caeb2ebd5;286;Consumer loan;11
10e5d8fa4807dfe516531671eb2320f47e017b6ca31a31b9b3261d2a085a9f19;9230;Credit card;106
d98b26d4fdfc78492e0f32883c7e53bbf2cdb08f26dd49e89d71fa2992373d3b;617;Investment products;160
46d572cb04df9073c5850994352f28640158807ba8d0de9a7ee931caa7f90bb9;7753;Life insurance;174
ee0ff8eecb8166d341df1f62f71c6f331f7d1cd2076255842a65cb74d64aba5b;8332;Deposit;145
d50204fef62a4dd2538a9741474e769961409c85024ab78f67179e0b41e828a7;3007;Consumer loan;57
df6547e05101d0c0508c60facb544c24d1732b7463139cd92ddd00e83e38206b;1543;Consumer loan;146
5d5668d834b4b80525aebbc2a9c6d69cb37627d54fd58e47671ee9fd3adddf3e;4435;Credit card;156
fd6cf09281d0059d211651a4689471828b4b041383ea8ed9e4e55ac848c19515;4532;Personal area;91
37ef812e94e13470acdd04b5afbd922719a9e814d2e73b2b66f5c4bb3e14541f;7040;Personal area;107
7509573ffa1d3e6c22f0f99edc55a397045e9b0656e79578c188eaf30b2d575c;6068;Life insurance;12
d0bddf982c5b853b67beda66afa7fb94989f3f2f3e05be1c0faa2e466a5c8c42;9676;Investment products;18
0b7b6a98330db8f3dba7b3ddc5412c09489985a6f66bf96c3629f4c9a65255c1;8388;Consumer loan;188
e4ebd8152b3b342e763ad08fc447566ffb5e0d861380fc9dfd45f4dbfbf0640e;6461;Investment products;8
6aa6bc639568d3155207a793a9b44d0e533a682929e958e9902cfe9455c424af;882;Deposit;107
8646e6560dcf9b4c65fe6b7446d5389a6c97f0f29d8db7a3f5fa59c066c24698;9371;Consumer loan;175
652a4e5dc9f2d5722fb0dd10ded571c197a384d907aa97b59b151e230a1b31ff;9319;Deposit;5
77afff523202450c85f9df5b0cf1c08237c5126ae63699fa96ef677d0c200f60;2771;Credit card;6
c94ca70847478a0b29794ee130651452ab921528375f34f6cd2a320f7787295a;5643;Investment products;197
c7667f71fde89b6971bd05419100875446e5fb232a8569105f592d9bc68ac2fd;977;Mortgage;25
d8efc55267256af24f486e27e2b25c17400ce40f0469c368c83e0bb3b4d727dd;1640;Life insurance;137
15716a2cc0632040b44662a74ded67377753b9e4022364b03faed87d6e8090ff;2644;Credit card;124
0a8298615baad85f0d607b38673e47f9f30c1c64b907c08f319a585c92e48922;3758;Personal area;134
d928336050d43fcb73b2a9ff52c914e56c3c4bb310c98beb1f05834a3ae38d1f;2475;Investment products;161
aa3b2d3f12f99f07384dd54561257d92efdec6405130c94f3cd320df81fd1b87;9213;Life insurance;83
eac51cc5ad1154cd436aa3e4f2d0b67e33d2b465ac835d3770217a6fca7641e3;7720;Personal area;120
0e1bf054fbdb984f97d9460ae713a945e0a691f464ca05ca442d8c1d0dc17830;2697;Deposit;118
f5debfb03e16501df6807ffcb1df0a412447427e11008e08483a8ef997930b72;1815;Consumer loan;122
c9d611948d879c8447373b60658eace72c4a27cd9762e2e088d2553078b873ba;1671;Deposit;114
95ca647a1fe0ebefa92de179ee2c48cce8e5ba9c72166f33a9035c6f67d179e2;378;Life insurance;84
1acea26bb1148c0bf2659452176747ce56baa184a885283139028067cf59cd5c;8662;Investment products;75
21cc3c34700cd89fae85943a5df6c3cd81e73799f4df9347804e5f73ed2b01c8;176;Personal area;21
7ee30e5f123d13acfba64e44cebf8e0790ce21963426328b95d9112577fa905b;3036;Mortgage;178
159534da98d421b55df03a2d2d44000b36fa9a219a0fe55e30e41bf746f8081b;8261;Credit card;136
93b88a5b1ad33a21f9d04913ce7d160c3acffa66f90accbde41219bde58b76e7;743;Life insurance;139
61e48008cc9ac61154d1c70e2e6948d58d087fb3c97bdd2f5689ca97d396a9d5;5389;Deposit;31
240c9c0741deb8008b844f9cecf070e12e0fb3bf0b386ced26ef3cac1cd63f3b;4061;Mortgage;111
f0971c224d5ddfb29320da87961ad98cf72419257f11dba3e4c65d55bec9a813;6099;Consumer loan;138
cf50ea10c2b6aa8c5031b055f994a96e43e9d08352aa925cafdad21ebb98668c;5264;Investment products;187
0dcdbaf5b5e84782880ae76e4374506a4cef5c4fd38404160340bd5dd9c3c4cf;2524;Life insurance;46
2f08d9ba3d2cd26123417160fe6d59ae9d629ff0bcf1cddcc0dd64c4a05f2df9;6694;Investment products;104
b136196fbebd12f452e6efa8ab37b528274e02d45caa3a3fd1341867f4c1b154;4112;Consumer loan;47
94c3c0c04802ada5223653917711bf38756085acbcc51e04c2f00bd52a253dd0;3124;Consumer loan;109
d0138daa25a05e32f0950885e99277b2838c78d859c9a5de3cae8cffca4e24fb;1168;Credit card;109
8691bf02151fdd7de5513863dac771670ec695ad61346c3c47023cd5e98d85e9;3076;Life insurance;155
42748885c2e5fb3240a2c92bb3b5a41adb25f514cc144ffd5237ed8362d44911;5518;Mortgage;126
8907d635470bbef75c8582b68ba80800139567b4d81d5e187ac1bed34fd3fb30;7118;Personal area;191
9ad5038e3e5f5c402debbaa6f2873c51ed4696b6e511d6c8462eeefe2c351c86;4737;Credit card;65
0067194dd0315810ba623acb22e6c8445ce9ab42620854f19d621de8c96bcbff;609;Deposit;66
3514b89de187f6bf5241ec5d642056cc5ed7c0a1849db51c577308c07056bf4a;1980;Deposit;92
75b7514e48b16d6ce019bda333ac099318cdc27b4d9d8ec6d318e1412e8bebe1;5290;Investment products;15
709ca143b00bbb8ae49f3193c2488034e2f097b316b8b77aabae86cdb083c9b4;3983;Consumer loan;46
02b94fdfb3859cce818129a651af1dfaf6f7ac8c366c0dc4399c981ad7567962;2563;Mortgage;22
5f877899acef9c07a19d27168f0e1f960174934c6895e8ab1777778fc7b875e1;2235;Deposit;91
3d5a8bb2b437bd1a79db5d8be3e39773668694cc1b5140289b00da0aae217f55;8934;Credit card;43
9743a3d4a3050f78219ba85e05a888588145261fa60e6bf425b16eb3cbfe0325;8103;Consumer loan;94
91234bc02ac7c65a000ec17e36de4a047766a4643a041a8c79567942b90b962f;1876;Credit card;192
576adabbf56c55ef86b0129681d65eef01a319a8456d4970743e2d1ee57e7d30;7225;Investment products;47
a24c3e38ee4d67483132f7cfe9f85a0da5e52230a4f902043ff8d1f1c9894dd4;2192;Investment products;88
82238286fa291649b4bd4f072dc188b9fd24f861d6980036478c480124d43f1a;7540;Investment products;182
d21c69a4574b97739a8816940ac2b3af5a3fc63ee076df91afb8db2512296ea9;5049;Deposit;186
8c238cd5a35379442a5c9cfe1ae91aa5528c2e9aacacf527847fea3e8ae201f8;7385;Consumer loan;170
17e4dcbf4bb675ca338ce75d7af9509393a5ba589995550dcc2e42efef14a26d;3543;Credit card;34
abc7548802115ab68cc513c1204d89fc35942e5b9319e2fd3b3af55d8044c6d7;6136;Life insurance;122
78eaca52a484b889973e2b2db0ffdd53450c1bc8822bcfb299a7d21f95f5140c;9999;Personal area;8
c8f8d741191d0622b20cae92aae60c83444a418d87df7d5a2e81533b73e2c46f;676;Deposit;107
0b8fc03fb71efa41b16fb18031b696d99cbfe32ffb7c446a41133ca42d2fa66d;6656;Life insurance;56
1498973c271f6016836356b9e915e80a4e013a1571bef76374f7c00fc59335b9;3602;Life insurance;96
d4d9ccecaff2a5f83b89218a38574a91f1574efed3364a2c84a919a02c046932;210;Deposit;193
f9b507e43f3889750068c876beba74a2cc9ebfb3cb0e80851950d983aaaa8b95;1303;Credit card;157
6f0d7229d75649e8320c0f45b6ccb22f9a34deceaf87562b0f548179a21c76b0;3644;Investment products;111
6791d8a28675c548977c931e10cb4720b4cc8488cec125f7d992678157860b09;330;Life insurance;8
2141880a0fe42f3c90c040f480b2b32a698303dd99d9c3977c35d4cc1a741e5a;845;Mortgage;28
7c17f19c9ae5ba6a67c4189482f89e0c422fe9293a5780da18c1504064789841;2052;Personal area;78
4ec53405e9cde6cc1f1043dc80d161ca4ed8d1a8eb98fe6ec8e3c13c1f64bf45;9051;Credit card;60
d81b81e175899380814b64e86390c9b615490b0746adfbe6630adbf91f2e6b42;9528;Personal area;45
16c7f71a556c4f1daa58ad9b676244466ab5fce15df290917dc8a09506cfeb68;8794;Deposit;54
b63c69ec33ed52df7075fd84a3c8a6ad68b77887396c1bb859c4490dd3252da3;9775;Life insurance;127
b51c871581f40828ce2efbb33cdc3b8f27155d4dd7ad76dfb9b6e98f2be8ad16;9104;Consumer loan;133
e94a028d22ef4ac3425f1b48c0cca40b06a4c7ef3101844149176f6f317606b9;7457;Life insurance;129
d2c6af7764ae5807aa4c99d24e48e6ffdac672d6546a2446a8cd79d49a757e95;6961;Deposit;77
77e86ab704e92ff38aada7127a13923ef96cdfcc92cdb275a3f33a1a22692c9b;4106;Credit card;44
4bc6e613a797425c08c946dcfa9f3764dc3677737877e2cdd511958e36190c93;6199;Life insurance;148
77559387a48625af6e7aacf74388bb4b8d0e4f11f0938fe0ee44c45f29d0cad3;4612;Deposit;50
402120b8536cc608d4ba68030642bce3b854dedea090b00b9babd156907ee8d2;6796;Mortgage;45
13a7fa9a74de9f22a51157a4928b0e74c6005a9d4fa585406d6753a2d93b8972;6316;Life insurance;155
45814b72333dc1e8251bebdfcb29ee17c949879804377b1c9930868f5cd75218;2709;Personal area;7
a6627496597e5e2ee8f6cb79415da8e2007d66d28a597b42d7ba8e54e5b9cfcb;7236;Mortgage;88
64cc5914e2eca2254598edc618242f239f5ccf0e9001ca115a365576f5a8fb67;8491;Investment products;194
d96f0d07f65489a1d773b8a188da897a03c207e04942fc495adea6f803775751;7722;Investment products;37
c53f0a44df9a9642158c552350fadac8c28053a993f098b4371538d166258e02;6109;Credit card;168
21e85660912d573e60cc25c8712e7b3abe57d05e46f9bf46dca2e92053e6e168;338;Personal area;37
009b6172e9f1fd1f826d080f79af0ec915bee148046b5bb64a8313b00a7430c2;375;Mortgage;21
e4a0fc01bf4c5ecc8442c373f143b4454dd0d3765e4574d08dc213cfd92ac17e;4047;Consumer loan;51
62c6ad5c437f8302aa52d7684891f755edf227a1d62f77764db9380a732fa450;3681;Deposit;156
828fa603363717369a91dacc4637b1d4982adbe05b91602a5915ca22c802f3ab;1165;Credit card;30
b43ce514410c506c605f4a67914c391ada74a3a6691f15fa4a10ec6daf3827eb;7851;Investment products;158
12551dc43e51b5b3733859d74d46151dbf47ce029da19431305c654d79b4797b;2134;Life insurance;161
57550326147fedaca803eb7fac736915b5b6da6998b66fe7886b220023137f38;8259;Life insurance;170
edaeb8a40c32c9f15877a0b840c4b3ca48d46ec7b4134793e0190c0cbd328a79;1972;Investment products;90
a4d2a033ea712533c0dbe69abd1ecd98028636db07948e49e46d3cdcb82c6ce1;4857;Consumer loan;174
0cca327116b71d4b3408abe688299e88e342cec2446dfdc435f594fbb7c4dd69;6071;Consumer loan;45
6dd8da4ae0398dc62345d43d1333c3a9d4fdeee0365c525c60cdf14deaee4cf1;4742;Personal area;37
79b16fab75ee10cc461f68c76191668a4c0d04aad3384f4102d0302835d045b8;5580;Deposit;105
e1b57d2957ea21d659491143736647b08b420a5ac86fc302a5fa74bfba112766;5094;Investment products;141
f408ae0c6bc8fd18545785e0787592752a5c2065bf3c923e17c3e269ac4ae73c;2344;Deposit;122
9ee8e5a2d96607943e26bd5f07b9e380e52e4669d80726dd344bc76da1b58029;851;Personal area;189
a1ca2e3fcb01591c88af50c5cd7d1bbda76847fb0fb0ae00ce8070364a20267a;6617;Life insurance;107
c9316b6dc46aa1c5f3493f4c2133cfb098a82a9efae101feeba3162580ea3282;4554;Credit card;147
c17d9184f48346b076a569b690f4ae0675394f2d550525806f82b0e0200327ec;9307;Life insurance;49
916439c8e7a6b620e182c4c57783bb976ebe91f55067ae1340e4bc15fd73df7c;8557;Deposit;149
49ef80218cd75495efdb9d96effe9993303fcb479359234564b2cf5c21330249;7722;Mortgage;192
13fc5be4fdd002edf294795bacf05c73f486010ffb7802e734f8e3eca734f818;4187;Investment products;160
705cc3ceb4026c556df06be23bfae4415f2e5d7f511c00d6d09266ffcfc78772;1187;Deposit;104
379596ed96d5393305ff8e441bc8a983eb45ecbbac8e6650622c26c324368dce;5647;Investment products;61
fb7958b17fa15c98dbe5613e1918d0c2615a60b90ac380b5aa7dc26931562648;401;Deposit;30
82168c20bcf0f952433caebc3d97d5a36c3c1e16d9079793f68e2cd083ea8c37;4443;Investment products;59
5868b94c8edc1a7a8dcf699bc2e214faa97a1d56ea47d89d4a1150ad6a0b1074;7767;Investment products;131
2f6b0b368661749c499c048a0da93cc9507bc50484cca1122684760568f6b301;8761;Deposit;82
dff5f6be84a2d74dafb3fcdc04660aa85749ed3ce1ea2ea5614b386a5e5b2b69;6849;Personal area;64
0a6fab03fa47b9cbb9c4030965a376c36a59215ec4b4925cd41125e3d74fd986;8058;Investment products;101
09a680ea3c2ab2097370e61351ab66cf0dd4a1f7c28b5752ebe5c84223cb60f6;2029;Consumer loan;143
100fc79623e1d31151159588514245de84b77355c82dac1a524c640f3dcf2073;3577;Life insurance;137
e8663422579b83ed906ea86fcf626fc4190c3f4647c3b6dfbc1cdcde10c7e4b4;7805;Investment products;4
f7379232956815b9c5bb598ca8b6598fa16fb115e8d8adffe1e5e7fecc619d0b;8636;Personal area;55
5831ad045549ba13f7d89dd514500ce63ae6dc25fec68b2377f878e4c59a3994;3337;Deposit;152
ab6486a56597042ee962c133e3f04a94023d30b841e3df617afb060ed216533f;6377;Investment products;16
f9ecabb4096df3fe932eeb5ffaa1230d4305a7f429029d71ab6d1dce4318cd55;877;Credit card;47
5ea3abadce3cd332ab1a8d9a9627e02f0c53e9fe0e594de9c9cd87c8a42cd463;9388;Life insurance;28
d363e95811cf69bc24125dbf90cf3df783868a3e36a2875ae62ed14ff6c051f7;5477;Credit card;172
7bfa6e8def4e56157ff2b06b55bf1fe101aee968866b9e02168c0e7ddf32f8c9;1277;Personal area;50
5ce05d6585c53e78745d95122132b968259aafdfc17dc3db0269d04c1861cdf8;8102;Mortgage;164
36db339d8335b6f46acc7c199d1011071731973decb2ad6f0e8f1eeb2b729a01;9784;Personal area;41
f8b0c058c83f695fca10a64ee7c08952c5963f46508720b2aa78f633319efd5d;4617;Life insurance;50
92dbde75216deff2ef14474c201b268e026e33bedc41a79a930aa103ac10d76d;9636;Mortgage;183
3ea265451f9ee89cde474648f526fea12ae3624fbea5eb94f5b68d0213dd4f86;1144;Investment products;24
2ee1a79b4743689c911327c00cba2402e0a2096af856e914cc0f26e51fa73809;8079;Personal area;131
f731ba7d80660cd6e827b4d2ca98bf968925ed9ad434ad73ccbd2d52ddd4005a;5376;Mortgage;24
577e4630f0ebaaff0327b60e655050ac35bb5914a4ffba3dc6504f69af356ba2;6905;Life insurance;57
eb030a4769517aaaad37b51da4ffe9ce0fa2c22df912c4d42ce980e655dfef52;8477;Life insurance;33
b85bb1b1cada3dbfde9ab3b99b684787117c2709cbc72c7b5ed862bc703f0d12;510;Credit card;35
a1eb74645c46fc3d35e75922a71ca4e89799e9193ffa024a439748faa9eeae18;1285;Life insurance;146
358d56eb84f579712f50d24ba135a6ebe7fe61f9805d5b691c3c47352d6439f9;832;Credit card;65
b3ae582f0fb77bfe41024bdc4dc64300ac589222b5136339961643cdce35356c;3674;Life insurance;199
5c933d851724a947a3c4f6e2cb175837b5bfe25b8ed7342995ee1b0116983624;1109;Mortgage;84
98c50016337620ad7a3a302a95b3cc94ae577b6aca9885fdb5cd62b3c4c12c57;2387;Consumer loan;106
12adbc1bdb07935496467532489e94faa49b6aaf33ac7fa3fceb74c5a2699eb9;1062;Credit card;31
26b43b544e534628142a0b071f3d941c09bcf5813add237366530142b1be4741;3274;Personal area;121
0a3f12c70f4dfbafb6f6ee687583f7158d54b5d14aa0b0695dd42a76663237a2;2898;Consumer loan;10
46e8d986413fb75f3f8dbdcfe452629205c3a97c44a2e37e3f4d41dd96a749a5;8945;Personal area;76
9d636ba7295f8fc4d14a350a20a4ba7f1709f05c4725c5216b62c54ff4dfaef5;7778;Deposit;200
814d2b53958b4f8d1c25eeacd2543597cdc98ccac07f180d7ed1784b34964896;9956;Credit card;11
3e9c246101340a6eea98b2f7c3970d8eac4e91508b669038783d7b7d52d00d1d;9948;Credit card;149
9f911c5621d9c2cad5cb49eb92308f70052e61c48ac799678c78326f55bc4bc3;6701;Credit card;139
e05ba6cc173c35e5eb1cc7811ed70b457d0ad43b299c28cd753a37424ebba272;7134;Consumer loan;143
45649230f89b9ef73935fd42edff69e0e32ae5eac1b4f60fb981307b362b6365;2219;Personal area;49
a0852520bbafc017572a55fb472b4f46edb459794f8a8720e531010d5e07e193;8588;Consumer loan;132
d378a0e646ef27cc16b0270e4e87dd7892b2ca36ea2d198fecb499e5d6470791;6781;Mortgage;16
51b603b5fd9b9b890411eafc7acac73e597f53b4be34b6d361c001a36cdc9f8a;4328;Consumer loan;11
100dc23ed6a405f50c48669b7a6f87d101f98cfd0e88105d2ffadac0ef6e8b55;3805;Deposit;162
53ffb08a108ba7f277677efd81c1966838a6c2823ce3e52fb76ac4f8198adf5e;1303;Personal area;131
fc21671df5b8cef626cf3540f8d403d70a512067556171e2972f2e5186321b2d;5875;Investment products;26
34ddd470642ebfc0dd2316f235220f20c2e6f2fc667a82172c79459168c5ae87;808;Deposit;159
1878750269e3a61f3471d906fafae99796acc157420f0de9fdd5ede3541ddb64;4440;Personal area;135
1b47d32bce83ae03c441eed508bf6c7e748f680d9abf1854fe722e5b79d2ae48;843;Life insurance;101
c348fc247fcb8b7aa42b9201de51d200b3ba83812a5874bf5ba39ec8866e4a28;2485;Life insurance;20
248548287cc2b4c48b083010cae679f12584006cbc3e031fa8b4c967d8702413;2216;Investment products;199
f2a739e532be5c3ce61e0f39bb221abc0e28c972070039d380518cb3e8f50ed9;8228;Credit card;6
3cc4fa15ea310b666117cd220ce0a1fe5877e7b121264308b16c3c52c683f582;9280;Deposit;105
68bd476015b02709ae6bf0e42f736e50f5df113d64154902b77e16e95363f375;7975;Life insurance;3
871195c104aff98430df94badb66be386deaa5e4be4f9955c441cdb28c454977;5557;Personal area;6
c9a9b225f20dd245c637d4873f633365ea05025e9de7c43810e1201072163d45;6598;Life insurance;110
73b80e61361cdf0c2385d54297ace0da4e7891673f71a144d47acafaa47bb64d;328;Credit card;104
cbaf11eb649dedf68931a9f5afa533999e37589f9aae3276a7c01f1994ae792c;5399;Life insurance;32
a80e1fc92c463fa7f2231def75dfdc9a1c7d700f9680eb9af5913cbaf012c045;9322;Deposit;114
f3a834ce5171e7c92224562eaeb070180bf6f9cbdb19fac26ff86dc83d047262;7350;Credit card;22
852f6e05b1b63ddfff6c560f404d8db87532bcfe4581e8b9d3459b2bf379cc12;8503;Mortgage;89
e3b510c01eb8c1b538de66d56bab833da4167de6c0ddef78ad76234a6dbc9c53;6277;Consumer loan;43
c2ec8a7a6a378070b9c3cc5d06767e15c8fb70a54439c456b2935a5a6307172c;1630;Life insurance;86
806e055a0d9f55ef623685746d29ccd2e0552d47668a265ddd05e2ee33bc45df;9247;Deposit;189
c520d9b9473ab754f203a447f8cf40531fd59ac1493bf784835be1baf2d7bc29;5504;Deposit;196
21b484b45670b381f6e22c06b4ad44f508f11526669e056743f6cf309abb1737;4592;Life insurance;6
e7860c1fafbfaf1a9c8a6d998c19c23d79bc3acdf1b4033be0ff9271d2940188;5757;Investment products;116
d7ddac1f068958b13278f713b1597177bd1bc968cb522b30fa6fbf96b6ba0752;8527;Personal area;26
6327bf6e36b66e7a4027a834e6f0ff3ea27ac1c777700c8a57713bcc9d770a4c;4880;Investment products;87
38c39ec91ff4130930b5ee0e5db0291eb844238eecf9b2b179db7e04484d06f3;2210;Deposit;78
e52caceb3ae1532816c1d8f66dd32a80b356fb7caf5dbef0bbe1df21e93b50c9;9098;Personal area;21
a51168a084ef386641566d703f09a3a0e119a8161525bc531b3969501a98ce3e;4596;Investment products;15
278a1b3267024a162da390ec809ebbc6a666d15293df8cd7b8a31d16e2b35bf3;2753;Credit card;178
3b1efd114178fe23cbdbd2249b130c33ae633168487da768fa06f14a0401954d;2030;Consumer loan;61
72e791b735cebf774feadb3196af30c531e2c4a2411b3b0202e218d3eea52459;6042;Consumer loan;199
afb58195b6c67ee1e3b6f86884a4242fff21024d4c63fee8b62f200d9c14a065;7581;Deposit;134
96f54a2db1f043296ab93c71283fd834ce1c6ed82705b1660a2e2cd0e2281584;2679;Credit card;111
154d3ee9d98cf8d300891b86724dfc62855a68f65a27f49dda7be4a59d569327;2250;Investment products;63
a5be102c447771b6a2f6a2bfa8c5eb77547d86629a332242d44f440322ec39fe;5623;Life insurance;33
645be419aef92bcc1f0bf5eb882e14d49633994ac8d19bfb9e92767eb79522da;8922;Personal area;105
dc8a8494aae41c436b922298966aaecbeb3921f43192f3f4c4d4306d53b21d29;2178;Life insurance;105
fcdf997981904593816477621f46754f697d5c2b8331121f82dfc2c025ef6a69;1798;Deposit;73
1173434d9283290f8c15f692dd2984de9f432523becd05acf1238f817cb03753;4213;Consumer loan;165
6540ccd4e83e89e9e8227b64078f0e8b995945c1c3a3735c583ba66c460d381b;665;Mortgage;62
26530d6cda51d7ea2f082f1a8d9c1fb297dfb00951746170b8187f38bda06ddc;9457;Mortgage;89
316185d6206050438c6291eecc24feb970f893ad087c4818792ef0ec3b039ef7;1259;Consumer loan;47
557784e5434638e32272d8ae08445d2266df419df11d0d7c1ed93b18daeafb02;4519;Consumer loan;26
96ae8ca466113092b71c46a6b97cba68ce26d7e728de3aa38fc78170ccdb46c5;2721;Personal area;42
7c1812d69ed58a29326155f019e48b884f1e85b2739fb9717a758bf31d2d33b5;7585;Mortgage;137
7f440d8f4d5acbd5f5fd05a2e702031a8d40320fd09d41ebbee771f71beb02cd;232;Life insurance;124
45577b2dbf997153c376ac69c8eb9469552bf4dc0643f1e8cba57c1cfbcc5577;5818;Investment products;17
4b8923c65a459399e1f0e707b837cce65e3fdb4dec59ac633c9120be08335bee;5103;Life insurance;118
8dd5a1f40c4a4333f1a04ec973f63415a43ffd76c3d038a9e04edc3a55d095b4;569;Deposit;193
2955ac32e7fdf1881b81708da832d3e6f9693418b04aad948066318478b93705;415;Consumer loan;88
5eabdd53a6d1510ea478a67c314c917b318098672d281b75d1a69a48dbc4a8f9;4652;Deposit;153
866d5d47ccbba39dd6d5eee312574d544bfff817c98dec38f177c02b5db0c4dc;1394;Personal area;166
5aaabb7aed9fe15e918d8f2096c34e7bc14130c87376f83a7638964106c7d81d;344;Mortgage;62
7c5f8e479b7f334809b6a78ef752d5358e321aaffc492bb634d5aa7b5bb836f1;2462;Life insurance;12
b7cc10ff8e75569ade8f1839e75c108afb690864ec3ac26885e18a79db08f663;4734;Investment products;86
01c8220f5e6c94c155f7180308bf886851992ce3f8666443e77c407c14f129bf;9826;Mortgage;188
c0040f137f57d3f7a10af0a9b3d3b16c65ed94f56126b2e56c14aba5d17768a2;4438;Investment products;175
f2a3d1ba351be392d9277577bed8c19b71b6dfac9e0a312c1fa9a36616f611fe;4105;Life insurance;172
0577745be25db35a0f0281054a8dd59cf3a48da85f8e0bd16df4260d25e7e754;6531;Personal area;157
c59daa2ad570723641962f8fb03201ac1da04961c99b7b7e82277ff3298beb3e;9082;Life insurance;5
9f030450687d81502fd68d7475b446f55f5c56c14a030f5cd6a8609bc0c887d7;1846;Deposit;21
f1effc8313b8e6a538afb7734caf0a437ff2aa3242b49922eb2eac2bfffd8b82;1421;Investment products;39
f2a0b10cb41d4626073cde7aa036553fe45c1c84f8337b95f39cd1515bdaf8a4;1040;Investment products;180
8d55c4186ae22fb0604f6775c65200a14ab6e75f7bb80b1b1ea635928270b048;3647;Mortgage;144
c72b409faca4af8beb12f27a98d9ff73753b4f55591423a40f51665544cb2af9;9502;Consumer loan;81
cb49bddb5a0760eb86ec80ee78537d17dedbe4c6a5713ae732029b8e7cd85000;6532;Investment products;30
6bd914ed6e1385713d762f70fbff66f2e54f3d77e8f6065533d02708fe773963;3107;Life insurance;80
40195a547d8a8a2b36fa7c89b12bad5146628df2b3781a3d0a06c2aaa48a8008;931;Deposit;147
81eb9504a1a31097b1720739ee4a96edf63466f8adc835002ce7b0c2f3df1d46;3847;Mortgage;132
5087f107117fd60b088a4fca8959a456c5a2d5e9429938aa72f50e6679451cb0;3588;Deposit;176
1e3365ea17731c5f047245b6cc0350499a68a91e16e71779c966ab8023d07c78;2781;Life insurance;142
ab217fb7624841d7abe67c7950982b576dc57d8a330b4d34dd8248f0ca1a75c6;8178;Life insurance;102
e77f416a47497b7dc9bcb8b3ad130149bb5e2a06494dea194939d4e786cd5608;81;Credit card;3
52c5f0a20a50271016e28864491bf89f0576fa55b9cf65fcf9dc1844aa319e2a;2692;Personal area;46
977900a287a628547729f98b69d566d0971217733aa8288d307224a11c83ef50;7642;Deposit;172
9b0a796af3f6eefbe968fd89e44469803c6a620d1ef32297ba2cec439a80186d;3444;Life insurance;54
10b0ab7dd1af180b1bc93434764e98744b91134edb7af947b922ab29cdce839d;5101;Mortgage;155
cf2328016f283f8fc82bb931af13c49b4a97e500e74540c5935e632beb647428;6728;Deposit;188
6229e5c820e61d3568d9a64c23690a0238dfb8020e30c234260ad64760bf6471;1272;Investment products;87
1106791661e20eafdcbf6d0d6f8c58c998958b9dc78140aba77e1a5aaa515243;3532;Deposit;6
0384133522f2cbb28f6b1b95d357b3f2b1fbb89b36815e8fee6c7ec85cbb775b;7262;Consumer loan;184
b7fccba30351c0955a2c8358c494363658511ce77519e8bf31167f7ef796b212;7376;Life insurance;37
bff4638313531362d71064b1b7455dc46e2c3e503035c8cb8f2fb78b32442143;5953;Mortgage;3
54f4dc2e33f84b987f83288f95081ed6f901e8e8185bbbe3009d4b8bc0855e30;6768;Life insurance;3
952a3e7050e3fef1c5a7538fb88526967ad8a8f4dce03cb9cf352c076cc9d937;1354;Consumer loan;172
0cc3c8597a7903fb87cb7ea5dbfd579a3d988536c9c2c32da9ee2e6ed72ce473;6890;Deposit;65
9568c18f5ba14f30011b2b8d904271cf8f5f3bc7d41636dd47695011ffa3a4da;89;Personal area;89
216b26bbddef09e234c7ed4a1a355112748e4604978059b5c173b3caeaef82e2;7687;Deposit;3
d5a2c90771b882fdc4d822405bb0a679c45dbefd49c1b1afa75480d7ddac8eab;8665;Deposit;29
b65fc53b8fb4ae98d59bd3a504ebd342865280d05d8ed12bc95f5fddf495e1bf;2411;Deposit;199
cb9b7ac93998a329b0e4435655ad7412a33b0d243f24a73ba2761d642cbc6384;1150;Mortgage;136
ab3f37da2d3abfd162effa9788a5c10322ba748a886d84b9801c6e2f8d98187d;800;Credit card;84
d4b44b2360f3b22c6e7187b7367fab48139f091fe904779a763961422337f3d3;1710;Mortgage;66
41f08cbb23b77c9a0ae6159aa565b3971d8297732eb5a05c22f97fecc552955a;3408;Mortgage;127
b4e59b694a011bcf1d0f4f549e1ee832bd28a98c40bf3b416793429c7bc7ace1;2730;Deposit;200
1a0126265bab1f21ed55372665ac60e6654470aed60431bb92937fe8d7b217f7;477;Mortgage;150
69b7e334afcbd0f8ae245e4c255122d11d1cfb921619be59cf94e22d8b02a053;6450;Mortgage;132
0aee84aba0589e576103a57db720d7e05c9cbb555b828f2f4734f5fe1185291b;1722;Consumer loan;189
40e99b518953b97e3dbcf7113ce8171bd3120715e514bd0e585a988e569b0cfc;2335;Investment products;194
4dd700ed53b0c7333f462b0b9b6693deb2d2b3cb2161aa3af2623c9c6baef8d5;8570;Life insurance;101
175d98703743fbb53e0561dd316926d947f8457a6a49db03cde6cca51c962d77;7930;Investment products;53
78c0fdbf33639d9f8f178a629df13d9c414f37d48167270ffad4bc9856065b08;6459;Deposit;192
c6d10f75fe5ac76cb51fbf9abf8b3fe00eee77f3946366b3f87dbfee2e7dbd63;2338;Life insurance;106
0f3669926e7d676ee788f4f36855a88a45b4df88c452a3a5d0ac047fe00c7274;3974;Credit card;19
1304e86b77cd58b1595a6916e2cb6948760746bdaa40de8d7ad1b351be1515dd;3895;Life insurance;199
69272ad21ea6860ddce630ee7ccf6c0a78cc9c92917d21d590b0f1c52d304f8d;6752;Deposit;51
7aed900a9ed1c9cd08998a678215077aa7259b990c5b88139eb9ea14c49014ec;9934;Credit card;82
875ccf1fc3da51ed4822bc9baf5b80d79254bb3bfd1b681119d4281c46307051;3229;Personal area;100
9ac0ebcdbc1ae6bf841f10e1bb7ac9ce24daf4a9e668abefd58436a7f27e405d;3320;Consumer loan;21
4b7b5f23cec69106a44d1dd6166034efe424bda465a01de2a3373fd0bf54117f;6101;Credit card;10
892f90a0b86cfac740311e178093b1de1eb0ddd6a3cd5a37485ff794bdab2295;4973;Consumer loan;70
5d46ec3aecde2ecd2b274155e0c06f814f1761cd013cedea90ae79f91ac88a6b;4293;Credit card;82
1ccf5b2e4a07f1ff985649991918fbecd9545d700ead62cc22e053ee9b48231f;1193;Deposit;9
92e65ae834b59b1c930a1bc2a1776d5449dea2aa0b7164437f2bae0991f15f38;2589;Personal area;197
9b536a18280a02125eca452aacbd755264780ece62014825b607b89dd03ec225;7068;Mortgage;73
a4e4a61dface8463bb48c751a839aaf5a223eb4ec529d368b8bbb5192890fcd5;7866;Investment products;95
d7376bc933de26eee56ad81c298234f3b88ccfa79e964e476ff93b7fe65ea144;3989;Deposit;106
1824939d3a3993678ae26fee1033d095411de5897a52d4241511050df6c5584e;5156;Deposit;179
3208f069e26640ce52c287bef53166efaa4549d1eb9b867109526991b8cf1dc6;1569;Mortgage;61
797e43997fc11ff18339beb609774cfa3a761ed28716de4bae04c2fdfd36fa9c;7349;Life insurance;123
dea5882fdee22bc1d1f370a58544107c66ac7aa947a7f694b51a2f4731a5f4d5;7739;Personal area;30
660a5e5892244af1e570177a860f97d4466b34bbd8a41fa01ff19745295e1061;1019;Consumer loan;50
52b7a006592d847b09624be45b95fe030292eae21128091cd899912d9d9e4f3c;114;Consumer loan;24
8b0f5eabd082c8a4eaebd3c2007804e1ddffe619a1328a0ce9aa0b3b6c86c553;7794;Consumer loan;56
119afbd807858c5da9815cfec6a16355de8ffe5fe80c8c6696e46468c188500c;7098;Consumer loan;190
f30e9feb3d5c427650b43f421c2b9edbbd699f400d8d965940ba08ef2938d38c;1986;Deposit;125
dd08f269e9fc8bcf363dfe01273c6dd6830ac93c448cf6814aecdd46f40464bf;1360;Life insurance;58
f98d93e490524d29f54a393bb39bb9f712f4e3c7f200235e6a39faea6cd01f13;9003;Investment products;96
9840d67eb13f2613dd63835b64adabcb0fed26957c3699819db6ddb2b01f6ba3;802;Credit card;125
40630e027ec3422b5febab9d028d186cd9b5f20834d124dcf689843c0d7cceeb;4891;Mortgage;10
b85d55759b5fc1f13a20ed72d89ff16097431312207e03c6b80e3197eebad919;7389;Consumer loan;31
4961cdaccb6620ee55281bc1872984b714486b799f08d90f271b29cf964ec1c1;5030;Life insurance;61
a4bacc0fae49d8fe396bf474334d999822adc1d98e507360df2e162137b73ed0;9339;Deposit;1
ac7e1cab5131995608fbeb710a8f7a8f949866cf61eb4edb2762a6ca21810dcd;8882;Life insurance;98
a409471f7f846a2a496feeb724b9c3c435bc7563620badc71ebc9deb4ea9f3f7;6646;Investment products;183
dee1b263fc9ea2b29bcf1a1191d89058324ec85bb1681d6f5542f76d7a3dfd5f;926;Life insurance;177
084cbae87fb26f736c27d0ef8dfc2ce5975eca2e9f06229d4cae7203c104d197;5643;Consumer loan;36
7c5451bfcb25f4171ee76529f4db6e94b09be3ec9f245cb3edf9a1ef95e43fee;9037;Consumer loan;3
0d026dee9eda304311ac65fbf81cec7e0a0e6ce0e11464f0554e8850de4afc96;4164;Investment products;163
90101b2befa67b84aea38c0f830d28cdd977c3e775f6844d9ef55a542519ab07;5477;Consumer loan;184
be80b24c4ce9bd2a9b7a68e53a138614ad99487140073f6433b40e028f7184d6;166;Personal area;144
8ac612d451435f12d22db986c651fbc701503b617251ca8be9ef69e81662ea95;9412;Mortgage;98
bf8c275eb3d081267d98d25ac5a7344ea6a787e5070ec628a6f31528ae0bed8a;8244;Consumer loan;53
990d2f8c49e68e9181fe7222dcb2d2cb439e4c933e1a2bde1f8afe9438b06953;3955;Credit card;83
4fab441f31612cdb6284cb89f95d648a7b473202d6a010122b3b460304cd15ac;1116;Personal area;40
b155cbef7a2c799bba62de5688fb6d2c2f7217c71e4bcdf9717aa8302aa6ede8;8035;Life insurance;171
348ea23ec50b9e971f069671f07f1f65e8ef388f128418b08084376958aa7431;1315;Personal area;26
206475008b818b03eb1d897350c9c2ed36664fe844a5fa4d2bfd7cd4d4e7ecd9;9451;Consumer loan;183
4af1112a78ec0c46f6f256eded1e86e0e767ad6bc8f5d67d115b8a5934d45cce;9382;Deposit;131
d6a9c36a10388dee3e58c95bda1e59d5d7517f28e189dd39c4f4e15e6c7debc0;7361;Deposit;4
4000a7ed2ce329b133e4b217e2adf176ba0e03200e3f772f1d1c3b9e2903e9f9;8977;Consumer loan;56
867249844a325bf4db2247d6b2c1260eaa8275175427ec2b86900198583bb397;3451;Mortgage;21
fcf7c5d920f38ea28cd34a124c6702ba4f26125cac98de14b1fb86d80309dcc4;1278;Investment products;29
f57a752b14ce7711737399085b5106c5cc19cb8b476cc3130ac92394250bf600;8176;Personal area;81
3bbac890f090a53f4ee8f3f54c68cc6b52fda59ccfcc2be6d8e6095d9c0d1018;9724;Life insurance;85
6d4540a8ef89a1a72b04578d666221011afbb35eeb8d6b5dbe2f0bd8cc5afb79;248;Personal area;167
500b96fe6ac9417131caa9104ad9943a4480d2e2fc1a628d417a5d4ee00e7b15;2864;Deposit;36
8d42bb69dc88ec89cf7c5a72d70f719896a852d6cf863734c968bae3f7f0b7c2;3771;Investment products;106
5d3d101034d129b2fd3419b5c03e787a901d0a5f787ef3322151d7d5a6125f11;6510;Deposit;160
b8c3c2df5aceb836d917067b2e9b3134b4ee5baade19c4495a63e0b501cc643e;9452;Consumer loan;123
4f0a3c7a177c3aa5d3aad4843b13567804620b1940d4a921ca2a636df9730442;9001;Life insurance;91
906430f0df509ca685ec02a3afa179aaffc8122f31e2f5685a9ea0145744ea13;3772;Life insurance;116
620f7fc53d93222beacedf0cab286f61c7878ec7831e54e05f7c48a3bd1bdf77;4642;Mortgage;95
ca5a2a6fccb52b1264a9b24f51b84c2bcb07d8347271bec5fb7143373bc0f1ad;1107;Life insurance;39
fcf98c6c9dbf2f6d215d71e93fa9e10f208899a24fd84367a55ac02815645a68;656;Credit card;112
1e278a266c1f5a24253a7d34aaaddef880b580200d4c62435d621a0f7dab3f13;2859;Life insurance;114
9f8cb9d482dbaafc73c762034e7d904a073afd00f3ec6b82a216c690ca60deec;4407;Investment products;79
cc8c43e06355f4eb61dbadcd10d1a90bebaa392882de34f228d8f63313b78038;6189;Life insurance;6
a7ba9c904703846d5f211914879b6b69286bf8502445c31a584bd3e2a45fb746;7805;Mortgage;107
d74671488319117e498c14ce5ced5e082562a9a3130ae05ff27f2562d507fe58;3865;Consumer loan;119
50956fb79d3df8135ba984f90563cdca29842655b63e1ad1b6bb7c57193926c2;514;Credit card;11
359482d3ec12c850f3e8d24b1656d0cdef79bca600a9cd66e8f5e02ad62c00e2;7131;Credit card;152
6bd2344bd5a5ab162f0097824b565a895398edb726011c1bc9211f84ca2e8e08;1717;Credit card;181
d59d500584b4412b89be94bb5ca73ef726b5c551b2ed7d975a0124edd96750f8;6997;Personal area;133
930dc44839657065008716e4cc8eb39b54e9088e4b0fa12d4876c0db6ed0b303;7536;Credit card;16
94fd557a0bbe92eaeb3ba93d9beec50bba883b9e26b11dd80ff13005b46230ec;528;Consumer loan;81
57efb069bdeab1310bcb30bbc85ce8dfa2316a57d748c485b579a28853866cd4;3638;Consumer loan;102
5e536afde839c35d9d53dba5795982eb3d26863feff84e83bcf67e8541327adf;2351;Personal area;162
38150253cb1a33effdc7cdc3e460287cb7b2478dc6b43f29af3433ac0112436c;2997;Investment products;67
3391b5e7ecb8174868387ce519c7da540fe71ef10bf267ef04f2fce7ed56d428;8154;Credit card;49
71924b678044f3b2718fbf15006c88517fb8911b4b008faebaf4c3c8e1ff63a4;4525;Life insurance;113
bc61adec6289b903d719e7b96ef20b6a9330fe9ed5656afeb2ff9ecd886019c0;4645;Investment products;133
b69bfa6d983ebb33161a0546805164c9276ff1d08b0bae008e29fcd09f00ccc6;3157;Mortgage;77
78b20b364c3b399eeae767bb3a4be391ca760df93c8baa80dfeec9aea3e0c87d;8308;Credit card;132
835bf3804a29663ed21704ab33d29d029d836cddaee6f680a14290b56e464a6d;5704;Mortgage;151
89d5cbe837bdfab5272d396a13ab4249999c5bd3e028a0d6381e026ab17ab77b;8017;Life insurance;193
cf814c27327bb4d26ad3ad4e39049f4115238681243b614f067d5636ab48be0f;3203;Life insurance;52
3d41769e711642e668a9a0c5ccc99c546741d1beafe6ffd8cd17377e92ab3e50;4736;Investment products;3
a713beac6b7e5860464431ad8eb1d93cca102321f658e90a8f12e0d3d5aa9666;2790;Personal area;60
e5160ba5059c9909f3094b4e29c06f65e37c43d29f6040915d07dc40a02bf194;3034;Credit card;162
f6e414e48edb8cc8e7522b191019adbb56b44ddd2fd6f7e1abc25d75d452aa82;9794;Consumer loan;189
be473442cb9dc5451db2a469f592ae396e5d55b67a519380df89dc1e381c38a1;5905;Life insurance;58
dbf51c1ac0b624aa5b7448a0669b83c9ad36db3fe2a3d0c5c966627eb3288d77;6774;Credit card;114
25d3e4355a03c3802d5031990b0a220428a9f6a80fcea4e795a0931d3535bf08;4523;Mortgage;87
db58f71e9756abf9af2ac5d8ce32d61799dc51c88ad887f567c584de53a110c8;8230;Mortgage;112
4f309ddf0425ce06cec9758a287dd416bf2ae43507aee3093fcc84c9d920ebee;5786;Life insurance;94
2ecc89005f904da7ab6d969ba4b9e077aec30a611104e9e2da1454e672379dd4;2288;Personal area;67
25a4dbdc9029c04bfc8527c1d0d2b2ba536c092b6936af4bba2a1495080659d3;8557;Credit card;66
012270acf6bb4f9c9f160bfa09bba332d1f19c9cb2db71d84fd1f49162b25606;700;Credit card;198
1c88c164b5747cedd5ab5075e2ff05058af77a69b987ddbe8882f9e2d0c5816f;5152;Personal area;84
bbbb8839543346b64440461fbb75c31de4b766eabdb32a2b16e12973248868e1;9773;Credit card;19
4c74bcf90dea34b7b7b9f1d056e0bbc37a620cf446225e1bab21daa6847224e5;2544;Investment products;117
c14edc4248bac36f280f04b667afc7c68f9b65af9064cf158f533f17013beae0;2053;Life insurance;126
993d9ef5581e93eccca308aea5853f4bcf404c388fa1479dc97fce0018c79fe3;6286;Investment products;141
e4a2d97cdf7e9ecd29b09a5d445ab584da11f21325cbaf0cdc3ca06a64a7aba8;4430;Deposit;105
004efd5c1e10c20ec9c35c7fa81c520cd3633ac36d6bd9c04cc92fe52ff0572f;5494;Personal area;177
d202fd5690eb0b24bd53d62577af48129f063a4482a9c131c943eae86211c328;3749;Consumer loan;181
fc81737e0173d99818cd96fde21ecb2ca5e5b8a6220c681fa6e34be26584e8de;6948;Investment products;80
e4e6dba3d911797efde59ab3fc07f2b7cd549f23932de7e0c0a87e675904d142;7788;Life insurance;133
463fbad750d2638eb030a207f283da91bd773a23ccb4f0b253e7733d7fbfcbc7;1467;Life insurance;87
e3ad86a2bdec25aaeaf3584b80a7c51ff6b750f06cac35b779fdb47edc1ab3ba;1372;Deposit;14
ce995c55ecd1f88e22b43f6b52bcd7cefa0800120b98bb8d359693fa64fa7fa8;9790;Deposit;88
620d25de5315069a7e5b2f3c4f71726d7cf6abfa01a5036b51fbf420fe484de8;6464;Personal area;150
09230f66f680b630c6238bcbdc505936f4a3ffbce3496040526fc2b449ec28c4;5625;Personal area;104
32fed1aaa8a0556e32b8ab5824bd8e11c27b2e9da9d6d967374f0acac6d33100;8441;Investment products;54
40b406cd70a99fc09077af43e49d9945737d57ae5504f4b88a15972c502bbe78;407;Life insurance;168
f8e5ceff5387717ad82f869ac9e203b4ed5c0d173e5956ab5e09ae926e580c10;184;Deposit;178
7c9b28e80349e0f78338cd80120a53954afaf663ed1c2b78c34362c9d77c30cb;5459;Consumer loan;77
5af4a0cc830e6992a55ab1f98c5cdc8a328cbbec23d7b1d4685eb7a9f7d77f33;90;Personal area;149
a6b46be1326ae6a1216008e707476f2a9b9fb804bd73bd5be8b287d95460d5a8;5682;Deposit;126
3b9f39eea7f30e81da00d795741695e641ef7b81efe567687251830ccf2b5c89;6229;Deposit;53
3cdae22b1bf2f0eab36a80cf87960db6236dce9bc4a39eb426ef5a234e4eac8c;2837;Deposit;85
ded3e44f75b37dea389ccccf1e5e35ce6d258d0bbeb7bce6ba27db923c314e25;6443;Deposit;92
6e32d248f34e802c83f817b138167e7ebbf17f255d139659a4f5c0d932915770;8530;Deposit;37
9182978a9bead08554cf437fed13b700cc14a87d07bb452fc1fa26d3fde4d6c4;4357;Life insurance;37
e0d1b9b2527569a442bcb42f41f72b12d6dcd4696446bfa2661d8d95f37a35d3;763;Investment products;121
d631ce8a1e50958f16c54a264187726160209b3036de80afd2bb7ed81227b0c5;2093;Life insurance;42
d093638a3ffe88b94a18920cf6d5121f5ddd18631bd8465072ebc671712addfc;3966;Consumer loan;160
a3aa2bd3fd3dad00de1828cd9caac9230352a3ca8a874168fdc1981d199c996b;2658;Personal area;176
ecc2256af176dad864f3b9c0a8137f807344ef18d261742bbeedf3838f5bc546;1431;Investment products;44
3381d6fdcd20dc421296050a25cb97630e4b7ebbfb76aae20c9b4f6fa1fc0b3e;464;Credit card;90
bfb759cf7849f64f4ba68d4152e2a25626335c5c116cf7ef9b1b70cc628eb500;7974;Investment products;31
301e03309310a30936686261aaa4ee63d0fa1a5e8a8e3c697d1b38df5860f22f;5452;Deposit;42
23848f3f1d3f7fbb2e051ae670f29a0e6c970c1353f60ee6401b06ef074a2d56;6647;Investment products;43
d80f8c11136021896cee14002c4b7c2c8320efd6f596be3174e2a937b11ce463;375;Mortgage;38
98952cd1faabd416f1442ec8edf6694556f264f546c880bb00bf0141505249d8;4557;Consumer loan;189
5eb3ff39e4804e8b2e57ce8e0fe72a57c7bee4b14049474e36b908d85ba27003;9378;Credit card;48
07eb15f53cb7e9b95f408ef1464becc7752f2cf71afe4c0a92d4c576414b2955;4901;Investment products;123
5538d996e317b9d4a77ba479a001e9fa0a0ed78d23172995b7578a5487e440b3;8826;Mortgage;139
3cfd7854dbe38b6ad27035a144a340388009d35b9aeaf8cad4e45dfaca08fca6;9021;Consumer loan;142
011ca680b451ac6089529db0c11cd9464b702f73fccb16e57d06fd0aee622b3c;4822;Deposit;95
792cd869fa633fdf2737c04a2bc281d0d338a5e73ea25cf15ac8676a5ed4bb79;7632;Credit card;180
e961fac6125854a85291b67b4e57b510015e73a34c1ad477f86ce72805246820;6247;Credit card;152
d323de7b932e80c56d193977b62838bbfe18c026c34a811378c0fd59a6829229;480;Investment products;95
2b9f4aca931b4140d3de310fa66797feb82a662e396f0567b8732e470917c302;8140;Investment products;122
babef5f8c9b9b65298aefcf2b211b98a26499cb535dd544771de9f52205044c0;4186;Consumer loan;88
0228d1401d527af4c5d91bbdc4832c21dc823202055034aecc18063899d9a588;2774;Personal area;174
c7a424054bbda9ada174375bf7332fa94006f3ff52fcb66e5c3dac07e06c3dee;128;Investment products;40
0ff4ed887c63291887a24e140f787304ea1852d4484305a2e81089550f4b856c;1894;Mortgage;187
203d64cde087e1297c92e8f17513ebc5e97b42c5d6a4412ca884826c67c6d8fc;7265;Life insurance;10
dac82ebce4f95f00680002622c7687ed6cea11bf47e2fc351005044ff09419bd;6739;Deposit;91
cf170ba6485a6762b56683c3ceb3757f3101a05fce1106b3e5d839f0ee0c9573;7609;Personal area;57
b4539be0b4b607eeb921203fdd570f69d6360e3e61b6e6c7f441e701510aad82;8557;Mortgage;190
8e2e3d4d9103cb287e3e3a2e45ff6bd56215bba0571baf9afef8cb9fe0d34cc1;5;Deposit;26
f676d5eea46471f1e891ee2e7a47d207ad0f9a0d77900b8dee913d15990f09bc;4050;Investment products;82
09f5b14d5e75adcb6ca19d5fb969562955b690fac10b49fa74a94a1245ad98fc;6044;Investment products;9
58348da96bc5069078f4de759eccf801c834c475f81a6c6a4e93cbce5b2c8354;6921;Investment products;127
51b3a60ff92ec7d26311efb0e4dc6dc96b54671402038535cd7d57e819e90c07;5802;Credit card;11
1aef092dfdb2e9049782fab89d2221f5808ddeef7f0701809ba06796b44c63a1;2263;Deposit;56
48f5aa05f90ae8106a4070483967f43fba8b1929c78ee13bd5503421d59c645d;6125;Life insurance;136
7a5896799958eb57b72b0a6a9c336ad96e88cfc8fd97988bac7b4f940ac80ddf;2659;Mortgage;54
132a9b6bff6496e9ce3d2b2fce174cc82fcd335c083bc9c66c06e50137ce21d5;4734;Life insurance;156
e133cda328cbc34200b682d7b86ac85e7ef8768bf81699870df95b6543b8751e;9668;Life insurance;187
0269e59c1b0aaa3f3da4291b6df846e49bf0b971423918ede666ae890c1ccad9;7048;Investment products;79
2f83c2eb0f0bdac66c3170fbe16848085131d37f3516364ea14ca0ec1c079601;2237;Personal area;97
ea796ab6f93d387fda520414e2b133a33329209143e677612725ed77b38c55c8;4406;Consumer loan;100
292820f4535a9d5331c15d7c17037fc8042f70502aedbed890470be70c6d1d32;6985;Personal area;1
47c5f7301e5a19fff10d6c7187af467bbd7b1778718466263b78de611999ce65;5409;Consumer loan;197
01e5a9ef8fd1a957f3084e192ea876c5e48dedc658d5e32969bad5af3501077b;4895;Deposit;162
62d737f41830b0efadc546a7872fea23400786f62daf3ac1a8731c8421699b98;2104;Deposit;41
f39303a0abec7b22c34cebcad95ee51dd1be49a2851060dfe5f9035d6bfbe48e;9329;Consumer loan;102
443ef36a868b287d1908fee41bfe589462b37901531331c00f769cdc1fafaec8;1627;Mortgage;139
7b59f0e41e0dd66e907d8a55e428a815e9deefb4b3f1851af5d99e81ca0eccd8;9850;Investment products;172
8bdb967f371965b0dfdb7aa1663f024e54c9845261decc604909909af1f35b77;2353;Consumer loan;119
80625143ca90d86923a05b40dad0d06f1cbf72dd99362d4bb7a7adbf36abd170;1943;Personal area;111
7417a9aec35ccfc8254974cf727e139b96aa3bfedc47ee603f016ad2a4a1bbd0;5658;Investment products;45
ac4f8e1314a943677f6e13113ddb1b1783138c5748a1e10a7063a861169ff972;162;Credit card;150
12e8fef0425c74c8beacb2b46850d51d7bc74f8ea4ed5168c3aa171c33746d95;7227;Mortgage;159
8022d08516d20f75534ac1f998538a71ea7234ce07541281a95e43d0f1fd6424;7142;Credit card;161
a94bc09b9d6aeb3a0778ebdf723c64dcb2d82186f34266e4887fc8c175e6ca0d;4612;Investment products;56
520abcad7018f98495c5a78746ca3cb373c905e9a6d8a35b591d31caa551fae7;5488;Investment products;152
80cf114297f34412597e76471f787c0dbc6e0e7a3d99784547f4b8e16b2172da;2907;Deposit;112
f45481ba1363f4c34dc8cc1c1e5d9a0bb4df719643cfc56f4ca175e314ad96a9;6451;Investment products;137
443363d220ae8d42254952b13be23e9b83414d636862f3ecc4d49cfad9986b7d;3751;Personal area;105
a7946586ac813984fda47aa72e4663e350e2ada94ab29b282eee4d90ff4e46c9;9577;Life insurance;149
1c4203360c1c0273802cbd74cf346e3229ad0ea3eed6499807afc5a93f9b1a90;7068;Investment products;75
2e144001b44e6061fbaa28397990a4c505128b9969f514bbb1b343e3cc503b1d;2883;Mortgage;116
074853af91db143231f7b2e41d73b8dcd4ea838ebabb4df90d7f3d49ee9041d7;4411;Consumer loan;5
b5c52d96ad50088f079f0ba819ac3d05df549a70ca6fd2a86c9157825665dfd2;6008;Consumer loan;24
4b551ec20883297d7379fa7a0fab7d300e86b62f279d9fa26d982ed0f139d21f;4712;Investment products;188
1d4a7ae943baab61190a1ef4fd82813b406e6c6379ce377c5a6ac872bbd4d509;672;Deposit;107
88f650615b3f3afc7356abc8e5489258c6d71e3a20df1f41a807568235f34334;7928;Personal area;32
6f903dc5ebb2df479a72903c66ce159554600926de08a23a2946ad362459a528;5025;Personal area;33
ccc52f7ee60f6301dc148296538273949044202a07935b4b4789eb5a4ecd2020;4524;Investment products;144
820af5cd20d330b01ad617c9e64e1b6b3cf0a8ef6168fca997032e4060f6dae2;5556;Life insurance;2
bffbf67d37fa13182ea6b3db2f71cb040f23fdfb05b42f81ed7ceedfdbe44f07;3532;Mortgage;92
b12e0ce7621525161b4013ebdc3fba48b11f972c60f8438815025a36a236d99f;9516;Investment products;173
f9db5606b63d8f1526aeb6118f565afdfb3f258febbbb27f92efe7868e1f0c91;5205;Personal area;28
0638008c90003c149baf3155045fbaabd90c8340fbcb39901fd432b71d6d17f5;3021;Credit card;110
a32b24c6ecccf04d4ea03dc2eaf51972aea5bd378c779af0cb60e4d4ad42276f;915;Mortgage;4
9a9026db38d7f5c1b622585956baefd7068c7bd5aaf836fb3fe3f2d078799ed7;6608;Credit card;96
48f2527d85b81615779a9f62a97a339eead3e7b1ea751745e959e5a95e5e0b46;9010;Deposit;105
d93ced315027876c9ac9ac20d8e0698446f8ff033c25197101c2944f21172425;2376;Investment products;66
78f6c63d7720968b97ffc4810fde4bf33b0c24a5798af3d8b4d5cf368daeadb3;8253;Mortgage;76
86f7a6291256fec23cd49543aab904381e7007e6e4d30e9ff88fa61e9d6f8afb;9014;Personal area;68
79bc4832b6f1a3af6a1f82824a5ae8bdd535129e147a6dde65165043df1a3bb4;529;Consumer loan;92
154a249638f5c55d29a5f360dc5280b73324f17b815b9cde584c94d52cf96a86;954;Investment products;59
1269d1e5d6b45f76d51b95dffb291d3bc5c79ef494a64ecd8e858bdb1e029eb0;8559;Life insurance;33
33032620a795451a4b692434e30726ee38e8c05e29f01f601a3e997e52f852e0;9945;Investment products;133
d0a33195c3526c7543c975bc6252eb1f32af152c0b00f4c6507ce23d3b6138da;4702;Personal area;134
9f6f5dc5043fed96e05318b2b916c14865ffd2576370314f1023f911ac729ec2;96;Mortgage;170
2ff4d6dc5b42c47670d5e38fe22749f819ef4c369aa93af658bc6d755d39a069;5166;Personal area;71
23b2bfc0eaf542050a26fb14b5d2cbe4b967197bc3439ce346022a150706c3ac;9006;Investment products;36
4e16606af7d6e9826f31e7889273f1f54e5b82801226f4f1e033ba42c93f8c51;4731;Investment products;114
2010fa2ae7219994d5ab14462968db1b062cc98e85079c7e2688847ce729280e;4394;Life insurance;6
a1950d0c427ce31606e74f05ddbdc587c354511bd04bed9e1fc7aef8a08747f2;1292;Investment products;98
63fb2bacec6bd234baec4f30dfa9c144215554bfc01b72eafe845a4c12afc4ad;8043;Credit card;139
2b950d446211d4be06a648a418254fbd4330669cb72fbf90b26d4147d71823a0;3692;Mortgage;101
2d0ba15fc00538e3db0a220946aa3b85518d48db57b1be4706c8c7cede66c3b9;7522;Credit card;173
bb5749e3b3eda2d2e8044ab40f08a052a71cecb215848b5f89caa33d51bf95b7;8785;Mortgage;99
f08a9acb0e15ea41d7741dc92047956262865899815562775dfb356602860636;1873;Consumer loan;150
211461cdae5d97a5b9fc5e665a3f8ebd5fa045871b7af2747e67a4a8808b0ab7;5441;Credit card;92
a7e199a66aca8d785aec3a9ea253b6a952477106f6b22c9992d02f54fa9ea8c6;3683;Life insurance;47
c7d0c9710ce423a231fdcbc1a9d5e0454c4e2515046c3f84c3777ed7b4922b6c;7040;Consumer loan;118
005819c0b5cadc5c0819e0e078dc180de2bde2213e6bd7f2468a0bb342d0708f;5582;Life insurance;82
999a3aff07a4acaac869e3dae1acf73bcd08c937d53c82cf4cb8a5a6d51767f1;4871;Investment products;50
bb197a5c21f218c46eaf33b874e382ba3a7067af0e3aeba1144cdc189bca2efe;5479;Personal area;118
86a2c64ce175641a02210abbe86fec3432311f0534605e3d623c140ade44b466;6191;Deposit;181
fda84130ff4879233eb494cefd3ed4eb7bbd4c4d66d182618643a751ddbd7543;4750;Consumer loan;74
ad93dfd7a062713a9b4cda907208e60d9fa0b05411915184abc0533571675479;3111;Credit card;137
f8c65934eb1b0654a57b59aaa7f4ae4bd3a64b21d4a0b566e4f09b83e31807ab;5437;Investment products;10
5fd41f6e671f8495801af34ed49b8aedcb9d71a66884575a474149a52ebcdb50;4199;Deposit;56
dc4a7093dcad988c9af040ebafdc126d8ea6924f19b24ca31daeeab71396e143;3533;Deposit;49
43a40c753ca49a117f3bb7a84b5280e4e2073849f1cd21de5bf6c4270c57ef30;6779;Deposit;153
e93c9b05b0a9ba2929307c373cc5dc1e92cba3062dff685b72f488a53d775fe1;2335;Life insurance;133
3ae1ed28596d375005012116d07892c6cbecdddddd3a8c4e9b618ba0d6f7e31f;8172;Mortgage;76
7301b3a2e7be20bbbbb56c8aa74df344eba5c370b92b301455641866e966ea7d;2961;Credit card;7
c56c2833ca94a3a235dba2fed4d484749d23ae2b89cbbf248ee0b8e8487a4ad4;7072;Credit card;77
f98b0bb1ac55fc0f7b65a19e696ce7fecba74ac51a88135abda60b4413cfef00;8122;Credit card;49
b28b322b04212976683e7f34dc71948b168a33b4f68cb7b53c22ed815713bb4f;564;Mortgage;163
c65000fc63a44cf5dc6d47e6ffaef0309abc46664ac147632297bd51f895fc1b;6061;Mortgage;44
4409b1adc02729256e0f93be8073300ff36f453c2682c8253fc7cc8d156e1ba6;1140;Personal area;129
8ed09c27ba7d58d29eaad6c4b70d5cd0d85c609b2c3396b7fa2ff204bef545df;3600;Life insurance;200
bd973b0f0d2bd51ac106719796d00ff881cefbb3c53a337679bf38b49686d0ca;9011;Investment products;174
0f5b6869bb9b472a29aeb2db9c3a0bb96c7175d099dc71b3ced0e5707eac0e5b;6914;Deposit;15
915470d30028c9056a031eaf3c98b128858c496bd97d6144911e03966b79e54f;9498;Mortgage;99
0871c6136ad0597f046f234a5e80e130038ca08e75489bc4fc581d5f5cce86cb;7383;Investment products;13
09bd9be7783b05600d5da3b63d082cdb01f4089fe94ccd132a05abd02184f8d5;6817;Credit card;134
c3487866b20c693814d415df63bdd5e9faa28bdb8bff923a3d50a96c02ee66af;4417;Deposit;195
54cba9cc1ca3c371b4cad308ae0ca42584e5b2ffc93109e88da2070dd58be049;6111;Credit card;186
e0592ec643448e71a2f8feb442348bef9cd5a1550f0a6b8999fbbbe423c6d217;8397;Life insurance;192
9ddd7e7a512a9ba5117f27552efd5718959e5fd8b5a4bfccf53ce9714ccd494f;3396;Credit card;141
9d294c3133c2132a12c227fe95707eed78618c5ce882d2aceb1387b1ede5a344;9477;Life insurance;8
d8ca36fce43aeccccdd4c4c2b66465f12b4703d76daf2627a3cc95ba398b44d3;4540;Investment products;160
0ca70b5da72873de87764942ebc0ab21904944efd42239316de9fa9f495106bd;903;Deposit;13
a5fb4ae5e33fe455d82a6eeb1084fdd3519d7c48130fb93fe33c894fbfd03fc5;9509;Personal area;62
a6fb56680e4461ab9979a001bc8040bb734b47395bbf85b30ac0cddea86b2cb1;6734;Life insurance;65
d04a0da829d8f6430e6a1916e398d6aeef0d6cbe833fc6a4637a5a77c0768d81;1166;Deposit;40
9e2a3558a5c7fb60d207beef453960e0d71f9f965405727463d42762faa83c51;6491;Personal area;179
b7a04fed4528fa42784a3a48229a5a3d69808233e68c43a961fb4bba3c3bd987;6490;Mortgage;74
a1deae84b05671e1a0576e6a68cf2ca3062b7ffb5623a7588122ee3ffe187a28;5461;Mortgage;164
e7f94bd623f36f920ba39d078b383f9e2512d15deaf24ada2daabe657e343c9c;3782;Investment products;107
9487a4ffa0b3d2574459feeb0836cdeba27abdf63d5fb6c4acb9b5e239ed9b77;1878;Life insurance;129
b123c464d62e9652bc2341c923f8c6b5b3969a2bcb037ef57a6080a6ee212462;8070;Consumer loan;35
41404506c716343749cc634d0de8898e511967fccfd82f16d66edcbd046101c8;2705;Life insurance;186
aad4ea5b4fe12fa474515ad1c1fe5928d3d8e308110d322fd273fbe672584a17;8445;Personal area;145
3d387cd4b2fc4df912bb5a6860034c17a37cd0c17eed4b66f6c6495d4c7dd0f4;6307;Credit card;87
7e06721c07e6652e5311deaced411825a402e2f70398fb52be715aa392a3ad7c;7985;Deposit;53
a55d2463bbb399105b888618148b439f135803ea63067bde8b9631fba5603566;5860;Consumer loan;146
537529e998a3dccef1f4da0c497512f56afb6edb66286a09c39d50bc7916d409;3868;Consumer loan;181
c84bfb2c3b85087fa9a10e2372644b88707df858ca6b448b7002f37244825bd4;9928;Personal area;2
e5c4035686ce9fdaa35d4ab4134ddb2ee3ca9626a4651e0d912eb69459466b26;1053;Consumer loan;43
9fc7a467d07578a0cc8fa3b5dd264b055f9afbd9f513e1d6b7243ffe3ea04124;8881;Consumer loan;200
4213f475ab85f3f43e64d7ce542d990f7349d888144828ffee72a66edcf89d16;147;Investment products;158
764f8fbd71109794dd8f010654c536a808bd312aa5d9e2f1c9c469b5a3b51c8b;2011;Mortgage;103
e43ad50aa1c34e82420399ee7178a09d2c616c42165710a1091da0797f3ac6a5;9955;Personal area;74
4917e406d552b10ed8d306b56dd76eb4c2826c0d64359bdcd6fa3a26d9ff9c57;1870;Deposit;39
485ac9d121c4b7a0b556e11f27c8f1743593dbe129582a52ba108c92a6d44f0d;5020;Credit card;45
590191af8306465e5278860e5bb194079a70289814a56e447e50fa6f946d39a9;5400;Mortgage;161
f2d9105e0ba578a5c38548222518ebde4580567ba1197a5ab0090cf447bc2782;6559;Investment products;6
7b4874f36120c379976227c1cab8f8f54fc29eacbea69f70e4e935da0199e8ae;9780;Consumer loan;3
414a511c7dfec796d4c472139ed3554dd29627021736ac5e8242a92119d9df59;2659;Life insurance;155
793c339663cc5274a9c2a2456e385ca67b68cd6f0c6c06d3f15e2636fd84eaa8;5023;Consumer loan;151
500cf4f4501a008e6bd8adf67880cd42b758583726d32623695f22ad420c394b;5748;Life insurance;133
0d1d5c557bc0f898df743c614682ef4083a867edee7d6aa630cb29ce64ea947c;3323;Life insurance;200
fb2c7c921635b8151482095eb8afa54ea3ba80215102255521ddf9fa42e67401;8645;Deposit;89
b0c3a329b3ea946529dd52bf3ed7012a0b62d6af8e5a6a1f79d6d007bc55f3f8;7204;Personal area;175
9510b897dd864085acd19ebc53c1809d518a10f14a7c6e760790d96bf1552f68;6989;Mortgage;18
f80e790a14e561f90b87d276eff2bd5a239d03e5dfea82f2ffe0f0370b2ecd68;8163;Credit card;156
0b9b84458a9a1bec7b1dd082c3a447a8293d9e5e6d4f37ee038f1878ffc0207b;2330;Mortgage;68
6c678bbea72d19a7e0322a1da70452cb7698bbd22e27020c7b87bf504607f630;8858;Deposit;58
297637558de8b09feeb546e2d9ec8eedbd9e1d9b92704cd2154247863baad8d2;7341;Personal area;163
bce01910a505214b40aff2e4b0b4fd682f28f66dfddcaac3d5dfb1f8f9bb7c91;8291;Life insurance;125
03fca3cc4172ef7179f404259e9ec327dde3503bf505a7c7d9d1f432f74acffd;7928;Deposit;45
91129e1ddcf8c24137120626ef402fc8eb1827b00353a0b1458f65b5baa179f7;511;Personal area;153
eaa02b4d5d09201ea030350b0824def0a51da1daf78ddfc80ad532bfdb081148;7058;Mortgage;41
b9e2e6a81e2413eb1501f525d0e1dcc750df0134c6a676b53880c67813071b49;6599;Deposit;58
5f25bce5f4962f493db2be9569493a28aaf81c3b180f9340ff6c4d89b9205465;4692;Personal area;61
b3edc0d8d124a45530feb042f1b56120980b09814e9acc06430b7ddaa0f4f40b;7821;Consumer loan;75
82b2b17b2a0d11bb755b4e6365c8aae7f11b47b6a9f582196595f285f8ba05cf;5747;Life insurance;95
ef1c5ebf9402e90960f43016a30c8f2a03cb4e52c857a9b1910d40913a31910e;6850;Life insurance;98
b029e807e636a5301cce7eb5a0badd06394c4a60ff8a72abd1f932fb61bf0fcb;6116;Personal area;84
472eb9507938bc93e28f83931f3154122c0e670926aa6ca528aaf6dedc1e6f7a;9969;Consumer loan;88
629377ab5f950333b1e05a01f7a286b2a8f1607d9e6e7ea952ce57b9b3bc5f3e;5002;Credit card;9
382e8555278ca214d461c39d306046abd08915919414d5f8a5215ce0236b9909;8634;Life insurance;16
24821de3ef74121e4b6fadff7aa33dafb2f5a27d87674fbef044465ad03274c9;6188;Personal area;18
18e2804764b6e2a51d47078d00509c9b6f8a59d55c4db0c6ac03c38ed5d3f64d;3147;Mortgage;6
b41c19f2d455bda944ad7e20c12d4e88e782adfcbd1342c37026f21f6488dc8e;3;Personal area;25
69041a39c8feaa3b8f148bed1c198de5edd01414f2b6b063a589b35238198ae4;6054;Credit card;3
b267ad69a47db293997c8b243f429443bd0d930fd706dc611e5f16d33cb87b65;9657;Personal area;122
41eee72d8335ee4550812b0ac2cec8ac7a73a6a0ffc7e5a0fe5be6b526392f35;6716;Credit card;141
99ddac1738769f16ce222ffea316852dc0f13a35dd8a4633d060ece0279a506f;2951;Investment products;112
ed68e095f7c44b663be075f5eb67612c0bed2205e2aede1e8e0ae3e6e80b0fb8;8369;Investment products;169
5d4e03876bb3dfb6a96ab2ffbb9b424780eaeb81efe7faf74db527b53b3bd669;8176;Consumer loan;185
f473cbe725f61061518bfd13576e51e94dd826d8a03e90f168fa023d353055fe;5876;Mortgage;147
fc54c4a29fb351304eeaf4060337324bd9287029e33f815d657162dc062fd543;7251;Life insurance;59
7c7c2d97fec6639333a4da865e68adc8f90698491fe438960024ff9b9d405ca9;7779;Investment products;85
517787e22741d2e9a8bf40ad5baa4cb608be82e048315e203e80cdb2a206c7ee;2457;Deposit;134
d5870228ef350656134887c8969c35d075e0b80eafad48c7b185378b467c9f41;6174;Life insurance;14
35778af2530200de16e623cdbd9ec2d0bd3b5b9e47deda9836c1592b5fe0d5f9;7583;Life insurance;128
3e79a8a6547d61dac77ef5afe70f1189d8761c95d7e255992557d7e5bb01962c;1829;Credit card;30
cc4e04b81378623eda52e8e0ba370ace65f3da64315d0ad1fe772141e3f66602;4040;Consumer loan;147
f123ac6550a7b390c813cc94c6282d46403aebb3bcbc7b6433cc55bc7bffedf4;8503;Investment products;182
a29a33240c7e3dcbafd5e8a7d9b67acdd765cb2421a3e2a6f64d51c00fe0a479;373;Credit card;180
d88be6b55457e9623b9887bc7a29ca162602ff5f5a19a42e001f6fdf75a3d5f6;9591;Mortgage;109
3c9425c6fee661a1083224748dc2d3ecd4cccec4b29a1a1e22df6974ac1f8a16;2150;Deposit;78
e42264978a35762b97b7ab337e507bc1abb13adfa815ba01a0ade9765cd8522d;9536;Life insurance;145
b7ae4d8e7e15c1eb1e8483238d40f722fe3ff371e4bd3cf7bf18691e7dca157a;6064;Credit card;46
ee0cdca60c018be0584b1c9ebc4de30deb7865814181b2a985ba23f7112bea89;3002;Consumer loan;196
a0fd949763c2d7a821c3702d6499931e5d43fbdbca42fe50dd2930d36f0da01c;850;Credit card;142
d177a2e948d17879dbfff3d3de1c9bf4855c879d7b515f70b71beccfdd0518d0;3820;Personal area;71
6b327307031ee57944ee70f5be25ffae0a5a5e33022f14b1a7a0d20a574ee24e;5142;Credit card;40
0101c6456abf9618fc129d50efb57fd24e05c9e2564b7da523d31a816b51cd4d;8720;Credit card;167
759a0a60927ec2733fd89be23ce96883be79c8f1077b7f98d788a0095a78c791;3158;Mortgage;167
64b1423e9803ac30e14fc40cc346f17d0a1171275149834c82cbcecfad0b9248;6428;Life insurance;183
57a933780a8c6cd4e7b0e32fa37ca47ee7733ad8731deed7244cd44d8d5bcd1a;3833;Investment products;13
3996268491a2ddb4ec55fe3abba2b1017bf44877bc9e526ec33b59d47b6e4bb0;7449;Investment products;198
870f97b35bb35de6ed4e830aeb557bf6e72b0dfc9a15b70b82f7e4c0c7bedcce;624;Deposit;32
b575d4ca29896fc9740c84e61b01dde0842f1344d07ab3c257cc6664a989e851;4041;Personal area;104
c19005169c3372bc326ead61de4f65a58eda7a0dc81c9f87984194fc0833dbfd;304;Life insurance;88
358203069cfda6da832eb6a1145f4013b15ece061d0b42ef7b584cdfee06d838;1446;Mortgage;186
9457c59d56a9aa0e8b3733f6592aa37c0da3da29fd4510a546b0374500e1c0d9;9854;Credit card;81
5bb1393195e32ed6c3be4431f9ad3e31a57d20029ac2f758526ec522c9604884;1477;Mortgage;68
da2a4f80fb98fe4bef6c9445d3638c610698787da305f7e85a79d6092efc0fe9;4005;Mortgage;175
b7582a5916b198c74ceba8146d43cd8d10513e8e8cbf0f756309f1507d9b857c;7161;Deposit;64
6ed5557e10c50e95ee85723fc11c3d2574e80f7be400e0f47931b5484e4ea0ee;2746;Personal area;39
02d7d7bb482571903295791d00d4d186867f4be3ddc0fa2306c3425fa0c50f72;4727;Personal area;148
ce72542a8cc1f3ad5006281e2e63a23ca02ad9897b4552947ec71a5475242012;7171;Personal area;60
c2521d9b1db16440f9d4a44f93603c1febdbdaaac46da186bd943f86ba181754;7539;Deposit;57
4b38095b381d99e45b4edbbdd7ff71af6b2b5413074e7d85375bcbe9f1328ed7;7918;Life insurance;29
e76b9f896fbe47f76d145599d838522ac5586fc3d3249d1d20cac4c44144238c;9887;Mortgage;183
74eebfe73d49cdf49f03d63ee83bcca7c0a6e8ffad32dd343ef7d002a7ea7764;752;Investment products;183
dd55ef2cabfcf3905fd324ef525d3f073c843c787b2dba88d755e48a9f6078a9;7659;Credit card;17
18d393a8490031118da03c06fda710903b4dc1d813f121d42c4f4ef8816f57f9;7730;Life insurance;63
4506e3d0c62b93e5c5386f569ea6d2b58f392af1784d06e0ffbf36a139502e90;2296;Mortgage;199
2e75e9afe539918299c8923f99dbe1102cc1bcfe391cd19af996687fc8ed3925;3370;Credit card;180
081ddc4ff28423ac2f4532f7dcca3b4d7169b8df92c8174ed04b6cbfebf09e0d;3599;Credit card;197
af3b59bad1c9a7f52c4d5de0b1abdfa045cd67bdadcefe47f4735afc3d9d8f2e;59;Personal area;133
07eb101b27ef5cb28d02ebafabbd39617ad05268a57eade43c35f49c0d9b180b;8784;Mortgage;162
f8fbaf3b4397b0f4ceded4cf4af620b295bdf8885496f12599ba2a26e1b3ea2c;5632;Deposit;88
64ea2d71da7c8f868800a13c07baeb10ce77d6ce503fa169b7aa6da13bb42059;9745;Personal area;45
ef6d7cfed9936f0ce7749099aab1cf10c5d147ebf9d9f3d0148a764eea9af6f2;9991;Deposit;117
78fb53257fcd6c37370bf16c35c43d59c5f47917860adbedad86d99e5bc451ab;7245;Investment products;153
e40fc4f803202b3a4632deff747f06292288b53c185174051739662cda4af75b;1428;Mortgage;23
11b28e53b390bc40aadf48d3a0200e996358cc0383627d5965227ad323f754f1;8237;Credit card;60
5c0511cac01ad1dfd8f585e244f1fbb32bb53abb54ba54175106381ab7781123;1879;Mortgage;61
122a21271edeecbe6b26eebfab30862a59cef7f5a0d89de6dfb1e899ff6fbc05;7053;Investment products;77
c9832b070f98e454d062b33c07155e0efafde360ed6e5aaa4c1166dd6531d6eb;5887;Deposit;178
4e0ce7101da36217a76cd36c65490f492522181247e620467aacc23198acd014;6040;Life insurance;32
adc6a614270332f71c99a511410679045f6c73ddeb7a54bf3c341cba0271e970;2440;Investment products;62
a68953664d34980a769402468cdf21ab6b812594ad83143adcc6f309b5fa5e7b;1560;Mortgage;78
916e0cea4209a324c542645fbdcb96b742a643367698c0afb61dfa77045252af;5810;Consumer loan;80
e91c02bd7c714e6be453101d0ae045ff1fd206f8d81c7cb4979cb9953c802f17;3920;Consumer loan;114
7f92f883a05b756822b85cb45d3f9b149e5da56cf87419fe94ab0058b8dc7cf9;5045;Personal area;78
db7a25965044cf33261029f4a3e92660b43c99949ca23c205583433cce9df52e;8631;Personal area;50
0c6488e0aa2568fd43e461159e8674d04e7390758cef0a815d77acf8d57cffd9;4415;Life insurance;78
d4dfc745f7f8b2076915d8cf45ec786f0e5aa8b7df1437bbc9a3494a152da9c2;9155;Deposit;156
58ec773f2bc7aeda5322385f7508153056b24548215d4dc71fe4d088ff24ae0a;3882;Credit card;80
52bf86c3c5f9bf32f9112d6b3a67511af7e9a12a2e9c1d02f14e88ac16038048;7130;Deposit;124
e9624590471a60a4094c17f2dca33fca44195dbfe1901eb5eb2f346a6e4ccbbb;136;Consumer loan;97
0995a2144b0d1d3f9b4326a2e61540d5da21a189be7982e83fbbb0ddf73ffe92;1725;Credit card;115
81aebff4711721f039760fc43f0651893c0da7ef81dc3c83790ae9dd08e2aea4;3558;Mortgage;68
8f80eb57263eb7fd96c9d46cf94a3917a2557da3d5a66cde7e8721727a9048a8;8990;Consumer loan;11
9be82cada315424cdcc7f84806b82ca2a8a1ccc2f3472ddfbcf8b850fa917703;8225;Life insurance;159
58703d920f35a8e12a04ded17700e0e714a476431c587238a97b520419d979cb;6519;Personal area;89
983373d60715e8af92780c704e4850aa95c844a78aa0b5a9785ed9e0c8004642;130;Investment products;173
64b15d2fdc137d6b2a80b0521fe4d96f0965d19f5b60dd4bceb984b8e754c54c;7767;Investment products;157
73e94b7ae8569b884cc4d59611deb94000316bc9a7e6863996e9634ed24cb790;7649;Mortgage;34
e80b739e12902a864368938ec40cdf0ac8b1c3adff7401caf1ba7750b537edfb;5644;Consumer loan;18
073f535940f6ca311da546ca2f8f5ecc1eec07cbf8e3104c9bd5407bb63332d4;9599;Mortgage;151
e5737a20c53d9ea8dc95e1938b89108a41fd4ef38790cc2f6c62d8d94f91a27c;5714;Consumer loan;71
e8e88f00db3e60455890c015ad8c3b3d7957891e5018005bf0c3fc533a0275bf;7977;Credit card;50
b5ba1b4bd22dc0b2578c42665515718883b6eb49bd27827cd4b6e441de91c755;4383;Life insurance;127
aa9c73338e0420bd49e0846474b9080644b41eb31a0729c10c0d540af683dd0f;7103;Personal area;14
f59c0bd49781d282b478b604f06558290aa98ffdc2c5a62d2361058a155254e3;9491;Consumer loan;38
45de94a94b4dcee1715732abf26fccd1463be4557ef560c22468eb86b0415fdb;9611;Credit card;3
9680343543cc7773b8832673d657a34d4b5abc2c578c35b2a908e774d1e92b8d;1118;Credit card;29
3b4cdea1a37b325fdfbc87315e4f8fd04ad29a83fb907c2c6380800c33bc63eb;1001;Consumer loan;142
5a90022a35e945860864e8213b31a56196a2214d58e53085a3a350c22bea4f2e;9188;Deposit;5
0c428a877558e407f6ed7cbc2e762dc244e3a39d1c790f6b7ec1c3479897786a;859;Investment products;24
06be1756d62e82b232de2c71f79951b715e2990e5185634ef17ab86709436122;5680;Investment products;187
a46d061677dba0e6bd261c820ca0039cc7585dcb1753bee7fcfb8b0827aadfe8;6959;Credit card;111
43537038b8deb18728821734949a470d9c1d14da8d2b1e925a6c74621af81922;8515;Credit card;121
7105c53598f5dbebe7802da40e04023c2366570807a8bc1eabb47c5e65e25ae9;1124;Consumer loan;169
d547d720de22784d04ed3d269dfbbd4566c055ecb6089827553a40f55e1d1de1;9160;Life insurance;160
b81bbc2c5c2646df356575932b124622dde8398711fab48870d80510fb6be347;863;Mortgage;182
0378c99589a0475afd57832cb992f00a596b66c191ed3265f5ec706699ced3ea;8336;Personal area;170
b21faf539f7fc1b111b112d857cd6ea1998fb6356d9ffec9ad3b69d703d93124;4283;Life insurance;92
a57f29c64c4d6c608e3fd708c70c100d39d81b0aab23e06466f7297e8147f381;4971;Deposit;10
834d77f1da9dd35b56c9782c8950bd2bd7d2930d3f7b0aca9cd3a4ddb7516c00;903;Consumer loan;197
a3ded8f1e7aceea4d4756a5f058eef9eef70d9322caf743f9f524d6a14d6c6a1;8684;Investment products;157
e2cf956d5598525ce05f5e0c5e3d82c0af0b3e536444110f6d02efb8e8428582;5079;Investment products;92
493ccdf407fcae9ec84a610f0178c75d3fc62189e6c66d4570243bfe041494c4;9828;Mortgage;95
95beda3ab1c4ff03642ab3c16905a279c19b86b8e71f02f6ea92e20943152db4;2614;Mortgage;72
4a502da1a5bebcb3c5a33a7356d233801bb88ee9d023048a644e728db310ae00;4501;Investment products;95
1ed9adb690e52e2323a85cd34f6856b9b6089cd55defdea014d13ab093d36a27;384;Personal area;144
508437e98508a88e434060d091b2ac94cb817f1be15ecc0b7c438c3372d5ffe7;8707;Mortgage;11
28c09571be97f044eaca1c70ec702e57d8f50bca1390cb1d3f2f2ee9f351ec6a;1798;Consumer loan;123
9d08c2b8fb3e2886c87d6ee5aa912148e5175ec1613938946754463d727530c6;8525;Investment products;183
5c32cfa925c293586060f1efb99626c68cacd05f7a726de0c41f2eede318ae1c;5268;Credit card;148
3cf8d00328c3fbca70cfbe4504485055fdf209011fe7fee2bf110102cff6f882;1070;Life insurance;101
126bcdbdca061e195dbf9597938d4be68339d89133a21e04cd9576cab83bf817;4194;Investment products;176
064671f45f6637042a513ec177c06017fcebc9e9c73da5bdf5b94a2e7abe3a5b;631;Life insurance;185
a9ee63631d2f8baafb1e775911fe8e7eee27c6491af19f8f020cdc82df18c138;5062;Investment products;142
0a452f1e0b11ff31ce6acdb6cd3498a795a4e964abfac74bbafb2d26ce637340;8472;Investment products;186
ed5e841c1cd92204184b147db5b98a30602a012e7ac45e9af21979dd5ea2cb24;7918;Life insurance;45
0dcffaf6b440d795bee5699f6a68ebf97c835b20549f3883946f4fec92f9edda;8509;Personal area;195
a01cb4eff621121e31363b3511b60d07c2139272d6d71ca184c1b6ef4c0485e2;5227;Deposit;188
0acb20f83b98d33948c23c99d9528f0048fe6e65fb794cdd654d4af8ca2dc555;330;Credit card;106
0c34bd1cbaa4696fb04ae3a24c78459032f6e2a33e7ba47e349813f7ed1407c5;9037;Credit card;136
aaa859494cffd803a11f484aa95b6e8af476a2fd4f8e45b7d7d1c9cba7360adc;288;Investment products;193
da41145474ab38c99a0c3f3e696ce634d72f5e39dc663349f270b75ca0385d59;9986;Deposit;58
7b619e6d3cc09167a63a11eecdf5ae659e669afa7c0627454f763db51a98a6c3;7343;Credit card;57
8ab4387d8047e90b99319bd6dbd26fff62f8f207c2eccd53688600677ba9b3c0;8278;Personal area;167
f51d6f32f3d1ae7ba004b89f9d07cf6d83ab6d0c95df587b27871d4deef74b8e;2504;Personal area;90
da8937f762823c047c1c514e3dddada3bf8ca068668ba8962bd2910858c42c83;2550;Life insurance;182
b81e0f012143a9d2186448d2c7fdbfaa77a3b5e8a373ae7cf2ebe928c0c1a5e0;4715;Credit card;173
2604e571ac465ec04883c690bfc907b31ecd96e8daac6a698840df8e7073b7ae;8277;Investment products;75
86466346db97e9e381d5d6040db1ee4fa02a5aa51b95c9b11e3fc1c36d3e72ef;450;Personal area;189
94b0a7d5f7bdca74d003eeb502f03de22ee82da8249afd6e185e2a9a7d0d8666;8684;Life insurance;125
a04694ae41d3c783829f4250b69e4f671f25035b1f2a2d2472377c580caf9353;6281;Credit card;119
1e37babc94ecd04821af0fa15043c5a02bdd3c49ee44a2df7edfbd3dc3d6e7d1;9332;Life insurance;128
468efec477d92a6370f2003610f7b0a82a5c1af8c2600541f37fe6bd6f959d90;2971;Personal area;49
09f8a1bbfd4274a73cb05dfdf92becee6816950383687f270db3cead90625d62;6140;Credit card;166
9a764546f862cb904a88b1157867b906ee5aac6a70a7f38214db16f17ad6b7e1;3470;Mortgage;172
8fb51155842aaf8847be56df47b88534250ca6d6860a93415e28ee7be9d188c8;7873;Deposit;103
5507a27e5625212a36641b27fdf12d6c0a6795d99a880fc74096927089485524;4233;Deposit;45
63575c354599f0bdbe0678424adbc12c780efb2e77f3ea6d64b4211984c89b52;7458;Deposit;168
b4cdfd38d0cccef9d790cfdd4884d9ae009c4e9085bc6215f477d8b12d4dd6f1;7611;Life insurance;139
963c03c3c7ed89be3a08f9a5b3a0c04b4542cbe276fca927eefc568638f67c33;1660;Personal area;60
8c15d3a086e1c3e3e2923adcfe93bb0131bb9e7834ca6b6b07545d0c32b4f17d;2020;Investment products;12
ff2c1f58ca5286d31de5c00d63dceab7e75445c2f643cd421478ec371f6c26a2;9114;Mortgage;125
b43db26826e97dc74beaf04bc59766539026ba61fb2955adebdbb02503a1c440;332;Consumer loan;58
9ee007c08207ef563b6a2b6fd33e4143c39e762793c60fceaada50c1db859770;844;Credit card;15
ea07e35334ffd09f4d04b9fdba1205c710ff425ab50bf036c8d1f54a9dece398;4796;Deposit;130
1cbcaa888f20c2ab2a46a94f960e228ac00e813aa72658013dd1733f52d0f2b6;7510;Personal area;80
dd937161ec079ba245dd7380a54300afdd6be436a65d90deabd1e46e0c189e49;5235;Investment products;89
dfe090fb32df406be20dffb1988fffe8f77d466221f0cbf498da032496fb2c47;7989;Credit card;163
482ff71ce38ee339c4da6b27fd075f123c7a10472fbbf973ab1c19609ed007ca;4061;Investment products;167
8b2339337d2478499667fad879486bda914c7e563135a1bb814831ac30f37e17;3598;Deposit;172
ce1011dfe8d04748c91ed41d8b0a9a93f9b582404a35665a01c000a5e84f7429;5875;Life insurance;121
80223ec28846bbbf69253104a15c6a6e6437639d8ebf9d50ee2910a646b2c063;2404;Deposit;181
8a44412c884ec50e8f33c252e4fa4a7b9631c94a67d0ffe5203011d75410939b;8623;Investment products;48
cb091f6c00f81ef682414384e2c386553cd59c21b183fbb962f2a0e4dab0171e;615;Personal area;123
2560e9e7b2b1f927670a633da28cf4dfa084f83100bbe6fef12ff971ca5cf953;1554;Investment products;131
d6252c9c67157efcc91165220978eaff5db8990780e254fdce5dd045dfb554be;2283;Personal area;86
c99d74a2d71e7b2430ed2f663a837a046f62d7ce3815946ce51a929545867b89;1337;Personal area;107
6ae2d172c3439454981e7293e9a1175428184a3db9405ab5c8feccacb4f2242d;5975;Investment products;52
b6e522350914184ccfded06576de6c77cc910f5895e00a71c58c960429e96183;3803;Mortgage;153
eea970fa438ebfced37dd408992df9ab7c2234d1597981bb939eb30067a47b63;2057;Life insurance;126
28c189088e8355e8cf27752f726df8911d3249f963b305ffccb24abaa6f11ed8;9880;Life insurance;83
c68fc6a708de49844238179ec54589e8b2a76256ede38bd24fd5ae38d64bdabd;6770;Mortgage;1
def52b7444fb31459835f3fa19dfdc5cfcb96e7cf7389a041221c39c0d92f84a;2290;Life insurance;192
449100e130e9f0c4bcb7fc98f9eee257babdff569489f6e621d230ca2b4dad29;3504;Deposit;74
972b059df05b9cad715c5ba2eb9f13d058d7dacf000572ee3f36ddb13b7369be;7395;Investment products;144
867698c9a6b7fb809df36f6ece4c33bb71c15b113138beb511e8caffa779edf2;9452;Credit card;30
c7ebd6227aaee630f7bf6b5e918d9b6933d3f73363d0e33db14196cf98361d09;1518;Personal area;199
f2c3b8869e092bfa4c0650fa0eb06c93baa642e9e722f81ae53447ff0a0cba72;2621;Credit card;140
5e61a68938c17c6a39b1ab8a8048325b79ad97a0d493a5162c8479440a6487db;9813;Investment products;114
78206031ff7d068ad5c72a7259c74df69dd9ffe8aa5932441d14ca100f6d6a94;9664;Life insurance;193
8200cf87ae0d30e28373ddb9be4e69dce52af3171f77e24b77b72ca01e027874;7849;Mortgage;99
225747467df801bad9d4203760d6a1ddd04c4a97eaea4aaa6c182870d933ffcb;1767;Mortgage;140
4d28c83e1d15ce695025d77b689319d35f3e249cfd5875267232d1ede6ce5882;8362;Life insurance;140
cf986ee9f85736daef5a50cf14b402c0c585e4b93562c54974aabfc280a67c66;9696;Personal area;144
caaaaa3560c186ef11f719253235aeced129abfdc580c99a361d2d8370b65892;1788;Investment products;39
86ddddbf23de5dca5faa6ea2cfdbfc68c76483b39cff8639ee55e76ff81ccba8;6063;Investment products;28
ce655d28a4af177f62bedad57cc198c7cd3d3576528e7d22c8f4567c1ecc629a;663;Investment products;111
212dd07f68b0a09609cb00a3827d3f8748dcf2a8805a431ebc33b546f9d20619;6312;Life insurance;87
d430f6b0a58e6580205e16a6c95c22ed0e350351b38103fe54538a7c0b737751;793;Personal area;53
b0e4f3667c1d676016bc8e064530f1b83d78640c9e7917c51df06828b98a7950;6913;Credit card;68
3c74bd2d9a0300dc767ffe49c2c9fda1ef2cde230b3c51b3762281704599eda8;242;Life insurance;177
7a733980e4fcf4dec12007ef6d412c7babf10d530eb4a09d1bdcf2c1817c1f80;1515;Credit card;197
c4dbdad3a6155f794ed36a32d3ea60d45fa6d0b240244888f7e3cfd17f45ac9a;2423;Personal area;26
ef4bfdd07dfa9372415bfcb1e5a0b5aed963097bad9554b1c0e37bc2dabd01bf;5971;Credit card;186
4ae795c93bd05443281a9ab946aaa182c3610f6a8b8d7d6cacc2edf482b04547;6816;Deposit;64
4d1c3ab010404d3766f12d49bb50f4d8e30caaafa367bb877bb2bef215463edb;4488;Personal area;63
8bb11842093e19e5d3c54a69da51cdd521434b37acbf2e37d85c537aaff99bbb;3810;Consumer loan;186
9759c3b0ce6e821e7c7f66831e32e5cf1b1eb7160c82d4962e2b2c0a1eb0d2d7;1725;Consumer loan;74
11a58fe103f92512e9bfb32e2a51d552215159862dd23f2f200ebf1ca064b5da;9157;Credit card;111
b13621a8060db8c97317271595194b67e28dd7a568216961d9fc04c7f0e7eb0b;5700;Personal area;199
b42e64d308b7b8f1fa7b03294d52313ea1cc6abc85af9771c94c092814cf7f25;559;Consumer loan;159
28db0f586a8ddb301b80f451b1a78229dad2dbc0cc0d6c2c72a70f36d603ba58;2995;Personal area;160
a195efedf02e5510f0ba0124020b92e5a4429dd7c955451a8428ca3ca6ce1dea;6168;Personal area;144
e3422dc894356b6ad5822d8d4f0819f4bc14a22c3a5f2ddef179be34a5b0f849;2541;Consumer loan;103
042ff3b2aa84ca90badede5b2bd4ea4dd0e1d8d10c3be96117ba7b6b2764ee3c;2088;Consumer loan;54
f99d90dc97ea52ac1441aee23866bb6740c2d2eedc7ee89109764086efbfb4b8;6773;Personal area;21
16ceaf9af10e0c93853e49a94808ffafe1a2f57340f0233bccdf3e3623d1a194;4018;Personal area;104
6cd9927375217d3c376f5326cafa4504978c6cae62b045cd619ae8a34e75f75d;2180;Personal area;89
3919192ed3cf8813243e380521c6a06e9a6058693cda890338618c5ddfa009ea;3547;Credit card;10
3d374d021fb17e8507bfbb0944b891757cdaf5a80cc6ef9571776bd37667ca39;8535;Investment products;191
9991c1d4c604140cbc680f4e665683eb40b0d4831c92a8b7d4870c03701baf0e;609;Personal area;148
4792a3e4c8b940e63963d441bd6888ce341b603f38cd4e22ad44fd35609911c7;5976;Deposit;138
8f41c9eb65b7fe3cb4ffa1d51a20d6d6fd74683b896fe729612b30027e04e9d9;4531;Investment products;131
7e7b8b34571a06452d44d9a91641610be658751ff672771eff2fdada6f0068c0;6456;Investment products;74
ac1928531e73fa9ddcfee9b26afad14ad9068802e16d4df3f6dc4ee211797f9f;4123;Consumer loan;53
b8d5e721e2f69feef8f04d0690b2c3685566768c9bae02cb5a76b47dd54799ac;9592;Investment products;16
155a512feddec3ee6d7843a58c7b753755313b1b23e24192bf3213a873b137bc;3004;Personal area;112
e00bc961dbe8419187b4f62793deaa045d72354306b8887295da614e38093093;8919;Credit card;185
29495496164282ebc479143192c512b38d6735b601f7bdcc0ee469327533bce7;4869;Personal area;76
29c6376872c1ff415fb2f52616de885283d2a35fa962b0726c4bea5304c61700;6016;Mortgage;95
7520208872e5ebfdf5f4e886c2903891ddd324f3b42633c624056c4ce588413b;3658;Mortgage;72
ebe24ec00a0473b6fff108cac8cdd4e4e5c3cb09111f83432c7e3abccfc227ea;5310;Mortgage;67
3bf7fb2843fa231cfe7f3879a90f3d3a39da3a2d5f60dd16bd84320e06660f8f;2258;Consumer loan;109
1d2fa754ac29040bf2f3f9b9b8d44ee8b01dfe77e47ccabd5fe49a319be025bf;1071;Life insurance;68
65114d34ee32941b5017a5c93be7f3ed64e4007c5f3a1b14164b7b6f7f60b3ed;1417;Mortgage;140
4236537229d66d90e00e93fdcb4d879ea36c94a86b337afd146c2fa18957116d;3573;Deposit;90
25aa1a71a346ad93703f8f2ade0b60de7430796e322a88259769ff28526a801d;7237;Consumer loan;167
13b1e4b8d6a22b19e768963e91b5e35e7674cdd4bf382d9c2709b758e5103652;6450;Mortgage;117
57c367fd1a73a281d11b6ad3a238a68dcf586c378dd1cd1d0f7ea29e8b153942;1654;Life insurance;64
42ead757098efa502321d006ce2c68942f4e421122dd310664c0ac966572d672;880;Consumer loan;38
dc2f608372d0dda316e593cab21f3c3ad5b733f16fe02cc4547355ba90d370b1;735;Credit card;182
8baa197147e0ea99d5cd7fd038ed6e7ceb79c96b93fe6529da763bf12483314f;8874;Consumer loan;176
81f2bb11be8d966d26a299aa9660fd19882cfa3224e172d7461f0b28658e25d1;7802;Personal area;66
23c14b5d2d70fcbb3cb2a487ed01d075ce89ad0e7e602d69655f6cb93adfeae1;5898;Credit card;118
c5b88610e179e974caa3a709802114a565cf6a15bf9e87938f195c1191537572;5599;Deposit;6
cf18f39e5f509d5a21ccec18d4ab9c6dd48f61e6031f971360a680225d502770;5844;Credit card;47
d2e01e49d8652a7a858af856fbff42679c1263c40bfed0e5e8d1535881721048;8943;Consumer loan;38
8b0d94f8b91f8cc19713c7c713ce88994a65fd37f459cb826f64bf3de6311734;9271;Deposit;42
fd0e727121c7bcac32da6ad337c6709cf108ad6894d57ad06bb867fbb7099df8;4635;Mortgage;31
8c8da127b25212dfefccfb925d4338f9b909d5c11d15d9520fd3fbd7dc00d6fd;8473;Personal area;97
ca3a3aab66f2b81d7eedca5af1133972e41de95a3a3da67f0fa6f1501d15e192;2965;Life insurance;172
50f15324bf70a1270c6b6ddf297083c420868c3388c39168859fe2d6aee8f316;403;Mortgage;80
d528678a7a0cb8dc3c08fd07885a75e213ae1af033bf574520cb8000f5533617;1711;Deposit;90
cc0349c91e4543cdddf655ca5d484e49ca72ea430e3b131d4dd057b98cc309ca;4381;Consumer loan;52
f48941a27a47c8bb94b3b07315bca808301df5bdd391e9c3795f7664756cdd8c;4623;Credit card;52
1971fc7836334873176f221053c77d9cfb5cb7a97000fceabd2cd1e1561132a9;7121;Consumer loan;126
e505015362bab893020fa43060db16293babcfc8645daac8c4c0d88eedc7e10e;3203;Personal area;110
c05584abe149d876c4e9894e7c0cde6a9cf1d31d774d95412aba59259cfb70e0;8396;Personal area;89
0570653f2676d0066a0e6101d59cf33a66c81fdfdf8e2af70d2172b0e6422bc5;3645;Mortgage;121
9226a210c726d6a38e987bda2d7d8a029c968ad2f72298eace0e727cb540f55f;8075;Deposit;105
8a640cfc07159dfa40f55b171913edd21055e2ba8159d6c81e5b4d1dd2e720ea;575;Deposit;96
688abd727873c3d9198aa99f8988804760ed1615c3c5d5ebee11d4610094f3b2;7076;Credit card;65
0d99d55886b7961e6ce8c97492529b349f3303ec6739489f0fa0a9d99c61c727;7225;Credit card;34
031bd62844075a46deb611ef6c4f22c99a035110b4f88b40c4efe14da521dfbf;736;Deposit;161
2266effeeeed36f00ecc0bd0dfbbd32d0c8744bd7d9d91e53cd4cdfe6dbc402e;9564;Consumer loan;82
080a1522174792a7b75d465027fec8bb5268b0eef9059cad274a1c9300ad6509;7462;Personal area;113
bc1742f82e5aecfdfed3162d50b5225fdedd38e3fdb700ab2d53f389ec54344a;1966;Investment products;176
65933a1a37b819439e355843c651163c4c312b4af68ffe64cafcaf793ec84d28;8256;Mortgage;21
75eae1ca77bf7da3c8573cbe13e6b7e4b4294db8d7053dafaad0ee0ac749308a;4246;Investment products;140
d455497e916354d9cd5edf0b02b0afe7b2564ecc8cf6606639a2f8430369f6c3;5345;Credit card;129
78fed922062a5b1cb800567a8bcca6c1f1777244e7b3d7d730670fc38637a99d;8222;Personal area;26
c1902c9e9158352a464af7fb9437ae86e7c553a92d8f0760ce32c88226d95210;3263;Life insurance;153
96fa6ee5c9fe0bd274e6b6676d83c448bffbc4f48a41009992e61c378c61524d;7699;Investment products;168
e046c42a86811a9ed8763e26084a1dd765e03fcbe39a90b6895216819056ffcb;5229;Investment products;151
9a340e5cc63091eb6e89f9768aa08b44a941ab14ea797511733af011c26653d6;2257;Credit card;101
8fde3bb08c1b880de805a69840e440f40b01f08ec93e81b498b25c642f8ee268;3990;Investment products;30
f1bfb4efcfaa1bcfec0f28fce0fc246c21e4788d0d5e667fffb25062829ae0f1;8975;Credit card;74
b663d214dd7db638da040b22bfe625d1a31788076189676203065ac1ce6d16a9;6876;Deposit;36
5bb89127b8195085a364b467b61aabb6a8a24bc10039ab63e666e67d1c297edd;4789;Mortgage;3
6e0e0d723e40c45ec15b4c4770250b1d20e94cd04ad1687c2a59ca5804b43675;5012;Personal area;112
5e89198db3a84fc7fc2d1d0fd8bc74eb14a4c9396fc4059d8c190c9ae0bf6c69;7490;Credit card;79
6784d6d96271884319dbb7a806d3ededb3dfe1b9e4d73dc5c6194bf74adebd10;4318;Deposit;34
80402b8f8c7bd3674dfa51549cb3a05f731e1b61b3dd690f5ecff90a49bec8a2;7071;Mortgage;163
453bc59205f0ea91a9a93a8bba0e4cec18b09d9d5ca334fa9fa7c2c13206dcf6;4009;Investment products;173
e928e77f97d3a52f45cfa368b89bc5dca28cc15080b582503d6b17cf2bb68f9e;5365;Mortgage;51
53492cf1718ff1d2d40ccf36f2e40a6d75f6a66472bf5073d0bc830a8fb28646;1030;Consumer loan;102
a674b6963022bcbf77ea99243df7089ddf5a1bbb1a12c57fc3d42ba036b1699b;2426;Personal area;67
47cf929a4d2002a65b8174ac2251b0203890829b4838658953125f03aeaed569;1990;Investment products;13
fd1bea2b68503516a393d3e82cc982a05484ddce443eb6b9ba2daf6323121074;4434;Consumer loan;26
45f0dace5c275e6ffa22da4bd1155c1754452da964591e34908f304b056330a1;8194;Personal area;175
2f7e985a73cb8454ce92d21067cd87b1913c8fa4beab42392f4a0bb0869853d6;205;Consumer loan;25
7768be1e038cfaf4454a749a1b0f53f415c82e29092ca69f787c679a868b0918;3407;Credit card;66
64089e421e5dd7ff671ab1f3f31348a00bf157f4428bff06709ceff1b3e7dce8;7388;Investment products;180
7f81cc1a034d050ec26ab691918de823c65fbb7002ddac6337c7fa0b7ec2b95a;5053;Life insurance;57
8585807fcd492f894064a469dd5a80f74b015db07bc373bdebc7776229631d4f;7134;Consumer loan;14
71578b5a8921329a5742a2fd1d51ebec898aaf75458f2e95224fe5432e0ebb98;864;Life insurance;180
5a5438ca2460179237ccc70a124f3046e9c70d92eae1e00993a6a99e7b12847b;9918;Investment products;9
43d699f6513d8dc88b305cda2939ffe6285dda647b1f4c992e6305e114219379;1025;Investment products;5
a8e866b0bf44238827a60090f5ee62efd22522986b9eb03abfc19b62267bf24d;5684;Deposit;94
847a61300d217e572c777532a975bf68edbc150564f17e8dbe546ef02d9eb6e9;7518;Life insurance;150
211ca6cfc1bea087ba6c587ca91f790bc942554999fcfd9c76795f9a5f8686df;7636;Consumer loan;73
702c852906d66b7e8c48d949bd3c4431554e57105bfc075090a3a69b81bca6d7;8940;Credit card;163
ca7ce5afeb250ee9a29078c587d666faee38da5419016da2e6f47d2288c1d17f;3085;Personal area;57
d8d6116c8b9ea5d13009aabc67f28a405a8747c7db32ef541eecf9e85a85f83e;1090;Personal area;151
b9cfab30a1d307116a7ed4c97b9701ec76213ec867f1bf1f842e7b9b42e6a36e;9582;Deposit;121
4b5587b195da30624d70bd0b8ee71e91ab518141880bc3f3eeeab842b6b5078b;9800;Credit card;191
6fc742a24c3a4621265d569fb6b329b0724d9dbef04a4628f54f7ab53ef37e97;2388;Personal area;86
51bb745fbbff5a537dd2779d2a418cf12594840240917c372002405f39046934;8974;Credit card;176
fa4213a46f0f70bd3440f5f51d72eb02918be6c125ae0401e462619d15ff49b3;310;Deposit;170
9133eb34655350ad4db9f2708bc6c99bdcf682cb1a1d02be05bcb077b57634a3;6721;Life insurance;30
4f5ca92af6d5fc4e20a27767d263aecc9a1ea26cb78c428493c0faba40487b89;3035;Mortgage;135
83afc2e9d72e130f1fa8044df2c9e5cc315a797da6a8280b58046620fec38cb9;3491;Investment products;44
625f44a524a70052a45d97514a95a336d1d94bb9e78472c6c6ed637542cd6a35;6588;Credit card;17
e15a9f2d8372e6976215f21c968cdfbc1148a7a8651b1742c77bed418342fae6;1201;Credit card;195
5c9f626abbe6d63914269e0e5ef0bbe6bafda8c6b394a0cbba6c16a584c61adb;4096;Mortgage;1
85a2348af7940e7c80ca275e90fbd2e6eb0181df97f0e0d469c229e0a228ddf2;7904;Personal area;153
9c4804be8f785b2ba181ecfc8b033d419197a06b39f4d116ef29edec0f40da8e;7249;Mortgage;43
d6741f760099cced11d156d296da71963eba9cd20a5f03351fcba90c625b2f41;2326;Personal area;125
db3674d541a8925d5069aa3c7636a7829f675ca53251841c1cc858106ca89aa0;5850;Consumer loan;43
ba1864089e44d7e7e781f83625129e0319f0b9c55dc6b4adba0564bc57d59342;7809;Personal area;34
e4bd500bf098c9db15568b866423c8a67a1577ebf794aa317be81356f78b7975;5835;Credit card;188
6075d46ce382e34f114f394cc554c49cae7f83e44668f635c0a30509edb756ae;5301;Consumer loan;166
03fa92bcb6affac96968f8bd08a61aeda38aa79d8eec2e783c4207283488c3b4;688;Personal area;53
59fe6f8439aacf71e3a45f5ca91b84175a4c81bba848009eaa4b1cd252f33b86;8409;Investment products;163
ca0a475919a4e94e918eedabfbae519cb72d15519e6f7fcc512d5065b4dcdb85;6146;Mortgage;86
08e079a7f3819ad1379870b8c1caf8a948aea1f1ccf9cc27d3d16261a8e90db6;6224;Personal area;145
ce8f53625db918a9d0c8cb7acb6bab8388e3e3452f8b6176acdb7b64ce305d3a;2518;Personal area;49
6cf76411a9235079d8d773dd6b674c69595bbdc3e0c4d18fa89f3f789064de13;6100;Mortgage;90
a6bf0b5528706b584f7299528823429941b71d07e7a9319755acf313a994bb44;3151;Personal area;70
50f6f52b7923b6b1f5a9d72de29c73af62cfb3b95cb0817cf07234bdd4af41e3;8570;Credit card;91
9cdf761de83b4bdb5c29d847098abdb9def7eb9ff2c713a91a8bed002e692853;4992;Mortgage;90
dc1bf3e8c46c84134d6d5ea2555841d77db6fbc18f895fbb17903c3731c220e7;314;Life insurance;165
41998a47891a7191a93f451944ecb0c8b7935dfe8563ec10f7adeae4d235bf8e;3474;Personal area;190
3ffbbe8cd5bebeefe221b0f9858f5d517428c2e10165c6b9482e6dd7aaf2ad02;9800;Credit card;4
4d84403cb993515d759216c297826dd639f2994a7267020d5393797070e9d3d9;8061;Consumer loan;200
584b14fb864f34b32d98f5fa72212ae181b5836f2bfc1439bf17c58a94665c0a;2034;Life insurance;77
bbd2f9f705a14e144264563006e75e4df645e4a639db9828d41bb2530bb84513;5678;Deposit;190
73f68f925409973ce1d30f1dee3e79825b49f9ba9af4e914b40abd26ea682b14;2496;Investment products;44
62ef4bac6638c2621fb94de12569037dfb0ae12532a3d52f448066c4c89ca510;2402;Mortgage;153
9335a4f98cc8632013705e7e78bf8e908917e575dc97e10f8aefdeb4fda10851;4161;Mortgage;1
4734961fae95de57038b671eaf263ce6581864f41c1f2e74f68ae66c215b02e4;2427;Life insurance;194
45b386b6861232ea295fa0fcf051daa1a735feb7ad4b6388d019f75a2427bd0b;158;Consumer loan;181
3560828fae5a39053b819f1ad4f18a91ee97a5eec699b08854e47987503ee1e8;8026;Consumer loan;8
076f21300fecfacf88ef60bafd702091be1aaa3aaf28ed41132d1fb4e32094f9;7454;Mortgage;78
b6409e98134cc530d7013ed62d5ed63aa58b101e88e6fdca99f0ff29f430a168;361;Credit card;111
c1b6a9301757ea6cd1e7493e3924bf1a71df7289c10e41f7675e9c09831fe7c4;8544;Life insurance;65
a43d0f272e7bddc13aa90b6cd1055eedcfc4fd5d6b187415ea36fd20ca45f878;1083;Mortgage;35
b639002eede805ad437962b545f977a3a0e69ca0eb5e56cc5f22372230c6a2b7;1569;Deposit;102
c53b6b6c026cb897a9f9b78e8e5290cbaadc8d02acf296c13d575c2ab6e07884;9634;Life insurance;51
20eaa2c3d9b5c1d7a77416c2094a6b7baad2632ee502ec46a672ffbecb0c503a;3898;Investment products;17
f4607a04eb8f325f99270665d86a6646ed028be70f9587ee1fb0bf8b22112f25;3047;Deposit;17
5c35fa3b43b175ba2fdb610a6712e281b2109fa3b35f447a097c736a19e3e736;4097;Consumer loan;192
dec6527962e154dee09467c791c3e028e5669f5866d9e87203cc15130fe84833;8131;Personal area;125
2bc63a213dd5687ad6f6dd31eddcfdf242175d1ea49d5d8501407bcf45054aa3;5822;Life insurance;181
960b601a13bdd80596fbf6118b92ba659e4a4e49ae107a9545bf5febc2154cfd;4455;Life insurance;21
b56318e109d7dfffee93a2f4cd8db704354c334eebcab67d8a888b5cd1718101;7411;Investment products;36
0c24a1577f7ac9a67dc23436f818e2f9a2c6a3997825eb0b46832172a2c7c387;3842;Consumer loan;94
fc2148690d3f91003d9c642498f3df3593dbb67a75c08438104ea5fc7d400d54;3920;Deposit;105
3859a4345e575a0c4f5d08c13b17088637c8cebd46f9644abd8bce3f96a1fc74;1251;Consumer loan;15
40b85b96cbbc2a133d54587d3f548135c7996865028c2ba4aa20237c963458d6;9292;Investment products;162
814ff63f4717a619197acb189c3e88c51f1b67556b9928be99eec1959a7b946a;9300;Investment products;146
ad01a19f20a08507f6e7107752ebc464a00a108798aabc236666ae7207c4c222;9586;Mortgage;194
72cf5ea4fcf22e828f7b5cef491409992c9a7c5ff445eeb1069119204ee896b5;3638;Investment products;22
a4ae0592f1a18f3a6b7af947576ba8d550425289998d6d80e8e50791cdc0bd79;4816;Deposit;25
d1baaedfba04756f1869a39d5b5c5f18a0b3c33aa0c1d47ea83a24625b51f6ac;6363;Personal area;181
65286f77c7cf597e4cb99bfdbc78be9d4211cd05f1ef1edc78ca3f492d30118b;6071;Deposit;167
c1b19cb08fcf2c5f4f2d60c15858526df3001ffc294be630652f3533cf09dd93;4511;Investment products;88
db81801f7a38541e2f7bc66b33db2107f6e167a88517b72b03a6bf295f3dc3be;577;Personal area;131
e3212955423556e1bc1ebc12727a1abee8d1de6991fe5ce7652df12987b1a49a;244;Life insurance;169
f986c4173ca8b71bd4248293d0783f39d52fcc9cd5da4ed0f73114d5d8de32bd;2341;Credit card;110
d13e9feeb3827905a0dc340c664752473598f9cbdc8fb568fced6dd923583812;3375;Life insurance;54
dc502cda7097bba9857d2d1f889aac65bdec623e17fad74375d3082f77c6db2c;7598;Life insurance;149
133d7e70f1df12e19a1ee2b950d7a6af7ef68e9aeb642f640bb146d69f8dfaf2;5082;Deposit;175
9e4535160b0659ca8af84395a092ccf63c145c86aca000a8b2123e003768959a;6563;Investment products;54
5ddfe883e52246b6ed08a78b6c620d760d63004d0605214db659ed21ed283604;4635;Consumer loan;78
30d1aa10c2ac1dde5dade4dd11303ae0449b72de16f800dc595572578c973312;6332;Mortgage;87
da41d10489f5cf26d2f25c3a0467aeb6abc880762d64a5a4387bd3fdf66193f4;4723;Life insurance;55
ee577fcf80d5837f4a0275ea0add87b57c83d27c4c370e861ee1d625e0a6dab1;4001;Life insurance;162
97fafd3527e4eebe158233d4fccfb372eb8d1ef24ffcca195fdf52db091c8e1f;2938;Credit card;195
d92624e3aec73d9cb68d828374602c689ef8b66ef643dbdde2cb88baf8ca4ce0;8105;Consumer loan;1
40f1fb278bcad2eca84bf71146f653a92972451485c231f6ed090ee8c665ccd7;6430;Credit card;21
b27cfda5515a882fe6be6ebfd41285ccf0eabde18a523a01479c6999e58051a5;6096;Personal area;193
f51402e299510bc26333f6ffa86ba86072ee7e086af4126292055a828175c578;6289;Mortgage;7
e38edb29687809adb64557171912ee95e01cd4bfc3b6e3e2487f15f9a78321ff;3779;Mortgage;21
b09899ec84ffefe0ee0211a265a6e6177f69132609d9f9e1d00f0538dd3ad2c0;5406;Credit card;188
d98e53e4864dc09aef85c0309ea1a79370f44487f333e0d0ab63ae5687acf641;9792;Investment products;195
9e6c673a0c08032814a3fefb429b655dacb9c489b6019582371fa1be41fec5f2;6944;Mortgage;152
2650c9d33fa0225420fa904b8aedd698b3ed050e47d50fa737d1e2ecc689a7d8;3396;Mortgage;6
be46199f6445a59544190babcfd4b77acbe36d8bcfc52bfe3637c38a6b48a033;580;Personal area;170
56ef5eb3b62144f9100402c2cb2590386cbb13d121a8879436a255d9d836a060;1439;Mortgage;91
67fe98ef36f5ff1ff26dedf53a228fa7a14f90106c359f76eaec525b274e17a8;6091;Personal area;90
69c892c1f033353332c0485588634999ca36440a0b0256b2d50fe52bcb2193c6;5937;Credit card;65
ad2753f3c3fcd43e5f2704273b799eb2bec0b3a7c77c5ab3e5db127f6e929c2e;5555;Deposit;65
0e704ff6b8e2510e78d29f9e25853dd4048f0d19ede30efdf080049416bffcb1;8144;Credit card;61
ba5ee8343f2263328b6c0d240092bd5dd8c2a2906277c3a84b9de9971f27f881;5594;Deposit;168
f3a14f0a9d4e23935e373e6d7efc7a45a85ca04a473eb2e57f0f176a2576a9be;2540;Consumer loan;101
5a77be61c3465aea087a8cd3f4a0a35bd3b6a1ad3bd29b00e9576ce52dcafd8e;585;Investment products;70
c04fd9f59427f0d62b64ea572f834c5ed1048ba01c99eb1b78d602dea44f25fc;2077;Mortgage;92
541e2b5ed5ebedfe2a7ea6606399a7be7cacab1e5ed39d7f1da08c08f29f234c;2735;Credit card;144
0c1897dc522d2a2bc96e6c6f78a09415d1ec57791117949ac501d88b42a7365e;5105;Credit card;120
7d781b4cf9a3e7ac8c9a94963f72f56d8906a634098db3e7eaab5f6fc0427bed;5716;Consumer loan;84
5239d0c4f9791f0378e2cd11e3545cc498996aea2a6bd980d0b68f1cd9dd4ea7;4776;Credit card;13
6a75acb0bdec52c398f723a3b88c2be01476ea4c8abf74ff3c32fc296c619d59;9296;Life insurance;61
96cf9e761519e1e1f0e498b41dd15ad7c52d9bf497be5daaf4373ced6b963f7f;7097;Credit card;94
646700794806ba7f54f77dac04c89d1b461329c1a0effd31650410b66596966e;4626;Personal area;56
06d30a155b8a779a3f7b61aca338b10088c2ecfa7dc2a12c0b86b2749c19fe1d;8512;Deposit;121
05464eaf1e519f0f691180cfd8ce7ee5199bc7860cd800a0e29262102ba03144;4417;Credit card;119
bc39eddc0428b1eb5d1a8d66d25bf4cb6f36a8751c9c8aef509dd883ac68d76a;5639;Deposit;81
535231ae96487752d07a5831e963b262857637bad3f9593c578087fd024ef51b;1897;Investment products;143
acd464533964257b48436968b67082cc1a52875cee6bdca0784115f7f3b32d25;7352;Deposit;44
acffce3aec6ba5b63e43bf89987eb74fdf295dbf804d8646ee07e41a82b71f31;4532;Mortgage;32
b70ac3a1ad3324067c03ed6aec81fc3abcdabaaa535af3ff9d002b5f0847ec5a;3367;Life insurance;78
36d5f6e1048a375bae43422591b04b559dfbb25ada22b239e21399e683360430;9183;Life insurance;199
3faaa49908d6457166e075bb719990192c32a1e09375698eb1b9e47a6928e868;1561;Personal area;161
7eeee8a520e56fee5a1f28093a4c28edef792300afd48b01273852899b86380d;3527;Investment products;39
2ca81214b8c8b7bfb715cb963b88539c79d5b4f18ca5fe28a5a1b9e86499b0a8;8979;Mortgage;140
7ef64dc7642b29a09b1ea0c2f08db71fd41232c9500b3145ae2e902ec48c5f3a;1782;Investment products;47
c38d696f2d0ccfec1be9656da5c3b55f376e9274e5f114f459f731fe5636c739;7773;Deposit;72
55ebb9827b94b6763cf6daa030c559ed2567e40f3c2ad44068a0ec8a0e027d52;5985;Credit card;167
628ed90663a668fd282229196fe2cb717e434dd05b1bc245fb0f2476d49742cd;5649;Mortgage;154
be49c807ec49e2e0747899d95a0cb860e993a6ff6bb9b378f3e67d55c0d0968c;93;Personal area;16
21de87e63175aa24989faede483a0d6de98a121196bffd8a27ed2a7ea0329925;1879;Credit card;151
5828ec17b5f940a40d60bc46daee78405c9e17248efeacf180685610e2aefd29;1023;Mortgage;131
638eb0808b9c14f01ba22aec2bb3320661284223b029d04076f05133c13eaf99;2597;Deposit;180
6bc4ae747d9ad7c9568aa1d9f5e1b8a7a3a3826e81cb11ab6de068fa794e27b3;4002;Personal area;193
f30acf47371b0c3df62c45c574a2a4f5b76dd51198e4a5b993c0355740470151;2385;Investment products;93
b1deb43aed0f0e8f4a9b7cdd0403aad69258cef5a572ffa6f0220c4a0b9cc075;6188;Personal area;7
1983a96acc2d12204adeea33a5f2dfe61a81ba91892026b124af6896dd16c944;1650;Consumer loan;74
119a2b7530aed54e2131d9aef4be5e17d22d494905a132eb6957908c00b25691;9688;Consumer loan;78
9d52577729d9449107d67436e3301fde71ed901a51e711c98792aeeef8453d6c;5264;Mortgage;170
9072bd20d67a5a0b2fbf3ddf4782a595698e75a595f618323d953928fa1dbaf7;5203;Mortgage;200
b9aa6c11e1f260cb5041aaeb97145d47e1489deb42409b33bdb443d9ef251ddf;9535;Credit card;98
80bd327682aa06301018d98692ca15508059e302811701b570c0b859c1ef1c17;409;Investment products;104
db36cdc500bad9cba56b6f1614ae9fcc4accf66c5355c3872888bc227d590d82;8145;Investment products;16
1489796584d3f4d7eaf8883b6d1e434e1228343f848379c6e12cdd9d90824218;3860;Personal area;26
ccdc72ea2efb07eae9cae7713dcb80b8c02e34b81d5099d99d008f541320a8bb;5755;Mortgage;161
2d74d52ee56bcd932e82303365e4df7f19df1c45c1d21cd57cef2171bd3d7c77;2059;Investment products;75
96ddbc4e8f3f732becb960caa721e442309813dbc099022c34b8309a49d8eac4;980;Personal area;189
5d275b1341570b27ac8930ec51b0bdaebb70606661004e525b6d659195e154c6;6573;Life insurance;192
fd3b77247a9fcec8b730f612254031150b8c4f3b811e4234c040ce923343c347;3174;Deposit;119
c4d982b3e417d2311f1bbaef069024ca6673fdf51577aaf9b061411980f382c5;5096;Mortgage;95
b2a3f947fbf199f078c82396c052484296bc0690d4f6d8be00a3f70371773e01;1399;Mortgage;44
34eff48c7e955c0767e614a462c78019ba09dfe5155272d890a3a106321d5767;7975;Mortgage;168
3f80f0b9a93978c70e7beeccb52ee5b8515602f80b0e5bb480a1fd8adbc0757b;5022;Deposit;44
3f73ffb15b191206ffc2f83b831baa0e8916ef996f299346c44022ecf6e82da9;1909;Life insurance;1
25e8b442318f67e0c9ea7a8f7c56e8d83c1b2ad704126c5a3866b25ea42dba09;8529;Life insurance;158
ed6258f74613a4b91b07ecb9bbbb75cc5b88c5b68618b460f4e4cd5bd69c22a7;7342;Investment products;150
753377260a78d3d84edaa0744c756d4a316e6241e1c1891ad4df46124e4045ce;7799;Credit card;166
b3e45b1f8a83423c297562bc666d6ca6dd3a6a89cccd3c54945d29b90f5afe84;4630;Consumer loan;11
09e36d413289496c3863aa69aa7662cc2b83b2917ff20834d4fcc62569c01882;7304;Deposit;99
b28c0c000f09d6b486cc7f8812e1b51b5dedce59b4fb0ceb8eac5648dad76a69;6169;Credit card;142
8d3e1a224db05c475db70064137f2261c0d5f4da0953c741bd8884117e947a23;7834;Consumer loan;59
f62e621f0acbec5ca3fd3fc6a53092d02598dc05b5281a93ddc47ff3f1e1504c;3277;Investment products;151
bfd41f72f9cad2dab9f8616e9379c732aad74d5728348af9e011ddabb4072b05;7019;Investment products;108
81cb35e1bcfae531cf1e9c879c37c41791143cdde60e6acf167894d85780e8eb;4382;Mortgage;39
69a3b4d9866153e87e9992f0eb550a891f06d801b57c1ba3dfe3f7137e04a670;7665;Credit card;68
b8f61215a3d7b69bfc939e2978816a0cfd7c79666fbad7cf66a195aaf829c3d9;7192;Consumer loan;106
992fa5f61aa047f29ec0800be594349498b88386fde60384f065e6eaf5286b79;3769;Credit card;41
331b28211d10242d82f8d1bf420e40449543b784b101f1582b986ee4cd193926;3878;Personal area;129
7a14e8b237d57c93fdcb5dcea8064de2cdbb301ed5fd440e45aec11b2c623319;3281;Credit card;174
df7722a1cf37a693a66ed8ed10e82889f7fb1b4136ae06085a10f6736cb92a9a;271;Personal area;26
8b414e8651f1e3908d91f1575ab49138cede6f6b0aaf8da8c9d2da5aff5800e8;5906;Investment products;156
6c71810e7689d978ad1ebb80527a157787c5d269789a0ca7c36526d648e9fa4c;23;Personal area;63
d6d408c011e90b9700072ba6d62b75a61c0c5121af1f1216267a3768d38ee955;3887;Life insurance;152
b2ce4ba7ac8d2a920a9e75c9945cfd288bbdd68640ee3b77c4f89570e7da5861;8302;Personal area;48
7b3329dee9c150d589f2e225afc7318d91dbf7eac3b5682f6d1ba7d334995f0c;9410;Deposit;65
d113e9419c9ac6a81dca721e589a0b79c64e037f8272f7ac4578ade7a3b88f47;7453;Credit card;96
3d8d426bc6c9d43875b6adbcbba340ca0000159e6c9add4d87f0302dbf5cdf10;1246;Mortgage;122
d139c2a830da6b4f5eaa1eea4c175c7e7a73861afaf86c158283dd03142f8da5;3167;Life insurance;178
80403b73afd65f0fe70516214fdec3ec4194544257525f2113030f42185d2454;2995;Consumer loan;20
377782c0a5e8fe9737660636858c430c7998746042c7ceaf6f6b7a9802f37829;7008;Mortgage;36
0db5b4e1f9ce0dfe32ba7fce7d4cd51162cceaf239523a1babf39f529aaa52d5;9750;Deposit;5
a3ad2ca60592bd9b98ed586505daa9ef5e83458ccb6fe385ca8f55a3fc16669f;2532;Deposit;70
559f96196feff8469ecd03f73ac56732d456894b4713788e81f2e42e3920c139;7792;Consumer loan;132
5ed23ec2f3634d9d373f55a8e4e6440867436a12c1e9d4a404358a8406129496;1057;Mortgage;47
158a24cf7851a569346fcdf98be45015ea7df87f37ac9c372b0e35e7f9baefa2;9341;Consumer loan;97
f077f81e1447f2d42d43574c46068c0aa7f6e18d4f37dac22480cfd9b0522d10;6383;Investment products;132
b03d4c9a60164eb536ad93bf8d6d1573cfe82b64bb9c07d74b7008b392b16b0f;7290;Mortgage;16
bf9ca3b10bab7f75601fce08a798ad2dbd3cfc9f3d20d19f28e16f73da02c93d;5591;Life insurance;180
0ac91c4a55de88388017738b9bf148f5338c1fd6ed64a9c45ac6cacb4b4ffacd;7146;Personal area;29
9d417ed97a7b78e4ec3187ae7f9b0c7989511b9eb443f0a15df62c3c661b92ce;2631;Credit card;10
13d1bf6238c8ff32fe5802f0b531b1e6f773f2664f744cf09e27c3ec5ada6a3c;2275;Deposit;200
891dd555cd23253c3402fd0cc86865a62cb109a9360fc242fa3c195fbe13b94c;2588;Credit card;158
7d6dc77613e2eba8f25de81c093b4b5dbf8745d9d44df1eb38821ef690323c4c;3497;Deposit;151
2f4d59f700f8a386a4c5065b1705ba96dfc202a3738b188f37d8b464570296f5;1894;Investment products;163
4d84cedb8ff33732de2df63adf5c0b2c2db8c34ef9d3818a6a28a4bf7c7c4d87;3316;Investment products;197
0aec4655fe1cf7590d81c260b48ba2585dc591a58a8f9d54bfcb770a242dfcd4;592;Mortgage;7
48910d4e33c8842fec4fa1cea078732cb00932016d8c1864abf91f9722420b95;6096;Personal area;91
46d8208c5fd32202b35833ea028f0f0456b235791b7fe99e0931e02e33c15e22;8735;Deposit;182
9129f8acbe59524790c0651e58c9bf460b0ad069aa15a9de4546f9f6ed77a0db;306;Consumer loan;18
0a81daaf216a3d97ece936bc8e4196a63b70abcb1f0e301e95c7716a9bbe6535;2279;Mortgage;133
b9aa18d58f6f1df12f81fc1403074c7158ca44aff7333166fef0c6bea41d3d15;3424;Personal area;3
da531f49500d5578cb17edf9960897ee954766898cc1807aa8608cf1a07e8525;1809;Credit card;180
9ad087c96a0795c4d55f48aca539f2e1629c8274d9feb409bb5b5023e3abef8e;487;Life insurance;162
fc0b8f51618224944375dd518484831f56230189ef4b12ee6c1fea44947ae8f5;8788;Personal area;160
b4dfd712664d8779c300c291f02033e3751c54fbf2e5df658cae7fef147a56de;1962;Personal area;18
09dc3e754357e3f1c1536d2dc2c941467053c244a5ba44602bd72f3bb2fda81d;8204;Life insurance;25
8288221155ce564b7becf3a8460936c1eb87076c16a40eca12b5c2fd70d44cf3;197;Investment products;82
f75cecf2417a2d39edaa56560f0bee8213d3201a36be5b463f91a1e4ab3d4b6c;1436;Mortgage;101
be2ebd31153ee6914359682581195fab98ce09251a2c9b4738b9cbdf57fc5279;360;Mortgage;96
3f26e14d19236cee2a01c2572b408f8b50cd944a57cf1e30c37cda733f6cc621;8501;Personal area;76
37ef56fb59ae5034811cbfff170db1fce1c602ea6adb717a36cd886e7d6e2a15;7889;Mortgage;199
eb91ec9324569ed81ed8c760c42eaa2be1e5e550d0326535758f6fa29bf2d591;4625;Life insurance;5
e3db2d54258e5ef178b6ddd1df112da8feac981a5cb4922cc3d04740da2038e2;7990;Personal area;172
28ab43d5b324bb819842eeedc24a6db1f4bbda815b464a14be8b1f2f2ea4a660;7214;Mortgage;37
665c884ba8fa9776aa42e552476e682eb29ab14602ec6c6e134eb5733b65c31c;2086;Personal area;192
595f742d3629a98488e9b6e7ebd91c8c2d047cac3a0d30ae9fc2dbb9fb4a217e;3328;Personal area;77
fc18ea9e6230fc481a563e790dc310c5508fe3b148af4daf8eeff708a9963918;3354;Consumer loan;15
153a7387fb5f0afbe93d14afd1365c20adeb0fe6e6630fae8e955003698fb3d7;9178;Investment products;84
b2d3db05ee9a570cdce128096d392a189dcbda8083d354d1ba073d9f897cb649;1405;Credit card;74
e626723267f0a1627cbd0f67e7fc6a964d1e2b2016f27a85f2447c64988eb7ab;1723;Credit card;66
c4b93b0a5721872fff34b2b1d5010324d80863708e985a9caec146f95444f0c2;5328;Consumer loan;141
8d3427b1206f7ae41b074d665d29554d6e3de4782d68a5f9d87404c3cfb3bd14;116;Life insurance;106
cf91fc74466ad74b5d795a90462349edf9fc346343f92d91ee622347465b5f54;7947;Investment products;151
e896615899ad82be11199c533378ca4184bd8495c9740e8d5c4940cce7a7d61e;8647;Personal area;195
a4d7f07b64f2aa32cc9c4a91922ad447c40becaf5c2f697f9c9660e8a16b3bb6;7291;Personal area;97
f268f5f441b7251bb4021b3319736f2319b259c007718571d7f360e1f4e80de4;3892;Consumer loan;30
cb23cc0d25febe24a3be4036f434b58577fabcf6002b9c9a5f74920d060842da;7846;Personal area;187
93c09df7e2330689c7b1a58bb92a8d655845e5a53da1c246d8968d5f7fda1d0b;1153;Investment products;189
1d1aa34080c0c5ec47fdba6432950ee49606f0f176deef531d9044303380f5e6;7655;Personal area;59
ccbbb557087e9f6b4c6da255c10ef54115a036c8e5cc1f6b40770f327675fd8d;5773;Personal area;81
7a69bac963332216b66c1a69304062160d5ad8db2be4b24bbd144782a8c9f809;1993;Investment products;6
d654a6645019d90f55957b1dba2b6c1158a0504439a514b7d39efd42eb8e87b4;8421;Mortgage;28
2f021d3e7fd7e2608262a923a813596bf8a311d2791d092b9a937bd76346ece2;2904;Mortgage;102
5578800bcd6698b9b4518dc7cefffe27c523425540ec7f5c16a9f77e3c1014cf;1626;Credit card;72
d2a9570451bc3259da48179baf31be25eb3670d8ca63bd3c77d4cdef12b967a2;9939;Mortgage;28
3644e82b4c161d64b893d022fcb1c749518bb464a4f85fc6082ec010cda0c468;3721;Mortgage;21
8c7dd619d62bffeac12781680e5dd61cd9853d28889fa42e26eae59f888b7ff5;9009;Life insurance;168
dccd249ff690563e3e4485a845b8263cbc2cba6a7a0f4137fb82c2b0461b6bab;5654;Investment products;172
29000c1be3a4758fd99ea7dfba4a77b187475808b50a4694f79511ffadd1264b;8008;Life insurance;34
4eb020904b394b2a71fd19e73a241c4e50ae7cd2b1944fb10b9f293d4901dba2;8447;Deposit;160
3e29868c127f7b554710f6ac9e73e8059cc9d0e1bd17064bb3efe7b517969fe5;918;Credit card;142
4102fbd16a80dec28fa3b9a1fe0fc0b030d225d71cbd8f0d8d22166cd4aab6b6;9248;Investment products;188
2d86730044604ff147edddcdd610f5c6729c4882ae6576a149739beb564f19a6;5547;Personal area;152
8de0e3ed3185d838ff22ca8c55958e430157a21f2bf491ed9dbdf1adffe8f018;7442;Deposit;25
a36d80e5c04c3ef23119830ab62242c3e5da5c2cb6e8929305b2557798d4a1eb;2318;Personal area;164
ec7d0b9885784594dc4bb489f3805e90c11c02728582d7f9432251d139ee58c5;637;Investment products;22
0cb2833c2c8167b0b98d86e69c819e558e71898baacd9eac216d29059087dfdf;6022;Personal area;27
5546cd51a6b42160b618d7cd954192587a484180bf748e9536488faa3b75299b;5165;Personal area;25
8c6d841345658a8d3dbe9499ff4063f107c99bdd05250df9a754c18d84a59b90;221;Consumer loan;59
694039ae67842fd0d9316e58faa3cfbf431514e246dfbbd250db685cfc5d6de6;5081;Investment products;197
ebae7345cc8a91ee687f18a75fcb10f06a899705cae08e8b45f1a5e39f4c49aa;7979;Mortgage;164
06331aded4b6d0fdd0ab3c2d2a6fb40806479c69f1574be9c38a4136a24c56ae;7526;Life insurance;135
6a7f3eed95e597481181d9cb3ca01b1771550452fc447e2b73aaf85081d97481;4649;Life insurance;86
6f124f98565d1641c07a78cbe616a731a5bda9caf5e1d643745db7d4267a3c1a;4092;Mortgage;5
5c59aa84d0621565dc91beef95a884bb0af7fcae6522d47927bc01eaff96dc0d;6721;Consumer loan;8
6576557b1d52ef3630cf542c02a2d08c75d238a5796dd27a4f0702c8b4b0faf7;6528;Investment products;2
016b38f4ae8932e8486436f17f0a392636ac3c5c2cb72b5b33d93269bdccc034;6989;Investment products;178
8829a23db0d45227454f19f17bd75b1c3fa88c3fe0901371c49a34ccffbbc649;6338;Personal area;98
21d1cd1c759e756b02f2754d46a54eae428de8dc721da61cc4a055d043cdcdf9;2641;Deposit;72
179dde32b3a97fcdd34b206b1b012df1469c64d98512dfa907faccda75462658;8446;Deposit;103
bf0366660ccb7aa5b3a868c60f91d8bd82e18e2569cc7db0b2632e501ec9a5a0;831;Personal area;111
68ff62c4baf0782dea1a7ad4b9d9bad8c5a319cf7072aba3ba1dab1e200317a0;2022;Personal area;153
a8ad4ca668a596d4d18257dcc19304680fb581fe504efafb1b1cf2384d17cb83;3057;Personal area;172
71dace3e79aae76a3a8352989199b9e1572b3d90ccc12ab0f1c6216454746855;9481;Consumer loan;136
9a623ee45f38822407f2de187989885bd9c967d509cf8a1930861add14661281;4645;Credit card;67
78c71261e93cc21aaa7422b1b5f136f1bd135afb2aca3bef40982b16f0532c35;4861;Mortgage;179
4bc6711898ea0ac0c8ed640c9971b21090cd03b06eea5eee0c0cd08b8836fe90;1393;Deposit;25
47152c76793efbf7027c667c5787244bc158edcdfeab9c3da2020c941dc6e96d;2536;Deposit;67
81ab6bf6562bc524d91c3f61442412483c1ba432bc533e9716b36a52e570e9ce;1270;Life insurance;110
444baf7638d8f4bb34bdc6c6f370efd389ef959e824cb9eaf8d3c7bde10aa3fc;3372;Investment products;18
41811d2d110881aa6790fb97caef05d7de33f2a9ed08df44b419c5f5a09742bb;3126;Credit card;54
4da502f43623143d09854159c79fa1150079638455017b42039e2b7cf01942c7;1643;Personal area;76
186da03a408c575b869bf3fa4cb388be3aa8e4fdcc1b181d548d2fc70f8c2989;7845;Life insurance;141
068cc4b74522d94a9addc1ea614056bc63199a15e12491d5eb239e47dded277b;5225;Deposit;121
51646ecc154d00609ff9af16b89af804e58bca20aeaa362dedc54d073f06943d;7193;Consumer loan;128
0696d0247df802819a5e43f6e92b7df793b4526fd720b0a848556b0911934348;9287;Life insurance;78
47d7329f491b878ecabe96d34c5e2baea0f31992858a22ebc916cf934148139c;3927;Personal area;22
33230b21004f1f575f51f7f702698c8272a9c079a8006aa3111d115e09b5aa3a;463;Mortgage;6
a722899be91589f311e10faa4a9351196c69aa602cafaf438468f1348678bc45;9317;Investment products;19
2890194bdabd6530c9420581be75ffacb4d0926c83c4618f0cd460f022d59465;3917;Mortgage;47
6e273454a398d7999ff75c3fe9f838aac7f0be2ccfedbc7afd2191cabeabb49f;7015;Personal area;77
a80bbafa16e3eed5886e1d82d4d836e0f29b521508763fb9309444615c465697;5210;Credit card;169
b5b8a34dd404d8d0077d84f640a87495eee2d376843bc56300795944b9033623;4502;Consumer loan;173
46a38a15652cb0bcabd1be38e257b18a5a538130aeb911eb817a7cba0c52ca9a;4519;Consumer loan;63
a2d776892ec3afb4f970dfec28c7300c3a0f2293e19083d491fdbafcf59bedc8;3090;Deposit;164
87b5ee4fb6aebc36bc518436a61b2ccf4f8840a99792e0fdf000395eb721b429;2157;Deposit;84
5b1eb950fccc82a38d2ceb4568acbeb52e61c1d9a83767b9a93d96916e3cd879;8384;Consumer loan;65
18aeee54c6a0f5e6196efe0a59b076ffa1d1b6f8d87fdd3d4541913c5d20ad99;5402;Deposit;55
cb636f5279f7e1755012450cb25f81d186732864856758ef7b950c3670f8973c;6924;Deposit;154
ce09bea4c827d99c03d74db641307d8c8816dea7ca86130f08d3efd110f5bf74;460;Credit card;109
0af19b0182bb198618ae467a7872538c14a784074913134964fdc240f8220e3e;5272;Consumer loan;175
e50b30655b3aa160ed1bb4d381c7e63f8a50732ac16fecc5e278aa17bb4a0846;1913;Deposit;32
8cf21fcdbba96e195cd0d3fbb16145859cb68589a19515465145ead78d008cc8;77;Credit card;134
3601b3a33fb9a783f385ad34350abac83411c0538d7c1f06c82592974d919985;2981;Deposit;141
d156c13784580b45803248bd1e36e4b58c11aa96795ea8d280edc40fb2365c42;7534;Personal area;117
4b838bf1bc7ca748da711472fed43917bc1e6fa50832108fb10cdfa7577d62cb;7;Personal area;164
0b1cb5bbb031c4c6b2df1ab2dffbd2e86d7678ba6536e4dc878bac8358d51c2f;2090;Deposit;112
9b218b809ea521dc74f2179b02af5b1e39bcd23f39876235682f8f0a5b1525f4;5298;Mortgage;125
f6b665e139a37119db1bfb0e87ac3993a37796e288600e3d1135965e859d9c45;6523;Mortgage;22
68e63495fded52e4766cce0c13602b97bbb583f7854eb6e2961db04cfb469cc6;8268;Life insurance;33
75225f11312d6ead5c4a858031cb17f131b098a46ad774b4fdf23a26102fee79;278;Life insurance;110
4566cf8c72708a6cc0947cfdc4136603fa5824d6f04e17e29afa9f9cae2e8dea;4846;Consumer loan;19
4cb2d3b5f5f688c54c8c519b8e4ef31789bc8d55df755718b864dc5b6b19362e;3460;Life insurance;35
f1edcd13291ef72607117565a36edc00f49db638565b0af6600cda0191d93a24;4896;Personal area;113
f2635f78baea72f27e68be2b7dd54ca9fe746ad2189641d9082381626741dc51;5255;Life insurance;92
179d521b1034957e5df545d483a5b6570b64568c90acda4b028560066bfff718;2656;Consumer loan;126
1215314a3a2ef10c7ab7c6f5624ec04b2cd752d21f907ed21c9c6507ef58c5b7;6758;Mortgage;34
d4cf9665be332bf93b28625a3150b665680b19967415294aefa54119fb20a7aa;3475;Personal area;133
cafd5f733c36b2a9046be6d11b168a4f4ae3baa0e8bbe017f99693342e7bf144;1397;Life insurance;126
e87984b12a89f7f9ee87a2e9146aa6f9d8dc437a4033c38b078ae075686c67f7;1105;Consumer loan;22
edc6c87c069270138a92acef5065b71e4b734eb67a10dcabbcbfc504020987f4;7925;Life insurance;108
718a803cee4883cfc911e74411f3067a73097319c5d7224a92052c1834fbb46f;5245;Personal area;191
75105791bebc646236f886646d271668efc36014f542fb7b2851a1f38958cfdb;7384;Credit card;2
a6ac89c75582383aea8f9c7a17e383cff9a3e311ec3bfc870571222966af5b87;5079;Life insurance;125
525ccab5fc392a9053fa2ba02e6d5cde81a8e323116e24ae3a90c90fffe0866e;1270;Life insurance;181
9f992f680490a52ec1356333ed353af69ae5b5d001c008ef26912d50c6a444fa;7376;Mortgage;63
552686d5109d46e6060e3a9d695546ad5cbaaef02aaa878678ec0b7a42d06240;2220;Investment products;14
5952e576881561619e31270f5257a9efc9c1a37a56ee2ec418d2622e5b1cfc71;3934;Personal area;55
1fcd1790d14033141f01890ff99df1772686976c829aff0ba67805c0f87e3281;9437;Deposit;101
48929817d62c3bbda2ba07c9db561a312852311a628d69ae339f946c3d371e9b;1709;Life insurance;197
d4d5597e9712d65bef8a818482589baf549fec8c6b0fd942bd90f181e3afd5d8;1240;Investment products;140
8b8bf918544540fd9cf37ac8de629520cb5ca0b74a19f756a9196635c3eba723;1082;Life insurance;147
74d4f5e85f729609943cd05223f7db6d9c3a591ccbf218f44f7d6250c71d1205;5334;Investment products;27
55c3ccfea8285fb7251f2d84fe3b7ab2bd691aad902f0137b5e732a9abd8c008;4751;Credit card;60
18c3078dba7d0910d67d304491e9bfd6952186f8d9c7941f9d1261b87cd979b3;2755;Mortgage;1
02584ad94121d3c759fd2391a37b27e0f000d6aa701b6b1886eb391062ecfc1a;5782;Personal area;7
982d6e8920cad5f0f0c1fff60cf0142ccdc84aff708963278661a5d2f4da1eaa;7209;Mortgage;200
769d8606a649cf2d9225b24d3a6afafd14f5124682f3d51cff2ba9338fdc550a;4013;Deposit;96
a6905d2ec6351f092087d258eb1677591a6ac2202f6cf3cf2ed041091a60ea5a;4303;Credit card;85
6933937a9d5b206b169e88f37baf94930fb343e67a69a064e15c5ddf44f15fc3;5211;Mortgage;52
e068eb85e628a2168fbd8758f6fdaad8f4673cf537685acec05fb46f02a4ae0a;6603;Credit card;20
25f54f338828525e5e4f24f4f8d839b67424097211576ae937a209a43ea07315;1618;Investment products;185
6e3848996e68ebd88592f0ebd0e2a37cdbbb54d64dfd71a9ae469cfc94bc037d;7407;Life insurance;79
bb408a5d593f52a9d95cbe50120f0bcc3aa70efac64819909b19d63a09abdba4;9604;Life insurance;80
461437c786e9f8deba30a75cdf6b1aea26b4c521dc2966fbba80f0f6d2bca786;2676;Life insurance;137
0d649a73ca887989419c6cc47342412a4fad1a7d2e9bbd4c7e1ef9ec5e2dd8e1;1403;Life insurance;141
9411e6e960f4ca7fa4c5220ae1e3ba7be51a7685b7a43f5731d3d40376abf83f;4576;Mortgage;72
e753de7ad3d817982de09b6d9d0805951b0f64053dc0a2b457d1dbd6ad4f1544;1170;Life insurance;35
7ca32c1b21300443d29b8a4dad6bbe2d545b6b3ddcf71c3a196587d778669d6f;9201;Investment products;180
23366b258e9324e9d6e7c0ff9039c032713b9cdd9e487ddab3bf5b9477645be4;1282;Life insurance;68
ec428eefd20030218721d229a0493c9be12a20abba4edd5b8701b1ab7b041227;4710;Life insurance;127
4c97b53a34fc32b68b449b060b3ecf401f9a6103adeed7d0a6d1f2f91eb16b8e;1389;Life insurance;66
8701d7a66fe66331c4abd8627c576bfe7895837b08dc2084778472571417aca0;219;Deposit;102
744a485d45f24a4bc785692b426874e24fbda51e5d72608b58f64825e7932592;7603;Mortgage;9
56e605a864e2cf1ee3d4a675a036519ed684c356951e5dbebfed57bc1b490c33;2157;Personal area;135
ba572f68924e6786f386ec0912ab5a225a68ad4733a6426ead122f1efde786e5;8236;Consumer loan;144
127bb0a322b39a2a4dc679a08a04534a5e57a9640312231b3366efcda1818d5e;6172;Consumer loan;85
4a808ecd363e3bf4bcf91e674442ddecced780f7985e2371dcb5383bfa8fbfff;3794;Deposit;161
18c55dc05fe2fabd6aea93fcbbb4ca65a2281d372179859feaa76b6154b18de6;5963;Mortgage;83
ba45fbd4c1e9c482ef876153ee341e9bb52f2b8c499e752e8fbffca45f6688a6;816;Investment products;61
dd62791e2ba7ebd82eeba765b8836f4f949f81f6543fdf45a673483207a01bc4;6497;Personal area;145
0f5a0831f267ba1f95c6b85a232fcb1fc347c4115ee9891842c91c57d1c1542b;2193;Consumer loan;39
35876a80a978fc2161f188e6a8cea380251b17913e689e850f20f37466dbe60f;1162;Mortgage;5
4a6b22455c724ebdf25b3d0b145e9c3cc50b1bf0331783e79fe8ae42c5df5673;700;Deposit;193
dd57991fca140969ba75b4efe2d95f6f6335ee292e07dae0171a8786656e2178;229;Consumer loan;46
94fb8c9a3cf85ce880a45abda5cf351fd759a5dcaffb6bd1eccf4d87f9fc1dbc;1038;Life insurance;140
7f8e4786de99e17c29f42374047fdb6d47fb36955c1654f360e7b715143b156a;5511;Investment products;98
94461ddfc8b32d103483a31f442d4eedf322a37c6a26aac741727f14081b95ae;8737;Investment products;4
a3469333a22480611ae14ddfdd8f359a4ffeefd63f4b4bd99c216271d7ea1530;5686;Investment products;130
1a3bc4e0e0f6c2f658a9324cc1f99982b5fd7e042aaaab9713504025e621dc0a;897;Consumer loan;28
468c2cffae6c27dd85df805f9fbfa75e13e9d3467b43624cf753e53eef84e714;3962;Personal area;57
4de5fa3beff6c6955a76e6625b48772a46d25376b9133a586cb95547a33f1ee8;9167;Investment products;167
d5c51beab143375a5d076d28f5cf26aeaed79ea004f1ccba43af3155e407c9c4;7026;Credit card;77
84f0234871f30c40624f9a575fe2dbf2b0b45c935a86feb5d5da4975a6fb79ae;4632;Investment products;124
31d9acec7b7a4b56be66786480e946878b07fed7ac634cb86863abdedf7a4d91;2714;Investment products;153
feaba1e5a831dce3f1517f8f7732e3590453d80f4c109acc1fc3a48982a938e7;7145;Deposit;44
d0f457b29d919345ef4449df8d2f67487361ef54c58ae087de70ad9d28a3d784;3572;Consumer loan;33
32d2e6045bc2a8f986ab9e0ec4f558a9ae1a2e9ee934a58d8b9687f01c3b8fa3;5717;Life insurance;13
4954252a46f59d6aa0c34cef3ad678f815206d1bd897a526e6d3ccc80ba2a290;8517;Credit card;21
7bc22afc0d4036b7cbd697c90eb56cdf0e6afcd1fcd74cde33fb948fb5bddf8c;1025;Investment products;67
a62fac793650a0e42617a0492b5d392cdb30dc328ccbff52e03ff8b538bf7c6c;1706;Consumer loan;47
7a3ad33a42c30edfd81180801f0e997d33bb0d5632bb932bb30592da82aef091;8054;Life insurance;109
8ec030a2460d95877d9f31dcfbc042728e4246d456a24caa622ba8847cb7bda8;7710;Deposit;6
3a1c3d0b8d451f61ce68efa29bf157f0fdf4dd1981d6547f4aeca473521bad30;983;Investment products;66
f08d6269c7ba1becae837aa5efc2251f539f9637f9433fb9f4a19a65fcc48b4f;5792;Personal area;99
2f6e5e1b438c24a8eb93cf1d1e8f8a2da00fdd1b4dea30a508bdab75e7284258;2985;Investment products;139
757f9bf6a41809d6354ba9159079c2d533e181eaee3af44d6d1db83244baf2d8;7658;Consumer loan;181
79cf2d552e912ab0ea7cb69c3f7680ab55a8acab6acfee2c2f4679f77abbfb69;5248;Life insurance;158
205096c619eab1214f30fb20fe566dcc55c90df90c8eee10faa124d95802edba;8336;Investment products;53
aaccdc7f3f3e5a889bb23ca8ae62ee8d31404ed1a87572465d3a9060008d8945;1139;Consumer loan;155
17d022303b73e3fbeedccd88382246a9da7b41cfd773fba31afb698a8a42062f;1650;Mortgage;34
c0da735a0822bf3f6346dc68da8017bb61677d700ed4f54aa83d27ee54176690;7422;Credit card;5
7c4cf694571d8f1a9f6693fdc178f1b95790b40c59fa2107483035fbce74248b;2012;Mortgage;5
dd81bb0c0a1e190e99c5ff8a0cb479acb61be75f628b03958b7262e59379fed1;9980;Investment products;73
cf0dd993245e4d594549887d22fbd731f9ecfc11081cd273d0fb457fadf3121e;7710;Personal area;11
6d195bdd6688c076e00e66e83f2bbeb2f93b27f505916aaadb3b24beb5dbcedd;8677;Credit card;135
846d28d680cb98e5c18c823446db3c6ce919dfdfb9c262dea13b4bf1f306884f;6376;Credit card;159
5c6a8c761a0080be734ba0376d548978bbcf77bceaab5b859940af585d43dc79;7314;Mortgage;120
59622611472aea17336d3f568e95f0d4e089735b272163e5ce363175cc78e448;4031;Life insurance;93
b09969ea5ef034fd8aea4cd73ca8bbd203c35d73007469ce169264e029f5507a;3368;Consumer loan;102
6c985255d41748f7b81a90775ddbe658bc1084275f406eb3141e127146c7d757;3670;Credit card;101
bf61d9e205bc906d610f58116e2e4bc7ac8a417cd5e242bbf64bf02652f6dd1f;7221;Investment products;164
e0095dc3c97dc1727782c58ee28958d4e203879af141fcf0b0d001faf48f729f;7757;Mortgage;141
ccffc1bbb029e1509a1a5f1f107860585ebc61034f00e4287b1568cc4ff33678;807;Investment products;12
333398ddf35b57421187b8447c25c8edb5938fa2f35e1a5fd47208b9857066d5;730;Credit card;100
749dc1e1dc5a9daa2ffc6685336a0b56a36f02502583e2dcaadef63389f0f532;2903;Mortgage;75
2054b4291d9f55d361ec83e573b7e1a9aed1376eea62c77fe5ddc89dab23af58;4050;Investment products;43
d20a859ef9b0caa2e52ba10b4c741f19ba71f4a99af4c84488b53210dbec6d7f;3342;Investment products;97
af056b64260784105ff60b862637e7ddda2b5c3cd958899882ca7ffa7841c740;3451;Credit card;81
19c7ae416a1c260e02ae2be84a863a09aeab959baf0da527730a527292d7ea8d;1050;Consumer loan;24
3626f4e10a0f24033b5d81d5d2dca71baf0adf0352b2e61fc40be2976d584167;142;Mortgage;85
64d8514bb558a5e4aced03200b9aab31e728b5ec13bfe1e92e4c9fbb36af8f00;428;Life insurance;60
246fdef0ff08b78bb123c8fad009b63f5bcaa7dcc52eef24317d64661f653f47;9927;Personal area;197
f314eaa7fb2bed425cb66c804911c15060bb7c3c4348a495884757a195bfeb4f;6902;Life insurance;66
e91703698d522540c6570143a89d2cb7cd18c0115f4e64f7e68e51603276d030;7564;Credit card;199
07d3e14d760e46963614a24a782b9eeb1453cd1629134f7f9f3febbdf6eeb5a0;2825;Consumer loan;190
72cb9871ec598d2f56ddf7f58e663240d41743356d7499196be16ea5ffcb82fd;6823;Personal area;108
3918abb9ece356563aede7a921d8f1fd5729b969f1255b23659b2f8ed12fbadf;991;Deposit;27
71563c6a124340cb99d10aba4e31f0753e3a3c424328aad9c9bdf6b0fb071d0d;8466;Personal area;52
6cb8e39d942d5e6b91201b96d3d99fb14c4a1dd1db7ace3a493f35772c4ebb6e;9307;Mortgage;16
cacbedade03db134a324a651f508fad8af97bfbf457f75d2032049efb9de7e5f;4692;Life insurance;185
ea973a53439e710f4e83b182f0735d0070569d44d055df9621948c6b4d6a41c1;9668;Investment products;195
65c409fa5c8af3a6cfaa951d362019066ca8a6a0232c8e2fef040c90cb765df6;4606;Investment products;19
4073278b938f4d37d68e432941aaa0c64b3c548a2a6a1dbbfe7d890c131d3660;8714;Consumer loan;143
4ea086ed292fec329dcd2dcf410cd856ed59c8bfc77093ae0d4a4cff43ad9817;1400;Mortgage;169
bb05dffc5b87d5bfe2c24c2f6f35c747bde0eb0bdc99cc70a9912057cc79969a;671;Mortgage;187
a74834eed45cf305fe44e816ab2289ebb0c3aeffe046737c07a257d7012f4942;4884;Life insurance;45
c1bcb51df3729391da8002ab9b980763e8dad021178c6c562a7abf6237f49a99;7209;Deposit;13
d9322f454b644ed1348af3e713b6fa118d9e7f4447c4c4ddb08bbb7e6a0a4946;7242;Personal area;151
957767b5c6661993a03002e126358254811be9de93221142f599fdf1b8c4954d;8268;Consumer loan;158
42a4078e143ab01ea03c28221c7745dd85f632a73e5d55d1532d606bb32282d2;5225;Life insurance;130
2406988ca7ac52096732aca1d66ca554482c2068eb5da6b5e5163c3af0b95f85;4678;Mortgage;48
ee0b67786e4056a63e811fb82b204521e5abf9e783b36dc4fc30d98113d5bb44;5680;Consumer loan;79
4ea889452beb2f1e9bae2f2c45b9ac9180039cb13fc69caf42d4f2b5ea075f66;8114;Consumer loan;38
d50f28c641cb94f12472efd6ec8b05672ff14061b4933979b19c9a131b39807c;2181;Investment products;57
15227aea79cfd6875eb971304774d11eb810d1a41ed2f3510b1ccc8d0bcb5202;949;Deposit;58
a0d4f4ed53f65c34c9071c6b902596d776d0c0ef9a078e544f8d471a95db918f;903;Personal area;99
ee46d2c55d9c7a77baed720d339032dc164aaed7f9a574d8358d0d64c260b875;8545;Credit card;191
c65679fbbbdcb2a13cb2f53973df211ef623b4e9c5964ff1458fd78e3c349f03;3718;Credit card;164
00eb65c28d2af054c8ba23420928351e01ada1916a1acacd8ed4edc8876e6142;7480;Life insurance;77
a103489ff06f08a41c4a573a560723f7a8527a14b56c29224859d72e9068fcea;1426;Mortgage;3
600facc75931625e433a3c5267e2c636230e035f900362f624b2eb3fb4b9ab3a;2843;Personal area;65
5e8608b0564ed15a792954c08e7792afb980622ec5dacab8944b241c13e8f246;2982;Mortgage;170
2c9a534ffff885731a272639ad6b208236799f8713de51510628767fe31e9d65;6625;Consumer loan;199
0d6a3cb00949cf12ab4af8f444f89a1b4315d056b0631fb439863f77c53384a0;2002;Mortgage;85
238fd021808953ed7fe42544a1bfae50ea3e10d9b9f49e02aa96d5dffeb12b55;8145;Life insurance;116
f1c617a9c0ab05cb626d61fd428f8e25bfb5f3387dfff47f932d94a3e77003d8;2921;Life insurance;195
978c5875d8bbaed75d3e4c3c2bfd427bf9b02f31c03afc7ceb93403371a6936e;3240;Mortgage;191
a281489031714390bdda0127985c132bd275f5e06c0f5bbe99f353ee012c81e4;7787;Credit card;109
3f7a370ac7007c287ad1e9d45697477ccef57a03fcacc5a1ef8a95115f7a2f0d;5755;Consumer loan;39
deeb04a1806ce64469039300dd67a624758db4c123a7bbfc2a7e9f993da71d38;277;Personal area;103
15760e04668783a6d7913e8ccaf27fcf805fcc3dcb4add8e5b8e00890f577de6;2222;Investment products;14
22af52b5a8e955ef1a3d709e9f27a7cbf8c48ea15b41d48187e049372ad5814c;7182;Mortgage;53
9e4e773611265468024e5cd9990a358871fd63dfee2ee1f02e2e8b28f7adf489;5647;Deposit;83
3f3f7c0b0d7fef9919d6cc89107b7761642632f8fccb2d054a891aafc872f3ca;9663;Consumer loan;53
1a08316ca72e86329ff8d16c87b903911ec2ae3ade128e05ffdf8360512681c8;554;Deposit;79
9d13807d3996fc6b831a44cbbd215fcf64d3d986e9490b5834a1d8cdba806687;8076;Life insurance;44
32ffaf2f5918e7cd3d9a2879838bafae91615f40b229196284b67f6067219173;9401;Investment products;166
266b9194a0a29709042a6e505847b5b94e300d0a093c2947aac338863469eb49;113;Mortgage;157
d64e8707d21f462dc176b3df2f767a894b344458efb4890c6ef335e179bc342c;8114;Personal area;101
d640bd3d3a724180c4d1c717a78a4c4392c52fe552bb77033c36f3b78994ecfa;4446;Mortgage;63
fde269a0e197d91137c59de2a15ee57847c77136d4017aea6a58c881150ea911;4820;Deposit;18
aa52280c07b764185906293477ac2de9cc660a3c060b316b55b53d791c30a702;9054;Consumer loan;169
3412932737fc34f1c328262baf5eee119b3c97a6e9f65bc237b26f8fa534eae1;9748;Deposit;139
8e18224351c2f7b2e33e8527ad8b9a23b8aa357249364fdd4da9149e17a47e48;6832;Consumer loan;42
d0840fe9ed4f330d7863ec79c6c41c95d8f7f5f1e3381125e26dff85d596395e;6192;Consumer loan;60
179ee1e1249a918ad6cb2b74b39ec397242d8ae14fcf19b51fdd2dacbcf0c8ca;3851;Credit card;72
3ec489891e775cfd4e26e9854d5f21d0a9376e890adb4a3df34165e40a5986a7;7902;Deposit;164
c0b73964243e9d3723ab91e92fbbc975574c609565254e4dfe7f7a4ffd6aff8a;1085;Credit card;173
e1f1b8b92404cab9f0837c9e78b88b8b0188e590a3d7f3678852212e308accdf;9438;Personal area;123
a106c0ab77fd13f2f09e74b971fe6ac01525f34d5cc0bb7a6ee0739d8e910025;3007;Life insurance;44
1c3b280dc3504d274ef7e093b103b8958276edd9f68aa59387fd0396915f7427;9786;Deposit;26
e763c77f1f0adcc951fed36d175999fca9004ee53bf204a932830ef1f9dc0927;5367;Deposit;159
412aa2c769c9c62a96fdb31ededb673ff93e10cd78cd4cfbe3c5234c21ee333a;6341;Personal area;74
0849bb81dee2ed9d13a95c35e080b7d0ce33b0d2a826155844e75f26247703c3;186;Credit card;171
eb3cdc46701c6700f4383bffe7520b502e8e55eed74089e24c3ccd1fdd1d70e1;4175;Personal area;23
b473b2a0408f5091cd16e594e19ce02090b5d928fec3875edb05d996a5e0429d;1217;Personal area;8
424ba59361242844a7553b2e347eb8e38db3845eede82e18b490b14d8938408a;6707;Deposit;99
3f0be6ec6dd5f0c581ec84596f9317e5ec2a071147222970e55509f1778f277d;1459;Investment products;93
a7fd55523923263c550a32952c7c93ffed131831800cd58dbb3192180f2cabcc;5257;Life insurance;46
3daf1ba755b8599c76231ba8ae2c19426b42c98cc3063b0328b498b2b9420722;3402;Consumer loan;63
4b2efbaebda71f73a28c9b43523cdf62fe9759a93d1a235ec51325a656b95571;462;Life insurance;107
a0da1c377015ec22da37a9e932370295f51cb4c4f6a772d496eb0a96f0bf1f34;4871;Personal area;85
874a3840c485f3055049829003a8eb92fea672beed851ca0b24d404309c81c34;5301;Consumer loan;138
29f8c64125fb7db62392cca98d46f4a764343981c127554770f7167a21df5955;6973;Mortgage;88
6e44198c5b0481ad00e3d4c7d317876dceb78cf702493a39d19bcc3501f28c20;6822;Life insurance;30
38bbb14569943a858c8c59452de0899ad685e95fab1cab1272dcf85fb308ab6d;4198;Life insurance;89
d34ebeb4e40edd2007cfac98ad173708fec29961daf934fd829192e6e7d9ef3e;3048;Mortgage;78
0d4d035c72e1bd1b66398c06de82501990053aef041861ba94ca600274d90ff6;5777;Mortgage;135
76dec80968f7c2abf6a8dcada9091e828550f165a013625eb3e05e39632cc38b;8778;Mortgage;187
db20e46e24fcf648f1b45d24b25123d7a049d634ddaaca3f5b372f7ef5a6698c;6608;Mortgage;59
544fc348dc64d87f024b10702a2d03036f4e7d1499a5c95f89b60b9059d99c2b;2224;Consumer loan;141
a9d7492b6fcea112c25a4616e4586dbc92d46e056da70c6484cda5c31ad0f406;9721;Life insurance;132
7395f3e18a2e51a6982f7ae059510866461e8bceb9977dc0b3cdbb0504538248;3996;Investment products;42
2b13acdc996aabd4a6826e8d93b2784ccfbf5792abc08da0accae06c20d6d70d;3095;Deposit;32
f00e51d075e7375048e44356e9b37741ff409755f3ea2544863b91b426ebc821;1022;Personal area;79
e082ca00a8b2377e5ee3d7a37c021c92270b913ef2ab62833c9e10c83cb659e3;3315;Consumer loan;142
5afa82e638458fcb77eb4898473ddfdd466656bdbee5d905e2c27386bcad2473;5001;Life insurance;5
967012c23e2e9b4c98f1be3c080d4f7ec725f4c8d9988dfbe0fce85340f893ec;1293;Deposit;48
712f00e961214bb878488756e8abf7575eb0ad25c4e8bebd720909c7f6223bee;2721;Consumer loan;114
7099104a212d8da43729f17d60ec572eef0cc7bd3850c11b1b1900e5eddf6149;1391;Life insurance;58
6e24878cfb9118eee44b1b8d0ea282b659fdecc1900dbad3c4505f3987188f5d;815;Deposit;162
a2d7897de7eb8418937f960d3b4fb0fbe0e8d6648da6f233123774d12e2148d9;6655;Credit card;186
68cc20556117c5b7af88ac0eff483da2cea08a1eb8247744883c8cdac80545ca;4426;Life insurance;182
b7a90ebc0f92f066a7ce33195831080d0bff893605b937e42610347834e12f8d;6024;Credit card;176
6aabda3e1221ac5b8efd92f7dee2d2230b3f1a14131d055dbc10a28fd66fc797;5985;Life insurance;185
eaa7d28022ff4ed3f63606174e3b48ee5f71c06b1e8491b6a62efd2f962f9db5;5542;Mortgage;1
04a6e8e2b4f835c2b4e1e5463a7753f008f375cf8bd2da4ab695e14df80ed432;356;Deposit;176
a28ecc253fd1f7f7cf85988664a55d3c4ea7a57e8a5005964dcc13b4e076c3f6;490;Investment products;113
760570282b618f6b8277b46617efa34c0996ce59ab68f775d30cce0f7b7acf67;9748;Mortgage;118
e7be75dc608ed61b5f312e5dd61fd4bf4885267d0229936aff325414fb8a35bd;5648;Life insurance;22
163437427afa4bdfbc64e5c8e197dac8fe0fdb981f6400dd83844437b66f8af7;7873;Investment products;184
7c97317d126cc13fa37d50902eb164f68f54f5d34a4e68213506470c3b630fb3;8367;Personal area;106
e4e2806d5ffbadd9dee7522c333a308bc1ef172272f22f588fc1a0fe155b0028;6611;Investment products;32
ee240f2ee10ec165280ae2cceea8554b0b79d68e0429371112e2bad19415d76f;3237;Deposit;169
d6861b64b66846468ceb04acfef162e65285ebf5a7f2d40804e8fd0544daddb5;9637;Deposit;2
74a447f017cc291665ac72ce23798ae92a0058c080592202277414f5dbc273c8;9156;Life insurance;52
64bb844717599f547dea34624d501fdc0ebf812c063f1f7837281c7d60051848;7553;Mortgage;136
7c5bd39862c85d14df717793f38237c1782547a7d9b25467c95cafbd18425ef0;8996;Life insurance;50
3c876b376e7d9ff62129feea4893c4d22dcd593126c69f246fe766cb4daab006;5435;Personal area;49
df0174881e3ac095b2fdd2daa73073a3d0d577f7b3d5eea819bf9f103c3ec6ca;35;Consumer loan;62
1760908f33372a6a96703ac261d3370ba41f603989ee558f77c59196ef814dce;7215;Personal area;118
b32305ed4eeeda16a4f1e22bcca2477b133c92e6541b2b3e80fd9742124df4ac;2586;Credit card;115
f76958cc7da4dc1e55acd3b6b99bb5038e07686bff4bec72f9550785699bd35c;108;Mortgage;56
5b1d081827c6ceb20cd207d0501e9b9e4dca0781c26523ccc0f4f2230ebbc2d6;2968;Mortgage;145
7029c74b4444bd38031c0e4beb0284f6bcc8e957b1d17f13febcdddc959b208e;5826;Life insurance;164
2bc0bcd8ed5ac1d34f6e52dc0c94334ebc6cf1e5c7dc7da8c8d56ccb2c490496;9686;Personal area;191
3692fdaf0b591027945d95d0f3ea96ea75e05a9bbe6ff73f9e55118e4dfc393a;4644;Personal area;36
4ea0fa2391f1adb43fe1d5bb75b5eebe966afb7c51b57a0e11060e470d0a5d78;9238;Life insurance;177
91700d03de11f3b2a9ba2cb6341c47e024c691128d2cc0fd2d3fb52b50e62571;1289;Life insurance;60
563a466897b1637f6b3914e36db01663cd782a2138d92f0d7647cdafccd30618;2537;Personal area;41
8604c683b115f87c4e2d2f47373b32620a0b3ab74b243359743e3da0c27a4864;4721;Consumer loan;166
053b78dddd35fd3a6d7bceef2c154b55f6b6de6183488044ad201318e6b2ed0e;5662;Investment products;36
b39aee2c8d1ba02fe619fc4c168f127f0173ecf3d5d3313b27fa62602b364be7;3772;Investment products;109
cafcc79b8c6f39f84125b177c1716beb9eb134f1d351e3e123779c2ce4d1b50a;4682;Deposit;102
90f1df4f7f7fa1db4443e39d0cf4628d012a588f96a949b443b3b94164430fe3;2250;Mortgage;70
da429db3369c84fdc2e328f252ba9ac252990a54e5bc51a957d43e1552de4e27;3423;Personal area;4
4acfea9fc0aef775bbe6323ce63c20a148aed6286c39e2edb9468e965586969f;7171;Life insurance;155
12b7fb1ee38ab3533f7d41988d22288740115c33520895c9f7a55435102a4253;7512;Life insurance;161
8e41f0bd8ec35dd779bc17a5879f4a51e9d1fd97a193d94f43b5d8d802e1c237;2651;Personal area;20
1efd54e1849427e804c8dfad3ed44cc066e707c2ecb15de82f8d2798da860764;8967;Mortgage;43
9cf0856bc18e5c915b07556627ff3dcbe826c0b5fbb5ba3f3121c60beecc180e;1562;Credit card;191
5127a9f9a50afbd732c2dbfb50681c29dfc7013844ae015a63668102b668d310;493;Personal area;73
fd50f9a7373362d1994075fff63a2d800a4808ca794d917ad2685872733e6e62;666;Consumer loan;73
8e061e1c81c6f6c786cc750978eb1b320c5b98c52a12875fec1a138e09b78836;1894;Mortgage;101
78b39aa56f9cc280d7f3781f41203437f1a5f0501c5c9fbad35875b094282a0c;5919;Credit card;144
29217791aa24d0d9aa54fff11eb5031317f36b78b19c9ec2ad83318b4fe9169f;3272;Life insurance;52
a4c7d7ccfa95a8312d4fb03f658914b1357cc530031c1447601696fa4c032265;3241;Credit card;179
8e8b4b8fc0742677d7a94f40de643f9591e7655b83222dec6eab44b756d90735;7543;Investment products;75
18e3c3d751c74ec1e634aa47050fdad989fa11f5e12bbfe56751d0e7794ca25d;4431;Deposit;162
b4bca55032a1081cde3db9c218c429992cdfcef30b735e5226f2f36889810884;262;Deposit;89
84dbe964e4688d6c1c95107a906ef54c6d9139428332b3da88c963bd33c37c85;9968;Mortgage;109
444001ef4b7f6d49cba6896df8b8408caa127a8521a9bfacffc5edb17310f23b;4705;Personal area;66
a692a31d326a7102cd583562d3c23e94ec31a8f4405056c7946924092591e0ed;3554;Investment products;145
b600957f7ddb5121bb7c977248090963f9fdf9b11afb22d3e496a832a3351a20;130;Consumer loan;163
7e0650371e194393a742edea6592db8197d481979f956ca3227033e0615587a6;3595;Credit card;123
5b4c4981aebded6d45ad26d667895394fa3ff589bedfd52d81d8214aaf1b56c9;9430;Consumer loan;17
d960162cf0eebb54a7aa16aefc5e3fa43451e2e559beda583eb70f521f94ac39;5591;Mortgage;69
f5eb115451c78637ca53825c973e0001588f50c8ffdccf132971bc8c06f90020;3936;Mortgage;136
92f174b0f3a145c5ea4d46aba17ee1c90451f3203040cc9d011bafacf5168940;851;Credit card;100
be335f52d24bf23f1228ae25ea6a548f15d880979535b9d8eba23165fd2e5c5a;6038;Life insurance;23
b84a526f2f7f1a7d1bba97e15f00d72d457dad5c62db6ef256e25ade37eb4399;890;Mortgage;104
d66efd62f4b0533ac4ca3f2397279f39335497266877303f0301fafedb902dbe;2118;Personal area;123
1fb12c86d1dd0faeeba52e1f38a562ada58550041622417dffb820f5585e87bf;4096;Deposit;164
9e6577c922da1f77350cb970b3e8597a77bd36e05c096a228c78657ba7f21320;3359;Life insurance;104
05c122d88be5ad5d64d8bb42cfa2716cc1da41f0bfb4e555cf8588ddbe0e1682;8754;Investment products;35
707851f642dc3fad264408ac09605c46472303df60737b2248d90b7f463db873;6990;Consumer loan;57
febbd38ff60c9065af9feff0a0da951a1d98da9a8e83c79601153bbc6c5a7813;6278;Mortgage;109
c167e6212584237714852be2d7e461966839a9017d84de55cecbd2930779560c;2326;Mortgage;80
e73fb4a6ab915d34cd5bd9d3931fb183853a00a9eed6ede2d40c10809b3366cc;7733;Mortgage;178
24e046e4a366305b3f7dd3be61c00201af1eaf50177a5e0e9807064bfb3bf76b;4468;Personal area;197
3b73843d1d3de2067d0c3f9b6ea01f718429111836d4ff1a208dfcdbb18b2993;6896;Consumer loan;181
0728c6e1578a10a2851ecb3ef8091019a7cb8a376badc0ae659add15edba41ce;9765;Deposit;200
0ea42d29373c4e9c9a4bd917427418da791a8c03a82f73c59efe1fbc6d6d53ab;9243;Life insurance;115
d1625f676aeacf6aea41c570bb12097bd82eb4b8462f777f38d30c5e58b7164c;8102;Mortgage;118
b878b28258bd58a61bec960c3e008706cd96ba524acfbd6eb738fe812f67166f;2919;Life insurance;62
3f9379d5cea24ab226e5b25305c5ee41230c23d96e9a0fd9d6976c23c3047849;1376;Mortgage;44
d2219c3b22cf68dd421d148123c9cb4d41c4da872273c24a247eaddaac1bc0a2;1104;Consumer loan;113
7df6b3827027744a932aa587072bc6e48ee745c8e1294a973a17975dfd19eb45;1691;Credit card;121
43577727f43522d9d8eabbfb50eb4fcabc389076feecf2cdaf9e30293b4b80ad;2912;Personal area;164
a55beca5d1d33514929536c4b7b46b28f735506edcabadf748cbefd9efbbc152;8866;Credit card;67
e9c56d0e779689b80475143b5e89d1e544543c1d45549d13cd9d75db3c3c6249;7610;Investment products;97
c57e69f6aa9c8e36562e98656d63645fa1fc9da1cf7e9ce52e4c6ee16b09f154;6796;Personal area;198
b6833b28fea223f2f9bbf37e23d04f4b4f62a8704253f93b4cb11404f1ccbb2d;8038;Personal area;17
cadb9a2e3d9cc492b32326bcb9d907372ecb286c05843bb205a3fee221ed8dc5;9731;Consumer loan;16
28ddc06e062ef2c856ae53719180d088ee8fc0a2797ad3a22f1a61ae3b0e2f22;3947;Investment products;19
77543c58e0b4192d4c3c00e2a593769426ba613842e4b6b6c23130ba31d5e1e4;8955;Investment products;144
0b117c5c0cdd1d3d491d68020d5f552b5fbf5ea1671428e500a2d4dd4503b3ab;5235;Mortgage;52
53eeeecdadfb20bb8fbd6af964da3ce6c66a9faf4938f14fd0569bdbc25ee456;4294;Personal area;141
49b45e4e675fa446700a079e593f53129d554d31677897cfc34089463aabbbd0;3175;Mortgage;180
5a4e1a72970493264e8cdc118890a5d6cb440817f062c29d87820a83af0dcb4b;3792;Mortgage;47
7a8f1f117cd8dc46df0706563edfcbd54dee24e14dde3f14e27bac768bbee613;6798;Deposit;3
320cae936fa3de52e28dfe5b03e3a753becdbdbcc3fc72d68dd0878f9dab236f;8103;Consumer loan;83
1ff75961bfcfa63a7dee52f50a70016857b61e2561a53e21431d11ac9034c864;9325;Life insurance;2
6379f83d96143236688de8cf32dbf6f0a5b11f4d0df4ae03315d8c2c039481a9;5572;Consumer loan;75
8180295bb49ddb8408c0a0bb0a0bf5836a963601bb3b9888c89aacb6377466b9;9825;Credit card;1
2e25c20007636c1239ab03ee5ed29dae4cc618d7d5bf1e7cd64f1c4b07b19f0e;385;Investment products;195
d2f2a40e148fdb72d96f7bdfe2341de333b6f116a0f4d1e715ac693cf2a6cef0;4328;Mortgage;124
8a142d82827a6f2edcfd348a9b2d862c9d1f43d2cbbe86de1f7de296109d290f;9055;Deposit;77
f460b3f0cc96281cbd477a5c8e1af1c773c1d088f35f5138deaea8024fd165e7;6434;Deposit;111
599dcb010aac2ffa1338200f0a4aef9c05ea6848f9e5a95fbd77cacb8169f73b;5088;Credit card;90
5e287499c5fcc9e4d11b9ec81f7ab6e2ec777a76b9dbd76835ac68580c04695c;6027;Mortgage;128
6b51d8858c91fe9bf7ffff6fabcc99ff1c86b968f9266f0d6e5aa5ea0fc0355d;6550;Personal area;104
e4cb06493816c95709cc09d968956eabec6e40cdeb885036a24404af4883a258;3966;Investment products;35
effa7da6fbfc97cd548ca9d983207eb18631fefab5bdea88b4d6844b0a50a9ee;113;Mortgage;123
5668c8b8c2f42a350a2afede5fb699d68f74ee943735cdaf7e7dcc96268fd8ac;8975;Personal area;47
87b919db03933a4c0f37c162c3d4b8a4567c549c49e7e441fcb76bd9d8890a9e;6728;Consumer loan;51
f273989c4c04c2024db6f4c44c8f530a68b911e0bfcb97d3468a889811680ec0;7094;Personal area;102
f81971fb9293a153853367a5fa7bfe041d62d8da318e91986733a6b1c25361e1;405;Consumer loan;54
b946243c7027e99d6526806a62fbef591b81138886a28d262c044996ba42e275;2191;Deposit;60
cf87e5b5da1b9f7d3bffd67010d2eef2643c7155a90b9b1db0837294488b42f9;8153;Life insurance;126
d1d4bfc8cbfe03c6dfa0f4c34bd8d4d1c1df809e8796194598e76bcb3f16e96f;8491;Consumer loan;148
ad017970e15e0fdb2040b7d6451667d7984302e1d8399b1fcf822101e0dc3ea2;9267;Investment products;161
8a4d35818c25096ee6aea2cd11f262d10bc3b379c3073bc1b1715d5e12590176;3356;Life insurance;8
7e265e04ea93d81f8394f8ee4900b2792b6624c6a73afae288250adce5d12e10;7860;Deposit;150
3fb36a8c29bc5a6ddeded713b5e80d3d513987e845d909ad26f1a4931ab4b154;2377;Life insurance;126
9eb102fb2a52dc716820803a84be95fc5bf588d8d4143ac9600020fa644b2da2;1916;Investment products;143
925016313caca85209db2406aad5df5b8569ea10963f7a1534f7cdb73fcfec35;9590;Life insurance;180
6d1eeb9d4023be39ab085f3a293e4f7bbf367552e45ab3602a7c70c34a488d62;2381;Deposit;168
84d30ecde2d2eb20c6e0e8b991234afe45396cd64c6625d35666b11ad08403d2;9045;Consumer loan;31
0f53d9d4f6b49fbd9bd2fc07e563deb89a1298b4aee237f966930642aff680ca;1431;Personal area;56
8a995558cdb85e1ce99c974e1dc5cfe9bfdc77177697b00549eeb5056b76a1c0;8002;Personal area;130
4678ef7314f8ea6a600f68764f5d939ce844a8af5e169eda395337f67c637cd2;4606;Mortgage;119
9863a2a6c4eda72ce13d77928473e70cdec660bebbfeda4256199dca38412042;2476;Mortgage;159
e5487e260327fbc4bfcb7454afc9171dfa9c1e0e510b359585b10317ba253e2c;998;Deposit;53
ffbc90e156f4f3092a6ce06a6d8b01b4d4680d660c04ffb8ce7718a4933628bf;8119;Mortgage;143
4c71d44c45fc3b6beaa819fd0440b7f18480c3e7e9245e07e90dceba351c52a1;5594;Life insurance;186
8b3bff4151f0d26183fc09922143d1a5674b4e6f114eb3d697ed5b26adffbc7e;3695;Deposit;48
ef0db238f5f26a871ceb1380dec1947429eb651a10eb47806ba356d22c6923e3;3060;Personal area;106
8acd7745e289a1297db8fca082bf525c32f541674f176164aa8c7623170fbb2c;1448;Life insurance;52
d36039b4a44b1c01eb696ffb03644ee4e17e73abf43f4281fcc41d7b6f0a5209;2679;Credit card;166
0be915c53a68dbd7d6add8ba700e73b2b14a8c467b7b53dd64c75963bd9f9dcb;5068;Investment products;136
ad429fc6fca31bea6c566731e8592e538ee58afb91811d9bbf53b2323549a572;1219;Personal area;28
e628d9546c811a6fad9beb7bbef73afb8326fa8c797b3251be07ae7fd37e508f;4038;Credit card;33
655bd13476ac44be508215fa086de0005044f5e487568ece9041894c881a25dd;5788;Personal area;25
35ab87b9534a8a38a3e5fc1c674dbb0147d13e1c771fa0b0cd738a3e56b94317;7773;Life insurance;107
c43b3648df62cbcf2b90d9fa39b0973c36ffa6a56950c536666c2fa3ef76f0cb;1216;Credit card;21
ac187346006a2c6882b01f8653117e00668084df4d7d38ac176d9f91d9e5af4a;3076;Investment products;172
e6549f45b6a079f27c07e86b96f1d90c96c6f7c63125ed5fbc9601380a806549;5311;Personal area;134
f5ace7d330121565ef1bea51a5eb359930162af6bb4281b28324abfd5669a447;3640;Personal area;152
1783f4b54b828350d5d6e8e2d7cc4507aaad1f28bac8460bf444ad38743b6ac1;3723;Personal area;173
539eabede5345de9143623d64f73e59d672c8913548e95f65ba25459974fe3ad;9475;Life insurance;81
b83070110e2690fcf7a6da472ed01d54d25177987d9037f6399229094005a619;8621;Investment products;180
7a34bd4c7f9e0c9e9e2b2bfe624c0b5603d36ba6f4648ad0176ddc242cbe5c54;5304;Investment products;146
0baf3610e672bf2e5419c6ceff75663728f55704f005e5e5a5140ff02480af79;4909;Mortgage;5
c6c23151c0d39931b04aaeb491b23691f055791efe8d73dc8263fa2c3abee83c;784;Investment products;12
dbb152764fe74ddcd9a51546114b78fec4ac0ff3d155f57b520ab489c8486d14;5927;Investment products;79
5ae12ae22a52427e9a3bed2f8e681abc0dd026270f576698e543ad7f88f3fe33;5712;Mortgage;90
a8f8e020f7181b27e04e1f2e2c058b12cbd8d6badb02ff593566cdc663fceda7;8292;Investment products;187
2eae6f13797021165f56e8d8c8ba182c7c49b4916488ddb5c661b424be82f02e;2375;Life insurance;62
2f8c1e8b4ea9b7b97b0876d26ccc54cdcc0873855c252f22f2a1b3335551b5a7;7294;Deposit;195
210aa86c081c95d64ccc766ee831f3b49b98974531202c2b3c4851b2e08b4da5;5129;Deposit;149
5248c87b3b5ea87c4bf6973f9392646d61e07aa2e691d2d4585d7df7f8174808;4915;Mortgage;80
f1a41e3c5abe9b3d86daea84bb57a904a2502e7cb005fb70834cba1606e57333;433;Consumer loan;156
3f75bca91edafefe331c0c0d3ac3d2b27afa4dc7d4e02f881ddca829de0ad770;2937;Deposit;44
10df5ca9a23353d5f5d31a07bedc673bcdf89765841288d8f72ce23ead427be4;3435;Personal area;137
b2f6a982c7f9d540a51d90348d7d21aca864718a8cf6982723bf1664b68fb91a;6628;Mortgage;185
9e41d6cb4edb3c20315130debc9562cc036b623205b9368d41dc3a9da84e9ad2;8243;Credit card;56
e78851ce8cc4fef4ceff97368d17d115998bf465bc9cb9291af4e094df574f7f;5526;Life insurance;93
194c1c18e9a6d0dd594e71ffca4182225544bba33cb7f708b1fa8d90c6cae84b;8489;Personal area;160
5efe9bd54aecdb9a5ea3b94eeace7f68ab554336addd2d93a8f1d7559878f25c;4166;Investment products;19
dad7078fe7c69332b6b8c66973c43c158fdb940192b96ed52fcb6eb4a365da93;6317;Deposit;177
c0ef043af9a36c6937656125779a0baad3dbe9700eb51e1c495db9b5c3776603;4696;Personal area;169
22d619cad3a34493e4919e4bbd1869e25035891ffaa16b36819010ae5b1f7ccd;3280;Investment products;151
1a669f09efad9d740b0be4646de6a8bd36341737dc94d2b99ca9f7196849e763;7212;Investment products;68
aa9990b5b0c283570076eaefdc665ec1a390e957aeadd817113a7e672a72ca1c;574;Credit card;148
1e22629076ec7d69d709d7111fcbe2b2b796b1e93c611906be32190d5a902c37;3421;Mortgage;86
08ea4e3d34063b44f91589bd1b0fa166d065a59660aff4b377ecc4a0e97684f8;3481;Investment products;155
e71de5e5d22a1d3ac4c9f705d96bb08ae326636a3935725548d8c57c1a99ba01;692;Investment products;61
6c018b19420dee0ba28086fe44c29c53f977b4b29caee9fa197e87492c04c404;2955;Deposit;99
f681171ea816c30fb2c3d6489ff3d0f02b8fe2b844e647690ea8b1fa6e31d158;5138;Investment products;194
ac8551a4fe64de0060ed5e96dff0c824a7ba5b033b4242d5baf8953e89f67295;1901;Investment products;12
a1e0ba60df460da0ff18ad85fb5ad55b477413f63641afe33e826851d3aec365;5860;Personal area;63
7453f6b30e977ccf5bb496baaf0373790b26a581f4c0592b505e5c9b3f59fc83;1331;Deposit;64
102f3f44fe74282921eba5d00ead63c581a8d394d32f685b07890299587e830b;6860;Personal area;88
1f0aa663ad7da215de1144c05cc359cf25dc23bf03b7466aed59662c489c7fe3;7398;Personal area;128
82d8739f544f6f698ae33abb85316aa05b38b24c304ea96e71318df7e9ee5805;3495;Investment products;24
e51d79aa0d51e956f6c75046a3068e3b0c8f33332392ea092d5a27e6ae34002d;2531;Life insurance;179
cd77fef3a071146706f5dc4a1b473e8a3791aa918734310fc48bf3b52a9d287c;5893;Investment products;55
27c106379a59fe876042c8acf0b3bc9f11ae4b24d8e2b2fd3e44b8a12da43d7c;5308;Personal area;147
a260f72daee9bc09b0a63e4591d99d3c94f9eca7bada2d52e44ac1e7ffe6ecc3;753;Personal area;38
b35912aae0e7cba983efafc4057d8a4269b93fc9cc2488b44f0bb76ae95d0b3d;8658;Investment products;102
ed227141290159eb6d2f61dcc067f3601f39c561c936c49bbd94fc81316a1b07;1496;Credit card;98
2977495a9d9e19864bdcdba2cee87a10b8d02a01ac874e7264aec02786780202;6299;Investment products;59
4217f2d85b53e5498002f747b1313eb35a9be2e388cdf3e5fcf6d2c11e1d1996;7848;Investment products;115
6154974c0dc7e61d510ebe09ba955d06146b76ed436a67a8dfe4353fd0d7a0e3;946;Consumer loan;179
402b74aea5d2c043156c15d28265e3852ab50d3948f44ed9614250088411a5d7;9203;Credit card;66
0f971269a48c3bb0bf98fe90458cd648a6fc5e9213dbf716861b3aba67483955;6397;Credit card;52
5ebbcb2ccd96e8f84307d6fe50cd833d85bb93269d1081197e3fcd9fbfdac060;6471;Mortgage;46
bd9db8f9005278b96fb7160e0c5afa199a4560657b2eb11c749a28c856732a6f;5529;Deposit;101
8e9fb6162bbabc4d849bea6a67cd9fa37ca863113cc4b634735f31fdcdc51952;6182;Credit card;17
e5795970defd42fc41bd2f25d1f4a224e498e5e439e239f0717a51d97d58b66f;8716;Investment products;73
df8b971d8b380e3e767450a00f2db08705593639dff168e7886cbd4bb644c5dd;8028;Investment products;9
58207b460b7c265c31fd26c929bcdfc5c02d51e19647bb98766ba4d29fae6178;8366;Credit card;52
8b0891dbadd28903ab84bbeeb35185a8f88739560bea951f095519ead4dbb05c;2892;Deposit;176
6fdaa11b9389c9a630db059ed8048293cc0244f78b730fa7dc13ebb5706aa6f7;2792;Consumer loan;141
a00e2c8ff649aff3844aa293086d0cead279f52f504299bdc52a8cc33ff45ef3;6223;Deposit;102
ac3b3df9cfe8981eff7560d493a07b1b13bb015b9d2935487c696179152edf97;3327;Deposit;145
85f1a5ccddd28e1cdbe88c4889355123390949d3eeba0cd76dae0eb0f39f03f6;4621;Credit card;147
b2e4d7dc3e36031ea0ca46e5d0a88b64bb1633eda04efaf4e81e2521bf3e8379;1466;Mortgage;90
1aeac137d1bd35ee82f6cae640acc5ea2a2908ea2b15ef06757ff389cb63146b;4618;Life insurance;106
4072ee52fcfd9a46b7d07688dacf6d5bfd569340ff5712845d5aae3ca97b3408;3615;Life insurance;84
4c235d68cf2155bc3f8e9bd3460f6de3bfcbb40bedfa502673b1bec6b535fb86;3919;Credit card;11
b744958ea0136ba0bc5c68c791d7d490515869c598009732cb3f2dbdc7089c2c;5142;Investment products;64
95f2251e9e71d85f09db068b7929200304fc8d1883d1a167512cf0826454e6b1;6913;Consumer loan;169
00f33dccc675743fe72781c775e582ef7e209905e7f8e96de2d0b7bf1254bc2a;1794;Credit card;116
7955cdc2030c91c531716d3f39965a31597d4222744153f0c3a856db1e451f2b;4162;Mortgage;97
cae9bb9086f4d641bfc5221be721273c8901e7f9f348c11dcf8d499b87ba202d;8808;Life insurance;105
91a1df3aac8a5b1e75a9338265858d7d7953a43f54f57d6f0addae63d415ec55;2655;Credit card;156
002de69b6d303a2308a51befded2bcd80a2b78f088a997db20e3065858c332c4;6973;Consumer loan;56
a41a0cdcd435825d33e3631d79b319cecbd7e9319600aef2920f73de05c62d97;2259;Credit card;108
447dcfc7129b7d11491b7bdfab2602cb2f205961ad0040a37d8ffa08af565cdd;3495;Credit card;45
d478d9d70aa6765c81d7f7d4d95bc66d52cb1a851fb79836031d4a5b1aa22ea1;6637;Life insurance;186
9ddc4ec938c99dae4efa48e731d75cf4d9667c1584303927ff0306351396963a;7296;Investment products;128
808fca1c31f014da849bb836770371338e26d8fa3cc3b2baaf128a7b20beb999;7448;Life insurance;59
1f5439fc6f382fa23a344ce43107f5c4e403bb79547d2f147049f591399e6be9;8423;Deposit;159
c52404b4aba21b2a29dd87a9918f306993a3ec86e6fa69be35556818f73e7719;5326;Mortgage;67
cb6edc0d2bb4871857d6d5259f02dbba42582e1ff558d888f7be2d3ea3276cfa;3733;Consumer loan;51
5b9467a4f93c3943516e4a5fd2e60a37513c1285bb833fe2216a5110762b266d;5633;Life insurance;89
745a64038648fa7d8ca3a204b02f5d4472809a9942505c548667b36405e98ede;369;Credit card;64
8bd57c06abd06deb7f7caede3def11119584e9a7613c50931453a3e1b9cda61a;4876;Personal area;181
c42bfe4be4933f98dbf2f2de63de05fc4ac6613b29319b2e143749fa0caa98ef;6365;Consumer loan;46
004a45dac4b2ca516649fdb862ea4b61bd7872661a33f11e30958f313408e09d;5030;Mortgage;28
55c6f6cac9c04253dc7c1d2f0a8cd2e263f36698ba642977aa01326600c56d99;5802;Investment products;192
441b98704b24f5ab3182ece2494f316ddda8064b93e1048f47d5ef0659a05841;9238;Credit card;84
a5048d3b70767dbef16b790acfde97e0db27f012ce037ef4d45738e67864f502;8074;Credit card;145
53c31a96e69f71511279860d5949f10feb73420ed9a42efb33d86b8ba096c061;4450;Investment products;192
401155acfc3436115f2028ddb7c8e9cb23551e137c85b75913240fe90411bc59;3380;Credit card;81
de3d9b11d4009e5bc635501bfc33eebdfdcceab4447bc08feb98f4d90c9d2629;201;Deposit;177
c80315af7ad0b5dbb501af90f82c124aa2031c979be5451d60145a5c2ad09c37;2836;Mortgage;62
bfa17e644114be50215313db9b2b8df02a8b3a5d3e0760def0a52a687c0704e9;4126;Life insurance;184
3b0225f581db714a0d741b2f4d3584e6519bfc5d9fd4c9a1bc67e6e50f6205af;4093;Investment products;22
9e30984a62de8aad888dd57f0f921010913fa35b342b2c47a4ae4aaac9f3be60;7233;Deposit;140
16cbfae9b2919c556fd0d035c3bcc971374f8f907ab0dbabbd7082f5dab7833f;365;Investment products;150
0de3f7bb31a733a149624cc97b293f8df1cf40d7d0e9b770f22b80606d4d16d7;7640;Deposit;111
b809ec917788c812617550e4fd3c4ee6d47b61d1524a6e1c6d6583b05a62584d;5465;Mortgage;52
4f1e90bf875ec6e7261f8b68c3708afc5ddfc35d7b5a8c22adfa4827ab237e53;2055;Deposit;195
29508a455d48581c65f37b8fc5106c54e6d2aef45b47fa09fca295caa8f3b905;9358;Deposit;27
ebfbfcde1d99294528392719485ed33f731ec2230f8b52f9390c1e3712e3f0d0;6792;Personal area;79
d1da55246f49c61feaaf38f2e453087c0b37df647010fa6c22fa4b6098ab0ba6;6193;Credit card;140
c60a314223163b9a981c302645542ad665bf22f0346d5122157215c5f909ebd0;8238;Consumer loan;116
a0d4a52d89762331bf83005417b6f54a7891faa23a9876b3272345f219063853;1662;Investment products;154
4b504b753a889e5d8050f25d894d32922fa6f2303713e126e96da10ffdeb27d2;9715;Life insurance;136
dc6305fb6e4e3cea6cd6b2ac2e563011b88b8cedb8cbedfdaaf22a010b38a8c9;5077;Deposit;45
107b6052fd2187f362acd77449175404e8fa68b830afcfb595505a2a05b1422d;1143;Credit card;189
f8b133e85862fc65450af572b917f40c7dc13a3db70f3327a42fe7907f5f48b8;5335;Consumer loan;44
f840195802063285bb7223c334a4e278b873eef646b9614ca3ded5d9f540b964;5096;Deposit;145
b344b4e7459118c138c5ad999d3be57da57dc582126acdc6413609cd00db8d5e;8569;Personal area;27
95692329b6b19ccbbdf891dd8bf55263e354914122527352ecec29b52c30bf7f;3748;Investment products;194
31927d70026d47421e52cb65f72687fdd790b0858cf90a4f427d4d1edc470c33;3112;Credit card;93
b0223696f4eb76e6538bf4707241272f1c366c1975403e8a6903664e804beefc;5158;Investment products;101
6dc4216a0a5e37f9973be6b82ff355b3978b5952a88eae190953c9e71374de39;4100;Mortgage;91
67ceb547cf5e9fb6fd7f9f5b595c5f9decb3a26ec09dadcff86ace4df534ef6d;4363;Consumer loan;2
134d23edc6cc4d740a747955abb12e82e2a2418302875189d2ee33f6661d97a3;822;Mortgage;142
3aa704c1825ba802e066bdaf29f3f3c259cc8b34053d581b0330913ac5fe4db7;4218;Deposit;34
3db9fbde6eb4987f20f5295f6086b1375ea1aa509ba68463c51c1b575c0be826;7301;Credit card;10
4f561ee455cbd0bb7ff2f59f0ff21c8c0dff086dee5690efe8e06e686dcc33cd;6759;Credit card;147
6e1eea808e997506f5348ef10e42687336512b42b24274761a577a4ee8867eb3;370;Personal area;195
181a911d581fe66d67d4f1f44f1956201449e264e5e9c0acb4a5b4bffc4244e7;6839;Life insurance;110
4ffbb87e44684ba386e96a4d1c51d6fb5991c666bee0d87b79e6fb8439ab76d3;151;Life insurance;34
88de1f38fc10c55299cc56dd9c10295732b3229e13a78cf13a8be8a6012c8183;3635;Personal area;62
a78a09293402c4976ad63209a37d8bf6a2fd8709adc3af37933885d7bde9df5c;3340;Deposit;190
7328376c437ddad6b32917a9d6c13a0964cf4da14f06a3dcf262d22cdba70924;6563;Mortgage;109
66cc72bf3455157f36b098119fd7d61bf430a43eff7df782b767a3bcee330940;6291;Deposit;133
d1e4e0b27468b7513dc29dd29e4ce906a39c60b4d1523dcd34fe35db0701a836;3728;Mortgage;132
d8ffdfb3ebcdc2ecb2d9afbb505f29416e066f712c771048cfa70967ace151ce;2600;Personal area;61
ae254361641f34f641899e7e843c9bb99b838e5d12d5e4e5a1b7f478bd1c1e52;6183;Mortgage;55
f799a3e2993a5c3aea5e10440c2635d4754332e6cef0e8d5647e82b7701ed55b;7287;Investment products;40
817c2f23369268bb3b65b6285d810cf8b36ab42449cd20bf76ef055150aa9c47;3794;Consumer loan;66
abcb18eac5302fe4d59249ae4f0e6ac243b39044914eb4c6e6c646967f3e067e;9772;Personal area;199
659619985ca81a157711f30777d47dd24d6943d91a07ce377574b8defae457e4;9879;Consumer loan;122
aabb78e14785ac1be60a74199a9c8fcad48c64b43f0f0542fa81d48bb361e4a4;7213;Consumer loan;52
2ec1b44af5c0e8cc2e5d53d7776cca2ce430bc2fbdb47d34a1eb0a55cfce996e;5744;Personal area;169
69c92cf8178acb3dbb201df0d85f1f731904ed5ea55a023491e0293744ccf804;6185;Deposit;63
586c3608c26b62750a732c66e8085069cd375852bcb77fc7569075a13c58831a;4057;Life insurance;68
84220eb7bc06c14069abf4dfb13b877a002916203a4deca60cb04ab2cf61d036;6768;Credit card;68
6653d74bc89ae360fae45f3000b97ec13031640f99e89cdf78d65f4390b81458;6098;Deposit;66
225edd4b596598fd7a52101fafe288c8092cec22e3abd3036a95d269b7d2be9b;9719;Investment products;193
9ef784a479e09a3a0adc7c4b47a24443318050aca9952126e98ad596f59f1ec8;88;Mortgage;3
e2c361f6b70df957c4164b0c2672b3bab8f8f40500ae669e59a7b369993304d3;8155;Consumer loan;10
ccaa8aae5679a3963259ce09a219dabf2a4b97e8343ef92090495a2c3ff14e26;1759;Deposit;68
b4e3f15d98fbf2ae62c7ad9685d25665c951f8bafbfd6c8b97412762f4b89468;4647;Mortgage;53
506fd90406e1914e50df3df4f1ae2ea6b8a88cd549fee180fedea0f0c090da48;7494;Credit card;14
f848cfb828eeaf35ea1d875e7072037d3d9fd37aa8873f592a0bd891d48591bd;8430;Deposit;98
be29646f14f12fd440389d88415636fd836e18fbf429520a9b5a9cbe7da4ce2e;4736;Deposit;116
a81a1416edb1cdcac4153e94874048a3cc52dc0aa3f79be94abafe046cc89fd8;3598;Personal area;91
75dfecb95be435c04f85319c31c51ee4957971009354ba382fd776761362e4e2;8820;Credit card;101
5d0b5bb7104edffc8f111f2d3eb0b2522e5d412ce753c99af1394ef1252d2fdf;7152;Personal area;159
91ed13db150e70ef18b7439db6cd7a3255f67cb27c765fac0201f767679a66d1;5699;Personal area;101
8461da3f8335d447cee4cecaaa9639f4ee196bd0e9cd5083a4e3d7570493e9f1;8524;Mortgage;63
06438f04701ee1fe3d7573bb906cddb1ac7d27419bb980eb7768af31a2ce2ddc;510;Deposit;59
8ec1f4c680ffc5ff3d1b7f7126de5b215b471f383c41e9ea7b96f3d13873bb65;2832;Mortgage;174
2fd0b3af85bb8abaf30e053a7ec3c4018c3b5770c22f9f61b1dccfad9ee1071d;3626;Mortgage;48
1bcf9f07c5c8f4db69d94b51268f8fd4ccbb85e8f295e4a98bbcdd2288a7b0ec;7972;Deposit;61
278a73193723bdb99140b9f27d7bb473cd5a60464791a8f1e02b78ffa051d255;6852;Credit card;55
f487d91511be34c1d1da1a28444b0c912c69aec0c466e43667e288db3aa6c809;363;Life insurance;98
ff7449cf58d456273e43ff3bf4e0f5dd38ead84df6eecc7baf4c1a46c1cbe273;9118;Consumer loan;110
c1e7c6f97c290e73a45126ce440fc1ed54aff3c07b6594d6eab13d3d90e1a547;9441;Investment products;161
c5cfb15133055f996bc5ae7526c6caf5245630b5d725172b09884b659c61cb96;4980;Mortgage;63
49b9b12e3ab6c0779cc3972e1d48291eb6e60e0b722fc0a0b1f471ed81ef53cb;5806;Deposit;47
639c280763d958bf5b803522c46232bb0312ce8556d2f2a8dbe23926afa400c8;1031;Personal area;121
2518938984f4cd4290d08000721c140eb78a2ee07a07840fdf72c777ed5b1eed;822;Personal area;5
b7d812f86eb78c3e3d928ce2add20600d78406f5058d1afe2feedf52c77a7307;96;Personal area;48
36e45567faf6000bc63b055267f88f4bc9738dcc018d1fdb8a88e54b5460da62;6082;Deposit;97
2a3705e82021de3fa052c1bd88b3a5db103988a2f52c06ddeef05ecfb134b4c2;1099;Mortgage;99
91c67befeafbebd27e30c8eb77fa664ba8b5441920c22a79a73730052c0ed896;9053;Consumer loan;92
cd6cc0350ce7e32e3bc0d66846badc8cb758938cb942fe3fa1487b4ce7faa305;2743;Consumer loan;46
1434aed513223ce647e3f710f5955a01908cc0ce8076e8cf132928430c1ac6a3;8848;Credit card;10
b63858f1006cdde7e5940d67ffb972b4b0702bf50ba8ea31e0e63163cd70e230;35;Life insurance;196
379d9eacd2994188eb8d1371663d85dcafa3217ab1dccfb8bd21368070d0c762;6212;Consumer loan;151
23567b82e0e5067eb3fbb8ae5bec4a615c43a8d03967f723d79de36ed3c360df;6698;Mortgage;198
d335a8c4dd177f0377895d0a788609ba3eacb388e69eab9b7f764c1af4618835;3210;Investment products;191
8cb8129169e9ab13f8e566fa1a7be54fbdee27604db051df7c495b6cb0db6e5f;2960;Life insurance;58
f66af95d65852609c55c5be77868fb6c2fe543b54a515cd7f2b26fc28d0e1575;9393;Consumer loan;8
c96193059d6173cec4daea61813a034cb851c902087af5e50df07e99adc20486;4592;Credit card;5
775707e655aeb217cf6d998523189dd83924025a1a2394069c77a2568630e350;1778;Credit card;185
c0a622e643983833e9514e16d4cdb381ff4a26996aa8f1405f96049396c47115;928;Consumer loan;132
10ac4877d40a682d7330bcfb8d84e6477360e016e0842bf9d6b5edc827b9c18c;7665;Life insurance;10
11e6b06754339c605290c5ad65a7538b275275ffb40b43d596548148de02b77d;3311;Consumer loan;199
958edfa26bd15960416aa196e976d44df0996ff7214906e2bc08763eef0a9a66;2766;Investment products;58
0b61e341eaaf422c84601351ddf09a2a048e24d09e2eecc6de50f04e540719eb;186;Deposit;133
5b94363d85e2fd16700a560c32c4e44537969697210cc4cd589a0c403967c86b;5926;Consumer loan;9
bb3a999e41300c8d81ddddd566075aa69b9c8a0cb8733a9058967bba7048bd80;6505;Life insurance;106
776bc9817c83906f8f5f1886517d0710c5eed34af4b5f16156070650438ec000;8082;Credit card;18
cd2a3cf20b63c7fab69239202ef67078bb7650c1c328c18533fe5c0f18ad9471;8151;Consumer loan;78
e87ca7ea5afb3d268ebb5fa12fb63bfc9e405afaa241f33c17812a940f5123c0;9619;Life insurance;75
8d0fc7de4b9629ba1c476796905a8d08346c0dca571f57ade80083f38142fc89;191;Mortgage;94
7cd064fcfb8193182ca86ebe61c2498b73cf915ce4df06102b5e1a0839d334ba;7538;Credit card;108
599df9010f280c0c82508602f04158bd2123ee7a4ed8e047ca8b4348bd16c342;4693;Life insurance;173
5636a77aaa5f50be0002b9fdd24744553e3141f6c4827641feeca29d7265d458;3157;Life insurance;90
e4691145e3969f7dff8dc686153f028b888243370041a813829034cd63c2a6ef;9086;Investment products;177
bc120d3b02ee12c611f0bf324c8cc4069d171476f109a6952ebfcaab16b7bb3c;5486;Life insurance;160
275acf69c0b1447930762976274eef9073689b2f65c7a341f15a45eb4d443725;9893;Deposit;111
2662fef9ea5ffe97c937b1edacf7234e3012747a2fb53f1f98f1f6ddf68deee4;1856;Credit card;154
fcf0e29d981f33f4af735ea6d7aea27d923a88e7d93d7d4647cc00e3a197e288;8698;Mortgage;158
0c7bc8d0531ead67529d170b73e8e6d1935ac96a1385cb2931c29188face4364;4105;Investment products;103
d99e058d61a7493081c9547f3e5088aaac0c56910ea380db4a4dc7b5b921cc21;9410;Personal area;144
77e806b994ecb204739dcd768618bf780ebfc6a1366be6eadff72a66dc3979a2;7635;Deposit;165
79f75835ece32e1f5de0c41ecd09563d4e033134703032163b2875a993b17a05;4831;Investment products;179
5a99beebf9151249b0f80c702d1739e8db099e45bb8f5ea1242341ff08161e24;2442;Consumer loan;158
db0a24d9c9b617dc842d775869a37254d9de9c8ff9b16b8e7ec31df1e154dd03;8601;Personal area;7
acff3b1dd453c21190d59ed61a0ed5899bf59ad15ddcd095d8181969c3b49dd6;6519;Investment products;17
65ade0c87a79e77e27313d7a8be42265aa230cfd324dce040d6685adb2634b2c;8752;Life insurance;135
8998f3f46ca09d709a1559d95fdceedf22d1f6a8d905d3c3353c1c4f888e8fa9;5154;Deposit;86
335b25948288fed718ca141eeb665a339b90f84816b4177f8ec67e43b9956785;2115;Mortgage;9
9d7ab530368f6aac0acab232272e5ed52b6da50eb60d82bce5730f6d3bb5e460;2924;Consumer loan;91
21657841f601135c0d5c9e0abaeafe797bf9603394b6a859be1aadcb752112c1;6376;Life insurance;145
10caad7fa31a17e6e51fe71d3cd721d3b0431d9b2c352c4691743141a735c8cb;5373;Consumer loan;89
df880d90cb3e30484a2033cca1ef5d5e733c9217481592fe1e162c43de6f01c2;4553;Mortgage;104
a498a18641b81b323e89c9382ae4f2af81fa3656461b1cb8ffcf0b2e907a504d;6764;Mortgage;74
51b2a1a8f9bc94853aab2f71b5165ac408f4303cea68b617e1cdc244354eebe1;2395;Life insurance;125
1b9e4679b74d2682ad6f889a739b06ed482fbee4adc0ae2f55d12b2f2b9f5249;2679;Consumer loan;146
033953f294e58f66e6398738e0f39bcb11db9f3253763b4d4ea4cb204227ae9f;7370;Deposit;88
94c86cd464bf21df74e9c5848c76ad2a510ecc7096af8da928b5b1fc95a035cc;2088;Deposit;160
c4280f733756ff8ce673b271acae528285eeddf7a73c88ded9b83420b2c5f17c;5363;Life insurance;86
865077c4505487a72f4d288de602f87380d599b78ef27310231d1fb9c4e9ac46;626;Life insurance;119
24e48d0f4d0d66f9e8b3cc1ee3cc074c24827a4e5711057553924761e265b113;4538;Credit card;17
7acca46d155101ed93b56ad2789381e41c552111269f5f06b096631933b2350b;6177;Mortgage;108
719328fcbadb69034e8aa2a29bcdb30c61267897f86153b6c99180af971c2b68;999;Credit card;15
f00b57a1369139b1765b6f712123f743725b97228c6ab40f92d9502420782d9a;4607;Life insurance;178
a90220d76a7123ac13e275b894b51d6b0106aa9b36c7f9b19993b7e247139944;5799;Investment products;4
5fe68d3c574c4a8834a994726961fce22428815a5109627afee7890f0f091306;4066;Consumer loan;126
77340b0c8d8c447e6346e52640d5e94c6668378a3db6cb82f9856561f0bd662d;6919;Consumer loan;36
bf9d9b4696d8657049a9212b653e9005d55791111fdcd20de876029290a8ef9a;853;Consumer loan;198
f51b7101e052d793684cfa18dff1f91b3e94e06cca4fd891f49ad4460e895e88;5042;Life insurance;44
de3ec68371c014cfaf79bfbbeb61b8a5a3e1b13565439ec93b8796ac475ec0db;4782;Personal area;80
44d131f5bedd49589ac16105533f8601a2b9177e9d6c27b8a1f0dc204a438bc4;6448;Deposit;86
15f8c9ad1c31b5411825ad7bb6ec14dd88d8fef40cd7b0b86dc011a21e2acccf;7172;Mortgage;103
6999c262b9aedca326782006734b1f92a11143ee36f16683e83b43d5c95b21de;3692;Life insurance;49
bfad7e375395e317a0921d2ff75bb9576c5dc293274e7ebf1ffbbcdf2c8cfcaa;2845;Credit card;46
5da8e190edf97040b16104f2f48355a9a1de6ff2c299995df14638538132628b;2096;Investment products;82
d769875c519b9c5ba17f526dc23057dcd3ce7dc02990ce6b898e37cd7f2107ae;8056;Mortgage;119
a47354729a0208c8c581411be66ad90262190b94f9c3184fbf93dcbbdb505f14;5686;Consumer loan;176
bf19a5d82de9d16bf5372cfe9d7f11b45b2893382fc6cedd85403b9d16b99eec;7749;Investment products;135
4e0299c075398e4a8011f0c1b3d62a29d69f19a5e63b4aed5ca10249ae1c69f6;1467;Credit card;39
f082e2ac3b53c8fd39820b2af60297f4ce3e99deae2c8995cb5b38833620aecb;5404;Investment products;76
5cd9c361214072865e4b21def93f53296cbf1c1c34ddb87fc8995a2261a14c6b;9873;Personal area;19
66d45834ed7ff259d4c8c0db02d673e8b1f21046cc1d1e48777b5e225cae08bb;5850;Life insurance;115
da717e6a3211d87d029258b293a567ddecac635675146fa972f12ac847fd4eaa;6158;Mortgage;4
33a4c5f060bffa51e8ca66ad409c609bd5cbae734489a1d82ab5cc0535680d80;6293;Credit card;167
b07a48eae5655357db5267786b80f0542537097f3d13780130ed327e85550525;2781;Life insurance;119
881dde8dc14d5f4da93a9fe226c45d715856ce2647c77a61a2ab0b5171d04953;4793;Investment products;142
4c5529d704277868f706ebd9475da4f99cbdfa1f363712f477bfd356db71c1bf;3500;Deposit;43
dedea441df6285e3ffd7205469c37eb5249631ece84f51b44ccd218111ac24f3;7774;Mortgage;69
4278c804314b8fea88781bccd2e63740da1967074a8b4b6c099dd3a0a1923304;5017;Personal area;101
0e725a1b641ceb77df231d3a7eee90e970dcd99c3709eb7434614cd66275457e;907;Mortgage;133
9fd258da65dbaea601a7cbd909f06ac21f61e5c366fb4f05ddf6c3b819e4e21c;9140;Mortgage;104
15e60f1b455a5f2455bf3e7817cd65c6fdfdd90d72719bad273e312ec3f38e08;4332;Personal area;128
0882045b9615f47b8ce2c5fa8220a29b635e6d09a7a63a671a262e19fa32f973;1175;Personal area;159
4243b6b82861666f93c0852f2e863a10f558c6f4648295f9b2d7130872f4b41e;7409;Consumer loan;152
6a49116f9455fdd859a463c1dd904f1e91cf37a6de1c5ad3f062a149d42b26c8;2141;Investment products;108
30f3bc7db5def6431b4435cfaa9ce2c2dac439d24c18a1c6e2da03dcf234487d;4554;Life insurance;4
ededc20fcf53cf78fda78aead6a6decb89443b984554d9bbe61920c260425613;2030;Investment products;12
28c6731719691f723ec63dd9581094632e04a0bd993e2c49cd5c5e3cfa72df5a;5808;Deposit;14
b1dab89f79a3acb8d4be8b534bb0620afc52547176c80e01b2ee750b80889878;166;Personal area;131
bc0b79c006a2543e3c234891c874c2f00a80266e8cf2792ca37af3e967f7df97;5231;Credit card;112
e9a0b42647919295e5df122793a065477d06924d3ac2d951ebac8c34518b89dc;1250;Investment products;107
b391464a29a9ccd4681b20235c155ecd625590ab79c79628f852465a89af19b4;1076;Credit card;109
f7af2788afe73925c22985933dea816e1282742ba074454cfbef780ffa445850;2269;Mortgage;68
0d35cad794a41e0df1e75eab5b2b5f57cd10f9299f840f7dc27e6e8b0be4c7b9;5213;Life insurance;21
d0cb821f7ef9f576ad79fe918f6a4dd0c12db536dc86fff9e45c292b33f5e68f;7300;Mortgage;127
4c8a342d32e42a31097f1803195020455d0acb7b5f1dc733ff16ca269138fac2;4643;Investment products;2
bef7ba623be2e4b13dcc8eafd2a431fe5ec1c5b048652bb7279d8881d3bde857;7135;Life insurance;91
2519f62cb5739cd49d8644eb52acbc05bfaa8d5efab851ce88bd9c63697fdeee;2920;Mortgage;146
c539a2b758a8bcd9d810eba6491eea3849361e1cb2778eda5c0c22e4f008529c;8669;Consumer loan;77
f8056ac4fe412d56269754f98c1a50cc96fbca1384eb9b09f9bcec75ba92c763;9210;Personal area;14
a8851542ca8fc38f4e5a761e26b23379ae5c5c4e8346969ddb6dac856b7058a9;5006;Consumer loan;63
161495f53ed18b53080541668d74ef8c669fdf8e3c4420b66560e331720b1349;7351;Investment products;156
682be91307bbc4f049f935aa8fd826691cd7d8435925f374174106ef303a6d7a;8931;Investment products;75
be6d8dc1123e44e9f2d4c5c68fef414d26aaac3cf3fb353863c5da77cfea2db1;8241;Personal area;25
866657d5a4e79268a78f908af873c932620fcdcbdec6342e512ea2139ac9c5db;9008;Life insurance;108
1c8f6f097f53216f250c5814b2caa40aad8bc30c9b8576bb55cb9f025348f700;7310;Life insurance;71
632f944fb5643e7ba12f5a1bf8bb612505af644d51e46880893fa03b895f7ccc;2016;Mortgage;92
6c3a27b44e158b9ef698908ab28cc3bf265b8b472c0567a43f705022ee374d9d;613;Credit card;108
298fb25808bb434aa0c845f82989ae338b21c92f3dbc856b52e85ff15f164fac;5639;Personal area;175
ff73a3cfeee685bb85661ece5085a776ddceb7eb3729e22a4fb0a22aa8990db2;1836;Investment products;163
4162e162f9438b910bfe60f3a1925ea4aeca090521f6577028b1b3abb4388d24;6924;Mortgage;77
ca5bd6115a573d0c26bf43e0fd3c2b0d8d32d5c02a3cb752e192471f79995eaf;3912;Deposit;188
1fdde2524a6bb8a9777bf20cef5a57d48dadd52eac70d605f84b9e7398efbac5;7807;Personal area;171
e7636a6fe96cf19f306c79a2bed9044bd167aa1569d9d61fbd4280dddbd6c534;7811;Mortgage;40
3ebdcd4cb88c252ee05b228016df1cee4e70cc9ee90f133cefc5b11650b27b12;3518;Deposit;141
91271bd7714a8ea6dc218951138ed94efa2851b428f27578d14ea72b67c78912;1639;Consumer loan;68
95ac2a7ad112dfa2228e0bcdf7c2f8d3d9e5c3d9bfdcdc7f48c971df1ee99289;4857;Credit card;177
f016e7d19f5a4b4b97bf8b9932a775cd47a83754d5ed7d199574b2e74da273a4;1643;Consumer loan;45
028734e1ed9167883a5c6e27be58e55977a2a03bec02d5f9251e7745ff322830;224;Credit card;35
a1c76f1baa4f6b04e0bc772bcdb1d0a0238f71d95a72837e41dd2d68fe062227;4047;Credit card;166
7d24dee36ee763c74791d939188dd51b0e0fa83a71b4ded581055da9ec1383fa;6915;Personal area;133
2954983c46c5603abf26b17d066d15583dabe1efd829d5c22e188eb236d5c9c9;1274;Mortgage;6
da54da8eda311c1e2488053ec9cc86962bac5fa2bd7f30d3d2209c9913a82ea5;7914;Consumer loan;19
fc25b969c0cec8250400df6cd0126e4d852355ccc140a178a1a03845e5d7806b;4354;Mortgage;10
d0c9c2a67ddf69830e9537d2f2e36f1caeb18198f1aeda9ba33eb6552b49dedc;5478;Personal area;175
ea17c30305df382cd7ffffaa53ea5864f3a02992455188f9f63e6d2ff4bf7e20;1091;Deposit;5
30ca5eb57fc150435f386e4a28953e0ef53bd00e35c9979f5315da154a3acc44;6404;Mortgage;163
42e948514b009742801d3d5c32bc39a730a1079923b9f05c363d26b541be83e2;1438;Credit card;51
21a1d5eb5433ed82bc1d76ceebf309576888a0459b25151b6d50b73763d001b8;5040;Personal area;178
c906ba2c32960f0695cf59ec7d90638bfa95d4813a6ee69fc857ce3b7f74c51e;4738;Investment products;129
0116c2cdbd89325de3991a55e93f1685793281b2d36c239d2d3afc928c3da0dc;8483;Personal area;165
900b886e1b6e2444dd70ed3c28014a96ce2856cf114db2f666a99a3137e219ea;3958;Credit card;164
b2745eb0349eca4c0b1d2370f5694d626250b09956b1d8f17993c01fab4be720;1989;Investment products;82
4a23b7009b15d391fd4d3e30e8a677ac0d5f44d08547bd873a2e78f50e301ec8;8186;Deposit;200
a0767a59e4b29f103e9145c03b698cb94218a68cc7ae4fecac1a3b570b0d0b01;1013;Investment products;133
1a7aa02df3ac4214b669fc1631a85b3c3df018a91a8e100020753e0c5d331bfb;6299;Consumer loan;102
905b33d883394479382ce25aab299dadf8d5a7543476c91c395d1dbedea84f5f;8798;Consumer loan;137
729d3db077bb5c7a4716ba122466a9da34c0e8e448d5a8b3d7052eb1ed0d3144;8655;Consumer loan;98
da780952d0b02a5a95c8281e9306635ee7ba8524206a16f223b9ea591bacb92d;5646;Life insurance;145
17f19b1bfb5fba1d32bbfc187e21e5f24d815bd811395fd335be12034f49ae4b;1429;Life insurance;117
88e3f46df4ef8d96b295e0ba1bc0844981f77fb5cbf2cf7558fa4a534c7d9828;3607;Consumer loan;126
b40c6eec661b91fab140573335fea37d90d1eeaa03fcdcb98f7fcb80bf26558c;9559;Mortgage;115
887b7f3a570335d130c8f03f5a576be586b1e03a2234ac0ac7f0076fdab2a0e0;8325;Investment products;51
61aea8c105c68abc559764ef142ac9b6501ea5867c3a427c099f35848414dd42;4327;Deposit;32
e4d26520e824dff375fd478110c19e530e933efd252325c8cbe8da44dd9d177a;1963;Deposit;106
6d953cbc37cd3fddbb0ddc8a82009b5835e3735e2aa345fa2f8bf949347cbfeb;1887;Credit card;50
81fccb54a9edb5befe93801414131b50c4fc01ff4ef83e989d983acc3f9bf970;9953;Mortgage;138
8e6cc818d35db660ff015ed003c65e56a4adf1e1a18809c389dd946fd1710c60;3969;Investment products;32
3ceb485a5bb207b7a377aa8cb79244879f113627a5099505b0e082bc5fef25b9;1089;Investment products;155
093575a1a5ad14e2d2baa2cd071d62da9471724eea79862fac2e7adb07648715;5954;Investment products;30
b30b7a631258afbdd1e1939f8df53b7dda91bde1ac6f0954914c488077c1c3ef;7098;Life insurance;54
49232db86556287db4475967c8f53805dc73d61e1a095e83a213eb223ff228b4;3259;Credit card;136
98a55c409a732071d288a7c4c8e63b513284aeb9fa2838e30669589ee4b82d6d;7561;Personal area;75
af822829e2dae55632208d278fbbdf925fecfa3d9bdab1223b0b33b9f9fb8494;9105;Credit card;104
aa9941dfec5cb344a93d912d9f76eeb82e2b9592a7778ad6f09239475692a809;7554;Personal area;30
1fa440966070890dddc0fbb3fa5963a6a586762608b199c7cad1ead903b50339;945;Life insurance;55
399cc1215bb2177f033b44831a081b6e867e0a311dab5e0c7e2f487a66e6ee45;1171;Personal area;174
7e83de36594be6f3d049db9772f29b631e40d4fe8739ef9c6f32edd4711fc159;1390;Mortgage;120
813325a9ea8436926533110b501849bfddf38d45fdc3d3259d09e6df6ac17ccb;9052;Deposit;25
989d2a3cbb7f09505c4b463ff4a55930a4708b1fe36e2222a12955b10239153a;6189;Credit card;158
5713033599c3f604222763e7edca7eacf74eca631bc7244f50567dd63bbbfd69;4629;Credit card;111
7e1313e775914a9aa0e0f0a5bbfbf6b5426246287a8c61a2be55f8e5fd1f1369;8425;Life insurance;153
4ec741f004af9fcac4e2f49747672bf1797ceee044c23bd3f3df477e0d8e3b43;6787;Deposit;21
c2232ab08c5df8c59c3b240a1ac2e619807f9cbaed5fb24190674f5518a61dad;4628;Personal area;105
0894fc3b978e865ac8534f383b503752bee1fe4d8c3e0007cbf8533590f47e64;5819;Credit card;161
f52736b577b9a6e438cf5d56eec990a3e110d4d70e75459a6053ecf555b59688;9112;Deposit;10
d511f09c321e61aab41909bd59db3e1e55a27e125d3cd50479631bf010070601;1874;Consumer loan;4
8dc9a9d6a1831bb6f4dca691864d073032167a1b4b06a1058f54403cf8749335;6770;Credit card;135
c6dc3f36f569c475e442f2ae77efb393b706f04e8ac40bb0baf9b47c295d198e;8486;Mortgage;115
648192bcf7d9b9f3041921abcf87779f427a8b35a157b7a543f94282dea16e83;7462;Credit card;44
a592b0e26225d2126fd22c40e89ff2e29395eeb96da6c4efcf73cb6d5833704a;2813;Life insurance;187
9584f3a3d8c36beef5f6e8ff791f8399033ac20904dba77da939b3e11b80f343;8598;Consumer loan;172
6749b555b7c444841b368756ccd39232f89d2e63974a02b638c010f56dd8e6e1;2997;Life insurance;174
e5c5e073195ee7211a950c85f56d7eb98769b98d7f9a33a42cbd763e83d0b027;2638;Credit card;19
7acbe868982c8723986d942208c2a9486801c8139ef226561b32c12fda0854fc;9435;Life insurance;192
5d1408c6eeb555fde0869c259a0f78a1cacbc2f9a3ef463b6a243daa47e15b13;8307;Life insurance;110
9901fdc7544e317ae4e17bbb1e0c79d8a84c74a773c30a9e0fa18763a46d30b8;2123;Deposit;192
5a0c11864c17cc5b07eac00d94ae5cc104a462e659ca92fda42271fcb469e9fe;657;Credit card;84
0d90c469b8ea15a7222d68a2838ac682d81c0be9187ae11985a424df56bd40a7;9111;Credit card;46
e6047763885f91878037952e91533ab1a683c3e82e94bad119d716dec2245e0e;1529;Mortgage;183
4426d7e36b6bb88ec2492f889731d8e2ee2f2c400e63f2870b3e481a8d3c5ff1;7247;Consumer loan;136
3a82ce33e14de1917f33c3b4ea263e2fc5b2b232e3f83b4ddee817f12500d521;9893;Credit card;92
42a138f63a840201240cc18d40a51f62b5074782fbe3dca1d18d3c5bcfb97673;4082;Investment products;7
78fa1b3168cf47ac3ab22e3ebcee7b7b79f82af9c20ce4d58c9309d5fbf6a457;1913;Life insurance;135
86afc7c4a01a27bd7f2453b4256cd787e48ca8be50c866cd5909661d8cf03d05;2050;Deposit;16
6ae28d817eb3db9f88044ad2af6144f515848c8c5b19f29141bcd2ac72a1bfad;1916;Personal area;120
72a7aab536d310b94e29da8b80d10654a485fd603757b9198ef491a515ac7aa8;1361;Consumer loan;28
0020c4369fb052580091d9a3e2b010b366e060dd30f0393575e4a72ef3f41b69;1994;Deposit;198
aee278bfe83f8e0b871fdae679784fdfb9cafd01fae2f0a96b76fa5ca45121ad;4442;Credit card;111
6faf30c6099bd6463d3061ee9410894dfbe18d00427cd938948ea0062ea96deb;7468;Investment products;49
f643d0653c3faea7eab874853d4211086cd9f095edf3d9fdf987a41ee9eeecc9;309;Investment products;58
71546c1a70458ae0e85f8f094561011a99bd3c517f9f3b51872cd3613fd3d05f;5747;Mortgage;101
eca8539786ba9a98502baddfdf66518ea2ec419187f3733bf6ea5bccb026102e;506;Mortgage;105
63219b7ef1adc847bc3a3137e87fd8f4f641dfa83cc91387b4d51d33af028272;8175;Personal area;46
fccf5e1be8c449c094b93301fab5d434e439af7ccb8eb4fbac4ac4319b03fb22;4594;Life insurance;180
29c4f4de298b3901a020f262b52ca28ea20cbf5bee741d69c790222d0e10fe6a;7398;Credit card;188
7f7ba3fcf60bec34af1015251f5c66825e14de3dfa1bc53c97510583e2ea1e23;193;Life insurance;91
cc7bdf098c1ff783606ce52595fb8847bb3b681e309d397e8324222a3218ce3e;3586;Credit card;65
2dcb6077965d5375bfc5fddd14350364cf652b41b56c55f3666aa12fb83a33cf;153;Life insurance;2
a8fb2d4a2e9ebba34f18d129e33853886097697e4e7891025b512e2b6227eb51;2326;Investment products;184
90dcb726763cabafbf024839660fc8a73be1773a98af4a2f4ba9b47b5a3d7534;381;Life insurance;153
2d7f2f364b855e18f5914e04b5eb37117564052e6c265f6b92999d9b3c046525;963;Investment products;175
62415ac23eb641e8c6ee9da7ef6c89e39d44c4a64e894b460511007d95752d7e;2246;Investment products;171
02de5610e8c3c52c5331460e9c1bcae0b8bd3a630f64322439f755e5748e6ac5;9759;Mortgage;199
d749a3ebd4f6a5607f6a93250021433def8e9caa4a81bb83d251c1c3e28fe849;6867;Investment products;178
a82f70843074c548083f6860fbb8f8646614bb7da626b5569c1c14b08bb67e8c;6237;Personal area;80
894d4c57138cb1c4da90b193e61a2f1cf5c6b52a64bf15070943b7ebf20dc14a;9797;Consumer loan;151
3785315cc7d8d0abdffa5f22d8967de05cfcc3ffca5756d41ce854bab924d60f;6281;Credit card;51
d972cc39065fa8edbc30d8b7ad6df7ef3130fb1488a665fbebeec681dc86b53a;9603;Life insurance;67
c30156b7911797589cdca8efb6b19afaee6160b08bbc421276e68a20f64ceb96;4941;Consumer loan;69
72ab43a147d0cd24a81a84d7432cc7d28bed6ac83f2086a982f0697debc034f0;8927;Life insurance;71
4974c7dfb27c97c6da6f4ca54ccbc0fbf8b04c4c0332ffb7c2e29074cad03973;2710;Life insurance;133
45caed6987783d6d1c894a70f74f19452649c0021b24a1cbc3ef7500ccd2d481;6811;Credit card;91
58d38dc410c4be75b0a613e1357f4a507a7c9279ed8d39208a23103bf825a07f;3169;Mortgage;184
07bac46104b210da241fef1b83acc97da2ca1ed84cb26a6be23f1031b906f23a;8424;Credit card;57
ca7264224a87ccd90226a9cc8dd353c5eecccacbbd47dc8a47b0f888a4b31130;9376;Deposit;64
14017963a6ae26fb40343dc9d3b301d555cf422d464828be5f976d796c60b7af;131;Life insurance;144
9053d578bf419b094c85960ad1538d99c01d29614668933009d5ce78c0dbcab2;6491;Credit card;27
5334faf7f5dac6342ef47641e033481f571c95880f300b972336aa6e7e9b6b42;5986;Consumer loan;127
91092e9b4840ab11e1c2c4b9559e732347e3fac29c85471de9974c2b6bcdf59c;1120;Consumer loan;36
40b18cf2329d604bd0a7982d2f5d8508d1185fc0f3304074d3ab153d413ea122;6734;Mortgage;73
2f73a19466cfecad2ba7e06c13ec2148e3209b3b1de70f6b80ffcbcd8e3d6083;2097;Deposit;193
6d3d4410bf9ba0b4738e96ab1edeae2da39afe823e147be92567508b0eb95a0f;8388;Personal area;109
3d7ecebaebc3a37fd14c02c7683ed7aa78d75d36896c18dff8076cc027c9d3cf;363;Credit card;53
688eccc123b960c777315747170f4cd5785cbaef4f71cbdad5b96ea0bd0818ec;8608;Deposit;124
94c639aa37bb0e1dddbf21b40f74b9a2f0577f9a9090cec2a2aa384da2741d93;9766;Credit card;58
51d7fdbebf03865880a3088dc52c669c6b47455727a583b8979709d622090211;7032;Deposit;23
b0e10fc346303235aebf25effbebd3a2bba70aa361d063795805d2b0ecb06a4b;8574;Mortgage;103
97bc99f4aa5ca466dcc344a136f7d2e4a6670251e26b464efa10c0748961ae2e;7781;Deposit;61
ad6ba44a1d4a652fddbf498036462a4251fe08b2e9fa8723a163b3f764adc19f;7492;Credit card;119
59d8164f679be3a3a3668a74f537f1ebba19699a375d6a1252f862a19e8b7ef3;8805;Consumer loan;73
7867a49ba284258fa830f4b4533d162be00fe436cac77644ed10a93604b93c6d;3817;Life insurance;168
83636a5d67a60dab5348643373b96534a58fcf1fe2b7f12a767eb2c372b9c492;3799;Deposit;124
b735a667d0c6fae03059945f56a6f10970c14ef9e32d5a684f84a32b6afedf3c;4803;Personal area;43
49dff0d390fea275cad9f8918d9879b7e9fefd09affe412b73a7d839d3057e2b;2780;Life insurance;100
f95de57c6bd8bf19f9b710c240556b5f953ff025d5742c7f7e40b44e598b97ff;1813;Credit card;111
37e8cf64a8827ea4875608ee141c3df164f084a2b44b5e7c3f6e4e561590911a;3360;Investment products;134
dea97c420fca1eaf2272762a1ecd48b77e4612e3b5339494fb71b12f2db6f490;8236;Credit card;75
dc0ef69335072c6b8a001561021fe209913a131a4342156d295d33cbb9dcca09;4369;Deposit;130
5e0c7582d5b1c96b1294a1091d7a7016f3a6e728f10332bf0e3f7f1f1cff9b9f;7779;Investment products;96
6d0a5cee4b5e58875f0a247ebb33ce30eb0bc56f538bfaf043b1d82be7557922;3986;Life insurance;42
f43a2bebefbb0db87512a2e857e862b47e1ffba541f6e280f4165792774daef3;7198;Consumer loan;37
b53203fa076d1ea7911bb35f2a8a0641d5fc53f54651b7b1b8e3bdefc7ed24ed;9279;Deposit;156
c2c7c04a54b186bb00993040b41cbad3313c941182336c44e94093db4f0d137e;7148;Life insurance;187
78683881c9cf30a633fc597afd2151db555419f9fd3f8be5b225aef282f9d94f;1197;Life insurance;68
b4971c9180609765b12f3b7341365269f72eb38e76cfb9b915d97d9f35c4d479;2388;Consumer loan;11
8159599a56f8fd0d58a0c3270401b7478e1ea18fdda98ccef6efee8fa9472383;2616;Consumer loan;55
175bad98252008845594b7d2a0af49af7d1897feed06fdac208e79f6595aedf9;6271;Deposit;75
82572a42a5a00d342c73433440f76ddc2d20d7cb7cd8ef45127b34ba2686eadf;3739;Mortgage;188
5e6053d04c8b3cdea0ba4cb8164404fe110cfe11ce9c9a695dbacfa2a82a88a2;7109;Life insurance;164
6d2a0bfeb17a32dfdc0c1e5c799b19758504f485c47006123baf6040e4ea81bc;9091;Investment products;74
ccb8bf37bce8b18a761ea64ade4fce3a19a4fb53745b6ecd07ddb83ef6f43e37;9011;Consumer loan;37
a57327baefa90f5fd5acb30a4e88d02f65d78ebc47aebebf3a11bca6a657db3e;530;Life insurance;82
1af3f97358a765b30db3f9cf850c1cfa67bc542710fd673c670e5539c442fe6f;4713;Deposit;101
71d6ffe3d508295eb28ea5027807e302a820d7c39cc10a058ae6241e1e8a2c7c;8910;Life insurance;134
b1b9bbad81531a9b15de68c1973284bd57571a138a4263afde74132e73f95c92;3965;Investment products;88
8689ee63f1c0374d65ea47dd921bec8447221048468273343677240268a33077;2868;Credit card;87
b9f65510189fc869ac9dd8a6f0a5482eb7b42fc8f3e5df33987a6d777e9ff767;5163;Life insurance;70
a1cbde92154baa2811f5f379b7456c1cc1ce12b0e5997b5a73fd29fbe9fe7668;4710;Consumer loan;151
f32c221dcc82850346e558b8e12b038e2d213945afb03c2931b1caeeba892d0c;9794;Deposit;112
9c4e4f841546a0d15e66e73f0071feae24220eb8eae86c4fc85d18a84eb40814;8184;Credit card;156
ac9e0378351cf3bed85b8b4fd3515c48ca0ee1e54c29195a920a402e4144a98d;8579;Investment products;25
49b6548138e3aeebd28bb68f57a3b079e333bd0f81875b1649d3f1995f54309d;5744;Mortgage;101
f32dd5421f9037f0030f831d0d519f852c1a3e5316fd57f0f7148697e904e275;650;Consumer loan;147
ae4310c85cca626fa4de03100b8ef884864927beb0483189b66e9defabd8d134;6601;Life insurance;69
64cc159a01d3a867c52461fc5ef2698f4fdd0aa5d815dc90102b09771c8d7234;4623;Deposit;51
95229c6f86734de9d005bdd9cbe7798e267078856db2621ee37e672aee88359d;4656;Life insurance;115
fbbb44e310ce36eeb39a288a3d16999d3568cf2bad2599036dafb37a00c809ef;9614;Deposit;147
faa67a495de24e1b59df0a3590126bff970aabf51065a331d59c622f3338248e;5000;Personal area;155
9787e34ece7e68e9d13c560272fb40dfd0c7f5f205e0d88427fe17470203a60f;7325;Personal area;40
1acf413a61b0d8960b199f403e5c582101e9378e8b1945f2a6ffb07a4e96b43b;7923;Mortgage;136
58343cb66a68b2c59046e8dcde237762ab12de07945f6959c4d9b788e559449b;2912;Deposit;198
e5ce594387c811c9d714f5681d963caf4aadd6482fb0b1309de108a35b3c260e;2975;Life insurance;53
f8e0aefb4306ba6e60e8c24a4e2976631155fae1b942e3082774ca208f16d21a;3146;Credit card;146
19e104cc540c215420fed79d340acdec57fbc66a519aabe8ac383c7b219496c7;9525;Consumer loan;200
05a4f258b6baba01304ca7db7295ace4c104d4bc217c6856b3ab118022d50113;4574;Credit card;193
587e075c2a25c8d4cd2c9fa0fdbcfa2d8beb0897358d12bf9c94a9a367e7a9a5;3125;Credit card;177
604d654e832e00802141e66d5130814298e09065a232c02586241d531f566cb8;7008;Deposit;164
cc11ebd369f8567e3da23a140778c6e180fce95bbf7c5078dd69e58332d27c96;9857;Mortgage;185
ad013a7e66e8de05528d636ad1a20a993b22db5e8ff145b64ef3aa3a30355311;4979;Credit card;137
74d1c07cf45cb79def15fb5a2a697e1764aa04ac6d0ca3e0287de0dcaf6dff86;9711;Consumer loan;199
08ba5f3b9fe3505cf5128afaed908a3f608063270de92aad9a5e9ec4cadc6419;855;Deposit;118
d80965ca0e77ef8cdd9567a38b5452f93aeb7c7b6b4c8d04b74803377459ee58;6061;Mortgage;116
42aeb0261afc9570da4a8c78a631a226cec6616e6d6005eb21c8b48a8431f979;6368;Consumer loan;86
871059295dcd2ca7144ddad45c41b3ab698bfcc084e2a382d4bbef5dda14f5f5;3811;Deposit;176
52193196751065af3689dd76136531cfe9926df11d4b294897652a38a0ee9efa;7229;Investment products;162
3da5eda709840168831646e24976883ea8afd912880b578ac4c6f5498097305a;902;Life insurance;1
828c4c377821eb03dc7f4a9f13c5a397ff4904a9234284dfddb5ede21213cb3f;671;Personal area;175
9bad092382808689c40b79ceed18bf5fe898de1b32283957c024f55f909515f1;6320;Consumer loan;137
0d6fdea23eaa5e3a39e9f3dbd51f37e6738fbba4e7cdb81392d9953e159fdeea;4056;Deposit;9
ec1423d4357e0ad19d6eb74285d67504768b35f346650790ae6fd254d1e77c86;511;Mortgage;121
b78d509834beb69b77adc44b7166b20b66973e3e0a29d86ee0cdb9b7f18dfe8d;4256;Credit card;7
17c81e289b6542f803ab38bb72b47e29785e3bdd517dec63bb7417f96eabc38d;807;Credit card;174
8c947958680dc09faf2b134710584e9a60953c821a00b0aa32c160b35f0be722;3353;Mortgage;63
1b9114160b357cbc7f2526d6b53cbfac3424f633a88a0a362e134067c405ed41;2953;Personal area;176
eee8157806ff0b5842e0b3ddf7ebe1aeb85a9aaa0318dd26195d22b510377fb0;4372;Consumer loan;194
612f971fc4738061c1b87b541038c9a9d9458a023c73c14d459f8f637e517735;1998;Mortgage;119
0c671905696aacdf82f11b62a9e487a11f5f0536bb031eee3fe9fa5c312e92b5;3872;Consumer loan;6
ef9bf9d49cc10b78fa3243eddd0114cd1a399b45eca71884445379e151fad83d;5463;Personal area;72
1d7e22bacb2019c931c93fb4b30f4d8e81b005b4008757655eb289dc121649ff;7038;Investment products;114
0c5fb24b683bed76e479f29407a92a708c790de622bd70ed64de6f39366a73b1;8752;Mortgage;85
eba21727a296b15bd99963d68f932fbf34261c78a8b2d6ebcd21c36c440ce7a7;7120;Mortgage;140
9a064c8d028be2745098474eb0035e07d1f523dabe06121e687c11fbd559c707;9480;Life insurance;9
773f56e93896a163f69401b60a99dfd97b776af92e151766d164bdbdd5f54bfa;1101;Credit card;162
b1a8fc64f659f9a832e4080bde1cd4ffb189d5c7a91e138084fd1ff11c65dfc9;3700;Investment products;176
d1b9b56165445b2ab3b16fb318fa494d4a36b49a2367acce3e319c31c6be634a;6840;Credit card;172
c5f6f6640d4cc2682d14de9c1e3b5ba177705bcd9ed18553cf0ded8f44db7ab4;9683;Deposit;159
6ae6f6e0cf1082cf2d788aa6da41cea35cfa77e222153364bf961d9cd41569ec;6334;Personal area;193
f472d1c30130cd05a9604efd862ff6e701553e4cbb8bc5e1a382d7c60c77630b;9941;Life insurance;154
1189af5a649a86e0fcc6655a039ecbd93cd10c0996fdb644f663376775a70d1c;4498;Mortgage;61
35659f90462e09bdec504294f12e00168b7d150b54d9c72de4e2124663bfde2f;2371;Investment products;51
b655a6c5df7de5a3b85aeae503ee148a9878feac6f35829f02074beb52a22e0c;2560;Credit card;55
1ff83535ab1f83fb6d21cb0dfa8089a6e9105b56e071c6f7e6cfff3b97e0a7df;9838;Credit card;143
b6be2aeaf16b47e8c6713bfba183385326ae40a0da1ee87073d980e4faeda3a5;6800;Personal area;139
d31c81399d7a0824cb32e2a52eba363fe92915d3f8a023b9b9f61f6a73c14762;147;Deposit;145
de223952e1ba95039186d6d03e8b52afcf557b5cdcb9a8d241ffb7c63557f7d9;6208;Credit card;114
b4a7adb54eca781db4d2105f73c873bffa75f67baa726d5e13588b2ca2e58f7e;5805;Investment products;149
4210b3c88e91810c42ac5cd57531a4f001dc4c6c16721604ddeb5a4f5360c3be;3070;Life insurance;169
9f88ad717860d8589944a5288a6ed62873fb51c5101e3ac59acb61c7bcff551d;1692;Deposit;18
c1647e5a56c3a13eaaafd8e78ca151ab1a48690c4fa0e4b1de03ac502521e530;5781;Personal area;150
b3ad567ef4269455b3d5521be4149b7a03c2b65b261cab6bf8bf7b68de1f7e0b;9084;Credit card;122
c43df9a61e0b58380119f904b943b01a9ddae01f0cbe280d7a1c341ce989649c;4892;Personal area;130
635a0a489e1b84c4bc74f945ac7589c3eecb53b3a28976cc92ad570d650ea2b8;1698;Mortgage;42
f7a0c1c9dbf009eed5994a1939b87784437300c02e464e4ff8680460728f0af0;4276;Mortgage;199
4c4078b3a6ec7d16f5d2d8d17cbf9a4b9343058f08a2590085dd8aa0d850fb86;8795;Mortgage;43
6c68992354ab267be7955c484980091ccf07856dd974d78cdbd3e86475b3183c;2348;Mortgage;118
0031f4ec684943f8ec59c3b1b1a8afca366e066c713fa62f80c74f9abdd8b345;5066;Consumer loan;59
8ac8c61753b4c7d4f86e0ee93a0912f91319f9411c1bd6b8ce17b6f7535c2d5c;4570;Life insurance;64
43c4db02fa397448dfb342635f618286e11067a9fa038fc217e80320bf8a020d;6471;Investment products;35
46ab9591cd886b45597f234f7b67b9dbba837463eff3a7c2d34c48e447296222;9715;Consumer loan;156
c891faa2ead036451829d3600bfb9486452e945f2ed701d43a642c7a74de2416;5747;Investment products;195
fa6538682d1123d6ab37bbb6b43d7edd26f466e32a3d9cada6c04eff7e8b5f0b;6904;Investment products;177
7873706977317e70454e2c3bee6a1ef44f50e8b93cedd91948eeaa31e7645020;2939;Investment products;37
5675fc243d36b9ecb0e462a74e92e253fd9cd3622d6458f4fb21668e5bfca687;6187;Credit card;25
684e83940851b721c8bed3613606fb74a7e9bdec9658eea8442b36f27382bf2d;6415;Consumer loan;71
42ff83c97d4b1533fb658e3bfa3a721c57f778cf89e8db7d7e0e493f152b6f43;5161;Life insurance;25
33e1e05edafa512cca51ba21528cc049c3fa6b42bd8a96f5a5778af68202b909;4449;Consumer loan;84
447605bc2cc08d68309295e10c4b48b4efe3a101f2a9a749ce35df2e3675171d;3508;Consumer loan;88
e3414276216b78a7215210cd349414d9ee1b947cf5a1807ec2c9faf065a0060b;2150;Investment products;194
7ef9a5a3ebc3b0d6413fd393e4a201798329e991b562ff0544e5189ec528d198;3965;Life insurance;170
4e611ddd65069055bcbceac84f99a28c975a52b8b4a11db0f14959483f14fa66;7893;Consumer loan;12
8053f274f7517fbcc33ba3bfbf75313c9010291ee00271d91c13ad4d6352b3da;6618;Investment products;111
02da722f882c8e72ee7ee4f20db902caf1bd3ebcc4c4bb3222d61f8b6bbe039d;9193;Credit card;117
3adc6a02b5fd90382ca53527b2ad62e8b87b2e149074d1a40bc988cb9ade6da9;2948;Credit card;64
6cb3bcaa14e2b50f125d45ce450eea1639e8fbba8e48936b1d096d971bcdf0c2;6453;Consumer loan;24
279218245e8b01fff251e83eb1738faeab685babb7721bb703f9a43ad3e11291;925;Credit card;83
dfeeeddc26605444c1b3ddb4283eae16275e2421700df88189cc8eec87797ce9;3888;Investment products;134
894af20f79f5c5c8c41421a6a445ee65beb07d2b590d9624e92341abed3ae0c9;4827;Credit card;72
f0d87a4ce8d1ec44c5a79ae7b1de3e0905948b022361dadcf0507fe6bb8bdcc0;4932;Credit card;194
a14380520882ce2c43875d7774a35e7a120db7ca65c613db5888429037a71ef5;2584;Life insurance;158
c5e656bce342fe1b3851943704bbe99315479a75caf9730b268c302d3713c734;3794;Investment products;186
c016a71f1e84e608839521ca458731684826b693afd4606b7c9c10d2d965905f;3795;Life insurance;189
00c9a6e0a5a33d14eca9a6255cd538711843111da237da8f44ad7aeb8f951c4a;8006;Credit card;40
ae422b24e705516c096662c610bbbfa1eae3a0369ec8162837a7c8d14bfa01ee;7657;Consumer loan;96
261f36db6f8fe1d5e38cf1c8a1a7ca11537e54e380edb085adab235a45f03a97;4508;Personal area;56
02c1d55be160e7704009a1c6f5807760d86681d5318beeb9088eded2f8f56323;5858;Credit card;86
accf8442eba6aa74a0beb0af4f89215fdb4a57efebc25d2532960bd23cc62c08;3292;Personal area;125
6daa03fc586069f408f8559dd56955ac8360fdd811421ac8ebfe20ad72c54ea9;6885;Mortgage;37
b3c230f1e9c78b585ff684378adaf2d877a45e896793fb6161811a186d928bb7;312;Deposit;107
dab027d352e7dc741ce35c2a84e7d959289a974147af334b075e110e4ca15ab9;9896;Deposit;115
21934de1fb5e6c68d5c4cc092a42ef0aef0d1983eb6d448506ea42d0535af054;225;Deposit;189
4cdbf30d686b7024db54ebe1f43c18eb542e404f071984a74c99bc386ff0f09e;7756;Personal area;55
a72b1127e4a6af8bb004581b47cd654ab58463a027bab1a1d1b47b1436cc89b5;8314;Credit card;84
c3089ab25aeb13c8a87d324c712e2137eaea5b04345790512676113e7cb474a7;8286;Personal area;150
1107a2d68977a8e60ff827c4548b89cf5ad0f02c019eb37f1b9b1f9cf5d96b1c;5910;Personal area;9
8a3c656b39484c8fcca61d1af37907b591c9d56a9a9832665c7eab17a2217d15;3642;Life insurance;37
91564c3165a08c5e4bd49dd8665326ced3f47e6832b56fad58d91bac0525b505;7873;Personal area;84
16fc842ac495788c019659ca27ce4d09a1796117ef1a3b8fb39218ecfb3d64dc;4387;Mortgage;115
9993482a02d5741dc32e51ae2d749507288ac8062241e95d9aeaeef121242cd2;5253;Mortgage;88
4c69c58cc19ff0434b839c65e5317b320aec0ded5278f2ce0527c74afbaaab8f;5013;Deposit;33
f6b50b048656d1413f7f766eaf26ebb4475718ba36065ccbe0e59827d025d581;6723;Mortgage;73
6d51c42777f77918644d8a33b882f9bce264130be3acd66831995e188eaf8024;8238;Personal area;186
a4dbecef7a3fedfa1ed60562033e0fb4fa9423ae8572adc4305ccb8f3bf09aae;7024;Personal area;108
c19542cd2d4398cc7e8a3bec1d87be352b64004cba904a5c77024946f6ae1a78;2743;Consumer loan;196
2608c97e62a3ded77064ccaecd21af129627aeeb8cc5657ee302878cb7c2f558;9201;Investment products;139
73c5c998886de11259bc4cc2563f9d51fd491be2c9aff56f42d7e946824c2769;2230;Personal area;14
440239f3879daef20af9b4792bfb4b7c90753706da22d9d459c7ff479317e1a8;1982;Life insurance;86
2934210c1e8bf661566dc2647e1ade0870a67739a3eaa4aa83270e88e35a304b;548;Consumer loan;96
9608269abae01f0c68f6040e79156ee32f377dedb8e3bdb0bb576a5660cf9319;3887;Life insurance;122
c17ef14f5ba681b79fd617174a6c520a6700b5563f6ed5101d975f51e5c9bc89;2812;Personal area;94
1ca8991f31c35b5adf275ed25861ae9e6d1e17f13727e1c14c01a1d390f628eb;1282;Deposit;161
980424fdd95cb5620875cea523e111be933b098754ffa30d227cef79db4ac8e0;478;Life insurance;144
b7f8a72e2a22e4a38552ac1554eab94c51993a3ed94e7ab678fc03e845a623e1;6795;Mortgage;103
56900236a72bed7cf5a8c85de4b4ed069eadcd8dd22ed305df83d085560b94c3;4543;Mortgage;101
e1d4fa72c29b9eaf1dc41d5191075f4064df1e8aa17bdcabf750fd93acc8c6bf;7752;Deposit;123
db5b35315269a8a0f093f009958e2a72bcacefd7fc300b514e4a97f7517198d0;4491;Mortgage;26
4b8c982e99121d9a9fa38888e87c6540b4b253bede81cf2cc385da38ea72a0e1;9448;Personal area;32
040a4255e0830c8dc53aa1cb95e3c6da3082221913a07ba31f0ea30a28a9ac66;136;Deposit;104
9dd90588cafa57cf3c7fa0793d8860175f2203dcdbd66ea70c98f8c195a0b826;4788;Mortgage;51
1639c8c5995647325584704db1e13371127b805e91625809f012ead46397222d;4072;Life insurance;135
120b801909e54fcd3497cd72dd36146699337dd396fafcdf11b01e8962ae7a5a;3873;Mortgage;58
8fff600829edefde15319c9a5b56393d2f9d2ee7aa4f678a0bc78cb4fbc2e534;4791;Investment products;111
7c208aff77e747bdcce453a73413d8210dd0c2e89dad254b9e4a1c9d29b870c0;1465;Credit card;117
c6d10d8f77e95b34f5f4374c3a4c71152a2c2b454ee53d0a935350b487f72d2e;3895;Investment products;68
6ce2d2c0ef07ba2af642a6918a0f336d5ed37b1e982c65e14ad0e3de09e17d82;8896;Mortgage;28
cea4898879ac8c0cd8e9add866456274af4c3b67583a5aa8a6ee223a60bf91d5;5332;Investment products;197
5e55d2900359881aa1f13291f54bb17c0d783b9447dcc9d2745c9caccb6efe2a;4877;Consumer loan;84
b94ff31037d4cb8cf68813f041aed1baa97ba59db290fb4974888bbee24d23dc;1288;Consumer loan;13
f494f04df772270cad4ff04954b7c00065c0521bcdf98997263c5b91f45c0e89;6828;Life insurance;133
58c8ab171b7419915e0a6fea7bb98011a5f2f8d5d47eaf1ca976459e309fb74e;5883;Life insurance;150
811806e4bf1c335c65197cda76b032996cd568fe6a7e062a4e875bb4824e7a88;3528;Credit card;148
d6b26579a0606b44ee66fa7349294da2be046f7f1c2371bba43c426c80603654;6091;Investment products;41
4889283077922dbedfb7c4c899045fff6960255a86945048defe1287851b186e;2573;Life insurance;94
03e0e808f1ecad949d2ce991e93b12ec4d43b7b6b8917e81801fc1a5eb3431f3;9153;Life insurance;55
1d793adba9234113aca0522404d97513dcd9ee4788e07b68ed0108fa0715b8f3;5742;Credit card;177
968f37adc349c851fee242842305268764d34b03165f2b3b8c36eb2d9f7328fb;3180;Personal area;137
1fb48cc435a903f899148192fb705e7e494e21ba8ba1e40a64150b77534fc571;8097;Consumer loan;97
5cab53c4f3e98f22fcc54ac5423c9c130d2afd2b314aff70b6e76e310129fd58;5327;Personal area;54
cd878044c09ca730bbea2da5d8576a80b7a6e0c77fa4c9bc0b12410fb4668f69;9692;Consumer loan;167
561b7a5e21c158b170917dfc16fe1e7c6126cd422871d95444740010c3541ec6;7495;Investment products;120
21dbd51580fcfdd57a975b456def7197c80b5dbd8c06c14fcd2331a63bfb21a9;8131;Credit card;159
2e4af6fb9988d490a29c5bdcff37e583e2ca0baddd9d03f4d66bdc9fc92bc77e;8629;Mortgage;41
1864afee2eb99cd885752d6a1697484d7805fae325851e2df209c5be69a412f6;903;Credit card;76
2a3b0dd310ddb23fbb86d43700c4552f33b9fef6338700654ac15ea193e45555;7570;Consumer loan;86
f51754cde52af66d15c30ebbde7fa8c1c1795484b1b419ec22dec9fa90ea2b0b;4205;Consumer loan;64
900b70c360e0f3514e8627223aca747a306e52f7c6ee3cd2a9e1db7d34249a62;4042;Investment products;148
d39c564cb0727b8e62d7c979aba5b23beaf7ee1fea0f2579a021195e72a5269a;5486;Personal area;156
b60afe62ed84c4743d8475c05a017945a04bfa7ea5b31e44c259bc1389c7eea1;2460;Consumer loan;36
58cd2ff652f087c4a26c5f9db94176a6339bc47e9d68b908f612bf6044e9fa05;9377;Mortgage;132
cdcd6d85da46d0751ab199da8bad6270c543f876d54a5a6c4ae3cc011af92509;5723;Life insurance;51
6dae25bee2e3680357f6ccd85554875b0d7ff49454f14f968362503cce80c740;5012;Consumer loan;149
7de5a062c4dda69e4ea8ae92ac4cf6b5415e73f67d422db8f15b4adfc2d6f7a7;5375;Life insurance;4
45eee394b2d8e602b29ee0a698484eda7d3d865c3556c98b36af4731bd266744;982;Deposit;78
03ad8aa49160b5ab4a98ebabd1a43219558f33eb6659a150d22db007b6a05d1b;8384;Personal area;176
b64c055e4acadd60e77d9a97ee56e248f343007aa615cd53f0be88888c0b58c8;9650;Deposit;41
50bf29420a9783d85cebc412dbaa8ad64b96cf556ef9227a414408c142782359;5981;Mortgage;85
7e61eb377c89fbdb4bc54986402825410df6a447d7937a3cc75e580e5e5295e6;1725;Credit card;134
bd7726cb8a1ba2126f2f7c12befe2cf4653ac8082d7b958fc96b7e72210589c8;9856;Investment products;156
e011779901c56d3abab11d99295507a0f6f7e0fd4b5248bd3050343237dc3d8d;664;Mortgage;46
9d61dce40e941c10f83f6b8f0612e4864707053fd734aea42e33f1d220cde73e;4066;Deposit;173
a4fdc24e554349b635ff7003f8cf2b8f8cd6d1187679ab14bd55870f213dc757;6573;Investment products;191
576ab871c5fe06cc772726b5d5616f39361a4fb90e9fd93a84d7bbd6865229cf;5590;Credit card;28
7c9eec6ba985ae3bf5f1dbcb2e56391c681af0f3847f565b1fb77eaa8d4fe3bf;6866;Consumer loan;111
b9824a2b9d5f8dcfe1135bc95ec36f384a5db91ae79c30d394dbfd87671b584f;3549;Investment products;101
a98fdabf675034684a86dfc27316f84866ac0bd1b9ea4bf2b94dbbbc8a57306f;9189;Mortgage;165
6d0aacaf5b3e4fa62f75f788d3835eb00c0d84b94b8804be46bd520b914963e2;7564;Credit card;44
a60f41ae8cabefea5edc6a0e50585e9e8e4e634428ba3ce51a646a2eaf68a7de;1090;Personal area;89
7958dc9efa239d996f30ce5a5e5fc5d3af82c282b030e22cb4be5b403807ff1c;6599;Investment products;17
eb7ddb4f9501a4eac78696637a6cd8396ec87adbc9005978e33baacb965bbc0b;5654;Credit card;66
95584569cdafdf434f0c9195ed602f52ee2ec93823c9bd02b419e2a7b6c4834f;8576;Consumer loan;62
f2be72ed4a51f304de0a790cdc830e79e05ec02dfb0d0c967d8ec12d5d71922d;7150;Mortgage;41
eed70f1165619f9499c2364e1cb9eff2fe1739ef9695b1223c33be93ee612f48;6544;Mortgage;109
f5c8dc5936e132d0558d7d9271bca0e80afa923d7838fb38a0acc1c5bd919d26;2154;Investment products;173
83a8dcf7e97ac73aa59777757b0229bc2e5f22cb8d215524d120d90c50aea956;3584;Investment products;131
e4c9ae5506694faff3c6901a6842ec17fb9c3e6f24d048a0caf1247e6f7c4c47;502;Life insurance;145
09b9a64aebbe23a72b0403bc3f2c0e07b879293201bef8edfbb54241ff7513e4;9445;Investment products;145
dd40906bbe973c3c7da8daceb22596c756e7d55db59fe1532028383329579f80;2462;Investment products;144
f88b17867147af9b91dcba81d3cdc1cc8e60d76e563b26540ea2e7fc2301c6b3;9072;Personal area;67
16c758b0fa76bdea16090bd7e2aa44816074a0b61f147fe4c97138af559124dc;7043;Deposit;137
129448e945ec7f0554c26d941413a8ec87b93437238e15134074d7602b556ad2;4659;Deposit;184
0b511ad3d20c8ff8ef14dc5fdc5f019219d4e26b3051a3b0d3b7b74055fa0b7d;277;Mortgage;171
7d965b553b32768f98a09d4c00660739ddbcf7f096b48f9f598420087dbcbdba;289;Life insurance;128
5dd0aa762c56c09c3672a3438b283d74b9bf8353586ebbc3b3db093b5dd2b09a;3633;Deposit;62
062be28b8c3b4645f2cc77f49f120445f4c053058c698f4fa3550e1d51a4f7a1;284;Investment products;196
60db641c0e98befdbca3194168e36712c576b1d03c8f4a4997a83b27ef770fc9;7193;Credit card;177
d4be154d50f7872e9e4574b1ce78352ea94676a4505b7015005b849312306528;2719;Personal area;187
1f6fe42532493af2b905b8dd94ba5ab6f6da733473e6e106c3462b733e60cb33;5292;Credit card;78
628df04ec277d51bcf6aaa1a54a13b46ac562f22d544ea767f7444188f1d686e;5659;Mortgage;107
f6a305e1c0d18433994f066bcd7df26e1c479d6bff432ba7425aa169c56241c8;5635;Mortgage;98
401bc4306c6b02442cd7abd31b8c1794776f91db3449ad0d70fcf60aefc523b1;7118;Personal area;102
b6d93241cc98f2ebcd8f04b4aa52e2274b34626b3ef4a96bf3b957fc765138c1;8643;Consumer loan;82
c0faee4daf5fc5547604509e48fb7b3e80c185987371679bddf5ee9fe6eaaec4;4296;Consumer loan;58
3beda1a98e0006f94b47d43fbaa73cf4e81270f206a57166f8a235cc37bf19e1;6403;Life insurance;85
bd0844c155e5244ece9b50dc2ed7c0574dfa28e8976d0755a42bb376e63cdc7f;6768;Mortgage;132
9942f3f6dbcf5d36df08f12af1807b45723f1d0e6e4de83590d1dca7296501a4;6298;Personal area;101
cbc5a41e8e60e229da61b7ee3c29b73a9101f86ac4f62bdc6aaf764af70c77c5;7396;Personal area;16
c340bebb6b9568d522fbc7e93a5b40cfd6f1bd6737049184f088ad1701b4dae6;7998;Credit card;65
0472da02e0a9b72d04859492337f86cd30e847a20ad3e5304b09727b8e580166;9297;Consumer loan;152
d027113adfb728f13e63014e4cf0023d2068d760abebad9ea71ac7e50123038b;9056;Personal area;117
38ce2cbf6bd448e5388b1be874dc5810bbfd169e137d1b7602cd4cc208ea6858;4601;Credit card;36
45894b4953b7bcae3c5d7ed7687e23887601790190be2a21d27ae6a9e0a70fa0;6325;Personal area;128
952df84d90317be84ac9f174ecad4dae4abf9635db3961639d2b3f35b679ad87;4231;Investment products;191
50c6bd1dae602dc436604f9cc54781cbda135f36d5c2a6b447ab45b62f2996e4;2110;Investment products;136
4006862e85c4145064503112ce70073f862963979c8cde7a856b811799e26596;2463;Credit card;80
1a8141f14300a41304a80e9db51e463068af9c8e8a9d172a90eee492a4364e25;5411;Consumer loan;4
f15145debc514fcaf5e412807d5e28cf62e51814f2803bd4b5a1813badef9173;2230;Credit card;128
e26cdc3c1b6c42932376354de9275ddb02ead545a1829bf8285ccced435fbd76;2160;Mortgage;28
4f2a163b2ce81257476fcdeb206d02fa6760a941b115d38f1ccb9f4883620b53;2308;Credit card;151
cea84f6dac67621d555d7294551fb7a8bcbf32287b535c708e5fa4c4a31a8f8d;3133;Consumer loan;124
0a69fc2535e2b4d8feceacec17b43698a0f49fd2674b3fb710476df385258ee6;431;Deposit;46
d63f6f78ea5762c2dd1a3db24fe85b54be30428ff5bbd136ed36114487eebc10;6057;Deposit;117
6513601591ea9ec9a147ee5873eccb93c51aa56396ca42bc9945dfb375eb546a;8136;Credit card;20
b88b069884457aa066c55e466eb3fb6eef5d215b2dafd3757c901552f4d66391;7323;Consumer loan;135
b73eb775b0387662e8171b19b2a3b78e39da8bee891d113de266c3127460aae9;9734;Credit card;185
18e7a0eb84064c27955fb70bf9b3ce99f6d3a7cb6daa24d2cb6b095164d60f17;9760;Consumer loan;155
